1000464
1000822
1000826
1000843
1000862
1000905
1000923
1001090
1001113
1001146
1001170
1001331
1001349
1001396
1001510
1001513
1001545
1001611
1001614
1001733
1001759
1002004
1002042
1002086
1002198
1002531
1002544
1002546

1002548
1002568
1002572
1002620
1002622
1002630
1002644
1002679
1002773
1002923
1002931
1002951
1003297
1003298
1003302
1003307
1003309
1003312
1003506
1003508
1003524
1003694
1003987
1004050
1004053
1004073
1004323
1004325
1004413
1004459
1004634
1004748
1004825
1005133
1005232
1006246
1007251
1007303
1008002
1008137
1008977
1009271
1009429
1009512
1009613
1009706
1009892
1010047
1010598
1010637
1010707
1010713
1010724
1010797
1010901
1010910
1011405
1011569
1011733
1011866
1011934
1012069
1012808
1012869
1012980
1013415
1014281
1014777
1014781
1014782
1014783
1014869
1014880
1014907
1015101
1015112
1015114
1015240
1015369
1015482
1015528
1016693
1017170
1017270
1017338
1017402
1017405
1017422
1017680
1018635
1018659
1018739
1018740
1018893
1018894
1019146
1019453
1019571
1020158
1021074
1022105
1022733
1022812
1025186
1025215
1025439
1026720
1026724
1028614
1029355
1029436
1029497
1029541
1029661
1029720
1029752
1029773
1029802
1029841
1029942
1029976
1029985
1029997
1030300
1030336
1030344
1030605
1030625
1030833
1030835
1030849
10310171
1032911
1033070
1033084
1033394
1033411
1033436
1033602
1033617
1033620
1033621
1033627
1033648
1033654
1033691
1033699
1033780
1033822
1033826
1033861
1033941
1034008
1034051
1034076
1034166
1034167
1034169
1034170
1034172
1034176
1034180
1034186
1034199
1034220
1034223
1034231
1034233
1034237
1034241
1034243
1034244
1034327
1034332
1034335
1034337
1034338
1034339
1034359
1034361
1034362
1034365
1034367
1034368
1034369
1034370
1034380
1034384
1034386
1034387
1034393
1034396
1034400
1034406
1034411
1034413
1034417
1034421
1034422
1034425
1034428
1034430
1034433
1034435
1034437
1034441
1034531
1034536
1034574
1034609
1034658
1034661
1034663
1034666
1034667
1034675
1034676
1034707
1034716
1034717
1034719
1034720
1034721
1034722
1034723
1034728
1034736
1034775
1034776
1034793
1034811
1034838
1034869
1034927
1035198
1035881
1036116
1036379
1036389
1036396
1036427
1037654
1037661
1037712
1037743
1037755
1037781
1037909
10380889
1038196
1038527
1038529
1038620
1038644
1038784
1038785
1038789
1038792
1038793
1038857
1039184
1040434
10406777
10407419
10408251
1041000
1041047
1041125
1041127
1041128
1041131
1041193
1041701
1044544
1044664
1045707
1045708
1045709
1045994
1045995
1045996
1047051
1047309
1047312
1047352
1047354
1047361
1047362
1047365
1047366
1047367
1047370
1047376
1047562
1047565
1047574
1047575
1047582
1047903
1047914
1047919
1047920
1047932
1047956
1047960
1047987
1047988
1047990
1047994
1048007
1048020
1048021
1048144
10481497
10481645
1048181
1048192
10482421
1048381
1048392
1048394
1048401
1048403
1048407
1048408
1048409
1048410
1048411
1048414
1048416
1048434
1048439
1048448
1048451
1048455
1048462
1048466
1048467
1048477
1048481
1048482
1048491
1048513
1048514
1048518
1048527
1048532
1048533
1048538
1048539
1048541
1048543
1048600
1048927
1048931
1048934
1048939
1048944
1049005
1049061
1049076
1049142
1049151
1049160
1049181
1049183
1049197
1049203
1049208
1049209
1049231
1049303
1049316
1049328
1049385
1049539
1049575
1049589
1049592
1049644
1049796
1049798
1049801
1049834
1049840
1049942
1049950
1049951
1049964
1049969
1049971
1049972
1049975
1049976
1049992
1050017
1050032
1050047
1050064
1050067
1050068
1050116
1050130
1050149
1050150
1050153
1050154
1050162
1050165
1050166
1050167
1050182
1050190
1050197
1050209
1050210
1050211
1050213
1050214
1050215
1050217
1050221
1050223
1050224
1050237
1050248
1050250
1050255
1050262
1050263
1050312
1050314
1050315
1050318
1050319
1050320
1050321
1050323
1050328
1050332
1050347
1050351
1050352
1050358
1050360
1050368
1050369
1050370
1050371
1050373
1050374
1050375
1050376
1050377
1050378
1050400
1050402
1050403
1050404
1050482
1050497
1050498
1050729
1050733
1050832
1050894
1051003
1051084
1051109
1051174
1051175
1051214
1051352
1051516
1051722
1051822
1051842
1051844
1051846
1052033
1052037
1052047
1052059
1052070
1052072
1052077
1052078
1052079
1052080
1052081
1052082
1052104
1052208
1052399
1052486
1052500
1052543
1052556
1052692
1052778
1052785
1052812
1052835
1052868
1052871
1052874
1052876
1052881
1052882
1052883
1052884
1052885
1052888
1052891
10528927
1052896
1052901
1052907
1052919
1052933
1052950
1052951
1052954
1052956
1052957
1052958
1052959
1052964
1053035
1053066
1053094
1053240
1053506
1053509
1053510
1053877
1054183
1054786
1054816
1054831
1054845
1054863
1054891
1055080
1055179
1055203
1055216
1055222
1055277
1055308
1055335
1055458
1055496
1055544
1055547
1055554
1055577
1055585
1055593
1055604
1055648
1055734
1055746
1055780
1055784
1055791
1055801
1055808
1055811
1055841
1055855
1055872
1055892
1055897
1055908
1055936
1055958
1055991
1055999
1056012
1056049
1056050
1056073
1056166
1056190
1056209
1056237
1056276
1056290
1056326
1056333
1056335
1056379
1056397
1056724
1056746
1056842
1056844
1056845
1056912
1057027
1057029
1057058
1057110
1057170
1057190
1057244
1057250
1057251
1059929
1061648
1061649
1061656
1061664
1061665
1061674
1061709
1061737
1061780
10634791
1064636
1064872
1064902
1064908
1064911
1064912
1064922
1064964
1065063
1065064
1065068
10650864
1065126
1065132
1065241
1073036
10736555
10741595
1075640
1077900
1078331
1078439
1079505
1080069
1080480
1081635
1081650
1081798
1082027
1082047
1082123
1082206
1082235
1082265
1082273
1082285
1082456
1082517
1082553
1082596
1082631
1082724
1082792
1082885
1082937
1083021
1083051
1083102
1083145
1083186
1083206
1083217
1083227
1083262
1083267
1083271
1083273
1083292
1083440
1083443
1083446
1083613
1083624
1083762
1083764
1083805
1083816
1084016
1084060
1084167
1084197
1084354
1084503
1084752
1084894
1084938
1084944
1084981
1085098
1085268
1085304
1085564
1085598
1085707
1085717
1085718
1085758
1085898
10859614
1086126
1086230
1086239
1086241
1086245
1086291
1086365
1086380
1086400
1086411
1086508
1086533
1086569
1086633
1086690
1086944
1086971
1087073
1087078
1087150
1087220
1087252
1087267
1087439
1087441
1087444
1087447
1087590
1087599
1087751
1088091
1088094
1088097
1088161
1088170
1088272
1088518
1088535
1088723
1088811
10888243
1088879
1088924
1088951
1088964
1088965
1089001
1089004
1089015
1089016
1089018
1089261
1089284
1089302
1089413
1090138
1090636
1090639
1090640
1090650
1090653
1090666
1090675
1090676
1090689
1090692
1090705
1090706
1090712
1090714
1090762
1090763
1090764
1090765
1090766
1090769
1090826
1090827
1090951
1091086
1091143
1091195
1091404
1091407
1091489
1091526
1091537
1091632
1091643
1091712
1091714
1091755
1091770
1091837
1091886
1091923
1091960
1092011
1092071
1092150
10921509
1092166
1092212
1092225
1092326
1092475
1092478
1092546
1092680
1092721
1092733
1092735
1092738
1092932
1092937
1093476
1093646
1093687
1093838
1093875
1093893
1093905
1093979
1094075
1094140
1094149
1094166
1094186
1094190
1094193
1094196
1094222
1094471
1094498
1094505
1094527
1094531
1094538
1094562
1094570
1094575
1094595
1094597
1094608
1094634
1094644
1094652
1094654
1094660
1094661
1094664
1094683
1094691
1094697
1094699
1094706
1094712
1094766
1094779
1094795
1094802
1094803
1094821
1094822
1094951
1094966
1095027
1095234
1095332
1095514
1095868
1096853
1097215
1097474
1097717
1097794
1098038
1098041
1098049
1098252
1098322
1098387
1098757
1098765
1098795
1098813
1098814
1098829
1098846
1098928
1098980
1099029
10990895
1099140
1099146
1099203
1099281
1099397
1099481
10994884
1099490
1099501
1099505
10995151
1099578
1099833
1099857
1099866
1099919
1100021
1100257
1100388
1100433
1100448
1100462
1100519
1100605
1100787
1100805
1100841
1100855
1100884
1100933
1100943
1100998
1101004
1101006
1101288
1101306
1101338
1101403
1101506
11015870
1101835
1101892
1101894
1101895
1101910
1102010
1102018
1102022
1102434
1102886
1102995
1104170
1104307
1104424
1104893
1105600
1105737
1105799
1106183
1106451
1106557
1106697
1106731
1106790
1106879
1106973
1107119
1107120
1107320
1107374
1107478
1107990
1108016
1108055
1108779
1109554
1110294
1110399
1110401
1111159
1111274
1111293
1111356
1111661
1111828
1111912
1111937
1112002
1112086
1112088
1112134
1112205
1112225
1112232
1112243
1112262
1112267
1112298
1112303
1112356
1112384
1112536
1112733
1112845
1113181
1113279
1113422
1113697
1113707
1113755
1113922
1114007
1114028
1114043
1114050
1114063
1114093
1114096
1114097
1114100
1114137
1114147
1114148
1114149
1114174
1114188
1114193
1114196
1114224
1114226
1114232
1114278
1114289
1114291
1114344
1114349
1114377
1114410
1114440
1114442
1114447
1114459
1114460
1114461
1114465
1114469
1114488
1114498
1114570
1114572
1114575
1114576
1114583
1114594
1114602
1114610
1114660
1114661
1114707
1114713
1114722
1114729
1114731
1114732
1114733
1114735
1114777
1114784
1114803
1114848
1114871
1114875
1114940
1114964
1114971
1114972
1114974
1114993
1115034
1115039
1115098
1115140
1115168
1115205
1115241
1115245
1115299
1115346
1115421
1115563
1115613
1115662
1115739
1115744
1115745
1115749
1115777
1115854
1115938
1115940
1115942
1116005
1116008
1116137
11163395
11164512
1116511
1116525
1116719
1116897
1116914
1116925
1116926
1116929
1116934
1117179
1117404
1117410
1117421
1117431
1117461
1117525
1117759
1117775
1117951
1118068
1118096
1118100
1118104
1118150
1118152
1118155
1118156
1118159
1118160
1118165
1118169
1118258
1118426
1118633
1118661
1118784
1118794
1119387
1119418
1119437
1119547
1120052
1120155
1120209
1120347
1120394
1120594
1120610
1121107
1121257
1121427
1121449
1121518
1121543
1121657
1121659
1121948
1121951
1121957
1121991
1122196
1122236
1122269
1122286
1122300
1122309
1122311
1122312
1122325
1122327
1122344
1122346
1122347
1122350
1122451
1122452
1122480
1122528
1122761
1122784
1122785
1122951
1123039
1123189
1123262
1123304
1123481
1123502
1123514
1123704
1123761
1123869
1123982
1124041
1124276
1124438
1124441
1124615
1124767
1124836
1124875
1125044
1125045
1125047
1125053
1125056
1125164
11254233
1125580
1125887
1125991
1126083
1126196
1126255
11263873
11263977
1126520
11266808
1126827
1126835
1126915
1126932
1126944
1127375
1127580
1127646
1127799
1127807
1127834
1127840
1127874
1127951
1127966
1128027
1128034
1128038
1128079
1128080
1128084
1128222
1128231
1128294
1128348
1128511
1128518
1128521
1128553
1128615
1128620
1128643
1128701
1128774
1128830
1128860
1128911
1128967
1128971
1129033
1129034
1129222
1129353
1129358
1129514
1129524
1129542
1129547
1129551
1129587
1129588
1130209
1130230
1130241
1130270
1130331
1130359
1130376
1130462
1130520
1130543
1130606
1130648
1130759
1130788
1130896
1130985
1131087
1131263
1131307
1131312
1131320
1131337
1131352
1131483
1131507
1131538
1131539
1131565
1131615
1131653
1131654
1131673
1131674
1131702
1131944
1132003
1132027
1132052
1132157
1132163
1132166
1132168
1132171
1132172
1132173
1132174
1132233
1132263
1132276
1132303
1132341
1132381
1132489
1132559
1132573
1132788
1132810
1133019
1133223
1133264
1133305
1133344
11339902
11340537
1134147
1134326
1134341
1134449
1134451
1134478
1134560
1134654
1134776
1134799
1134801
1134909
1134954
1135017
1135055
1135066
1135084
1135088
1135526
1135528
1135530
1135551
1135571
1135586
1135594
1135618
1135623
1135629
1135635
1135645
1135648
1135692
1135713
1135759
1135774
1135900
1135944
1135974
1135994
1136011
1136012
1136021
1136030
1136125
1136163
1136219
1136228
1136281
1136333
1136339
1136340
1136415
1136554
1136596
1136632
1136737
1136914
1136930
1136938
1136943
1136953
1136954
1136967
1137179
1137329
1137487
1137572
1137574
1137585
1137600
1137657
1137689
1137721
1137736
1137768
1137772
1137821
1137840
1137856
1137907
1137923
1137992
1138062
1138130
1138131
1138132
1138145
1138146
1138250
1138281
1138510
1138521
1138663
1138680
1138970
1138991
1138994
1139097
1139200
1139354
1139430
1139473
1139475
1139557
1139673
1139973
1140062
1140095
1140130
1140519
1140522
1140737
1141091
1141250
11416675
11417180
1142162
1142206
1142350
1142361
1142368
1142371
1142374
1142375
1142625
1142649
1142707
1142776
1142836
1142917
1142929
1142947
1143004
1143408
1143544
1143547
1143553
1143754
1144084
1144205
1144255
1144293
1144388
1144418
1144444
11444880
11444946
1144521
1144553
1144642
1144678
11446986
11447004
1144727
11447284
11447353
11448451
11448545
1144888
11448974
1144898
11449276
11449315
11449388
11449600
1144962
11449923
11450313
1145035
11450355
11450601
11450650
1145080
11451209
11451266
11451293
11451748
11451750
11452128
11452313
11452375
11452434
11453193
11453198
11453681
11453686
1145371
11453855
11454061
11454568
11454569
11454900
11455031
11455071
11455678
11455892
11456097
11456160
11456238
11456578
11457130
1145865
1145874
11465190
11465222
11465507
11465567
1147227
1147599
1147659
1147740
11479249
11479367
11479437
1148152
1148508
1148509
1148514
1148643
1149033
1149353
1149364
1149366
1149380
1149387
1149405
1149474
1150038
1150063
1150070
1150165
1151138
1151190
1151197
1151267
1151317
1151323
1151346
1151362
1151382
1151415
1151431
1151442
1151451
1151459
1151468
1151496
1151533
1151534
1151535
1151615
1151622
1151697
1151700
1151804
1151849
1152175
1152267
1152323
1152443
11524921
11524954
11525193
11526249
115280
1153038
1153040
1153392
1153523
1153767
11537710
1154218
1154351
1154382
115482
1154909
1154913
1154977
1154991
1155003
1155834
1156079
1156120
1156439
1156454
1156463
11566738
1156776
1156777
1156808
1156874
1156909
1156947
1157691
115791
1159152
11595802
115998
116158
1161757
1162240
1162475
1162488
1162489
1162858
116501
1165882
1171959
1172629
1173368
1173687
1175056
117515
117681
1177493
1177494
1177535
1177549
1177550
1177551
1177565
1177700
1177702
1177703
1177704
1177705
1177707
1177710
1177713
1177714
1177715
1177716
1177717
1177719
1177720
1177721
1177723
1177724
1177725
1177726
1177727
1177728
1177729
1177731
1177732
1177734
1177736
1177737
1177751
1177795
1177802
1177815
1177830
1177831
1177833
1177834
1177835
1177861
1177865
1177866
1177867
1177942
1177956
1177963
1177975
1177978
1177988
1177990
1177992
1177996
1178005
1178010
1178011
1178014
1178016
1178042
1178043
1178046
1178052
1178055
1178056
1178057
1178060
1178064
1178078
1178079
1178090
1178091
1178108
1178111
1178180
1178181
1178183
1178207
1178208
1178209
1178253
1178259
1178261
1178265
1178267
1178281
1178285
1178295
1178315
1178321
1178345
1178363
1178364
1178370
1178434
1178436
1178461
1178569
1178598
1178684
1178907
1178934
1178939
1178950
1179052
1179217
1179311
1179512
1179536
1179924
118009
1181587
1181780
1181933
11822327
118231
1182372
1182374
118239
118242
1182424
11825050
11834000
1183557
1183628
1186105
1186475
118680
1186900
1187013
1187534
1187607
118832
1188654
119071
1193130
1193413
1193781
1194657
1194666
1194672
1194730
1195089
1195121
1195296
1195359
1195806
1195859
1196257
1196325
119731
1198416
1198687
1198751
1198894
1198958
1198983
1199000
1199313
1203216
1204546
1204782
1208568
1208613
1208752
1208876
1209331
1209332
1209341
1210043
1210929
12116550
1212274
1212666
12128824
12131007
12131008
12131011
12132320
12133469
1213443
1214199
121947
122355
1225929
1225965
1226119
1226205
1226247
1226337
122672
1226853
122687
1228109
1228148
1228387
1228688
1228985
1228991
1229331
1230563
1232610
1233983
1235924
1239422
1239438
1240131
1240315
1240403
1241455
1242317
1242322
1242523
1243298
1243366
1243368
1243567
1243671
1243888
1244067
1244415
124497
1246209
1247105
1247132
1247664
124818
1250127
1250173
1250213
1250318
1250372
1251075
1251262
1251958
1253180
1253260
1253262
1253793
125716
1260720
126117
1262228
1263662
1264787
1265021
126529
126547
1265603
1265679
1265873
1266239
1266445
1266844
126685
1266917
1267122
1267284
1267563
1267640
1267934
1267967
1267993
126884
1269667
1269678
126980
1270114
1270441
1270484
1270487
127115
127390
1275013
127507
127643
1277964
1278434
1278979
1278992
1279041
1279053
1279859
1280536
1280640
1280667
1281263
1281522
1281549
1283456
128444
1284530
128462
1284772
1285351
1285457
128554
1286300
1286800
1287024
128851
1289143
1293728
129472
129473
129474
129475
129522
129534
129566
129576
129578
1296487
1297246
1298063
1298362
129876
130100
130161
130203
130314
130445
130486
130619
130748
130789
130790
130809
130865
130891
130937
130952
130958
130961
130962
130963
130986
130993
131000
131009
131013
131014
131018
131029
131033
131039
131090
131091
131092
131095
131099
131100
131108
131110
131112
131121
131126
131128
131129
131132
131146
131153
131156
131179
131191
131202
131211
131241
131262
131285
131310
131357
131358
131366
131371
131374
131382
131383
131385
131396
131399
131400
131402
131403
131404
131405
131407
131431
131432
131434
131456
131461
131471
131477
131484
131488
131507
131509
131528
131550
131583
131607
131624
131744
131755
131758
131797
131804
131818
131833
131841
131919
131995
132002
132006
132030
132142
132165
132172
132191
132196
132437
132462
132485
132488
132716
132725
132880
132883
132885
132897
132922
132929
133021
133022
133201
133271
133283
133291
133292
133304
133307
13350312
13350369
13356415
133591
133781
133851
133853
133854
13390989
134355
134435
134780
135421
135455
13548503
135637
135912
135924
136138
136175
136722
136756
13679435
137023
137076
137235
13756056
13785122
13790935
13814495
138198
138200
13824
13825076
13825092
13829036
13855244
13863964
139998
140244
140246
140492
141039
14134
142391
144473
144750
146655
147232
147801
150073
150249
150685
150933
150994
151553
151673
152069
152221
152249
152357
152464
153023
154665
154816
155217
1552181
155240
1559667
156015
156096
1562365
156436
157190
15754985
157591
157701
157808
158024
158444
158521
15872559
159059
159233
159358
159405
160269
160334
160615
160775
161521
161931
162949
163492
163827
163861
164148
165214
165648
165735
166042
166757
167379
167629
16904526
16907748
16907789
169107
169603
16990904
170054
17009636
170603
17072605
170932
172926
174732
175000
175033
175534
176683
177071
177131
178777
179132
180636
18201820
18203243
18231804
18231836
18231842
18232000
18232261
18232286
182542
18285028
18362706
183679
18372642
18373940
18373997
18410635
18410681
18412988
18414245
184145
18415244
18416688
18418703
18419196
18419237
18419405
18419434
18460584
18460649
18460661
184681
18480285
18480386
18481137
18481609
18491892
18491974
18492347
18494887
184967
18497525
18497595
18498321
18506521
18507415
18507435
185599
186015
18771742
18772378
187825
187856
188017
188059
188248
188304
188308
188378
188845
189160
189363
190125
190207
190376
190707
191087
192068
1921558
193707
195125
195732
195745
195750
195752
195760
195761
196338
196466
196980
19731839
197736
198033
198205
198657
200332
200341
200426
20189
20343558
20363697
203737
203741
203744
203798
203898
203947
203972
203997
20406088
204161
204287
204288
204289
204291
20452265
204543
204578
204767
204768
204854
205145
205277
205328
205378
20544524
205450
205454
205457
205773
205910
206078
206777
207217
207241
207243
207245
207262
207275
207298
207316
207317
207387
20740311
207484
207507
207656
207667
207902
207976
207984
207989
208232
208353
208579
208651
208746
208758
208963
209022
209070
209142
209509
209887
209952
210298
210300
210314
210414
210428
210851
211318
211397
211492
211593
211628
211696
211745
211783
211784
211785
211786
211881
211989
212094
212095
212189
212192
212211
212340
212341
212343
212344
212511
212532
212539
212556
213078
213361
213362
213363
213364
213428
213610
213753
213763
213809
214363
214750
214867
215068
215111
215190
215299
215645
215933
21631108
21631881
21634400
216390
216467
216707
217188
217578
217645
217882
217906
217909
218125
218745
219028
219281
219355
219420
219549
219942
220992
221446
221714
221715
221861
221873
222297
223091
223145
223475
223476
223654
223782
223856
224113
224408
224642
225066
225241
225412
22733998
227612
229215
229309
229404
229535
229659
229668
229735
22979581
22985554
229859
22991350
230074
230196
230224
23044592
230887
231116
231260
231567
231737
23308242
233940
234403
234712
234757
234764
234765
234770
234775
234776
234782
234784
234785
234788
234794
234813
23548669
23548723
23673297
23673365
23675046
23675373
23675612
237096
23815259
23905721
23918535
239189
239486
23984474
241042
24181320
242604
242732
242776
242805
24281216
24339460
243404
24422812
2447291
2448837
245843
245857
245893
24653813
24654264
24654607
24655130
24655139
24685626
24685771
246905
247115
247148
247150
247296
247347
24764733
248073
248309
248960
248985
248998
249075
249281
249441
249467
249642
249730
249748
249779
249826
249844
249915
2508464
2508590
2508620
2508662
2508665
2508674
252124
252130
25220556
252856
252885
252962
253342
253834
254425
254545
254583
254584
254585
254587
254588
254589
254590
254591
254592
254593
254595
254599
254600
254602
254603
254605
254606
254607
254608
254609
254611
254615
254616
254742
254812
255702
255704
258993
259331
259339
261105
261274
261381
261603
261976
262138
262721
26309776
263205
263275
264143
2641663
264284
264328
2643356
2645854
264712
265242
265852
2661446
2661590
266286
267955
2682739
2682839
2682857
26899186
26900080
269119
2721707
273517
2738948
2739188
2747359
2747806
2748393
2751601
2753530
275402
2754300
2758256
2758866
2759059
2763104
2763327
2763358
2763362
2763693
2763749
2763789
2763899
2764077
2764136
2764141
2764365
2764377
2764484
2765254
2777843
278547
2791264
279929
2808236
2815879
2816795
2816997
2817066
2817853
2817878
2817944
2818438
2818495
2819617
2819663
2819722
2819849
2819850
2819862
28285946
283308
284050
284227
284232
2859431
2859442
2864970
2865429
2865532
2865660
2865719
2866038
2866098
2866150
2866217
2866988
2867029
2867410
2867542
2867607
2867612
2868432
2868636
2869433
2869555
2869560
2869562
2869597
2869710
2870246
2870280
2870391
2872227
28722756
2873164
2873578
2873586
2873605
2873910
2873975
2875984
2876159
2878743
2878800
2878871
2879979
2880029
2880057
2880656
2881486
2884413
2885352
2885404
2885636
2885892
2886281
2886302
2886788
2886986
2886991
2888852
2889312
288943
2889569
2889894
2889993
2891050
2891160
2891233
2891355
2891534
2892223
2892353
289248
289251
289254
289310
2893264
2893354
289363
2893764
2893770
289433
2895028
289547
2895617
2895675
289588
2896659
2896866
2897067
289799
289808
2899377
2899650
2899693
2899885
2899941
2900101
2900454
2900520
290130
2903522
2903538
2903831
2906165
2906177
2906275
290656
2906797
2907184
2907493
2908024
2908110
2908138
2908246
290830
290831
291341
2917603
2917604
2917890
2917936
291924
2920672
2923523
2925218
292549
2927050
2927256
29369106
2941832
2942701
2942884
29434195
2943943
2957988
29688331
2971258
297546
298208
2982218
298821
2988929
29893994
2990377
300962
301011
301023
301139
301174
301188
301193
301198
301305
3013425
3013461
301398
301421
301422
301423
3028175
3034320
3034401
3050360
3062590
3065111
3066692
306738
30684892
308378
308384
308403
308479
308480
308537
30857734
3089304
309018
309019
3092948
31015910
31019346
31023253
310436
31057042
310623
310782
31078454
310920
311178
311183
311208
311501
311504
311507
311527
311532
311541
311569
311570
311663
311738
311739
311743
311745
311781
311906
311910
311953
3119822
3120460
312065
3121101
3121128
3121269
3121273
3121360
31257147
312651
3126801
312722
312855
312992
31344763
313505
313534
313989
313991
313992
314707
317532
317548
318129
318603
3195445
31999507
320013
32085241
3214003
3214260
3216965
3216990
3217075
3217353
3219794
3221050
3226678
323672
323730
323737
323832
323833
323856
323858
323866
323897
323922
323931
323933
323938
323950
323957
323959
323960
3257564
3257880
3258105
326298
3263674
326449
326450
326451
326454
326521
326525
326526
326533
326562
326575
326578
3266920
3267077
3267687
326773
326801
326924
326932
3271646
327185
3271975
327247
327267
3272961
327300
3273149
3273573
327369
327374
327446
327449
327604
327605
327660
327940
327955
327959
327960
327968
327977
327979
327984
327993
328001
328009
328020
328025
328035
328038
328046
328055
328058
328067
328070
328074
328075
328084
328089
328092
328100
328109
328110
328270
328320
328332
328333
328335
328341
328342
3284405
328447
328448
328450
328453
328465
328482
328488
328496
328501
328504
3285048
328518
328522
328523
3285507
3285699
328581
328582
328585
328586
328587
328589
328590
328592
328594
328597
328599
328601
328602
328603
328604
328605
328606
328607
328608
328609
328648
328649
328650
328651
328653
328654
328656
328658
328659
328661
328663
328672
328673
328674
328680
328681
328691
328692
3286932
328699
328703
328707
328724
328771
328775
328785
3288118
3288395
3292370
3293100
3293247
3293650
3293799
3294181
330419
33046779
330498
330499
330500
330503
330504
330513
330577
330602
330757
330761
330795
331073
331075
331077
331078
331129
331133
331209
331216
332025
332231
332572
332599
3328943
332922
332925
33295449
33302242
333308
333311
333692
3361775
3362910
3379252
3379592
3380005
3380975
3384477
3388658
338917
3390105
3391727
3397950
339806
34021999
340282
34034153
340582
342007
342805
342920
343403
343412
343414
344149
344527
344539
344546
344568
344647
344648
344962
344994
345180
345447
34548
345495
345559
345562
345737
345810
345902
346050
346077
346123
346199
3462481
346309
346311
3463347
3463352
3463491
3463757
346647
346649
3466896
3466919
3467113
3467261
3468002
3468459
34684821
3469197
347041
3470597
3470956
3471978
347427
347431
347433
3475042
3475509
34760689
3476487
347683
3479101
348141
3482597
3482990
3482991
3483067
3484685
3485406
3486375
348730
348809
350689
350904
351109
351691
354761
354871
355255
355410
355465
355570
355571
355573
355574
355583
355608
355668
355672
355675
355677
355678
355710
355711
355714
355716
355725
355731
355767
355770
355773
355782
355806
356238
357180
36231276
36444226
36468356
36508772
36652622
36705574
3683030
3685848
3688923
3694635
3705001
372005
372013
3720238
3735374
373933
37643123
37692396
3771816
3778708
3817910
3834809
38353092
3836750
3836801
38459257
384703
384714
384720
384721
385467
385486
38598494
386155
386235
386273
388168
388169
388321
389192
38952935
38956199
38956359
38956465
38959350
38962912
389645
38965353
38986508
390367
390368
390629
391379
391536
391547
392074
392374
392557
392570
392572
392586
392592
392744
392764
392771
39281732
392836
392839
39326603
393278
393665
3940259
395666
395864
395983
395998
396010
39669057
396776
396925
397231
397372
397409
397774
398110
39874367
398891
399078
399124
39925900
39929707
39957312
400418
40084218
40084896
40087577
40088457
40088459
401012
401376
40141986
401479
40225887
402648
40297811
403845
404027
404121
404517
404888
4051696
405426
405735
4059634
4061055
4070400
40749443
40749753
40749931
4090572
40914027
40917625
40939245
40940694
40971284
40971475
40994901
41010531
411284
412393
4129419
4130933
4132325
4136723
4137075
4137234
4137532
4137636
4137852
4137989
4137991
4137993
4137995
4137998
4138004
4138114
4138118
4138293
4138295
4138562
4138564
4138591
4139144
4139671
4139772
4139863
414311
414357
414714
415345
415796
416028
416119
416133
416187
416220
416265
416384
4165249
416573
417502
417643
418070
418313
418409
418736
41880910
41890125
41893798
41896246
41896318
41907895
41920734
41920826
419258
42013362
421104
421495
42247
42338272
42339362
42344826
42404792
42410469
42609637
42611202
4270664
4270665
4271105
42999948
43573711
4364075
4375879
4377111
4378155
4378237
4378617
4379213
4386853
4387420
4387432
4388100
4388241
439571
439572
439714
440157
4408546
443621
4442747
4443095
4445646
4446007
4446008
4446011
4446373
4446444
4447088
4447253
4447263
44473470
4447629
4447632
4447723
4447748
4447749
4447810
4447811
4447821
4452019
44525348
44528128
44530219
44531276
4453546
4453848
4454807
4456724
446341
4471786
4471794
4472389
4472889
4476498
4476681
4482706
4487353
4487421
448754
448836
448890
449344
449422
449428
449439
449442
449443
449450
449459
449466
449467
449481
449572
449576
449619
449806
449903
449906
449911
4499332
4500506
4500515
4504185
450457
450463
450550
450556
450559
450763
451290
451353
451497
451645
4518036
451995
452027
452130
45222818
452588
4526999
45275716
45275719
45275943
45275970
45275987
45275994
45276201
45276448
45276501
45276506
45276518
45276549
45276559
45276583
45276632
45276641
45276826
45276829
45276887
45276898
45276909
45276931
45276959
45276960
45276984
45276986
45277126
45277186
452958
45301743
4531583
4531595
4531625
453259
453261
453283
45328769
453315
453373
4534729
453890
45389797
453970
453995
45408984
45409062
45409080
454113
454628
454826
454830
454831
455023
45502527
45508932
45508936
45508937
45508938
45508956
45508962
45508968
45508969
45508974
45508979
45508995
45508996
45508997
45508998
45508999
45509003
45509006
45509009
45509011
45509015
45509022
45509026
45509028
45509029
45509031
45509032
45509033
45509040
45509041
45509042
45509050
45509051
45509053
45509056
45509059
45509060
45509061
45509065
45509069
45509072
45509075
45509079
45509083
45509087
45509089
45509091
45509092
45509094
45509096
45509097
45509099
45509101
45509103
45509108
45509110
45509111
45509112
45509123
45509124
45509128
45509131
45509132
45509133
45509137
45509142
45509143
45509146
45509147
45509150
45509151
45509152
45509153
45509155
45509156
45509157
45509158
45509159
45509160
45509163
45509164
45509165
45509166
45509170
45509171
45509173
45509176
45509177
45509178
45509180
45509181
45509183
45509184
45509185
45509186
45509189
45509190
45509191
45509192
45509193
45509194
45509195
45509197
45509199
45509200
45509201
45509202
45509203
45509204
45509205
45509206
45509207
45509209
45509210
45509214
45509215
45509217
45509218
45509222
45509223
45509224
45509225
45509228
45509229
45509231
45509232
45509233
45509234
45509235
45509236
45509237
45509239
45509240
45509246
45509248
45509250
45509251
45509252
45509255
45509256
45509262
45509266
45509269
45509271
45509274
45509275
45509278
45509280
45509282
45509289
45509290
45509291
45509292
45509297
45509298
45509300
45509301
45509305
45509307
45509309
45509311
45509314
45509317
45509318
45509323
45509324
45509326
45509327
45509328
45509329
45509331
45509332
45509333
45509340
45509342
45509343
45509345
45509347
45509349
45509350
45509354
45509363
45509365
45509366
45509368
45509370
45509371
45509372
45509376
45509378
45509381
45509390
45509391
45509393
45509398
45509400
45509402
45509405
45509406
45509409
45509410
45509430
45509438
45509447
45509451
45509462
45509465
45509468
45509486
45509488
45509491
45509493
45509494
45509497
45509498
45509502
45509504
45509506
45509509
45509512
45509517
45509518
45509519
45509520
45509521
45509522
45509524
45509525
45509527
45509529
45509538
45509542
45509544
45509545
45509547
45509552
45509553
45509555
45509562
45509570
45509573
45509576
45509586
45509589
45509590
45509599
45509600
45509601
45509603
45509605
45509606
45509608
45509609
45509610
45509611
45509612
45509620
45509622
45509631
45509635
45509645
45509648
45509651
45509657
45509658
45509659
45509661
45509669
45509672
45509673
45509690
45509694
45509714
45509717
45509723
45509726
45509728
45509730
45509740
45509743
45509744
45509750
45509761
45509762
45509766
45509775
45509776
45509783
45509784
45509786
45509788
45509789
45509790
45509794
45509812
45509842
45509852
45509855
45509857
45509858
45509860
45509868
45509874
45509877
45509880
45509901
45509902
45509908
45509912
45509915
45509917
45509918
45509921
45509922
45509932
45509937
45509941
45509944
45509946
45509947
45509949
45509953
45509958
45509964
45509968
45509977
45509980
45509981
45509986
45509989
45509995
45509996
45510002
45510003
45510004
45510007
45510010
45510011
45510013
45510014
45510015
45510016
45510020
45510025
45510028
45510030
45510031
45510032
45510033
45510046
45510047
45510048
45510049
45510050
45510051
45510052
45510083
45510085
45510090
45510091
45510093
45510115
45510117
45510118
45510119
45510121
45510133
45510136
45510139
45510140
45510141
45510142
45510145
45510147
45510149
45510151
45510156
45510164
45510170
45510176
45510177
45510180
45510184
45510185
45510186
45510188
45510190
45510191
45510194
45510195
45510198
45510200
45510206
45510207
45510209
45510210
45510211
45510213
45510215
45510216
45510217
45510218
45510219
45510220
45510221
45510227
45510228
45510229
45510231
45510233
45510235
45510237
45510241
45510247
45510254
45510257
45510258
45510263
45510265
45510267
45510272
45510276
45510280
45510282
45510289
45510292
45510294
45510296
45510302
45510303
45510305
45510307
45510309
45510317
45510320
45510326
45510327
45510334
45510335
45510344
45510345
45510348
45510350
45510351
45510355
45510364
45510370
45510371
45510379
45510380
45510386
45510390
45510395
45510398
45510399
45510403
45510405
45510406
45510407
45510409
45510410
45510412
45510413
45510414
45510415
45510418
45510419
45510420
45510422
45510427
45510430
45510437
45510439
45510440
45510443
45510444
45510445
45510447
45510449
45510450
45510452
45510458
45510465
45510468
45510470
45510476
45510485
45510489
45510491
45510493
45510494
45510495
45510498
45510500
45510506
45510507
45510512
45510515
45510517
45510522
45510523
45510525
45510527
45510528
45510529
45510530
45510531
45510537
45510538
45510539
45510540
45510541
45510544
45510545
45510546
45510548
45510550
45510552
45510554
45510555
45510556
45510557
45510558
45510560
45510562
45510565
45510566
45510567
45510568
45510569
45510570
45510571
45510572
45510575
45510576
45510577
45510578
45510579
45510580
45510581
45510583
45510585
45510586
45510587
45510589
45510591
45510593
45510595
45510598
45510600
45510601
45510602
45510604
45510606
45510608
45510609
45510611
45510613
45510616
45510619
45510621
45510623
45510625
45510628
45510631
45510632
45510633
45510635
45510636
45510637
45510641
45510648
45510650
45510652
45510653
45510655
45510658
45510660
45510662
45510668
45510670
45510672
45510673
45510680
45510681
45510683
45510686
45510689
45510693
45510694
45510695
45510696
45510700
45510704
45510711
45510712
45510713
45510715
45510716
45510723
45510724
45510727
45510728
45510731
45510732
45510735
45510737
45510741
45510745
45510747
45510748
45510754
45510757
45510759
45510767
45510771
45510773
45510774
45510784
45510786
45510788
45510789
45510790
45510791
45510792
45510793
45510794
45510795
45510796
45510801
45510803
45510805
45510807
45510809
45510811
45510812
45510819
45510821
45510823
45510824
45510825
45510828
45510830
45510832
45510835
45510845
45510851
45510856
45510858
45510860
45510865
45510872
45510873
45510874
45510875
45510876
45510886
45510887
45510888
45510892
45510895
45510898
45510899
45510900
45510901
45510902
45510903
45510910
45510916
45510928
45510929
45510930
45510931
45510933
45510938
45510939
45510944
45510948
45510950
45510953
45510954
45510957
45510962
45510963
45510966
45510972
45510975
45510979
45510981
45510986
45510994
45511004
45511006
45511011
45511013
45511014
45511015
45511025
45511027
45511034
45511036
45511043
45511045
45511046
45511047
45511049
45511052
45511053
45511054
45511064
45511065
45511068
45511070
45511072
45511083
45511085
45511089
45511092
45511120
45511121
45511125
45511131
45511133
45511135
45511136
45511142
45511143
45511144
45511145
45511147
45511150
45511157
45511158
45511159
45511161
45511162
45511164
45511165
45511170
45511172
45511177
45511179
45511181
45511183
45511186
45511187
45511188
45511191
45511192
45511193
45511195
45511196
45511198
45511200
45511201
45511202
45511203
45511204
45511205
45511206
45511209
45511210
45511213
45511216
45511218
45511221
45511233
45511234
45511236
45511243
45511246
45511248
45511249
45511250
45511252
45511257
45511258
45511259
45511260
45511262
45511265
45511266
45511267
45511269
45511273
45511274
45511277
45511280
45511288
45511300
45511311
45511314
45511317
45511321
45511325
45511330
45511332
45511333
45511335
45511338
45511340
45511342
45511343
45511347
45511350
45511351
45511352
45511354
45511355
45511356
45511357
45511358
45511363
45511364
45511365
45511368
45511371
45511372
45511373
45511376
45511378
45511380
45511383
45511385
45511387
45511389
45511391
45511393
45511394
45511395
45511397
45511398
45511400
45511401
45511402
45511404
45511410
45511411
45511413
45511415
45511419
45511420
45511421
45511422
45511424
45511426
45511428
45511434
45511435
45511437
45511438
45511439
45511443
45511446
45511453
45511455
45511458
45511464
45511466
45511468
45511470
45511473
45511477
45511481
45511482
45511483
45511485
45511493
45511498
45511499
45511508
45511510
45511514
45511523
45511527
45511531
45511533
45511534
45511535
45511537
45511538
45511539
45511543
45511545
45511548
45511555
45511556
45511557
45511570
45511572
45511578
45511586
45511598
45511599
45511617
45511627
45511629
45511636
45511640
45511641
45511648
45511650
45511652
45511653
45511655
45511658
45511659
45511660
45511663
45511665
45511667
45511669
45511672
45511674
45511681
45511683
45511685
45511688
45511690
45511693
45511695
45511696
45511698
45511699
45511700
45511704
45511706
45511708
45511710
45511711
45511715
45511716
45511717
45511718
45511720
45511721
45511722
45511724
45511725
45511736
45511775
45511798
45511803
45511804
45511812
45511817
45511821
45511834
45511835
45511843
45511851
45511854
45511857
45511858
45511886
45511888
45511896
45511899
45511900
45511901
45511903
45511907
45511908
45511915
45511919
45511920
45511921
45511924
45511930
45511933
45511937
45511938
45511940
45511947
45511949
45511950
45511952
45511958
45511959
45511960
45511968
45511976
45511985
45512003
45512010
45512012
45512020
45512028
45512029
45512033
45512035
45512054
45512058
45512059
45512060
45512061
45512062
45512073
45512074
45512077
45512083
45512084
45512088
45512089
45512096
45512099
45512104
45512108
45512110
45512118
45512120
45512126
45512128
45512129
45512135
45512145
45512149
45512150
45512160
45512161
45512162
45512166
45512174
45512175
45512179
45512185
45512217
45512220
45512224
45512225
45512227
45512230
45512231
45512232
45512233
45512237
45512238
45512240
45512244
45512245
45512246
45512247
45512248
45512249
45512251
45512256
45512257
45512258
45512259
45512264
45512265
45512267
45512268
45512269
45512270
45512273
45512276
45512278
45512281
45512289
45512290
45512291
45512292
45512295
45512296
45512298
45512300
45512304
45512316
45512317
45512318
45512322
45512323
45512325
45512326
45512331
45512333
45512340
45512344
45512348
45512350
45512353
45512354
45512361
45512362
45512363
45512364
45512365
45512367
45512369
45512379
45512416
45512430
45512442
45512459
45512463
45512465
45512467
45512471
45512473
45512474
45512476
45512496
45512502
45512505
45512511
45512516
45512519
45512520
45512522
45512525
45512528
45512529
45512531
45512548
45512557
45512573
45512577
45512578
45512579
45512582
45512589
45512596
45512605
45512608
45512639
45512648
45512707
45512786
45512837
45512838
45512840
45512841
45512846
45512852
45512853
45512857
45512862
45512864
45512865
45512947
45512999
45513011
45513091
45513117
45513122
45513123
45513149
45513172
45513179
45513184
45513218
45513232
45513238
45513240
45513274
45513276
45513312
45513314
45513315
45513328
45513332
45513334
45513338
45513400
45513416
45513419
45513424
45513425
45513430
45513431
45513432
45513435
45513436
45513439
45513441
45513444
45513451
45513456
45513458
45513460
45513465
45513467
45513471
45513475
45513485
45513486
45513487
45513488
45513498
45513499
45513508
45513512
45513514
45513516
45513524
45513525
45513529
45513535
45513537
45513538
45513541
45513542
45513543
45513544
45513548
45513549
45513550
45513553
45513556
45513557
45513561
45513564
45513567
45513570
45513571
45513576
45513578
45513579
45513581
45513584
45513585
45513587
45513591
45513592
45513596
45513598
45513599
45513600
45513603
45513604
45513608
45513609
45513614
45513617
45513618
45513619
45513620
45513622
45513624
45513628
45513631
45513632
45513634
45513635
45513636
45513639
45513641
45513643
45513648
45513652
45513655
45513658
45513665
45513666
45513667
45513668
45513669
45513670
45513672
45513673
45513674
45513675
45513677
45513679
45513680
45513681
45513682
45513684
45513685
45513686
45513687
45513688
45513691
45513697
45513699
45513701
45513703
45513704
45513705
45513708
45513709
45513711
45513713
45513714
45513715
45513716
45513717
45513718
45513720
45513723
45513725
45513727
45513735
45513737
45513738
45513741
45513742
45513743
45513744
45513749
45513753
45513756
45513759
45513760
45513761
45513764
45513765
45513806
45513807
45513816
45513817
45513831
45513833
45513835
45513839
45513852
45513853
45513855
45513858
45513859
45513861
45513862
45513871
45513903
45513921
45513925
45513926
45513930
45513931
45513937
45513948
45513951
45513958
45513963
45513970
45513971
45513972
45513973
45513974
45513975
45513976
45513977
45513978
45513979
45513980
45513981
45513987
45514004
45514011
45514014
45514023
45514049
45514071
45514072
45514080
45514088
45514125
45514151
45514154
45514156
45514157
45514162
45514164
45514165
45514167
45514168
45514169
45514186
45514187
45514192
45514196
45514202
45514209
45514210
45514214
45514216
45514219
45514222
45514236
45514240
45514255
45514264
45514269
45514285
45514288
45514290
45514299
45514301
45514303
45514304
45514308
45514312
45514315
45514317
45514318
45514319
45514365
45514400
45514422
45514432
45514440
45514509
45514522
45514523
45514549
45514580
45514582
45514648
45514655
45514658
45514662
45514669
45514673
45514682
45514691
45514694
45514745
45514753
45514780
45514781
45514876
45514896
45514977
45514980
45515041
45515053
45515054
45515064
45515083
45515084
45515092
45515093
45515099
45515100
45515106
45515107
45515108
45515160
45515173
45515186
45515203
45515206
45515212
45515221
45515235
45515236
45515240
45515241
45515244
45515245
45515246
45515250
45515254
45515255
45515260
45515262
45515265
45515286
45515287
45515337
45515353
45515365
45515379
45515414
45515417
45515418
45515420
45515421
45515422
45515423
45515424
45515425
45515432
45515439
45515440
45515461
45515462
45515463
45515464
45515465
45515470
45515471
45515472
45515474
45515475
45515477
45515494
45515496
45515502
45515509
45515518
45515526
45515532
45515566
45515572
45515573
45515574
45515575
45515576
45515588
45515589
45515594
45515629
45515646
45515688
45515697
45515700
45515701
45515708
45515755
45515756
45515757
45515759
45515761
45515769
45515773
45515776
45515778
45515782
45515784
45515786
45515788
45515790
45515791
45515793
45515795
45515798
45515800
45515804
45515806
45515808
45515809
45515810
45515811
45515812
45515814
45515816
45515818
45515820
45515821
45515822
45515823
45515824
45515825
45515827
45515832
45515836
45515838
45515840
45515843
45515856
45515859
45515861
45515862
45515865
45515866
45515873
45515878
45515883
45515891
45515896
45515897
45515898
45515899
45515900
45515902
45515903
45515904
45515906
45515912
45515915
45515918
45515919
45515923
45515924
45515928
45515932
45515935
45515942
45515949
45515999
45516000
45516003
45516005
45516006
45516007
45516008
45516009
45516011
45516013
45516014
45516015
45516016
45516018
45516022
45516024
45516025
45516028
45516030
45516031
45516033
45516034
45516036
45516037
45516039
45516041
45516042
45516044
45516045
45516046
45516050
45516051
45516055
45516058
45516066
45516068
45516070
45516072
45516074
45516075
45516077
45516079
45516081
45516089
45516096
45516106
45516115
45516118
45516123
45516127
45516130
45516134
45516138
45516140
45516142
45516147
45516148
45516150
45516152
45516156
45516163
45516168
45516170
45516171
45516176
45516179
45516182
45516183
45516184
45516187
45516189
45516196
45516211
45516218
45516222
45516237
45516247
45516249
45516255
45516261
45516262
45516265
45516274
45516282
45516287
45516298
45516307
45516323
45516326
45516335
45516339
45516344
45516348
45516349
45516372
45516410
45516417
45516423
45516434
45516436
45516437
45516438
45516440
45516442
45516444
45516445
45516448
45516449
45516452
45516456
45516457
45516460
45516463
45516464
45516466
45516467
45516468
45516469
45516470
45516472
45516474
45516475
45516476
45516478
45516480
45516482
45516483
45516485
45516490
45516491
45516493
45516497
45516499
45516504
45516506
45516509
45516512
45516527
45516566
45516567
45516568
45516579
45516585
45516612
45516615
45516616
45516619
45516620
45516621
45516623
45516629
45516644
45516645
45516649
45516654
45516658
45516659
45516689
45516723
45516735
45516749
45516770
45516775
45516783
45516784
45516787
45516790
45516792
45516794
45516796
45516824
45516830
45516842
45516843
45516847
45516869
45516881
45516899
45516913
45516914
45516930
45516934
45516937
45516941
45516943
45516946
45516951
45516953
45516956
45516964
45516966
45516970
45516971
45516972
45516973
45516974
45516975
45516979
45516983
45517008
45517034
45517036
45517047
45517049
45517054
45517057
45517058
45517066
45517091
45517092
45517093
45517102
45517103
45517108
45517139
45517184
45517198
45517222
45517327
45517357
45517365
45517397
45517422
45517424
45517426
45517519
45517526
45517530
45517532
45517572
45517586
45517591
45517598
45517626
45517663
45517664
45517666
45517668
45517669
45517672
45517688
45517695
45517702
45517710
45517716
45517719
45517722
45517728
45517731
45517751
45517753
45517756
45517757
45517764
45517766
45517767
45517769
45517770
45517771
45517774
45517785
45517788
45517792
45517797
45517814
45517815
45517817
45517819
45517822
45517825
45517831
45517832
45517839
45517844
45517847
45517849
45517850
45517852
45517853
45517867
45517875
45517881
45517883
45517886
45517887
45517888
45517890
45517905
45517909
45517913
45517921
45517950
45517958
45517959
45517961
45517970
45517972
45517973
45517977
45517979
45517981
45517982
45517984
45517997
45517999
45518000
45518003
45518005
45518007
45518014
45518018
45518022
45518024
45518027
45518028
45518038
45518041
45518042
45518043
45518047
45518048
45518049
45518054
45518056
45518057
45518058
45518059
45518061
45518065
45518066
45518068
45518080
45518088
45518090
45518104
45518106
45518109
45518114
45518123
45518124
45518131
45518142
45518145
45518147
45518149
45518150
45518152
45518154
45518156
45518166
45518170
45518172
45518176
45518177
45518179
45518183
45518186
45518188
45518199
45518206
45518267
45518272
45518283
45518284
45518298
45518315
45518325
45518342
45518353
45518359
45518372
45518381
45518382
45518390
45518409
45518420
45518423
45518425
45518427
45518445
45518457
45518465
45518468
45518470
45518474
45518483
45518486
45518500
45518507
45518510
45518511
45518523
45518525
45518527
45518546
45518548
45518586
45518587
45518594
45518618
45518622
45518623
45518631
45518635
45518638
45518645
45518649
45518658
45518659
45518685
45518687
45518688
45518712
45518724
45518726
45518758
45518771
45518774
45518785
45518791
45518807
45518821
45518865
45518867
45518871
45518877
45518882
45518883
45518886
45518887
45518897
45518900
45518905
45518915
45518916
45518918
45518925
45518927
45518929
45518931
45518932
45518934
45518935
45518936
45518938
45518939
45518941
45518942
45518943
45518945
45518952
45518953
45518963
45518964
45518968
45518969
45518970
45518972
45518973
45518979
45518982
45519483
45519830
45519936
45520272
45520288
45520607
45520716
45520941
45520965
45521005
45521663
45521664
45521688
455449
455460
455811
456017
456548
456555
457254
457764
457834
457839
458428
45869426
45871076
458712
45891496
45893997
4591450
459228
459639
460090
460284
460636
461375
461411
461454
461507
461523
46214031
46230758
462550
462886
46325421
46325445
46325531
46325537
46325570
46326530
46326650
46326919
46327830
46327956
46331521
46333595
46333695
46333900
46333914
463405
46344693
46349910
463634
46373571
46373635
46375711
46376226
46376603
463959
46448110
46448163
46448227
46449413
46449426
46450843
46451279
46451617
46452582
46453248
46454243
46456974
46459765
46465671
46466840
46467141
46467143
46467256
46467260
46467273
46467366
46467904
46468034
46469268
46469345
46469358
46469649
46469659
46469716
46470499
46470548
46470677
46470683
46470689
46470723
46470729
46471135
46471794
46472150
46472174
46473364
46473663
46473744
46474505
46474654
46475437
46475782
46475833
46475837
46475847
46475850
46475858
46475866
46476388
46496942
46498268
46502029
46503167
46504306
46504486
46505170
46505359
46505428
46505673
46505674
46505676
46505686
46505784
46505872
46505911
46505945
46506494
46507008
46507094
46507470
46507785
46507905
46508041
46508065
46508206
46509146
46510136
46510270
46510342
46510922
46511036
46511204
46511590
46512933
46513499
46513582
46515116
46516038
46516075
46516735
46516736
46516746
46516747
46516753
46516754
46516757
46516793
46516806
46516810
46516813
46516816
46516830
46516843
46516849
46516921
46522317
46522467
46523291
46525011
46525834
46525847
46525905
46528389
46528391
46528406
46528681
46528700
46528702
46528707
46529203
46529206
46529311
46529349
46529350
46529611
46543131
46545487
46545528
46545922
46546166
46546443
46546713
46546799
46546892
46547142
46549632
46549987
46550318
46550325
46550328
46550332
46551185
46551722
46552965
46554199
46554226
46554238
46554240
46554276
46554297
46554305
46554310
46554311
46554327
46554351
46554374
46556251
465577
46559121
46559127
46559130
46559143
46559147
46559152
46559154
46559156
46559162
46559170
46559183
46559184
46559191
46559194
46559198
46559204
46559206
46559208
46559212
46559217
46559222
46559225
46559229
46559240
46559256
46559265
46559266
46559273
46559311
46559320
46559337
46559339
46559342
46559363
46559369
46559388
46559405
46559419
46559421
46559426
46559429
46559433
46559438
46559444
46559449
46559458
46559466
46559469
46559472
46559477
46559482
46559489
46559514
46559526
46559597
46559649
46559650
46559654
46559659
46559677
46559686
46559691
46559714
46559717
46559719
46559721
46559735
46559739
46559744
46559748
46559751
46559753
46559756
46559760
46559764
46559780
46559783
46559784
46559787
46559788
46559793
46559794
46559811
46559813
46559814
46559816
46559818
46559819
46559826
46559830
46559841
46559842
46559863
46559871
46559872
46559874
46559876
46559911
46559914
46559927
46559947
46559948
46559950
46559951
46559959
46559964
46559986
46559989
46559990
46559991
46559995
46559997
46560017
46560018
46560118
46560119
46560130
46560131
46560136
46560142
46560146
46560148
46560155
46560161
46560188
46560197
46560201
46560202
46560204
46560244
46560246
46560250
46560287
46560295
46560310
46560323
46560328
46560329
46560340
46560349
46560350
46560351
46560360
46560361
46560362
46560364
46560365
46560372
46560385
46560386
46560392
46560396
46560399
46560402
46560405
46560422
46560427
46560453
46560457
46560468
46560472
46560520
46560523
46560525
46560547
46560549
46560555
46560556
46560560
46560568
46560570
46560571
46560573
46560576
46560638
46560661
46560674
46560703
46560704
46560708
46560716
46560717
46560836
46560853
46560870
46560910
46560912
46560914
46560919
46560929
46560943
46560945
46560947
46560949
46560955
46560966
46560967
46560977
46560983
46560984
46560986
46560988
46560989
46560991
46560993
46560999
46561008
46561016
46561018
46561023
46561029
46561041
46561043
46561049
46561053
46561061
46561064
46561068
46561078
46561081
46561092
46561101
46561146
46561170
46561173
46561204
46561251
46561316
46561324
46561542
46561623
46561624
46561648
46561653
46561655
46561673
46561707
46561713
46561744
46561757
46561882
46562091
46562336
46562369
46562387
46562399
46562487
46562710
46562893
46562938
46563008
46563022
46563114
46563116
46563120
46563127
46563135
46563136
46563137
46563138
46563143
46563151
46563153
46563159
46563164
46563173
46563186
46563348
46563916
46563938
46563945
46564141
46564352
46564415
46564420
46564422
46564427
46564428
46564471
46564530
46564552
46564924
46564933
46565892
46565897
46565957
46565969
46565987
46566106
46566113
46566138
46566168
46566367
46566411
46566700
46566773
46566778
46566783
46566786
46566800
46566816
46566818
46566822
46566830
46566850
46566886
46566892
46566897
46566944
46567229
46567287
46567462
46567475
46567478
46567487
46567495
46567512
46567516
46567537
46567542
46567558
46567614
46567767
46567768
46567771
46567772
46567773
46567775
46567776
46567777
46567778
46567780
46567781
46567783
46567785
46567786
46567790
46567792
46567796
46567797
46567801
46567808
46567809
46567810
46567812
46567816
46567818
46567830
46567899
46567908
46567918
46567956
46568000
46568078
46568117
46568126
46568177
46568370
46568456
46568484
46568493
46568530
46568548
46568632
46568650
46568702
46568714
46568743
46568764
46568826
46568827
46568868
46568892
46568897
46568901
46568945
46568956
46568957
46568983
46568986
46568990
46568991
46568992
46568995
46568998
46569014
46569015
46569030
46569041
46569055
46569057
46569162
46569197
46569298
46569339
46569424
46569427
46569689
46569793
46569955
46569963
46569968
46570096
46570115
46570118
46570178
46570224
46570227
46570232
46570233
46570241
46570285
46570461
46570488
46570502
46570506
46570518
46570656
46570667
46570672
46570676
46570679
46570680
46570682
46570689
46570696
46570704
46570706
46570742
46570751
46570797
46570809
46570839
46570850
46570887
46570896
46570903
46570910
46570963
46570974
46570984
46571000
46571014
46571062
46571150
46571155
46571219
46571235
46571236
46571244
46571254
46571486
46571488
46571513
46571523
46571563
46571600
46571613
46571637
46571663
46571664
46571665
46571666
46571678
46571682
46571683
46571684
46571690
46571692
46571694
46571695
46571698
46571700
46571701
46571702
46571705
46571708
46571710
46571713
46571718
46571723
46571727
46571742
46571743
46571744
46571745
46571746
46571755
46571758
46571760
46571763
46571764
46571765
46571771
46571775
46571776
46571777
46571781
46571783
46571784
46571788
46571790
46571795
46571796
46571798
46571800
46571803
46571806
46571808
46571809
46571813
46571820
46571827
46571831
46571845
46571846
46571848
46571849
46571850
46571851
46571852
46571853
46571856
46571857
46571864
46571894
46571895
46571899
46571900
46571901
46571957
46571958
46571960
46571966
46571967
46571968
46571971
46571972
46571973
46571976
46571979
46571980
46571982
46571983
46571988
46571995
46571996
46572009
46572010
46572012
46572014
46572015
46572017
46572022
46572023
46572024
46572026
46572029
46572030
46572031
46572032
46572037
46572042
46572047
46572048
46572053
46572054
46572095
46572097
46572098
46572130
46572152
46572154
46572157
46572163
46572165
46572169
46572171
46572173
46572175
46572181
46572189
46572195
46572281
46572322
46572329
46572332
46572334
46572344
46572452
46572457
46572476
46572502
46572508
46572509
46572566
46572599
46572601
46572615
46572625
46572626
46572629
46572632
46572633
46572634
46572635
46572645
46572647
46572648
46572650
46572652
46572653
46572654
46572657
46572662
46572665
46572667
46572668
46572669
46572671
46572672
46572675
46572699
46572700
46572707
46572708
46572710
46572711
46572719
46572741
46572745
46572757
46572761
46572863
46572872
46572876
46572878
46572885
46572940
46572960
46572965
46573098
46573179
46573383
46573414
46573615
46573636
46573648
46573674
46573678
46573679
46573687
46573831
46574031
46574148
46574226
46574309
46574360
46574498
46574577
46574586
46574652
46574679
46574690
46575091
46575232
46575237
46575238
46575276
46575290
46575326
46575424
46575435
46575591
46575808
46575879
46576164
46576212
46576363
46576480
46576544
46576556
46576610
46576641
46576887
46576888
46576915
46577048
46577049
46577107
46577110
46577111
46577136
46577169
46577205
46577239
46577246
46577302
46577305
46577307
46577313
46577328
46577342
46577352
46577378
46577397
46577446
46577449
46577784
46577862
46577956
46577961
46577998
46578014
46578015
46578034
46578046
46578054
46578070
46578079
46578101
46578105
46578113
46578116
46578129
46578168
46578200
46578209
46578211
46578214
46578218
46578221
46578234
46578288
46578292
46578293
46578298
46578299
46578300
46578301
46578302
46578303
46578304
46578305
46578307
46578309
46578316
46578317
46578332
46578353
46578439
46578441
46578470
46578475
46578478
46578485
46578487
46578509
46578527
46578535
46578617
46578619
46578630
46578642
46578664
46578683
46578724
46578725
46578731
46578815
46578840
46578842
46578855
46578860
46578895
46578936
46578960
46579012
46579081
46579222
46579256
46579258
46579278
46579323
46579326
46579340
46579344
46579345
46579426
46579437
46579438
46579558
46579612
46579613
46579614
46579616
46579617
46579619
46579621
46579623
46579625
46579626
46579627
46579628
46579633
46579634
46579639
46579642
46579644
46579649
46579652
46579654
46579657
46579664
46579671
46579672
46579673
46579683
46579693
46579698
46579699
46579701
46579706
46579707
46579709
46579711
46579750
46579751
46579753
46579755
46579757
46579760
46579766
46579767
46579769
46579785
46579794
46579809
46579819
46579822
46579839
46579963
46579972
46579978
46579989
46579991
46580062
46580092
46580126
46580565
46580662
46580720
46580725
46580728
46580734
46580741
46580758
46580764
46580765
46580769
46580774
46580781
46580786
46580831
46580833
46580850
46580851
46580899
46580930
46580951
46580982
46581043
46581048
46581089
46581129
46581130
46581139
46581140
46581141
46581142
46581143
46581144
46581146
46581147
46581148
46581150
46581166
46581197
46581198
46581200
46581202
46581206
46581245
46581286
46581366
46581444
46581449
46581460
46581637
46581641
46581645
46581654
46581664
46581669
46581678
46581687
46581705
46581741
46581748
46581781
46581838
46581867
46581952
46582116
46582152
46582187
46582190
46582204
46582205
46582293
46582323
46582331
46582336
46583673
46584046
46584142
46592357
46592680
466733
466982
467085
467159
467207
467215
467217
467218
467221
467223
467227
467230
467241
467278
467379
467457
467468
467499
467513
467515
467543
467544
467552
467595
467674
467676
467678
467719
467729
467731
46773539
467764
467797
467843
467862
467866
46791447
46791590
46791634
467917
46794658
46795566
46795577
46796443
46796455
46797598
46797719
46798483
46798489
46798763
46798770
46798916
46799426
46799890
46800183
46800236
46800238
46800247
46800251
46800253
46800355
468018
46803003
468059
468061
468106
468108
46812438
468144
468149
468152
468159
468166
468175
46828292
468314
468351
468360
468373
468381
468384
468395
468400
468416
468440
468820
468830
468901
468936
468949
469071
469125
469128
469131
469135
469156
469327
469353
469369
46941630
46946233
46946266
46946316
469554
469671
469700
469712
46995520
47019807
47043545
47043907
47043911
47044157
47044471
47044692
47044879
47044899
47044911
47045103
47045268
47045269
47045276
47045301
47045302
47045304
47045459
47045467
47045657
47046272
47046515
47046778
47046793
47046932
47047320
47047321
47047487
47047493
47047494
47047937
47048072
47048165
47049015
47049017
47049021
47053553
47054070
47054486
47054670
47054671
47057112
47060456
47064449
47070771
47077247
47077328
47077518
47107051
47107617
47107673
47108234
47108613
47110499
47110788
47111003
47111282
47111955
47114632
47116340
47116887
47118009
47118477
47119324
47119774
47120011
47120967
47121005
47121692
47123102
47124241
47124810
47124929
47126025
47127161
47127458
47128961
47131344
47131442
47132340
47132417
47133195
47133466
47134156
47134178
47134186
47134187
47134763
47134780
47134793
47134961
47134976
47135075
47135094
47135266
47135504
47135584
47135701
47138010
47138191
47139165
47140131
47140488
47140966
47146017
47146215
47148771
47149295
47149511
47149520
47149723
47151102
47151544
47151546
47151548
47153772
47154095
47154121
47154392
47155705
47157485
47158299
47158780
47158796
47159079
47160627
47160680
47160696
47160945
47160959
47162242
47162487
47162488
47162609
47170815
47170949
47170955
47171985
47172255
47172767
47172868
47173630
47173634
47173640
47175737
47177432
47177480
47178834
47179819
47180234
47180598
47181027
47181054
47185564
47185566
47185568
47185569
47185570
47185571
47185573
47185574
47185575
47185576
47185577
47185578
47185580
47185583
47185584
47185592
47185593
47185597
47185599
47185601
47185602
47185603
47185604
47185605
47185606
47185607
47185608
47185609
47185610
47185611
47185612
47185613
47185614
47185615
47185616
47185618
47185621
47185625
47185626
47185631
47185633
47185634
47185635
47185638
47185639
47185640
47185642
47185650
47185653
47185654
47185656
47185658
47185661
47185663
47185664
47185665
47185666
47185667
47185668
47185670
47185673
47185674
47185676
47185677
47185678
47185679
47185681
47185682
47185683
47185684
47185685
47185686
47185687
47185688
47185689
47185690
47185691
47185692
47185693
47185694
47185695
47185696
47185697
47185698
47185699
47185700
47185702
47185703
47185705
47185706
47185707
47185709
47185710
47185712
47185713
47185714
47185715
47185716
47185717
47185718
47185729
47185731
47185732
47185738
47185756
47185759
47185760
47185761
47185762
47185763
47185764
47185765
47185766
47185767
47185768
47185769
47185770
47185771
47185772
47185773
47185774
47185775
47185776
47185777
47185778
47185779
47185785
47185786
47185789
47185791
47185793
47185794
47185795
47185796
47185797
47185798
47185799
47185800
47185801
47185803
47185805
47185806
47185807
47185808
47185809
47185810
47185811
47185812
47185813
47185814
47185815
47185816
47185817
47185818
47185819
47185822
47185826
47185827
47185830
47185833
47185834
47185835
47185836
47185837
47185838
47185839
47185841
47185845
47185846
47185848
47185850
47185851
47185852
47185856
47185860
47185863
47185864
47185865
47185866
47185867
47185868
47185869
47185871
47185872
47185873
47185874
47185875
47185876
47185877
47185880
47185881
47185882
47185883
47185885
47185887
47185889
47185891
47185892
47185893
47185894
47185897
47185902
47185904
47185906
47185907
47185908
47185911
47185913
47185915
47185916
47185917
47185919
47185920
47185923
47185924
47185925
47185929
47185930
47185931
47185933
47185936
47185937
47185945
47185952
47185953
47185957
47185958
47185959
47185960
47185961
47185962
47185963
47185965
47185966
47185968
47185970
47185971
47185973
47185974
47185977
47185978
47185979
47185981
47185982
47185983
47185984
47185985
47185986
47185987
47185988
47185989
47185990
47185991
47185992
47185993
47185994
47185995
47185996
47185997
47185998
47185999
47186000
47186001
47186002
47186003
47186005
47186006
47186007
47186008
47186009
47186010
47186011
47186012
47186015
47186017
47186022
47186023
47186028
47186029
47186030
47186031
47186032
47186033
47186035
47186036
47186037
47186038
47186039
47186040
47186041
47186042
47186043
47186046
47186048
47186050
47186054
47186058
47186061
47186064
47186066
47186070
47186071
47186072
47186073
47186074
47186075
47186076
47186077
47186079
47186081
47186083
47186084
47186085
47186088
47186089
47186090
47186091
47186092
47186093
47186094
47186095
47186096
47186097
47186098
47186099
47186100
47186101
47186102
47186103
47186104
47186106
47186116
47186117
47186118
47186119
47186121
47186122
47186123
47186127
47186129
47186130
47186132
47186133
47186135
47186137
47186141
47186143
47186144
47186145
47186147
47186148
47186149
47186150
47186151
47186152
47186153
47186155
47186160
47186161
47186162
47186163
47186165
47186166
47186168
47186170
47186171
47186172
47186173
47186174
47186176
47186177
47186179
47186183
47186190
47186191
47186192
47186193
47186195
47186199
47186200
47186201
47186202
47186203
47186204
47186207
47186208
47186209
47186210
47186212
47186213
47186216
47186217
47186220
47186222
47186223
47186224
47186225
47186226
47186227
47186229
47186231
47186232
47186236
47186238
47186241
47186243
47186245
47186246
47186247
47186248
47186249
47186256
47186257
47186258
47186259
47186260
47186261
47186262
47186263
47186264
47186268
47186269
47186270
47186271
47186272
47186275
47186278
47186285
47186288
47186289
47186291
47186293
47186299
47186301
47186302
47186304
47186305
47186309
47186311
47186312
47186313
47186314
47186315
47186316
47186317
47186319
47186321
47186323
47186324
47186325
47186326
47186327
47186328
47186330
47186331
47186336
47186341
47186343
47186347
47186349
47186351
47186356
47186358
47186359
47186361
47186362
47186363
47186364
47186365
47186366
47186367
47186368
47186369
47186370
47186371
47186372
47186375
47186378
47186380
47186382
47186386
47186387
47186389
47186391
47186393
47186394
47186395
47186398
47186401
47186402
47186403
47186404
47186405
47186406
47186407
47186413
47186414
47186415
47186419
47186420
47186423
47186425
47186426
47186427
47186429
47186430
47186431
47186432
47186433
47186436
47186438
47186439
47186441
47186443
47186445
47186448
47186449
47186453
47186455
47186456
47186457
47186460
47186463
47186464
47186465
47186469
47186470
47186472
47186473
47186474
47186475
47186476
47186477
47186480
47186489
47186490
47186493
47186494
47186496
47186497
47186498
47186499
47186500
47186502
47186504
47186506
47186507
47186508
47186510
47186511
47186518
47186522
47186525
47186528
47186529
47186532
47186534
47186535
47186538
47186539
47186541
47186543
47186544
47186545
47186547
47186548
47186551
47186552
47186554
47186557
47186558
47186559
47186560
47186562
47186564
47186566
47186567
47186570
47186572
47186573
47186574
47186577
47186578
47186579
47186580
47186582
47186583
47186584
47186585
47186586
47186588
47186589
47186596
47186597
47186598
47186601
47186606
47186610
47186612
47186614
47186615
47186623
47186624
47186627
47186628
47186629
47186630
47186631
47186633
47186634
47186636
47186637
47186639
47186641
47186642
47186644
47186645
47186648
47186652
47186654
47186655
47186657
47186658
47186659
47186660
47186661
47186662
47186663
47186664
47186665
47186666
47186667
47186668
47186669
47186670
47186673
47186674
47186676
47186677
47186678
47186680
47186681
47186682
47186687
47186688
47186689
47186690
47186691
47186694
47186696
47186697
47186698
47186699
47186703
47186704
47186709
47186711
47186714
47186715
47186718
47186722
47186724
47186725
47186726
47186727
47186729
47186731
47186732
47186733
47186738
47186740
47186742
47186744
47186745
47186747
47186748
47186750
47186751
47186752
47186757
47186758
47186759
47186761
47186762
47186763
47186764
47186765
47186766
47186771
47186773
47186778
47186781
47186782
47186783
47186785
47186786
47186787
47186788
47186789
47186791
47186793
47186796
47186797
47186798
47186803
47186806
47186807
47186811
47186812
47186813
47186814
47186815
47186816
47186819
47186820
47186821
47186824
47186829
47186830
47186831
47186832
47186833
47186834
47186837
47186838
47186839
47186841
47186842
47186845
47186846
47186847
47186854
47186856
47186857
47186860
47186861
47186862
47186863
47186864
47186865
47186866
47186867
47186868
47186871
47186873
47186874
47186876
47186877
47186882
47186884
47186887
47186888
47186889
47186890
47186893
47186894
47186896
47186899
47186900
47186902
47186903
47186904
47186905
47186907
47186908
47186909
47186912
47186914
47186915
47186920
47186923
47186925
47186926
47186927
47186928
47186933
47186934
47186935
47186936
47186940
47186942
47186947
47186949
47186951
47186952
47186953
47186956
47186958
47186959
47186963
47186968
47186973
47186974
47186976
47186977
47186978
47186980
47186981
47186982
47186983
47186986
47186987
47186988
47186994
47186996
47186998
47186999
47187000
47187001
47187002
47187003
47187004
47187005
47187009
47187015
47187018
47187019
47187020
47187023
47187026
47187030
47187033
47187034
47187035
47187037
47187039
47187042
47187044
47187045
47187046
47187047
47187048
47187049
47187051
47187055
47187060
47187061
47187063
47187066
47187067
47187068
47187069
47187070
47187072
47187075
47187078
47187079
47187080
47187081
47187084
47187086
47187088
47187090
47187091
47187092
47187094
47187095
47187097
47187098
47187099
47187103
47187107
47187108
47187115
47187116
47187118
47187120
47187121
47187122
47187123
47187124
47187125
47187129
47187130
47187131
47187133
47187134
47187135
47187141
47187143
47187144
47187146
47187147
47187151
47187153
47187155
47187156
47187157
47187160
47187161
47187164
47187165
47187166
47187174
47187178
47187181
47187186
47187187
47187189
47187192
47187197
47187199
47187209
47187210
47187211
47187214
47187215
47187216
47187217
47187218
47187219
47187221
47187223
47187226
47187227
47187231
47187234
47187236
47187237
47187238
47187239
47187240
47187241
47187244
47187246
47187247
47187250
47187251
47187252
47187255
47187256
47187258
47187262
47187263
47187266
47187267
47187268
47187272
47187273
47187275
47187276
47187277
47187278
47187280
47187281
47187286
47187288
47187289
47187293
47187294
47187295
47187300
47187302
47187306
47187308
47187310
47187313
47187314
47187315
47187316
47187318
47187319
47187320
47187325
47187328
47187332
47187333
47187334
47187336
47187339
47187343
47187347
47187348
47187350
47187352
47187358
47187360
47187361
47187362
47187364
47187365
47187366
47187371
47187372
47187377
47187378
47187379
47187380
47187382
47187385
47187387
47187389
47187390
47187391
47187393
47187397
47187398
47187399
47187400
47187402
47187403
47187407
47187409
47187410
47187411
47187414
47187415
47187416
47187417
47187418
47187422
47187424
47187426
47187427
47187428
47187431
47187433
47187434
47187435
47187437
47187438
47187441
47187442
47187443
47187444
47187447
47187448
47187450
47187451
47187455
47187461
47187464
47187470
47187473
47187475
47187476
47187479
47187480
47187481
47187483
47187484
47187486
47187488
47187490
47187494
47187501
47187503
47187504
47187509
47187522
47187524
47187525
47187527
47187528
47187529
47187534
47187538
47187540
47187545
47187548
47187554
47187555
47187557
47187559
47187561
47187563
47187565
47187568
47187569
47187570
47187573
47187578
47187580
47187581
47187583
47187585
47187590
47187591
47187595
47187599
47187604
47187605
47187606
47187610
47187611
47187617
47187620
47187621
47187622
47187623
47187624
47187628
47187629
47187630
47187631
47187632
47187633
47187636
47187640
47187644
47187645
47187646
47187649
47187651
47187652
47187653
47187657
47187659
47187660
47187662
47187668
47187670
47187673
47187674
47187675
47187677
47187679
47187680
47187681
47187682
47187683
47187686
47187689
47187690
47187692
47187693
47187695
47187702
47187703
47187705
47187707
47187708
47187709
47187710
47187713
47187716
47187717
47187718
47187725
47187726
47187727
47187728
47187731
47187732
47187736
47187737
47187741
47187742
47187743
47187750
47187753
47187754
47187755
47187756
47187757
47187759
47187761
47187762
47187765
47187768
47187770
47187772
47187773
47187776
47187778
47187781
47187783
47187786
47187790
47187792
47187794
47187795
47187797
47187802
47187803
47187805
47187806
47187812
47187813
47187815
47187816
47187818
47187820
47187825
47187826
47187829
47187832
47187834
47187835
47187836
47187840
47187842
47187843
47187845
47187846
47187848
47187850
47187853
47187856
47187860
47187862
47187863
47187864
47187866
47187868
47187871
47187875
47187877
47187879
47187880
47187882
47187884
47187885
47187888
47187891
47187892
47187893
47187896
47187897
47187898
47187900
47187901
47187905
47187907
47187914
47187915
47187918
47187919
47187924
47187925
47187926
47187927
47187928
47187931
47187932
47187933
47187934
47187936
47187939
47187940
47187941
47187946
47187948
47187950
47187953
47187957
47187959
47187962
47187964
47187971
47187973
47187974
47187984
47187985
47187986
47187990
47187991
47187992
47187993
47187994
47187997
47187998
47187999
47188002
47188004
47188005
47188010
47188012
47188015
47188018
47188025
47188028
47188031
47188034
47188036
47188037
47188038
47188039
47188040
47188046
47188049
47188050
47188051
47188053
47188054
47188056
47188057
47188058
47188061
47188062
47188063
47188064
47188065
47188066
47188067
47188069
47188070
47188073
47188074
47188076
47188078
47188081
47188084
47188088
47188091
47188093
47188094
47188098
47188099
47188100
47188102
47188105
47188107
47188108
47188109
47188111
47188113
47188114
47188117
47188120
47188122
47188123
47188125
47188126
47188129
47188132
47188135
47188136
47188139
47188141
47188145
47188147
47188150
47188151
47188153
47188154
47188158
47188161
47188164
47188167
47188169
47188170
47188173
47188176
47188179
47188182
47188184
47188185
47188190
47188192
47188193
47188194
47188195
47188199
47188204
47188207
47188208
47188209
47188211
47188212
47188216
47188218
47188219
47188222
47188223
47188226
47188228
47188231
47188233
47188234
47188236
47188238
47188248
47188250
47188251
47188253
47188255
47188256
47188259
47188262
47188263
47188264
47188265
47188266
47188268
47188269
47188270
47188271
47188273
47188275
47188276
47188277
47188278
47188280
47188281
47188282
47188289
47188291
47188293
47188297
47188298
47188299
47188300
47188301
47188302
47188303
47188304
47188307
47188309
47188311
47188312
47188314
47188315
47188318
47188321
47188323
47188327
47188328
47188329
47188333
47188335
47188338
47188339
47188340
47188342
47188345
47188346
47188348
47188349
47188350
47188351
47188352
47188355
47188357
47188358
47188359
47188360
47188363
47188364
47188365
47188366
47188368
47188371
47188372
47188373
47188375
47188376
47188380
47188382
47188385
47188388
47188390
47188395
47188398
47188400
47188402
47188404
47188405
47188406
47188409
47188411
47188416
47188418
47188419
47188420
47188422
47188423
47188428
47188434
47188435
47188436
47188437
47188442
47188444
47188445
47188448
47188449
47188451
47188455
47188458
47188460
47188461
47188462
47188463
47188469
47188472
47188475
47188476
47188477
47188481
47188482
47188483
47188484
47188485
47188486
47188487
47188490
47188491
47188493
47188494
47188496
47188497
47188499
47188501
47188503
47188506
47188507
47188511
47188512
47188518
47188520
47188522
47188523
47188525
47188526
47188529
47188533
47188534
47188535
47188536
47188539
47188540
47188541
47188544
47188545
47188547
47188548
47188551
47188555
47188556
47188559
47188564
47188565
47188566
47188567
47188568
47188571
47188574
47188575
47188576
47188577
47188578
47188579
47188580
47188581
47188582
47188583
47188584
47188585
47188586
47188588
47188592
47188594
47188595
47188597
47188600
47188603
47188606
47188607
47188611
47188614
47188617
47188619
47188620
47188622
47188624
47188627
47188628
47188631
47188636
47188637
47188641
47188643
47188644
47188645
47188652
47188653
47188656
47188659
47188665
47188667
47188673
47188680
47188685
47188688
47188691
47188692
47188693
47188694
47188697
47188699
47188700
47188701
47188703
47188704
47188706
47188707
47188709
47188710
47188714
47188715
47188716
47188722
47188725
47188728
47188735
47188736
47188737
47188740
47188741
47188744
47188745
47188747
47188748
47188755
47188772
47188777
47188778
47188785
47188786
47188791
47188793
47188794
47188796
47188802
47188805
47188809
47188811
47188813
47188814
47188817
47188818
47188827
47188835
47188837
47188838
47188842
47188843
47188844
47188846
47188847
47188848
47188851
47188854
47188860
47188861
47188862
47188865
47188868
47188873
47188879
47188880
47188883
47188884
47188885
47188893
47188895
47188896
47188897
47188900
47188902
47188905
47188908
47188911
47188913
47188914
47188915
47188916
47188918
47188919
47188921
47188929
47188931
47188932
47188933
47188934
47188937
47188940
47188943
47188944
47188948
47188949
47188950
47188952
47188956
47188957
47188958
47188961
47188965
47188966
47188967
47188969
47188973
47188974
47188975
47188976
47188984
47188985
47188986
47188989
47188990
47188993
47188994
47188995
47188998
47188999
47189006
47189007
47189009
47189010
47189011
47189013
47189015
47189017
47189019
47189020
47189022
47189024
47189025
47189026
47189028
47189032
47189033
47189040
47189043
47189044
47189046
47189050
47189053
47189056
47189059
47189068
47189069
47189072
47189073
47189076
47189078
47189079
47189080
47189082
47189087
47189090
47189093
47189094
47189095
47189099
47189100
47189101
47189102
47189104
47189107
47189111
47189112
47189113
47189114
47189117
47189118
47189121
47189124
47189125
47189126
47189130
47189132
47189133
47189136
47189137
47189138
47189139
47189141
47189142
47189143
47189144
47189145
47189146
47189149
47189151
47189161
47189162
47189164
47189165
47189166
47189167
47189170
47189171
47189174
47189175
47189184
47189187
47189188
47189191
47189194
47189199
47189202
47189203
47189205
47189208
47189209
47189213
47189215
47189216
47189223
47189226
47189228
47189230
47189234
47189235
47189240
47189241
47189243
47189244
47189245
47189249
47189250
47189251
47189252
47189255
47189262
47189264
47189268
47189270
47189272
47189275
47189276
47189278
47189280
47189281
47189282
47189285
47189288
47189289
47189290
47189292
47189293
47189295
47189296
47189297
47189299
47189304
47189305
47189306
47189307
47189309
47189312
47189321
47189322
47189324
47189325
47189328
47189330
47189332
47189334
47189335
47189336
47189343
47189344
47189345
47189348
47189349
47189350
47189352
47189353
47189354
47189355
47189360
47189366
47189369
47189370
47189374
47189375
47189377
47189382
47189385
47189387
47189389
47189392
47189395
47189396
47189397
47189398
47189403
47189405
47189408
47189410
47189412
47189413
47189414
47189415
47189416
47189419
47189426
47189427
47189429
47189430
47189435
47189449
47189462
47189470
47189473
47189474
47189476
47189477
47189478
47189482
47189484
47189486
47189490
47189499
47189502
47189503
47189504
47189508
47189511
47189513
47189514
47189515
47189516
47189517
47189519
47189520
47189521
47189522
47189525
47189526
47189527
47189528
47189531
47189532
47189534
47189537
47189538
47189540
47189541
47189542
47189549
47189550
47189552
47189554
47189555
47189556
47189561
47189566
47189568
47189569
47189574
47189578
47189580
47189582
47189587
47189590
47189595
47189596
47189602
47189603
47189604
47189606
47189613
47189615
47189616
47189617
47189622
47189623
47189627
47189628
47189632
47189636
47189640
47189642
47189643
47189652
47189653
47189654
47189657
47189663
47189664
47189665
47189666
47189667
47189668
47189674
47189675
47189676
47189679
47189680
47189681
47189683
47189686
47189688
47189691
47189692
47189693
47189694
47189695
47189700
47189701
47189702
47189704
47189706
47189707
47189714
47189715
47189718
47189719
47189721
47189726
47189730
47189731
47189742
47189743
47189748
47189755
47189757
47189758
47189761
47189763
47189765
47189772
47189776
47189777
47189778
47189779
47189780
47189782
47189784
47189786
47189791
47189793
47189794
47189797
47189798
47189800
47189801
47189804
47189808
47189809
47189812
47189813
47189814
47189817
47189819
47189820
47189825
47189827
47189828
47189830
47189833
47189836
47189843
47189845
47189848
47189849
47189851
47189852
47189853
47189856
47189857
47189858
47189861
47189862
47189865
47189867
47189875
47189876
47189879
47189880
47189885
47189888
47189890
47189891
47189893
47189897
47189901
47189903
47189907
47189908
47189911
47189915
47189921
47189922
47189926
47189927
47189929
47189931
47189932
47189934
47189939
47189944
47189947
47189948
47189949
47189950
47189952
47189956
47189958
47189966
47189968
47189975
47189978
47189979
47189985
47189986
47189987
47189991
47189992
47189994
47189999
47190000
47190004
47190005
47190007
47190013
47190016
47190017
47190024
47190025
47190027
47190028
47190031
47190034
47190035
47190036
47190037
47190038
47190039
47190040
47190041
47190042
47190044
47190046
47190047
47190048
47190051
47190052
47190053
47190055
47190059
47190060
47190063
47190069
47190072
47190077
47190080
47190082
47190083
47190085
47190090
47190096
47190098
47190100
47190101
47190102
47190106
47190107
47190108
47190110
47190111
47190114
47190117
47190119
47190120
47190122
47190123
47190124
47190125
47190128
47190129
47190137
47190138
47190139
47190141
47190144
47190147
47190152
47190153
47190158
47190165
47190167
47190170
47190174
47190176
47190178
47190179
47190182
47190183
47190184
47190185
47190186
47190187
47190188
47190190
47190192
47190194
47190198
47190200
47190201
47190205
47190206
47190210
47190213
47190219
47190224
47190226
47190227
47190238
47190239
47190240
47190244
47190247
47190251
47190259
47190262
47190264
47190265
47190266
47190269
47190275
47190277
47190278
47190286
47190288
47190293
47190294
47190296
47190298
47190300
47190305
47190309
47190312
47190316
47190317
47190318
47190320
47190324
47190325
47190328
47190330
47190333
47190336
47190341
47190344
47190345
47190347
47190348
47190350
47190357
47190358
47190359
47190361
47190363
47190364
47190365
47190370
47190371
47190372
47190373
47190378
47190379
47190380
47190382
47190385
47190386
47190389
47190391
47190392
47190393
47190394
47190398
47190402
47190403
47190404
47190407
47190411
47190414
47190415
47190418
47190420
47190421
47190425
47190426
47190427
47190429
47190430
47190434
47190436
47190437
47190443
47190445
47190446
47190448
47190449
47190451
47190452
47190453
47190454
47190455
47190456
47190458
47190459
47190460
47190462
47190465
47190468
47190472
47190473
47190476
47190479
47190481
47190488
47190489
47190491
47190494
47190495
47190496
47190497
47190502
47190508
47190515
47190517
47190527
47190528
47190530
47190532
47190533
47190535
47190536
47190537
47190539
47190543
47190544
47190546
47190552
47190553
47190555
47190556
47190559
47190561
47190567
47190574
47190575
47190578
47190585
47190586
47190587
47190588
47190590
47190592
47190595
47190600
47190601
47190603
47190605
47190612
47190614
47190615
47190618
47190621
47190622
47190624
47190625
47190626
47190628
47190629
47190630
47190631
47190636
47190637
47190639
47190641
47190642
47190643
47190647
47190649
47190652
47190655
47190658
47190661
47190662
47190663
47190664
47190673
47190677
47190679
47190689
47190693
47190698
47190699
47190702
47190704
47190706
47190708
47190713
47190714
47190720
47190721
47190725
47190727
47190729
47190731
47190735
47190741
47190742
47190744
47190745
47190746
47190757
47190758
47190759
47190761
47190762
47190767
47190771
47190776
47190780
47190782
47190789
47190790
47190795
47190799
47190800
47190802
47190803
47190807
47190808
47190810
47190811
47190813
47190817
47190819
47190820
47190821
47190825
47190826
47190827
47190828
47190830
47190833
47190834
47190835
47190839
47190840
47190848
47190850
47190851
47190852
47190854
47190858
47190859
47190860
47190863
47190866
47190868
47190873
47190878
47190879
47190883
47190888
47190889
47190893
47190896
47190897
47190898
47190901
47190902
47190904
47190907
47190910
47190914
47190916
47190918
47190920
47190922
47190926
47190929
47190932
47190933
47190935
47190937
47190938
47190939
47190946
47190947
47190952
47190953
47190954
47190955
47190956
47190960
47190962
47190963
47190977
47190979
47190984
47190987
47190989
47190991
47190992
47190996
47190997
47190998
47191001
47191002
47191003
47191004
47191008
47191013
47191017
47191020
47191022
47191023
47191026
47191030
47191032
47191037
47191040
47191041
47191044
47191046
47191047
47191048
47191050
47191056
47191058
47191059
47191062
47191063
47191064
47191065
47191067
47191068
47191070
47191074
47191081
47191083
47191089
47191091
47191093
47191095
47191097
47191098
47191099
47191102
47191106
47191108
47191111
47191112
47191115
47191116
47191120
47191128
47191131
47191134
47191137
47191143
47191146
47191149
47191151
47191152
47191153
47191155
47191162
47191163
47191164
47191165
47191167
47191168
47191169
47191171
47191172
47191173
47191174
47191178
47191180
47191182
47191187
47191188
47191189
47191192
47191194
47191195
47191200
47191201
47191202
47191203
47191205
47191208
47191209
47191215
47191228
47191230
47191234
47191236
47191242
47191246
47191252
47191256
47191257
47191258
47191261
47191264
47191266
47191268
47191269
47191272
47191273
47191277
47191283
47191286
47191290
47191291
47191293
47191295
47191298
47191299
47191301
47191302
47191306
47191308
47191309
47191315
47191319
47191320
47191321
47191325
47191327
47191329
47191332
47191338
47191339
47191346
47191350
47191351
47191353
47191355
47191357
47191362
47191363
47191364
47191365
47191367
47191369
47191374
47191375
47191378
47191383
47191384
47191387
47191388
47191396
47191400
47191404
47191409
47191410
47191412
47191414
47191415
47191417
47191420
47191421
47191422
47191424
47191436
47191438
47191441
47191442
47191444
47191447
47191448
47191455
47191456
47191457
47191459
47191461
47191464
47191465
47191467
47191471
47191472
47191473
47191474
47191481
47191487
47191490
47191491
47191493
47191495
47191496
47191498
47191499
47191504
47191505
47191508
47191509
47191513
47191520
47191521
47191525
47191526
47191528
47191532
47191533
47191534
47191536
47191540
47191544
47191547
47191548
47191549
47191550
47191552
47191559
47191567
47191571
47191576
47191579
47191580
47191582
47191584
47191586
47191587
47191589
47191591
47191593
47191596
47191599
47191604
47191611
47191615
47191617
47191619
47191620
47191621
47191622
47191623
47191624
47191630
47191645
47191646
47191654
47191655
47191656
47191657
47191659
47191664
47191666
47191667
47191672
47191676
47191677
47191679
47191683
47191685
47191687
47191688
47191690
47191694
47191695
47191697
47191702
47191706
47191708
47191712
47191716
47191718
47191720
47191727
47191728
47191729
47191731
47191734
47191735
47191737
47191744
47191746
47191747
47191748
47191749
47191752
47191755
47191759
47191761
47191762
47191763
47191764
47191765
47191767
47191768
47191769
47191770
47191772
47191774
47191775
47191776
47191777
47191779
47191780
47191781
47191783
47191784
47191785
47191788
47191791
47191797
47191800
47191802
47191803
47191809
47191811
47191813
47191814
47191818
47191820
47191823
47191829
47191835
47191838
47191840
47191841
47191842
47191843
47191846
47191847
47191859
47191862
47191865
47191869
47191872
47191873
47191874
47191875
47191881
47191882
47191885
47191886
47191891
47191895
47191898
47191901
47191902
47191905
47191913
47191914
47191916
47191918
47191920
47191922
47191926
47191928
47191929
47191934
47191935
47191936
47191937
47191939
47191942
47191947
47191950
47191955
47191956
47191960
47191965
47191967
47191973
47191975
47191976
47191977
47191979
47191980
47191989
47191992
47191996
47191999
47192001
47192002
47192006
47192007
47192009
47192010
47192012
47192013
47192016
47192017
47192019
47192021
47192022
47192023
47192025
47192027
47192029
47192033
47192034
47192039
47192044
47192045
47192047
47192048
47192049
47192050
47192052
47192058
47192060
47192061
47192063
47192064
47192067
47192069
47192073
47192077
47192082
47192086
47192087
47192092
47192098
47192103
47192104
47192106
47192110
47192114
47192116
47192117
47192120
47192128
47192132
47192133
47192135
47192137
47192138
47192141
47192147
47192148
47192149
47192150
47192153
47192155
47192156
47192157
47192161
47192164
47192167
47192168
47192170
47192172
47192174
47192177
47192180
47192181
47192187
47192188
47192190
47192191
47192200
47192202
47192205
47192211
47192214
47192215
47192217
47192218
47192220
47192222
47192225
47192227
47192228
47192233
47192234
47192237
47192246
47192247
47192258
47192259
47192265
47192268
47192273
47192274
47192279
47192281
47192282
47192287
47192290
47192291
47192292
47192293
47192296
47192298
47192300
47192304
47192313
47192324
47192325
47192328
47192329
47192331
47192332
47192334
47192335
47192338
47192340
47192341
47192343
47192351
47192352
47192355
47192356
47192359
47192360
47192364
47192368
47192374
47192376
47192377
47192379
47192382
47192383
47192385
47192386
47192388
47192391
47192392
47192401
47192402
47192403
47192404
47192406
47192412
47192414
47192418
47192420
47192421
47192423
47192426
47192431
47192432
47192435
47192436
47192439
47192440
47192444
47192447
47192448
47192454
47192455
47192456
47192460
47192461
47192462
47192464
47192469
47192470
47192471
47192472
47192475
47192480
47192481
47192482
47192485
47192487
47192488
47192490
47192492
47192493
47192496
47192498
47192501
47192503
47192505
47192507
47192509
47192510
47192511
47192513
47192514
47192520
47192523
47192524
47192525
47192527
47192529
47192532
47192538
47192539
47192540
47192545
47192546
47192547
47192548
47192549
47192551
47192554
47192557
47192565
47192567
47192569
47192570
47192572
47192577
47192578
47192581
47192582
47192583
47192589
47192590
47192591
47192597
47192599
47192600
47192603
47192604
47192605
47192611
47192612
47192614
47192619
47192621
47192622
47192623
47192626
47192627
47192628
47192629
47192630
47192633
47192635
47192639
47192643
47192644
47192646
47192649
47192651
47192658
47192660
47192662
47192664
47192665
47192668
47192669
47192672
47192679
47192681
47192682
47192687
47192688
47192691
47192693
47192694
47192700
47192703
47192704
47192706
47192709
47192711
47192713
47192720
47192723
47192726
47192727
47192729
47192732
47192737
47192739
47192740
47192741
47192743
47192745
47192756
47192757
47192758
47192760
47192761
47192762
47192763
47192768
47192770
47192773
47192775
47192777
47192779
47192786
47192789
47192790
47192791
47192793
47192799
47192800
47192801
47192805
47192810
47192814
47192815
47192817
47192819
47192821
47192822
47192827
47192839
47192840
47192842
47192844
47192845
47192849
47192850
47192852
47192855
47192862
47192863
47192867
47192871
47192874
47192875
47192878
47192880
47192881
47192882
47192887
47192899
47192900
47192901
47192903
47192908
47192910
47192914
47192919
47192921
47192923
47192926
47192937
47192940
47192941
47192945
47192948
47192950
47192956
47192957
47192961
47192965
47192966
47192974
47192975
47192978
47192979
47192982
47192986
47192991
47192993
47192994
47192996
47192998
47193003
47193006
47193009
47193012
47193014
47193015
47193016
47193018
47193020
47193021
47193023
47193024
47193026
47193030
47193031
47193035
47193038
47193040
47193042
47193045
47193050
47193054
47193056
47193058
47193060
47193066
47193067
47193069
47193070
47193071
47193073
47193076
47193078
47193079
47193081
47193089
47193095
47193098
47193101
47193103
47193105
47193110
47193115
47193118
47193120
47193123
47193125
47193126
47193141
47193142
47193144
47193147
47193149
47193154
47193156
47193158
47193160
47193161
47193162
47193165
47193166
47193170
47193173
47193178
47193180
47193183
47193184
47193188
47193191
47193194
47193195
47193197
47193199
47193200
47193202
47193203
47193204
47193206
47193209
47193212
47193213
47193215
47193220
47193221
47193230
47193232
47193233
47193239
47193243
47193244
47193245
47193248
47193251
47193252
47193255
47193256
47193264
47193266
47193269
47193270
47193272
47193280
47193281
47193288
47193291
47193292
47193294
47193295
47193296
47193298
47193299
47193305
47193306
47193307
47193308
47193309
47193312
47193314
47193317
47193320
47193321
47193322
47193324
47193330
47193338
47193341
47193342
47193346
47193347
47193350
47193351
47193353
47193354
47193355
47193356
47193366
47193373
47193374
47193375
47193379
47193381
47193383
47193384
47193386
47193390
47193391
47193393
47193394
47193397
47193399
47193404
47193409
47193416
47193418
47193419
47193420
47193429
47193432
47193436
47193437
47193438
47193439
47193440
47193444
47193446
47193448
47193452
47193457
47193459
47193462
47193466
47193471
47193476
47193478
47193481
47193484
47193486
47193487
47193489
47193490
47193491
47193493
47193495
47193497
47193502
47193505
47193508
47193509
47193510
47193511
47193512
47193513
47193516
47193520
47193521
47193523
47193526
47193529
47193531
47193535
47193541
47193545
47193546
47193549
47193550
47193559
47193561
47193564
47193566
47193568
47193569
47193570
47193574
47193576
47193582
47193589
47193590
47193593
47193599
47193605
47193606
47193608
47193610
47193611
47193613
47193615
47193616
47193618
47193629
47193630
47193633
47193646
47193649
47193654
47193656
47193658
47193660
47193662
47193663
47193664
47193666
47193672
47193674
47193676
47193679
47193681
47193682
47193684
47193686
47193688
47193693
47193698
47193701
47193704
47193706
47193707
47193710
47193712
47193716
47193717
47193730
47193733
47193736
47229138
47258500
47258502
47258503
47258521
47258569
47259655
47259657
47261743
47261902
47261903
47261940
47261951
47261967
47261969
47261971
47261972
47261974
47261975
47261976
47261979
47261987
47261991
47262007
47262008
47262069
47262070
47272491
47274272
47274546
47274884
47274886
47276438
4727712
47280601
47280921
4728159
47283262
47283389
47283457
47283679
47284143
47284278
47284712
47313607
47313650
47314787
47317284
473288
47333902
47334073
47336176
47338072
47338173
47338179
47346313
47350206
47353553
47360133
47363627
47363637
47363646
47363700
47363722
47363723
47363918
47363921
47364110
47364111
47364112
47364113
47364115
47364116
47364117
47364120
47364129
47364130
47364131
47364142
47364144
47364149
47364153
47364194
47364215
47364220
47364221
47364225
47364236
47364242
47364255
47364256
47364271
47364273
47364275
47364334
47364336
47364348
47364349
47364356
47364361
47364369
47364370
47364399
47364402
47364552
47364553
47364554
47364559
47364561
47364575
47364576
47364597
47364698
47364714
47364715
47364716
47364735
47364759
47364779
47364818
47364865
47364919
47364932
47364941
47365132
47365297
47365301
47365302
47365306
47365326
47365336
47365337
47365338
47365344
47365345
47365667
47365668
47365678
47365697
47368812
47368848
47369152
47369158
47369163
47369165
47369170
47369422
47369434
47369575
47369913
47370211
47370267
47370278
47370308
47372227
47372252
47372421
47372862
47372871
47372906
47373364
47373819
47374249
47374250
47375813
47375887
47376540
47377736
47377822
47377873
473783
473785
473790
47379268
47379335
47379438
47379475
47379476
47379524
473796
473801
473809
47381046
47385728
47385729
47385959
47385962
47386174
47386335
47387195
47389485
47391405
47391603
4741017
4749280
4750406
475098
475560
475561
4760515
4761342
4763559
477134
478047
4791032
4792513
479266
4792799
4794068
4795293
4799083
4799207
4800205
480278
480309
480590
480828
481249
481250
481671
481867
481923
482019
482107
482124
482128
482146
482147
482167
4821944
482271
482273
482333
482352
482447
482458
482534
482547
482901
4829539
483049
483057
483062
483094
483207
483313
483314
483515
483615
483616
483655
483843
483849
483870
483923
483953
483955
483956
483957
483963
483969
483976
484053
484217
484230
484298
484368
484394
484410
4845255
484592
484593
484676
484781
484896
484897
484984
484988
485013
485014
485062
485089
485115
4851467
485242
485245
485247
485385
4854040
4854165
485569
485574
485576
485638
485692
4861694
486196
486199
486248
486255
486258
4862697
486305
486338
486356
486419
486431
486527
486531
486532
486562
486563
486609
486639
486650
486651
486666
486680
486689
486732
486756
486762
486817
486835
486842
486898
486899
486948
486959
486998
487018
487055
487142
487145
487148
487175
487176
487203
487209
487216
487229
487236
487242
487310
4874865
487493
487516
487524
487525
487528
487560
487562
487585
487588
487606
487636
487640
487683
487699
487873
487939
487942
487960
487965
488012
488085
488122
488124
488174
488214
488247
488251
488260
488265
488269
488278
488281
488283
488380
488404
488407
488414
488477
488666
488671
488677
488689
488690
488693
488697
488722
488725
488729
488731
488733
488737
488739
488743
488744
488750
488753
4889725
4890656
4890863
4893196
4894019
489436
489443
489449
489676
489707
489726
489744
4898174
489831
4898316
4898392
4898555
490017
490018
4902918
4903346
4903354
4903362
4903480
4904058
4905963
4906121
4906129
490666
4908705
4908713
4909017
4909277
490954
490956
491144
4912409
491494
4914949
4914961
491571
491622
491653
491654
491949
492058
492086
492276
492277
492280
492285
492350
492387
492407
492425
492427
492542
492775
492781
492783
492793
492812
4928565
493098
494417
495455
495660
497899
500186
500261
5010047
5015679
5016552
5019053
5022956
5023104
5023281
503121
503170
503271
503287
503291
503356
503421
503434
503435
503460
5037972
5038235
5040571
5041308
504153
504182
5046091
5046114
5046765
5046781
5047143
5047161
5050950
505186
505597
506452
506496
506504
506840
507005
507375
507558
507626
507705
507754
508375
509347
5094195
509637
509694
509737
5097873
5097987
5100388
5101220
5101969
5101980
5102001
5104041
5104488
5106887
5109271
5112614
5113352
511372
5114734
5116134
5119482
5122035
5122038
5122041
5123062
5123068
5123086
5123089
5123095
5124046
5130810
5130902
5131223
5132731
5132734
5132810
5132911
5133543
5133624
5133632
5133645
5133651
5133678
5133777
5133818
5133898
5135206
5135837
5135848
5137417
5137629
5137680
5137713
5137755
5138293
5138364
5138366
5139951
5140592
5141280
5141798
5142151
5142868
5142900
5142939
5143021
5143079
5143123
5144355
5144626
5145040
5145137
5145889
5147255
5150654
5156450
5158420
5159254
5159767
5164715
5176992
5177740
5178004
5178345
5181537
5181640
5181681
5182089
5182220
5182239
5184617
5184666
5184809
5186501
5189206
5190746
519488
5197874
5199810
5200728
5202925
5205834
5206696
5207382
5210761
5210780
5210987
5217710
522267
5226456
5227808
523248
5234854
5235619
523579
5236701
5236804
5237027
5237201
5237210
5237268
5237303
5237307
5237757
5238527
5238991
5239382
5239482
524022
524162
524261
524317
5248607
5249542
5249708
5249830
5249832
5249864
5249874
5249980
5249990
5250039
5250058
5250071
5250075
5253894
525560
526430
526590
526852
527080
5302473
5326202
5332545
5335857
5336219
5337575
5341906
5342132
5342423
5342988
5345184
5346731
5346733
5349847
5352921
5354509
5355769
5356759
5362584
5365901
5366931
5368045
5372993
537433
5376245
5380667
5381527
5384251
5384254
538691
5388361
5392857
5398743
5402773
5402984
5404718
5404844
5404986
5407815
5407954
5412593
5412981
5414696
5414782
5415693
5416437
5419826
5424888
5425027
5427660
5429031
543415
5438413
5439436
5448574
5448612
5448685
5449241
5449464
5454555
545468
5464794
5464934
5464958
5465108
5465180
5465274
5465817
5465845
5465958
5467901
5468163
5468243
5468897
5468953
546947
546970
5470507
5470912
5470925
5473482
5475271
5477119
548247
5487937
5487989
5488059
5493924
5494168
5504223
5504352
5504378
5504418
5504517
5504531
5505396
5505425
5505477
5506032
5506141
5506426
5506444
5506516
5506587
5506654
5506665
5507043
5507146
5507334
5507535
5508228
5508249
5508261
5508311
5510013
5510051
5510073
5510272
5510387
5510472
5510750
5510873
5512307
5512363
5512411
5512462
5512472
5512490
5512647
5512978
5513160
5514016
5514276
5514583
5514892
5518622
5518651
5518914
5518944
5523141
5523149
5523198
5523319
5523389
5523665
5524467
5524472
5525166
5525353
5525370
5525678
5526858
5527047
5527059
5527379
5530509
5531921
5532980
5533509
5533514
5533908
5533950
5536234
5536442
5536463
5536477
5536480
5536558
5545004
5545059
5545190
5545240
5546917
5547684
5548538
5548644
5548651
5548750
5549346
5549415
5549520
5549643
554998
555087
5551279
5551293
5552769
5552872
5555779
5555851
5555937
5587402
5587419
5587473
5587503
5587514
5594308
5594313
5594462
5594686
5595048
5595295
5595340
5595479
5595520
5598040
5598085
5598196
5598247
559952
5599684
5601074
5604518
5609528
5614169
5621861
5621948
5622039
5623803
5623893
5624879
5635375
5637455
5638251
5638275
5640123
5640474
5642567
5642934
5643086
5643349
5643414
5643424
5643734
5643763
5643904
5643958
5644323
5645063
5645373
5647795
5648232
5650093
5650142
5651346
5651950
5659452
5661127
5661732
5664833
5664836
5665019
5665703
5665759
5666053
5666264
5668242
5668268
5668314
5668608
5668913
5669152
5671461
5672972
5674764
5674925
5675638
5676948
5677216
5680091
5680764
5680789
5680813
5680912
5681953
5682284
5683433
5683484
5683502
5683549
5683563
5683598
5683607
5683637
5689083
5692738
5697556
5697647
5697897
569968
5700948
5701103
5702992
5704181
5704192
5706934
5708079
5708142
5708312
5708972
5710741
5728048
5728472
5728660
5728743
5729374
5729469
5729861
5732674
5732687
5739782
5740567
5741105
5741276
5741449
5741731
5741900
5743389
5744677
5744882
5745002
5745584
577333
577555
577613
577729
577752
577754
577759
577760
577761
577762
577767
577772
577775
577783
577800
577801
577809
577821
577827
577832
577860
577869
577886
577894
578026
578074
578110
578148
578198
578228
578353
578367
578392
578449
578463
578464
578478
578490
578492
578495
578497
578519
578523
578524
578530
578533
578546
578547
578573
578576
578803
578849
579038
579045
579070
579083
579138
579147
579154
579172
579174
579181
579183
579209
579215
579222
579230
579303
579306
579314
579364
579367
579379
579398
579406
579411
579412
579533
579558
579578
579590
579593
579600
579602
579626
579628
579636
579637
579638
579652
579654
579661
579675
5796827
579684
579689
579704
579727
579729
579740
579742
579744
579749
579772
5797911
579808
579812
579835
579851
579902
579904
579910
579912
580041
580073
580087
5801542
5801827
5801857
580216
580220
580222
580326
580328
580329
580409
580446
580471
580496
5805228
580547
580582
580639
580663
580694
580760
580761
580762
580765
580811
5808225
5808280
580833
580838
580849
580861
580874
580936
580939
580944
580946
580949
580962
580991
5809933
580997
5810108
5810328
581034
581037
581050
581084
581098
581101
581107
581115
581122
581125
581134
581151
581164
581188
581231
581277
581278
581283
581290
581307
581312
581314
5813418
581346
581349
581354
581364
5813664
5813760
5813766
581408
581409
581412
581423
581424
581425
5814273
581457
581474
581490
581509
581528
581559
581568
5815977
5816065
581620
5816679
581687
5816914
5816915
581712
581716
581755
581771
581773
581784
5818018
581815
581819
581826
581830
581867
581884
581897
581917
581918
581940
581944
581953
581982
581992
582001
582002
582064
582100
582102
582110
582117
582132
582133
582200
582203
582215
582216
582233
582241
582242
582243
582244
582246
582247
582248
582254
582263
582267
582269
582270
582275
582283
582305
582311
582338
582348
582356
582365
582386
582396
582420
582432
582433
582469
582473
582516
5825279
5825290
5825437
582562
582578
582587
582596
582640
582641
582642
582644
582647
582676
582687
582703
582705
582707
582710
582727
5827899
582811
582813
582817
5828248
5828251
5828714
582884
582906
582925
582933
582955
582971
582977
582985
583018
583027
583069
583070
583072
583122
583125
583132
583139
583204
583213
583215
583308
583313
583337
583343
583364
583369
583376
583424
583426
583434
583436
583459
583462
583467
583519
583527
583534
583540
583541
583544
583576
583590
583593
583598
583604
583605
583608
583611
583617
583618
583633
583636
583640
583654
583685
583710
583712
583717
583718
583773
583786
583812
583814
583859
583862
583871
583891
583895
583914
583918
583920
583948
583959
584018
584033
584034
584049
584055
584067
584074
584102
584139
5841399
584157
584190
584191
584242
584264
584265
584304
584335
584352
584402
584406
584408
584410
584412
584423
584460
584514
584518
584526
584580
584588
584599
584633
584636
584643
584650
584656
584706
584770
584771
584774
584814
584834
584882
584888
584923
584945
584961
584977
584981
584996
585005
585008
585020
585069
5851229
585155
5851616
5852182
585266
585267
585272
585310
585315
585367
585378
585385
585418
585431
585436
585461
585481
585504
585514
585526
585540
585557
585588
585607
585617
585625
585626
585634
585650
585655
585660
585674
585682
585688
585692
585884
586216
586260
586266
586269
5864748
5864852
586630
586633
586656
586660
586663
586686
586690
586696
586698
586699
586713
5867456
5867549
5867794
5867946
5867978
5868787
586948
5869547
587134
587226
587235
587250
5872581
587277
587347
587373
587432
587526
587963
587988
588058
588087
588670
588671
589264
589409
589488
589593
589817
589818
589987
5900641
5900672
5900801
5900904
590102
590217
590220
590246
590272
590512
590805
590833
590853
590864
590944
591023
591119
591149
591430
591436
591644
591682
591713
591924
592148
5923726
592384
592420
592454
592493
592752
592995
593247
593301
594154
594179
594413
594589
594611
594632
594643
594658
594686
594688
594717
594729
594731
594778
594796
594803
594818
594820
594826
594842
594843
594849
594852
594855
594858
594860
594867
594877
594912
594913
594916
594919
594924
594930
594952
594957
594962
594966
594973
595013
595060
595117
595134
595150
595218
595303
595306
595387
595460
595558
595621
595629
595648
595653
595655
595723
595760
595772
595775
595778
595802
595803
595937
596130
596195
596202
596217
596229
596231
596250
596256
596257
596329
596346
596364
596367
596368
596372
596373
596376
596404
596415
596416
596418
596454
596468
596511
596512
596515
596520
596556
596587
596593
596604
596608
596620
596646
596728
596749
596753
596756
596757
596758
596764
596794
596812
596815
596818
596823
596849
596856
596861
596862
596870
596902
596911
596915
596917
596918
596919
596968
597119
597191
597218
597246
597255
597258
597269
597309
597357
597359
597373
597543
597544
597549
597604
597640
597642
597643
597650
597685
597687
597752
597765
597768
597780
597987
598175
598481
598491
5987853
599072
599659
5999567
5999572
600011
600380
600384
600399
601026
6031616
6042213
604470
605242
606227
6062718
606684
607089
6080855
608405
6085474
6087433
6087736
6088000
609141
6094265
6106711
611908
6119938
6120681
6122039
6122246
6122881
6122942
6123040
6123406
612386
612724
612764
614119
614523
615014
6172843
6172914
6173085
6173130
6173146
6173901
6175389
6177436
6179762
6180172
618246
6185348
6188272
6188840
6190085
6191726
619396
6194143
619459
6196492
6196877
619839
620404
6205915
6207285
6207788
6211596
6211689
6214894
6215943
6219443
622508
6226099
6228370
6229916
6229920
6229955
6230372
6230594
623336
6233682
6235646
6235993
6237887
6238915
6239126
6245323
6245966
6246109
6249926
6250831
6251576
625333
6254265
6260003
626153
626156
6261628
6262042
6262232
6262236
6263060
6263261
6264606
6265486
6265543
6265546
6265559
6265612
6265620
6265626
6265635
626892
626958
6269667
626988
627037
6271003
6271006
6272016
6272025
6272039
6273443
6273476
6273485
6273576
6273588
6273591
6273602
6273703
6273751
6274019
6274051
6275746
6275770
6276752
627725
628073
628085
628294
628306
628526
628570
629094
629312
629587
629596
629632
629655
629935
629943
630393
630851
630854
631072
631133
631300
631621
631649
632454
633015
633033
633499
6341648
6343020
635264
635310
635437
635672
635719
6359448
6359724
6359727
6359989
636002
6360195
6360196
6360223
637808
637969
639226
639535
639734
640428
640636
640638
640645
640646
6414932
641642
641732
642250
642337
642339
642663
642817
642874
642876
643018
643039
643200
643201
643207
643243
643307
643318
643326
643360
643374
643378
643488
643726
643729
643733
643755
643834
643837
643982
644331
644440
644856
645021
645045
645063
645300
645324
645358
645514
6457582
646775
646782
6468283
646831
647359
647524
649138
6505872
6512941
6516553
6538449
6538612
6540275
6540314
6572134
6572216
660611
660806
661388
6666298
6669889
6678067
6678073
6681564
6686651
6688192
6691294
6691381
6701133
6701377
6706252
6710667
6714789
6714905
6717320
6718394
6718583
6719569
6720754
6720913
6721143
6721582
6722550
6727423
6733194
6734852
6735164
6737027
6737028
6737029
6737030
6745546
6745582
6745700
6745709
6745712
6745723
6745745
6745797
676685
679250
680135
6824381
68271
684420
684499
6846627
6848157
6849352
6851615
6854122
6854161
6854191
6854225
6854272
6854569
6855040
6855164
6856360
6856483
685751
6857700
6872749
687277
6877792
689248
689289
6925205
6939120
6942959
6944339
6944648
6945035
694520
694583
694763
694764
6947879
6948582
6950408
6950609
6954713
696145
697790
7020092
7022955
702859
703055
703081
703082
703172
703179
703180
703271
703309
703313
703366
703386
703392
703671
703682
703695
703806
703845
703855
703866
703877
703878
703895
703933
703947
703956
703960
703966
704003
704023
704058
704064
704068
704075
704078
704083
704085
704088
704089
704095
704096
704101
704190
704247
706707
714735
7160045
716586
716653
717186
7184097
718881
719483
7216320
7237171
7241216
7248528
7251139
7251153
7251223
7256519
7257148
7257733
7260679
7260710
730048
730327
731897
732330
732397
732414
734227
734688
737380
738417
738616
744654
745129
745961
747854
748247
748248
748458
748474
749498
749576
749684
749711
749807
749892
750218
750444
750557
751964
752026
754008
759087
759379
759386
759388
759389
759390
765573
7690851
774553
774980
775504
775634
775682
775700
775703
777872
782368
786618
789697
789802
789879
790061
790155
790168
790267
790353
790358
790362
790375
790409
790453
790458
790459
790510
790517
790532
790596
790627
790628
790690
790736
790777
790814
790919
790923
790924
791044
791083
791086
791095
791097
791148
791165
791174
791178
791188
791225
791238
791248
791283
791325
791340
791347
791356
791368
791379
791386
791391
791406
791411
791432
791436
791458
791461
791487
791489
791491
791532
791539
791551
791770
791810
791828
791911
791967
791985
792033
792291
792293
792455
792662
792904
793114
793235
793370
793378
793389
793515
793901
794085
794135
794219
794227
794301
794309
794395
794417
794536
794627
794642
794660
794667
794677
794679
794682
794708
794732
794737
794753
794770
794785
795024
795049
795058
795085
795113
795118
795175
795190
795235
795271
795278
795380
795409
795430
795461
795462
795473
795539
795540
795583
795595
795605
795608
795614
795688
795754
795771
795772
795789
795798
795820
795842
795868
795874
795890
795959
795984
796029
796994
799312
802949
803028
8094802
8096000
8096123
8099188
8099203
8099421
8099513
8100595
8109525
8110822
8111048
811492
812303
813753
815914
816907
817578
818216
819646
819830
820109
820705
821711
822690
823092
823103
823184
823374
823386
823387
823477
823517
824642
828656
831839
840869
840895
841400
843542
844192
848957
855584
855843
856187
857004
857274
860126
865025
867133
867704
868188
8695308
8696759
8757608
8765369
8790855
8827463
8828008
8829287
8829589
8831397
8832250
8832483
8832618
883337
883520
887209
887651
887722
889066
889479
890318
8914398
891694
892448
893054
893114
893117
893122
893153
893171
893216
8953704
895435
895582
897405
897590
897658
898263
9007877
9009257
901608
903292
903712
903915
904090
904336
904337
904339
904784
904994
905761
906339
906815
906871
907008
907452
908273
908873
909448
909883
909933
910269
911326
911689
911699
911712
911813
911929
912026
912731
912805
912812
912992
912996
913083
913086
913087
913095
913096
913113
913158
913210
913213
913220
913262
913271
913482
913516
913570
9137713
914060
914063
914064
914066
914081
914105
914514
914530
914564
914565
914566
914573
914576
914580
914590
914633
914640
914691
914718
914754
914848
914934
914946
914950
914951
914967
915097
915113
915422
915468
915470
915482
915534
915556
915583
915638
915640
915643
915851
915862
915924
915929
915995
915996
915999
916066
916067
916271
916280
916443
916451
916500
916509
916519
916528
916626
916689
916694
916697
916700
916710
916722
916734
916792
916804
916902
916962
916965
916966
917123
917264
917323
917393
917394
917432
917462
917477
917479
917655
917661
917662
917664
917665
917666
917667
917668
917671
917673
917777
917789
917797
917814
917933
917935
917983
917987
918002
918022
918074
918086
918121
918126
918127
918128
918130
918131
918239
918296
918298
918301
918396
918411
918416
918417
918419
918420
918421
918427
918428
918432
918433
918442
918444
918462
918778
918917
919040
919044
919045
919372
919382
919384
919473
919894
919941
919942
920083
920352
920495
920664
920712
920713
920760
920825
920867
921029
921048
921287
921288
921292
921293
921295
921296
921510
921520
921528
921529
921567
921577
921580
921587
921588
921589
921592
921667
921772
921779
921782
921786
921791
921793
921796
921836
922034
922324
922670
922786
923018
923580
923625
923759
925982
925988
926102
926969
927040
927809
928463
928675
952311
955618
956497
957364
957368
957919
959074
960112
960816
961315
962099
962202
962419
962499
962607
962696
962758
962762
962763
962769
962770
962855
962867
962932
963078
963083
963140
963223
963261
963345
963385
963479
963512
963554
963568
963777
963920
964027
964138
964142
964191
964318
964370
966127
966199
966263
966413
966477
966557
966642
966719
966720
966734
966756
966767
966839
966849
967034
967079
967087
967216
967249
967279
967425
967429
967690
967785
967935
968088
968089
968136
968176
968177
968439
968658
968736
969022
969024
969026
969641
970267
970288
970371
977630
978476
978482
978495
978500
978518
979296
979560
980059
981149
981159
981309
981321
981477
981487
982103
982205
982442
982692
983558
983588
983629
983630
983634
983635
983874
983880
983934
984060
984097
984533
984783
984955
985250
985297
985379
985595
985822
985982
986070
986071
986324
986410
986416
986448
986449
986450
986451
986705
986757
986758
986771
986774
986819
986859
987032
987053
987066
987067
987076
987077
987120
987183
987184
987185
987220
987465
987589
987592
987634
987717
987719
987985
988015
988111
988336
988528
988571
988705
989449
989656
989659
989684
989703
989722
989763
989776
989829
989836
989846
990260
991019
991052
991604
991639
992216
992845
992871
993257
993258
993260
994344
994523
994527
994528
994529
994793
994799
994807
994820
994825
994833
994837
994890
994969
994970
994976
995017
995102
995103
995104
995108
995114
995126
995127
995128
995131
995203
996575
997383
997407
999491
999802
999803
