id,scientific_name,genus,species,author,synonyms,common_names,created_at,updated_at
610,Isotria medeoloides (Pursh) Raf.,Isotria,medeoloides Pursh,,,,2025-09-07 07:06:05.232005,2025-09-07 07:06:05.232008
611,Isotria verticillata (Muhl. ex Willd.) Raf.,Isotria,verticillata Muhl.,,,,2025-09-07 07:06:05.270985,2025-09-07 07:06:05.270987
612,Epistephium Kunth,Epistephium,Kunth,,,,2025-09-07 07:06:05.310351,2025-09-07 07:06:05.310354
613,Epistephium amplexicaule Poepp. & Endl.,Epistephium,amplexicaule Poepp.,,,,2025-09-07 07:06:05.34967,2025-09-07 07:06:05.349673
614,Epistephium araracuarae Szlach.,Epistephium,araracuarae Szlach.,,,,2025-09-07 07:06:05.391473,2025-09-07 07:06:05.391477
615,Epistephium arrojadoanum Barb. Rodr.,Epistephium,arrojadoanum Barb.,,,,2025-09-07 07:06:05.448919,2025-09-07 07:06:05.448923
616,Epistephium brevicristatum R. E. Schult.,Epistephium,brevicristatum R.,,,,2025-09-07 07:06:05.489859,2025-09-07 07:06:05.489861
617,Epistephium cardonae Szlach. & Kolan.,Epistephium,cardonae Szlach.,,,,2025-09-07 07:06:05.529564,2025-09-07 07:06:05.529568
618,Epistephium chironii Molinari,Epistephium,chironii Molinari,,,,2025-09-07 07:06:05.570914,2025-09-07 07:06:05.570923
619,Epistephium duckei Huber,Epistephium,duckei Huber,,,,2025-09-07 07:06:05.610514,2025-09-07 07:06:05.610518
620,Epistephium elatum Kunth,Epistephium,elatum Kunth,,,,2025-09-07 07:06:05.658335,2025-09-07 07:06:05.658338
621,Epistephium ellipticum R. O. Williams & Summerh.,Epistephium,ellipticum R.,,,,2025-09-07 07:06:05.697545,2025-09-07 07:06:05.697547
622,Epistephium epiphyticum Szlach. & Kolan.,Epistephium,epiphyticum Szlach.,,,,2025-09-07 07:06:05.736826,2025-09-07 07:06:05.73683
623,Epistephium frederici-augusti Rchb.f. & Warsz.,Epistephium,frederici-augusti Rchb.f.,,,,2025-09-07 07:06:05.776197,2025-09-07 07:06:05.776201
624,Epistephium garayi Szlach.,Epistephium,garayi Szlach.,,,,2025-09-07 07:06:05.815445,2025-09-07 07:06:05.815449
625,Epistephium hernandii Garay,Epistephium,hernandii Garay,,,,2025-09-07 07:06:05.854588,2025-09-07 07:06:05.854591
626,Epistephium kubiyuense Szlach.,Epistephium,kubiyuense Szlach.,,,,2025-09-07 07:06:05.932786,2025-09-07 07:06:05.932789
627,Epistephium lamprophyllum Schltr.,Epistephium,lamprophyllum Schltr.,,,,2025-09-07 07:06:05.973268,2025-09-07 07:06:05.973272
628,Epistephium laxiflorum Barb. Rodr.,Epistephium,laxiflorum Barb.,,,,2025-09-07 07:06:06.012985,2025-09-07 07:06:06.012988
629,Epistephium lobulosum Garay,Epistephium,lobulosum Garay,,,,2025-09-07 07:06:06.052316,2025-09-07 07:06:06.052319
630,Epistephium matogrossense Hoehne,Epistephium,matogrossense Hoehne,,,,2025-09-07 07:06:06.091803,2025-09-07 07:06:06.091806
631,Epistephium parviflorum Lindl.,Epistephium,parviflorum Lindl.,,,,2025-09-07 07:06:06.131161,2025-09-07 07:06:06.131164
632,Epistephium portellianum Barb. Rodr.,Epistephium,portellianum Barb.,,,,2025-09-07 07:06:06.170635,2025-09-07 07:06:06.170638
633,Epistephium praestans Hoehne,Epistephium,praestans Hoehne,,,,2025-09-07 07:06:06.209938,2025-09-07 07:06:06.209942
634,Epistephium rhombilabium Szlach.,Epistephium,rhombilabium Szlach.,,,,2025-09-07 07:06:06.262174,2025-09-07 07:06:06.262178
635,Epistephium sclerophyllum Lindl.,Epistephium,sclerophyllum Lindl.,,,,2025-09-07 07:06:06.307754,2025-09-07 07:06:06.307757
636,Epistephium sessiliflorum Lindl.,Epistephium,sessiliflorum Lindl.,,,,2025-09-07 07:06:06.348437,2025-09-07 07:06:06.348441
637,Epistephium speciosum Barb. Rodr.,Epistephium,speciosum Barb.,,,,2025-09-07 07:06:06.389267,2025-09-07 07:06:06.38927
638,Epistephium subrepens Hoehne,Epistephium,subrepens Hoehne,,,,2025-09-07 07:06:06.429284,2025-09-07 07:06:06.429286
639,Epistephium trianae Szlach.,Epistephium,trianae Szlach.,,,,2025-09-07 07:06:06.468544,2025-09-07 07:06:06.468547
640,Epistephium williamsii Hook.f.,Epistephium,williamsii Hook.f.,,,,2025-09-07 07:06:06.508796,2025-09-07 07:06:06.5088
641,Clematepistephium N. Hallé,Clematepistephium,N. Hallé,,,,2025-09-07 07:06:06.551582,2025-09-07 07:06:06.551585
642,Clematepistephium smilacifolium (Rchb.f.) N. Hallé,Clematepistephium,smilacifolium Rchb.f.,,,,2025-09-07 07:06:06.591457,2025-09-07 07:06:06.591459
643,Eriaxis Rchb.f.,Eriaxis,Rchb.f.,,,,2025-09-07 07:06:06.631306,2025-09-07 07:06:06.631309
644,Eriaxis rigida Rchb.f.,Eriaxis,rigida Rchb.f.,,,,2025-09-07 07:06:06.670578,2025-09-07 07:06:06.670581
645,Lecanorchis Blume,Lecanorchis,Blume,,,,2025-09-07 07:06:06.710074,2025-09-07 07:06:06.710078
646,Lecanorchis amethystea Y. Sawa,Lecanorchis,amethystea Y.,,,,2025-09-07 07:06:06.749764,2025-09-07 07:06:06.749766
647,Lecanorchis betongensis Suddee & H. A. Pedersen,Lecanorchis,betongensis Suddee,,,,2025-09-07 07:06:06.788657,2025-09-07 07:06:06.78866
648,Lecanorchis bicarinata Schltr.,Lecanorchis,bicarinata Schltr.,,,,2025-09-07 07:06:06.827599,2025-09-07 07:06:06.827602
649,Lecanorchis japonica Blume,Lecanorchis,japonica Blume,,,,2025-09-07 07:06:06.866676,2025-09-07 07:06:06.866677
650,Lecanorchis japonica Blume var. hokurikuensis (Masam.) T. Hashim.,Lecanorchis,japonica Blume,,,,2025-09-07 07:06:06.905689,2025-09-07 07:06:06.905692
651,Lecanorchis japonica Blume var. insularis S. W. Seo,Lecanorchis,japonica Blume,,,,2025-09-07 07:06:06.944671,2025-09-07 07:06:06.944674
652,Lecanorchis japonica Blume var. kiiensis (Murata) T. Hashim.,Lecanorchis,japonica Blume,,,,2025-09-07 07:06:06.983388,2025-09-07 07:06:06.98339
653,Lecanorchis javanica Blume,Lecanorchis,javanica Blume,,,,2025-09-07 07:06:07.022237,2025-09-07 07:06:07.022238
654,Lecanorchis kiusiana Tuyama,Lecanorchis,kiusiana Tuyama,,,,2025-09-07 07:06:07.062006,2025-09-07 07:06:07.062008
655,Lecanorchis latens T. P. Lin & W. M. Lin,Lecanorchis,latens T.,,,,2025-09-07 07:06:07.101435,2025-09-07 07:06:07.101438
656,Lecanorchis malaccensis Ridl.,Lecanorchis,malaccensis Ridl.,,,,2025-09-07 07:06:07.140444,2025-09-07 07:06:07.140447
657,Lecanorchis malipoensis X. H. Jin & Y. Jun Wang,Lecanorchis,malipoensis X.,,,,2025-09-07 07:06:07.17947,2025-09-07 07:06:07.179472
658,Lecanorchis moritae Suetsugu & T. C. Hsu,Lecanorchis,moritae Suetsugu,,,,2025-09-07 07:06:07.218327,2025-09-07 07:06:07.218329
659,Lecanorchis multiflora J. J. Sm.,Lecanorchis,multiflora J.,,,,2025-09-07 07:06:07.257308,2025-09-07 07:06:07.257311
660,Lecanorchis multiflora J. J. Sm. var. bihuensis (T. P. Lin & Shu H. Wu) T. P. Lin,Lecanorchis,multiflora J.,,,,2025-09-07 07:06:07.296416,2025-09-07 07:06:07.296418
661,Lecanorchis multiflora J. J. Sm. var. brachycarpa (Ohwi) T. Hashim.,Lecanorchis,multiflora J.,,,,2025-09-07 07:06:07.335697,2025-09-07 07:06:07.3357
662,Lecanorchis multiflora J. J. Sm. var. subpelorica (T. C. Hsu & S. W. Chung) T. P. Lin,Lecanorchis,multiflora J.,,,,2025-09-07 07:06:07.374973,2025-09-07 07:06:07.374976
663,Lecanorchis neglecta Schltr.,Lecanorchis,neglecta Schltr.,,,,2025-09-07 07:06:07.414821,2025-09-07 07:06:07.414824
664,Lecanorchis nigricans Honda,Lecanorchis,nigricans Honda,,,,2025-09-07 07:06:07.453909,2025-09-07 07:06:07.453912
665,Lecanorchis ohwii Masam.,Lecanorchis,ohwii Masam.,,,,2025-09-07 07:06:07.492769,2025-09-07 07:06:07.492771
666,Lecanorchis purpurea Masam.,Lecanorchis,purpurea Masam.,,,,2025-09-07 07:06:07.531998,2025-09-07 07:06:07.532002
667,Lecanorchis purpurea Masam. var. actinomorpha T. P. Lin,Lecanorchis,purpurea Masam.,,,,2025-09-07 07:06:07.571681,2025-09-07 07:06:07.571685
668,Lecanorchis sarawakensis Suetsugu & Naiki,Lecanorchis,sarawakensis Suetsugu,,,,2025-09-07 07:06:07.611415,2025-09-07 07:06:07.611418
669,Lecanorchis sikkimensis N. Pearce & P. J. Cribb,Lecanorchis,sikkimensis N.,,,,2025-09-07 07:06:07.650744,2025-09-07 07:06:07.650747
670,Lecanorchis suginoana (Tuyama) Seriz.,Lecanorchis,suginoana Tuyama,,,,2025-09-07 07:06:07.689805,2025-09-07 07:06:07.689809
671,Lecanorchis tabugawaensis Suetsugu & Fukunaga,Lecanorchis,tabugawaensis Suetsugu,,,,2025-09-07 07:06:07.729199,2025-09-07 07:06:07.729201
672,Lecanorchis taiwaniana S. S. Ying,Lecanorchis,taiwaniana S.,,,,2025-09-07 07:06:07.768349,2025-09-07 07:06:07.768351
673,Lecanorchis thalassica T. P. Lin,Lecanorchis,thalassica T.,,,,2025-09-07 07:06:07.807629,2025-09-07 07:06:07.807632
674,Lecanorchis thalassica T. P. Lin var. laoensis Suetsugu & T. C. Hsu,Lecanorchis,thalassica T.,,,,2025-09-07 07:06:07.846681,2025-09-07 07:06:07.846684
675,Lecanorchis triloba J. J. Sm.,Lecanorchis,triloba J.,,,,2025-09-07 07:06:07.885681,2025-09-07 07:06:07.885683
676,Lecanorchis vietnamica Aver.,Lecanorchis,vietnamica Aver.,,,,2025-09-07 07:06:07.924727,2025-09-07 07:06:07.924729
677,Lecanorchis virella T. Hashim.,Lecanorchis,virella T.,,,,2025-09-07 07:06:07.963697,2025-09-07 07:06:07.963699
678,Vanilla Mill.,Vanilla,Mill.,,,,2025-09-07 07:06:08.002745,2025-09-07 07:06:08.002746
679,Vanilla abundiflora J. J. Sm.,Vanilla,abundiflora J.,,,,2025-09-07 07:06:08.04181,2025-09-07 07:06:08.041812
680,Vanilla acuminata Rolfe,Vanilla,acuminata Rolfe,,,,2025-09-07 07:06:08.080868,2025-09-07 07:06:08.08087
681,Vanilla africana Lindl.,Vanilla,africana Lindl.,,,,2025-09-07 07:06:08.11983,2025-09-07 07:06:08.119831
682,Vanilla albida Blume,Vanilla,albida Blume,,,,2025-09-07 07:06:08.158862,2025-09-07 07:06:08.158866
683,Vanilla allorgeae C. F. Andriam. & Pailler,Vanilla,allorgeae C.,,,,2025-09-07 07:06:08.199831,2025-09-07 07:06:08.199834
684,Vanilla andamanica Rolfe,Vanilla,andamanica Rolfe,,,,2025-09-07 07:06:08.238906,2025-09-07 07:06:08.238907
685,Vanilla andina Damian & H. Garzón,Vanilla,andina Damian,,,,2025-09-07 07:06:08.277869,2025-09-07 07:06:08.277871
686,Vanilla angustipetala Schltr.,Vanilla,angustipetala Schltr.,,,,2025-09-07 07:06:08.317004,2025-09-07 07:06:08.317006
687,Vanilla annamica Gagnep.,Vanilla,annamica Gagnep.,,,,2025-09-07 07:06:08.356556,2025-09-07 07:06:08.35656
688,Vanilla aphylla Blume,Vanilla,aphylla Blume,,,,2025-09-07 07:06:08.395784,2025-09-07 07:06:08.395787
689,Vanilla appendiculata Rolfe,Vanilla,appendiculata Rolfe,,,,2025-09-07 07:06:08.435122,2025-09-07 07:06:08.435125
690,Vanilla arcuata Pansarin & M. R. Miranda,Vanilla,arcuata Pansarin,,,,2025-09-07 07:06:08.474398,2025-09-07 07:06:08.474401
691,Vanilla armoriquensis Damian & Mitidieri,Vanilla,armoriquensis Damian,,,,2025-09-07 07:06:08.513713,2025-09-07 07:06:08.513715
692,Vanilla atropogon Schuit.,Vanilla,atropogon Schuit.,,,,2025-09-07 07:06:08.553277,2025-09-07 07:06:08.55328
693,Vanilla atsinananensis C. F. Andriam. & Pailler,Vanilla,atsinananensis C.,,,,2025-09-07 07:06:08.592836,2025-09-07 07:06:08.59284
694,Vanilla bahiana Hoehne,Vanilla,bahiana Hoehne,,,,2025-09-07 07:06:08.638298,2025-09-07 07:06:08.638301
695,Vanilla barbellata Rchb.f.,Vanilla,barbellata Rchb.f.,,,,2025-09-07 07:06:08.677705,2025-09-07 07:06:08.677709
696,Vanilla barrereana Veyret & Szlach.,Vanilla,barrereana Veyret,,,,2025-09-07 07:06:08.719365,2025-09-07 07:06:08.719368
697,Vanilla bertoniensis Bertoni,Vanilla,bertoniensis Bertoni,,,,2025-09-07 07:06:08.759553,2025-09-07 07:06:08.759556
698,Vanilla bicolor Lindl.,Vanilla,bicolor Lindl.,,,,2025-09-07 07:06:08.798954,2025-09-07 07:06:08.798956
699,Vanilla borneensis Rolfe,Vanilla,borneensis Rolfe,,,,2025-09-07 07:06:08.83902,2025-09-07 07:06:08.839022
700,Vanilla bosseri L. Allorge,Vanilla,bosseri L.,,,,2025-09-07 07:06:08.878234,2025-09-07 07:06:08.878236
701,Vanilla bradei Schltr. ex Mansf.,Vanilla,bradei Schltr.,,,,2025-09-07 07:06:08.917403,2025-09-07 07:06:08.917405
702,Vanilla calamitosa D. N. Carvalho,Vanilla,calamitosa D.,,,,2025-09-07 07:06:08.956543,2025-09-07 07:06:08.956545
703,Vanilla calyculata Schltr.,Vanilla,calyculata Schltr.,,,,2025-09-07 07:06:08.99537,2025-09-07 07:06:08.995373
704,Vanilla cameroniana Damian,Vanilla,cameroniana Damian,,,,2025-09-07 07:06:09.034392,2025-09-07 07:06:09.034395
705,Vanilla capixaba Fraga & D. R. Couto,Vanilla,capixaba Fraga,,,,2025-09-07 07:06:09.07347,2025-09-07 07:06:09.073472
706,Vanilla cardinalis Aver. & Nuraliev,Vanilla,cardinalis Aver.,,,,2025-09-07 07:06:09.112951,2025-09-07 07:06:09.112955
707,Vanilla ceronii Dodson ex Szlach. & Kolan.,Vanilla,ceronii Dodson,,,,2025-09-07 07:06:09.152249,2025-09-07 07:06:09.152251
708,Vanilla chalotii Finet,Vanilla,chalotii Finet,,,,2025-09-07 07:06:09.191078,2025-09-07 07:06:09.191098
709,Vanilla chamissonis Klotzsch,Vanilla,chamissonis Klotzsch,,,,2025-09-07 07:06:09.236914,2025-09-07 07:06:09.236917
710,Vanilla chamissonis Klotzsch var. longifolia Hoehne,Vanilla,chamissonis Klotzsch,,,,2025-09-07 07:06:09.276024,2025-09-07 07:06:09.276027
711,Vanilla claviculata (Sw.) Sw.,Vanilla,claviculata Sw.,,,,2025-09-07 07:06:09.320122,2025-09-07 07:06:09.320125
712,Vanilla cobanensis Archila,Vanilla,cobanensis Archila,,,,2025-09-07 07:06:09.359144,2025-09-07 07:06:09.359145
713,Vanilla corinnae Sambin & Chiron,Vanilla,corinnae Sambin,,,,2025-09-07 07:06:09.398326,2025-09-07 07:06:09.398328
714,Vanilla costaricensis Soto Arenas,Vanilla,costaricensis Soto,,,,2025-09-07 07:06:09.437334,2025-09-07 07:06:09.437336
715,Vanilla coursii H. Perrier,Vanilla,coursii H.,,,,2025-09-07 07:06:09.477073,2025-09-07 07:06:09.477077
716,Vanilla cribbiana Soto Arenas,Vanilla,cribbiana Soto,,,,2025-09-07 07:06:09.516858,2025-09-07 07:06:09.516861
717,Vanilla cruenta (Aver. & Vuong) Karremans,Vanilla,cruenta Aver.,,,,2025-09-07 07:06:09.556351,2025-09-07 07:06:09.556354
718,Vanilla cucullata Kraenzl. ex J. Braun & K. Schum.,Vanilla,cucullata Kraenzl.,,,,2025-09-07 07:06:09.595713,2025-09-07 07:06:09.595715
719,Vanilla decaryana H. Perrier,Vanilla,decaryana H.,,,,2025-09-07 07:06:09.634873,2025-09-07 07:06:09.634876
720,Vanilla decesareae Ormerod & Cootes,Vanilla,decesareae Ormerod,,,,2025-09-07 07:06:09.674332,2025-09-07 07:06:09.674334
721,Vanilla diabolica P. O'Byrne,Vanilla,diabolica P.,,,,2025-09-07 07:06:09.713786,2025-09-07 07:06:09.71379
722,Vanilla dietschiana Edwall,Vanilla,dietschiana Edwall,,,,2025-09-07 07:06:09.75599,2025-09-07 07:06:09.755993
723,Vanilla dilloniana Correll,Vanilla,dilloniana Correll,,,,2025-09-07 07:06:09.803589,2025-09-07 07:06:09.803592
724,Vanilla dressleri Soto Arenas,Vanilla,dressleri Soto,,,,2025-09-07 07:06:09.842829,2025-09-07 07:06:09.842832
725,Vanilla dubia Hoehne,Vanilla,dubia Hoehne,,,,2025-09-07 07:06:09.882978,2025-09-07 07:06:09.882981
726,Vanilla dungsii Pabst,Vanilla,dungsii Pabst,,,,2025-09-07 07:06:09.921687,2025-09-07 07:06:09.921689
727,Vanilla edwallii Hoehne,Vanilla,edwallii Hoehne,,,,2025-09-07 07:06:09.960612,2025-09-07 07:06:09.960614
728,Vanilla espondae Soto Arenas,Vanilla,espondae Soto,,,,2025-09-07 07:06:09.999535,2025-09-07 07:06:09.999536
729,Vanilla esquipulensis Archila & Chiron,Vanilla,esquipulensis Archila,,,,2025-09-07 07:06:10.03844,2025-09-07 07:06:10.038441
730,Vanilla fimbriata Rolfe,Vanilla,fimbriata Rolfe,,,,2025-09-07 07:06:10.077848,2025-09-07 07:06:10.07785
731,Vanilla francoisii H. Perrier,Vanilla,francoisii H.,,,,2025-09-07 07:06:10.116759,2025-09-07 07:06:10.116761
732,Vanilla giulianettii F. M. Bailey,Vanilla,giulianettii F.,,,,2025-09-07 07:06:10.155798,2025-09-07 07:06:10.1558
733,Vanilla grandifolia Lindl.,Vanilla,grandifolia Lindl.,,,,2025-09-07 07:06:10.194709,2025-09-07 07:06:10.19471
734,Vanilla griffithii Rchb.f.,Vanilla,griffithii Rchb.f.,,,,2025-09-07 07:06:10.233729,2025-09-07 07:06:10.233732
735,Vanilla guianensis Splitg.,Vanilla,guianensis Splitg.,,,,2025-09-07 07:06:10.273228,2025-09-07 07:06:10.273232
736,Vanilla hallei Szlach. & Olszewski,Vanilla,hallei Szlach.,,,,2025-09-07 07:06:10.312381,2025-09-07 07:06:10.312383
737,Vanilla hartii Rolfe,Vanilla,hartii Rolfe,,,,2025-09-07 07:06:10.351515,2025-09-07 07:06:10.351517
738,Vanilla havilandii Rolfe,Vanilla,havilandii Rolfe,,,,2025-09-07 07:06:10.390447,2025-09-07 07:06:10.390449
739,Vanilla helleri A. D. Hawkes,Vanilla,helleri A.,,,,2025-09-07 07:06:10.429619,2025-09-07 07:06:10.429621
740,Vanilla heterolopha Summerh.,Vanilla,heterolopha Summerh.,,,,2025-09-07 07:06:10.468755,2025-09-07 07:06:10.468758
741,Vanilla hostmannii Rolfe,Vanilla,hostmannii Rolfe,,,,2025-09-07 07:06:10.508001,2025-09-07 07:06:10.508004
742,Vanilla humblotii Rchb.f.,Vanilla,humblotii Rchb.f.,,,,2025-09-07 07:06:10.548896,2025-09-07 07:06:10.548899
743,Vanilla imperialis Kraenzl.,Vanilla,imperialis Kraenzl.,,,,2025-09-07 07:06:10.593543,2025-09-07 07:06:10.593547
744,Vanilla inodora Schiede,Vanilla,inodora Schiede,,,,2025-09-07 07:06:10.647385,2025-09-07 07:06:10.647388
745,Vanilla insignis Ames,Vanilla,insignis Ames,,,,2025-09-07 07:06:10.687057,2025-09-07 07:06:10.68706
746,Vanilla javieri Bar.-Colm.,Vanilla,javieri Bar.-Colm.,,,,2025-09-07 07:06:10.726191,2025-09-07 07:06:10.726194
747,Vanilla kaniensis Schltr.,Vanilla,kaniensis Schltr.,,,,2025-09-07 07:06:10.765635,2025-09-07 07:06:10.765638
748,Vanilla karen-christianae Karremans & P. Lehm.,Vanilla,karen-christianae Karremans,,,,2025-09-07 07:06:10.805509,2025-09-07 07:06:10.805511
749,Vanilla kempteriana Schltr.,Vanilla,kempteriana Schltr.,,,,2025-09-07 07:06:10.845828,2025-09-07 07:06:10.845832
750,Vanilla kinabaluensis Carr,Vanilla,kinabaluensis Carr,,,,2025-09-07 07:06:10.885654,2025-09-07 07:06:10.88566
751,Vanilla labellopapillata A. K. Koch,Vanilla,labellopapillata A.,,,,2025-09-07 07:06:10.924979,2025-09-07 07:06:10.924981
2111,Habenaria gibsonii Hook.f.,Habenaria,gibsonii Hook.f.,,,,2025-09-07 07:07:05.234488,2025-09-07 07:07:05.234491
753,Vanilla madagascariensis Rolfe,Vanilla,madagascariensis Rolfe,,,,2025-09-07 07:06:11.002625,2025-09-07 07:06:11.002627
754,Vanilla marmoreisense Soto Calvo,Vanilla,marmoreisense Soto,,,,2025-09-07 07:06:11.041396,2025-09-07 07:06:11.041398
755,Vanilla marowynensis Pulle,Vanilla,marowynensis Pulle,,,,2025-09-07 07:06:11.080703,2025-09-07 07:06:11.080704
756,Vanilla methonica Rchb.f. & Warsz.,Vanilla,methonica Rchb.f.,,,,2025-09-07 07:06:11.119752,2025-09-07 07:06:11.119754
757,Vanilla mexicana (L.) Mill.,Vanilla,mexicana L.,,,,2025-09-07 07:06:11.159227,2025-09-07 07:06:11.159229
758,Vanilla moonii Thwaites,Vanilla,moonii Thwaites,,,,2025-09-07 07:06:11.198298,2025-09-07 07:06:11.1983
759,Vanilla nigerica Rendle,Vanilla,nigerica Rendle,,,,2025-09-07 07:06:11.237002,2025-09-07 07:06:11.237004
760,Vanilla norashikiniana Go & Raffi,Vanilla,norashikiniana Go,,,,2025-09-07 07:06:11.27617,2025-09-07 07:06:11.276172
761,Vanilla ochyrae Szlach. & Olszewski,Vanilla,ochyrae Szlach.,,,,2025-09-07 07:06:11.315201,2025-09-07 07:06:11.315205
762,Vanilla odorata C. Presl,Vanilla,odorata C.,,,,2025-09-07 07:06:11.370251,2025-09-07 07:06:11.370254
763,Vanilla organensis Rolfe,Vanilla,organensis Rolfe,,,,2025-09-07 07:06:11.409815,2025-09-07 07:06:11.409817
764,Vanilla oroana Dodson,Vanilla,oroana Dodson,,,,2025-09-07 07:06:11.448565,2025-09-07 07:06:11.448566
765,Vanilla palembanica Teijsm. & Binn.,Vanilla,palembanica Teijsm.,,,,2025-09-07 07:06:11.487761,2025-09-07 07:06:11.487763
766,Vanilla palmarum (Salzm. ex Lindl.) Lindl.,Vanilla,palmarum Salzm.,,,,2025-09-07 07:06:11.526565,2025-09-07 07:06:11.526566
767,Vanilla parvifolia Barb. Rodr.,Vanilla,parvifolia Barb.,,,,2025-09-07 07:06:11.565487,2025-09-07 07:06:11.565489
768,Vanilla paulista Fraga & Pansarin,Vanilla,paulista Fraga,,,,2025-09-07 07:06:11.60483,2025-09-07 07:06:11.604834
769,Vanilla penicillata Garay & Dunst.,Vanilla,penicillata Garay,,,,2025-09-07 07:06:11.646209,2025-09-07 07:06:11.646212
770,Vanilla perrieri Schltr.,Vanilla,perrieri Schltr.,,,,2025-09-07 07:06:11.686629,2025-09-07 07:06:11.686632
771,Vanilla phaeantha Rchb.f.,Vanilla,phaeantha Rchb.f.,,,,2025-09-07 07:06:11.731924,2025-09-07 07:06:11.731927
772,Vanilla phalaenopsis Rchb.f. ex Van Houtte,Vanilla,phalaenopsis Rchb.f.,,,,2025-09-07 07:06:11.77133,2025-09-07 07:06:11.771332
773,Vanilla planifolia Andrews,Vanilla,planifolia Andrews,,,,2025-09-07 07:06:11.815992,2025-09-07 07:06:11.815995
774,Vanilla platyphylla Schltr.,Vanilla,platyphylla Schltr.,,,,2025-09-07 07:06:11.855866,2025-09-07 07:06:11.855869
775,Vanilla poitaei Rchb.f.,Vanilla,poitaei Rchb.f.,,,,2025-09-07 07:06:11.895456,2025-09-07 07:06:11.89546
776,Vanilla polylepis Summerh.,Vanilla,polylepis Summerh.,,,,2025-09-07 07:06:11.934868,2025-09-07 07:06:11.934871
777,Vanilla pompona ssp. pompona Schiede,Vanilla,pompona ssp.,,,,2025-09-07 07:06:11.973888,2025-09-07 07:06:11.973891
778,Vanilla pompona ssp. grandiflora (Lindl.) Soto Arenas,Vanilla,pompona ssp.,,,,2025-09-07 07:06:12.013073,2025-09-07 07:06:12.013076
779,Vanilla pompona ssp. pittieri (Schltr.) Dressler,Vanilla,pompona ssp.,,,,2025-09-07 07:06:12.052199,2025-09-07 07:06:12.052201
780,Vanilla raabii Ormerod & Cootes,Vanilla,raabii Ormerod,,,,2025-09-07 07:06:12.091361,2025-09-07 07:06:12.091363
781,Vanilla ramificans J. J. Sm.,Vanilla,ramificans J.,,,,2025-09-07 07:06:12.131013,2025-09-07 07:06:12.131015
782,Vanilla ramosa Rolfe,Vanilla,ramosa Rolfe,,,,2025-09-07 07:06:12.170285,2025-09-07 07:06:12.170287
783,Vanilla ribeiroi Hoehne,Vanilla,ribeiroi Hoehne,,,,2025-09-07 07:06:12.20901,2025-09-07 07:06:12.209012
784,Vanilla rivasii Molineros,Vanilla,rivasii Molineros,,,,2025-09-07 07:06:12.247938,2025-09-07 07:06:12.247939
785,Vanilla roscheri Rchb.f.,Vanilla,roscheri Rchb.f.,,,,2025-09-07 07:06:12.286667,2025-09-07 07:06:12.286669
786,Vanilla ruiziana Klotzsch,Vanilla,ruiziana Klotzsch,,,,2025-09-07 07:06:12.325426,2025-09-07 07:06:12.325428
787,Vanilla rupicola Pansarin & E. L. F. Menezes,Vanilla,rupicola Pansarin,,,,2025-09-07 07:06:12.365221,2025-09-07 07:06:12.365224
788,Vanilla sanjappae Rasingam,Vanilla,sanjappae Rasingam,,,,2025-09-07 07:06:12.4051,2025-09-07 07:06:12.405104
789,Vanilla sarapiquensis Soto Arenas,Vanilla,sarapiquensis Soto,,,,2025-09-07 07:06:12.443951,2025-09-07 07:06:12.443952
790,Vanilla seranica J. J. Sm.,Vanilla,seranica J.,,,,2025-09-07 07:06:12.48299,2025-09-07 07:06:12.482992
791,Vanilla seretii De Wild.,Vanilla,seretii De,,,,2025-09-07 07:06:12.521817,2025-09-07 07:06:12.52182
792,Vanilla shenzhenica Z. J. Liu & S. C. Chen,Vanilla,shenzhenica Z.,,,,2025-09-07 07:06:12.560836,2025-09-07 07:06:12.560838
793,Vanilla shenzhenica Z. J. Liu & S. C. Chen var. fujianica Z. Zhao,Vanilla,shenzhenica Z.,,,,2025-09-07 07:06:12.599545,2025-09-07 07:06:12.599547
794,Vanilla siamensis Rolfe ex Downie,Vanilla,siamensis Rolfe,,,,2025-09-07 07:06:12.638979,2025-09-07 07:06:12.638982
795,Vanilla somae Hayata,Vanilla,somae Hayata,,,,2025-09-07 07:06:12.688763,2025-09-07 07:06:12.688767
796,Vanilla sprucei Rolfe,Vanilla,sprucei Rolfe,,,,2025-09-07 07:06:12.728239,2025-09-07 07:06:12.728242
797,Vanilla sumatrana J. J. Sm.,Vanilla,sumatrana J.,,,,2025-09-07 07:06:12.769518,2025-09-07 07:06:12.769521
798,Vanilla tiendatii Vuong,Vanilla,tiendatii Vuong,,,,2025-09-07 07:06:12.809302,2025-09-07 07:06:12.809305
799,Vanilla trigonocarpa Hoehne,Vanilla,trigonocarpa Hoehne,,,,2025-09-07 07:06:12.849454,2025-09-07 07:06:12.849457
800,Vanilla utteridgei J. J. Wood,Vanilla,utteridgei J.,,,,2025-09-07 07:06:12.889562,2025-09-07 07:06:12.889565
801,Vanilla vellozoi Rolfe,Vanilla,vellozoi Rolfe,,,,2025-09-07 07:06:12.929409,2025-09-07 07:06:12.929412
802,Vanilla walkerae Wight,Vanilla,walkerae Wight,,,,2025-09-07 07:06:12.968833,2025-09-07 07:06:12.968836
803,Vanilla wariensis Schltr.,Vanilla,wariensis Schltr.,,,,2025-09-07 07:06:13.008069,2025-09-07 07:06:13.008072
804,Vanilla wightii Lindl. ex Wight,Vanilla,wightii Lindl.,,,,2025-09-07 07:06:13.047429,2025-09-07 07:06:13.04743
805,Vanilla zanzibarica Rolfe,Vanilla,zanzibarica Rolfe,,,,2025-09-07 07:06:13.086958,2025-09-07 07:06:13.086961
806,Cyrtosia Blume,Cyrtosia,Blume,,,,2025-09-07 07:06:13.126804,2025-09-07 07:06:13.126806
807,Cyrtosia falconeri (Hook.f.) Aver.,Cyrtosia,falconeri Hook.f.,,,,2025-09-07 07:06:13.166128,2025-09-07 07:06:13.166131
808,Cyrtosia integra (Rolfe ex Downie) Garay,Cyrtosia,integra Rolfe,,,,2025-09-07 07:06:13.205337,2025-09-07 07:06:13.20534
809,Cyrtosia javanica Blume,Cyrtosia,javanica Blume,,,,2025-09-07 07:06:13.24418,2025-09-07 07:06:13.244181
810,Cyrtosia lindleyana Hook.f. & Thomson,Cyrtosia,lindleyana Hook.f.,,,,2025-09-07 07:06:13.282947,2025-09-07 07:06:13.282949
811,Cyrtosia nana (Rolfe ex Downie) Garay,Cyrtosia,nana Rolfe,,,,2025-09-07 07:06:13.322004,2025-09-07 07:06:13.322006
812,Cyrtosia septentrionalis (Rchb.f.) Garay,Cyrtosia,septentrionalis Rchb.f.,,,,2025-09-07 07:06:13.360977,2025-09-07 07:06:13.360979
813,Cyrtosia taiwanica K. H. Wang & T. P. Lin,Cyrtosia,taiwanica K.,,,,2025-09-07 07:06:13.400379,2025-09-07 07:06:13.400382
814,Galeola Lour.,Galeola,Lour.,,,,2025-09-07 07:06:13.439732,2025-09-07 07:06:13.439735
815,Galeola cathcartii Hook.f.,Galeola,cathcartii Hook.f.,,,,2025-09-07 07:06:13.478671,2025-09-07 07:06:13.478673
816,Galeola faberi Rolfe,Galeola,faberi Rolfe,,,,2025-09-07 07:06:13.517608,2025-09-07 07:06:13.517609
817,Galeola humblotii Rchb.f.,Galeola,humblotii Rchb.f.,,,,2025-09-07 07:06:13.556459,2025-09-07 07:06:13.55646
818,Galeola keo Schuit. & M. Forbes,Galeola,keo Schuit.,,,,2025-09-07 07:06:13.59546,2025-09-07 07:06:13.595462
819,Galeola nudifolia Lour.,Galeola,nudifolia Lour.,,,,2025-09-07 07:06:13.634819,2025-09-07 07:06:13.634822
820,Erythrorchis Blume,Erythrorchis,Blume,,,,2025-09-07 07:06:13.673871,2025-09-07 07:06:13.673873
821,Erythrorchis altissima (Blume) Blume,Erythrorchis,altissima Blume,,,,2025-09-07 07:06:13.713048,2025-09-07 07:06:13.713051
822,Erythrorchis cassythoides (A. Cunn. ex Lindl.) Garay,Erythrorchis,cassythoides A.,,,,2025-09-07 07:06:13.755077,2025-09-07 07:06:13.75508
823,Pseudovanilla Garay,Pseudovanilla,Garay,,,,2025-09-07 07:06:13.794957,2025-09-07 07:06:13.794961
824,Pseudovanilla affinis (J. J. Sm.) Garay,Pseudovanilla,affinis J.,,,,2025-09-07 07:06:13.834236,2025-09-07 07:06:13.834238
825,Pseudovanilla anomala (Ames & L. O. Williams) Garay,Pseudovanilla,anomala Ames,,,,2025-09-07 07:06:13.873742,2025-09-07 07:06:13.873744
826,Pseudovanilla foliata (F. Muell.) Garay,Pseudovanilla,foliata F.,,,,2025-09-07 07:06:13.913412,2025-09-07 07:06:13.913415
827,Pseudovanilla gracilis (Schltr.) Garay,Pseudovanilla,gracilis Schltr.,,,,2025-09-07 07:06:13.952892,2025-09-07 07:06:13.952894
828,Pseudovanilla montigena (Schltr.) Ormerod,Pseudovanilla,montigena Schltr.,,,,2025-09-07 07:06:13.992833,2025-09-07 07:06:13.992836
829,Pseudovanilla philippinensis (Ames) Garay,Pseudovanilla,philippinensis Ames,,,,2025-09-07 07:06:14.03242,2025-09-07 07:06:14.032423
830,Pseudovanilla ponapensis (Kaneh. & Yamam.) Garay,Pseudovanilla,ponapensis Kaneh.,,,,2025-09-07 07:06:14.071825,2025-09-07 07:06:14.071828
831,Pseudovanilla ternatensis (J. J. Sm.) Garay,Pseudovanilla,ternatensis J.,,,,2025-09-07 07:06:14.110938,2025-09-07 07:06:14.11094
832,Selenipedium Rchb.f.,Selenipedium,Rchb.f.,,,,2025-09-07 07:06:14.150418,2025-09-07 07:06:14.150419
833,Selenipedium aequinoctiale Garay,Selenipedium,aequinoctiale Garay,,,,2025-09-07 07:06:14.189562,2025-09-07 07:06:14.189564
834,Selenipedium aucourdianum Sambin & Chiron,Selenipedium,aucourdianum Sambin,,,,2025-09-07 07:06:14.228807,2025-09-07 07:06:14.228809
835,Selenipedium buenaventurae (Szlach. & Kolan.) P. J. Cribb,Selenipedium,buenaventurae Szlach.,,,,2025-09-07 07:06:14.267827,2025-09-07 07:06:14.267829
836,Selenipedium chica Rchb.f.,Selenipedium,chica Rchb.f.,,,,2025-09-07 07:06:14.306926,2025-09-07 07:06:14.306928
837,Selenipedium dodsonii P. J. Cribb,Selenipedium,dodsonii P.,,,,2025-09-07 07:06:14.346,2025-09-07 07:06:14.346002
838,Selenipedium isabelianum Barb. Rodr.,Selenipedium,isabelianum Barb.,,,,2025-09-07 07:06:14.385067,2025-09-07 07:06:14.38507
839,Selenipedium olgae Szlach. & Kolan.,Selenipedium,olgae Szlach.,,,,2025-09-07 07:06:14.424227,2025-09-07 07:06:14.424228
840,Selenipedium palmifolium (Lindl.) Rchb.f.,Selenipedium,palmifolium Lindl.,,,,2025-09-07 07:06:14.46331,2025-09-07 07:06:14.463312
841,Selenipedium steyermarkii Foldats,Selenipedium,steyermarkii Foldats,,,,2025-09-07 07:06:14.50246,2025-09-07 07:06:14.502462
842,Selenipedium vanillocarpum Barb. Rodr.,Selenipedium,vanillocarpum Barb.,,,,2025-09-07 07:06:14.541208,2025-09-07 07:06:14.54121
843,Cypripedium L.,Cypripedium,L.,,,,2025-09-07 07:06:14.580255,2025-09-07 07:06:14.580257
844,Cypripedium acaule Aiton,Cypripedium,acaule Aiton,,,,2025-09-07 07:06:14.61965,2025-09-07 07:06:14.619652
845,Cypripedium arietinum R. Br.,Cypripedium,arietinum R.,,,,2025-09-07 07:06:14.658521,2025-09-07 07:06:14.658522
846,Cypripedium bardolphianum W. W. Sm. & Farrer,Cypripedium,bardolphianum W.,,,,2025-09-07 07:06:14.697362,2025-09-07 07:06:14.697364
847,Cypripedium calceolus L.,Cypripedium,calceolus L.,,,,2025-09-07 07:06:14.736192,2025-09-07 07:06:14.736193
848,Cypripedium calcicola Schltr.,Cypripedium,calcicola Schltr.,,,,2025-09-07 07:06:14.77499,2025-09-07 07:06:14.774992
849,Cypripedium californicum A. Gray,Cypripedium,californicum A.,,,,2025-09-07 07:06:14.814429,2025-09-07 07:06:14.814432
850,Cypripedium candidum Muhl. ex Willd.,Cypripedium,candidum Muhl.,,,,2025-09-07 07:06:14.855018,2025-09-07 07:06:14.855021
851,Cypripedium conzattianum R. González & Lizb. Hern.,Cypripedium,conzattianum R.,,,,2025-09-07 07:06:14.89424,2025-09-07 07:06:14.894242
852,Cypripedium cordigerum D. Don,Cypripedium,cordigerum D.,,,,2025-09-07 07:06:14.933299,2025-09-07 07:06:14.933301
853,Cypripedium debile Rchb.f.,Cypripedium,debile Rchb.f.,,,,2025-09-07 07:06:14.975949,2025-09-07 07:06:14.975952
854,Cypripedium dickinsonianum Hágsater,Cypripedium,dickinsonianum Hágsater,,,,2025-09-07 07:06:15.015416,2025-09-07 07:06:15.015419
855,Cypripedium elegans Rchb.f.,Cypripedium,elegans Rchb.f.,,,,2025-09-07 07:06:15.061445,2025-09-07 07:06:15.061447
856,Cypripedium fargesii Franch.,Cypripedium,fargesii Franch.,,,,2025-09-07 07:06:15.100983,2025-09-07 07:06:15.100986
857,Cypripedium farreri W. W. Sm.,Cypripedium,farreri W.,,,,2025-09-07 07:06:15.143212,2025-09-07 07:06:15.143215
858,Cypripedium fasciculatum Kellogg,Cypripedium,fasciculatum Kellogg,,,,2025-09-07 07:06:15.182925,2025-09-07 07:06:15.182928
859,Cypripedium fasciolatum Franch.,Cypripedium,fasciolatum Franch.,,,,2025-09-07 07:06:15.221719,2025-09-07 07:06:15.221721
860,Cypripedium flavum P. F. Hunt & Summerh.,Cypripedium,flavum P.,,,,2025-09-07 07:06:15.260817,2025-09-07 07:06:15.260819
861,Cypripedium formosanum Hayata,Cypripedium,formosanum Hayata,,,,2025-09-07 07:06:15.299579,2025-09-07 07:06:15.299581
862,Cypripedium forrestii P. J. Cribb,Cypripedium,forrestii P.,,,,2025-09-07 07:06:15.338252,2025-09-07 07:06:15.338253
863,Cypripedium franchetii Rolfe,Cypripedium,franchetii Rolfe,,,,2025-09-07 07:06:15.377032,2025-09-07 07:06:15.377033
864,Cypripedium gomezianum R. González & Lizb. Hern.,Cypripedium,gomezianum R.,,,,2025-09-07 07:06:15.415883,2025-09-07 07:06:15.415885
865,Cypripedium guttatum Sw.,Cypripedium,guttatum Sw.,,,,2025-09-07 07:06:15.457866,2025-09-07 07:06:15.457869
866,Cypripedium henryi Rolfe,Cypripedium,henryi Rolfe,,,,2025-09-07 07:06:15.497332,2025-09-07 07:06:15.497334
867,Cypripedium himalaicum Rolfe ex Hemsl.,Cypripedium,himalaicum Rolfe,,,,2025-09-07 07:06:15.537307,2025-09-07 07:06:15.53731
868,Cypripedium irapeanum Lex.,Cypripedium,irapeanum Lex.,,,,2025-09-07 07:06:15.578152,2025-09-07 07:06:15.578156
869,Cypripedium japonicum Thunb.,Cypripedium,japonicum Thunb.,,,,2025-09-07 07:06:15.617557,2025-09-07 07:06:15.61756
870,Cypripedium kentuckiense C. F. Reed,Cypripedium,kentuckiense C.,,,,2025-09-07 07:06:15.657259,2025-09-07 07:06:15.657262
871,Cypripedium lentiginosum P. J. Cribb & S. C. Chen,Cypripedium,lentiginosum P.,,,,2025-09-07 07:06:15.696715,2025-09-07 07:06:15.696718
872,Cypripedium lichiangense P. J. Cribb & S. C. Chen,Cypripedium,lichiangense P.,,,,2025-09-07 07:06:15.736226,2025-09-07 07:06:15.73623
873,Cypripedium ludlowii P. J. Cribb,Cypripedium,ludlowii P.,,,,2025-09-07 07:06:15.776048,2025-09-07 07:06:15.776051
874,Cypripedium macranthos Sw.,Cypripedium,macranthos Sw.,,,,2025-09-07 07:06:15.815179,2025-09-07 07:06:15.815181
875,Cypripedium macranthos Sw. var. rebunense (Kudô) Miyabe & Kudô,Cypripedium,macranthos Sw.,,,,2025-09-07 07:06:15.854569,2025-09-07 07:06:15.854573
876,Cypripedium margaritaceum Franch.,Cypripedium,margaritaceum Franch.,,,,2025-09-07 07:06:15.903648,2025-09-07 07:06:15.903651
877,Cypripedium micranthum Franch.,Cypripedium,micranthum Franch.,,,,2025-09-07 07:06:15.947161,2025-09-07 07:06:15.947165
878,Cypripedium molle Lindl.,Cypripedium,molle Lindl.,,,,2025-09-07 07:06:15.989694,2025-09-07 07:06:15.989698
879,Cypripedium montanum Douglas ex Lindl.,Cypripedium,montanum Douglas,,,,2025-09-07 07:06:16.035453,2025-09-07 07:06:16.035456
880,Cypripedium palangshanense Tang & F. T. Wang,Cypripedium,palangshanense Tang,,,,2025-09-07 07:06:16.083736,2025-09-07 07:06:16.08374
881,Cypripedium parviflorum Salisb.,Cypripedium,parviflorum Salisb.,,,,2025-09-07 07:06:16.124395,2025-09-07 07:06:16.124399
882,Cypripedium parviflorum Salisb. var. exiliens Sheviak,Cypripedium,parviflorum Salisb.,,,,2025-09-07 07:06:16.179501,2025-09-07 07:06:16.179504
883,Cypripedium parviflorum Salisb. var. makasin (Farw.) Sheviak,Cypripedium,parviflorum Salisb.,,,,2025-09-07 07:06:16.21861,2025-09-07 07:06:16.218614
884,Cypripedium parviflorum Salisb. var. pubescens (Willd.) Knight,Cypripedium,parviflorum Salisb.,,,,2025-09-07 07:06:16.257886,2025-09-07 07:06:16.257889
885,Cypripedium passerinum Richardson,Cypripedium,passerinum Richardson,,,,2025-09-07 07:06:16.298066,2025-09-07 07:06:16.298069
886,Cypripedium plectrochilum Franch.,Cypripedium,plectrochilum Franch.,,,,2025-09-07 07:06:16.337784,2025-09-07 07:06:16.337787
887,Cypripedium reginae Walt.,Cypripedium,reginae Walt.,,,,2025-09-07 07:06:16.377442,2025-09-07 07:06:16.377444
888,Cypripedium segawae Masam.,Cypripedium,segawae Masam.,,,,2025-09-07 07:06:16.417139,2025-09-07 07:06:16.417142
889,Cypripedium shanxiense S. C. Chen,Cypripedium,shanxiense S.,,,,2025-09-07 07:06:16.456887,2025-09-07 07:06:16.456891
890,Cypripedium sichuanense Perner,Cypripedium,sichuanense Perner,,,,2025-09-07 07:06:16.503998,2025-09-07 07:06:16.504001
891,Cypripedium subtropicum S. C. Chen & K. Y. Lang,Cypripedium,subtropicum S.,,,,2025-09-07 07:06:16.543505,2025-09-07 07:06:16.543509
892,Cypripedium susanae R. González & Lizb. Hern.,Cypripedium,susanae R.,,,,2025-09-07 07:06:16.584525,2025-09-07 07:06:16.584528
893,Cypripedium taibaiense G. H. Zhu & S. C. Chen,Cypripedium,taibaiense G.,,,,2025-09-07 07:06:16.624077,2025-09-07 07:06:16.624078
894,Cypripedium taiwanalpinum Y. I Lee,Cypripedium,taiwanalpinum Y.,,,,2025-09-07 07:06:16.663229,2025-09-07 07:06:16.663231
895,Cypripedium tibeticum King ex Rolfe,Cypripedium,tibeticum King,,,,2025-09-07 07:06:16.702151,2025-09-07 07:06:16.702153
896,Cypripedium tibeticum King ex Rolfe var. froschii (Perner) Eccarius,Cypripedium,tibeticum King,,,,2025-09-07 07:06:16.74083,2025-09-07 07:06:16.740832
897,Cypripedium wardii Rolfe,Cypripedium,wardii Rolfe,,,,2025-09-07 07:06:16.793529,2025-09-07 07:06:16.793531
898,Cypripedium wumengense S. C. Chen,Cypripedium,wumengense S.,,,,2025-09-07 07:06:16.832852,2025-09-07 07:06:16.832854
899,Cypripedium x alaskanum P. M. Br.,Cypripedium,x alaskanum,,,,2025-09-07 07:06:16.872081,2025-09-07 07:06:16.872096
900,Cypripedium x andrewsii A. M. Fuller,Cypripedium,x andrewsii,,,,2025-09-07 07:06:16.911604,2025-09-07 07:06:16.911607
901,Cypripedium x andrewsii A. M. Fuller var. landonii (Garay) B. Boivin,Cypripedium,x andrewsii,,,,2025-09-07 07:06:16.951173,2025-09-07 07:06:16.951177
902,Cypripedium x andrewsii A. M. Fuller var. favillianum (J. T. Curtis) B. Boivin,Cypripedium,x andrewsii,,,,2025-09-07 07:06:16.991165,2025-09-07 07:06:16.991169
903,Cypripedium x catherinae Aver.,Cypripedium,x catherinae,,,,2025-09-07 07:06:17.030317,2025-09-07 07:06:17.03032
904,Cypripedium x columbianum Sheviak,Cypripedium,x columbianum,,,,2025-09-07 07:06:17.069476,2025-09-07 07:06:17.069479
905,Cypripedium x fred-mulleri Szlach.,Cypripedium,x fred-mulleri,,,,2025-09-07 07:06:17.108798,2025-09-07 07:06:17.108801
906,Cypripedium x herae Ewacha & Sheviak,Cypripedium,x herae,,,,2025-09-07 07:06:17.148987,2025-09-07 07:06:17.148989
907,Cypripedium x ventricosum Sw.,Cypripedium,x ventricosum,,,,2025-09-07 07:06:17.191624,2025-09-07 07:06:17.191627
908,Cypripedium x wenqingiae Perner,Cypripedium,x wenqingiae,,,,2025-09-07 07:06:17.230716,2025-09-07 07:06:17.230719
909,Cypripedium yatabeanum Makino,Cypripedium,yatabeanum Makino,,,,2025-09-07 07:06:17.269847,2025-09-07 07:06:17.269849
910,Cypripedium yinshanicum Ma & Y. Z. Zhao,Cypripedium,yinshanicum Ma,,,,2025-09-07 07:06:17.308611,2025-09-07 07:06:17.308613
911,Cypripedium yunnanense Franch.,Cypripedium,yunnanense Franch.,,,,2025-09-07 07:06:17.347367,2025-09-07 07:06:17.347369
912,Phragmipedium Rolfe,Phragmipedium,Rolfe,,,,2025-09-07 07:06:17.386073,2025-09-07 07:06:17.386076
517,Apostasia Blume,Apostasia,Blume,,,,2025-09-07 07:06:01.536174,2025-09-07 07:06:01.536176
518,Apostasia fogangica Y. Y. Yin,Apostasia,fogangica Y.,,,,2025-09-07 07:06:01.575399,2025-09-07 07:06:01.5754
519,Apostasia fujianica Yuan Y. Li & S. R. Lan,Apostasia,fujianica Yuan,,,,2025-09-07 07:06:01.614177,2025-09-07 07:06:01.614179
520,Apostasia latifolia Rolfe,Apostasia,latifolia Rolfe,,,,2025-09-07 07:06:01.653054,2025-09-07 07:06:01.653056
521,Apostasia nipponica Masam.,Apostasia,nipponica Masam.,,,,2025-09-07 07:06:01.692001,2025-09-07 07:06:01.692003
522,Apostasia nuda R. Br.,Apostasia,nuda R.,,,,2025-09-07 07:06:01.730853,2025-09-07 07:06:01.730855
523,Apostasia odorata Blume,Apostasia,odorata Blume,,,,2025-09-07 07:06:01.7695,2025-09-07 07:06:01.769503
524,Apostasia parvula Schltr.,Apostasia,parvula Schltr.,,,,2025-09-07 07:06:01.808577,2025-09-07 07:06:01.80858
525,Apostasia wallichii R. Br.,Apostasia,wallichii R.,,,,2025-09-07 07:06:01.847503,2025-09-07 07:06:01.847506
526,Neuwiedia Blume,Neuwiedia,Blume,,,,2025-09-07 07:06:01.888899,2025-09-07 07:06:01.888902
527,Neuwiedia borneensis de Vogel,Neuwiedia,borneensis de,,,,2025-09-07 07:06:01.929799,2025-09-07 07:06:01.929802
528,Neuwiedia elongata de Vogel,Neuwiedia,elongata de,,,,2025-09-07 07:06:01.969215,2025-09-07 07:06:01.969218
529,Neuwiedia griffithii Rchb.f.,Neuwiedia,griffithii Rchb.f.,,,,2025-09-07 07:06:02.010074,2025-09-07 07:06:02.010077
530,Neuwiedia inae de Vogel,Neuwiedia,inae de,,,,2025-09-07 07:06:02.049423,2025-09-07 07:06:02.049427
531,Neuwiedia malipoensis Z. J. Liu,Neuwiedia,malipoensis Z.,,,,2025-09-07 07:06:02.088235,2025-09-07 07:06:02.088237
532,Neuwiedia siamensis de Vogel,Neuwiedia,siamensis de,,,,2025-09-07 07:06:02.127397,2025-09-07 07:06:02.127401
533,Neuwiedia singapureana (Wall. ex Baker) Rolfe,Neuwiedia,singapureana Wall.,,,,2025-09-07 07:06:02.167203,2025-09-07 07:06:02.167205
534,Neuwiedia veratrifolia Blume,Neuwiedia,veratrifolia Blume,,,,2025-09-07 07:06:02.209898,2025-09-07 07:06:02.209902
535,Neuwiedia zollingeri Rchb.f.,Neuwiedia,zollingeri Rchb.f.,,,,2025-09-07 07:06:02.249136,2025-09-07 07:06:02.249139
536,Neuwiedia zollingeri Rchb.f. var. annamensis (Gagnep.) Aver.,Neuwiedia,zollingeri Rchb.f.,,,,2025-09-07 07:06:02.28835,2025-09-07 07:06:02.288352
537,Neuwiedia zollingeri Rchb.f. var. javanica (J. J. Sm.) de Vogel,Neuwiedia,zollingeri Rchb.f.,,,,2025-09-07 07:06:02.327484,2025-09-07 07:06:02.327487
538,Duckeella Porto & Brade,Duckeella,Porto &,,,,2025-09-07 07:06:02.366955,2025-09-07 07:06:02.366958
539,Duckeella adolphii Porto & Brade,Duckeella,adolphii Porto,,,,2025-09-07 07:06:02.406154,2025-09-07 07:06:02.406157
540,Duckeella alticola C. Schweinf.,Duckeella,alticola C.,,,,2025-09-07 07:06:02.445603,2025-09-07 07:06:02.445607
541,Duckeella caquetana Szlach. & Kolan.,Duckeella,caquetana Szlach.,,,,2025-09-07 07:06:02.48435,2025-09-07 07:06:02.484352
542,Duckeella fernandezii Szlach.,Duckeella,fernandezii Szlach.,,,,2025-09-07 07:06:02.523272,2025-09-07 07:06:02.523274
543,Duckeella garayi Szlach.,Duckeella,garayi Szlach.,,,,2025-09-07 07:06:02.562711,2025-09-07 07:06:02.562714
544,Duckeella humboldtii Kolan. & Szlach.,Duckeella,humboldtii Kolan.,,,,2025-09-07 07:06:02.601904,2025-09-07 07:06:02.601907
545,Duckeella linearilabia Szlach.,Duckeella,linearilabia Szlach.,,,,2025-09-07 07:06:02.640931,2025-09-07 07:06:02.640933
546,Duckeella pauciflora Garay,Duckeella,pauciflora Garay,,,,2025-09-07 07:06:02.679647,2025-09-07 07:06:02.679649
547,Pogonia Juss.,Pogonia,Juss.,,,,2025-09-07 07:06:02.718493,2025-09-07 07:06:02.718495
548,Pogonia japonica Rchb.f.,Pogonia,japonica Rchb.f.,,,,2025-09-07 07:06:02.757526,2025-09-07 07:06:02.757527
549,Pogonia minor (Makino) Makino,Pogonia,minor Makino,,,,2025-09-07 07:06:02.796502,2025-09-07 07:06:02.796504
550,Pogonia ophioglossoides (L.) Juss.,Pogonia,ophioglossoides L.,,,,2025-09-07 07:06:02.835255,2025-09-07 07:06:02.835257
551,Pogonia subalpina T. Yukawa & Y. Yamashita,Pogonia,subalpina T.,,,,2025-09-07 07:06:02.874261,2025-09-07 07:06:02.874264
552,Pogonia trinervia (Roxb.) Voigt,Pogonia,trinervia Roxb.,,,,2025-09-07 07:06:02.913713,2025-09-07 07:06:02.913716
553,Pogonia yunnanensis Finet,Pogonia,yunnanensis Finet,,,,2025-09-07 07:06:02.952619,2025-09-07 07:06:02.952621
554,Cleistesiopsis Pansarin & F. Barros,Cleistesiopsis,Pansarin &,,,,2025-09-07 07:06:02.991287,2025-09-07 07:06:02.991289
555,Cleistesiopsis bifaria (Fernald) Pansarin & F. Barros,Cleistesiopsis,bifaria Fernald,,,,2025-09-07 07:06:03.030546,2025-09-07 07:06:03.030549
556,Cleistesiopsis divaricata (L.) Pansarin & F. Barros,Cleistesiopsis,divaricata L.,,,,2025-09-07 07:06:03.072368,2025-09-07 07:06:03.072372
557,Cleistesiopsis oricamporum P. M. Br.,Cleistesiopsis,oricamporum P.,,,,2025-09-07 07:06:03.11148,2025-09-07 07:06:03.111483
558,Cleistesiopsis x ochlockneensis (P. M. Br.) P. M. Br.,Cleistesiopsis,x ochlockneensis,,,,2025-09-07 07:06:03.150452,2025-09-07 07:06:03.150454
559,Cleistes Rich.,Cleistes,Rich.,,,,2025-09-07 07:06:03.189791,2025-09-07 07:06:03.189794
560,Cleistes aboucharii Szlach.,Cleistes,aboucharii Szlach.,,,,2025-09-07 07:06:03.229295,2025-09-07 07:06:03.229298
561,Cleistes acuminata (Schltr.) Schltr.,Cleistes,acuminata Schltr.,,,,2025-09-07 07:06:03.268884,2025-09-07 07:06:03.268887
562,Cleistes aphylla Hoehne,Cleistes,aphylla Hoehne,,,,2025-09-07 07:06:03.315268,2025-09-07 07:06:03.315271
563,Cleistes ayangannensis Szlach. & Baranow,Cleistes,ayangannensis Szlach.,,,,2025-09-07 07:06:03.354236,2025-09-07 07:06:03.354239
564,Cleistes batistana Pansarin & F. Barros,Cleistes,batistana Pansarin,,,,2025-09-07 07:06:03.393481,2025-09-07 07:06:03.393484
565,Cleistes bella Rchb.f. & Warm.,Cleistes,bella Rchb.f.,,,,2025-09-07 07:06:03.43253,2025-09-07 07:06:03.432534
566,Cleistes carautae Toscano & L. S. Leoni,Cleistes,carautae Toscano,,,,2025-09-07 07:06:03.471637,2025-09-07 07:06:03.47164
567,Cleistes costaricensis Christenson,Cleistes,costaricensis Christenson,,,,2025-09-07 07:06:03.510666,2025-09-07 07:06:03.51067
568,Cleistes cuatrecasasii Kolan. & Szlach.,Cleistes,cuatrecasasii Kolan.,,,,2025-09-07 07:06:03.549813,2025-09-07 07:06:03.549816
569,Cleistes elegantula (Schltr.) Schltr.,Cleistes,elegantula Schltr.,,,,2025-09-07 07:06:03.588911,2025-09-07 07:06:03.588915
570,Cleistes elongata Pansarin & F. Barros,Cleistes,elongata Pansarin,,,,2025-09-07 07:06:03.628927,2025-09-07 07:06:03.628931
571,Cleistes exilis Hoehne,Cleistes,exilis Hoehne,,,,2025-09-07 07:06:03.668685,2025-09-07 07:06:03.668688
572,Cleistes gracilis (Barb. Rodr.) Schltr.,Cleistes,gracilis Barb.,,,,2025-09-07 07:06:03.70834,2025-09-07 07:06:03.708343
573,Cleistes grandiflora (Aubl.) Schltr.,Cleistes,grandiflora Aubl.,,,,2025-09-07 07:06:03.747535,2025-09-07 07:06:03.747538
574,Cleistes huberi Carnevali & I. Ramírez,Cleistes,huberi Carnevali,,,,2025-09-07 07:06:03.786829,2025-09-07 07:06:03.786831
575,Cleistes idroboi Szlach. & Baranow,Cleistes,idroboi Szlach.,,,,2025-09-07 07:06:03.82581,2025-09-07 07:06:03.825811
576,Cleistes lehmannii Kraenzl. ex Szlach. & Kolan.,Cleistes,lehmannii Kraenzl.,,,,2025-09-07 07:06:03.865046,2025-09-07 07:06:03.865048
577,Cleistes lepida (Rchb.f.) Schltr.,Cleistes,lepida Rchb.f.,,,,2025-09-07 07:06:03.90414,2025-09-07 07:06:03.904142
578,Cleistes libonii (Rchb.f.) Schltr.,Cleistes,libonii Rchb.f.,,,,2025-09-07 07:06:03.943372,2025-09-07 07:06:03.943375
579,Cleistes liliastrum Rchb.f.,Cleistes,liliastrum Rchb.f.,,,,2025-09-07 07:06:03.982681,2025-09-07 07:06:03.982684
580,Cleistes mantiqueirae Rchb.f. & Warm.,Cleistes,mantiqueirae Rchb.f.,,,,2025-09-07 07:06:04.021714,2025-09-07 07:06:04.021717
581,Cleistes miersii Gardner,Cleistes,miersii Gardner,,,,2025-09-07 07:06:04.060745,2025-09-07 07:06:04.060748
582,Cleistes monantha (Barb. Rodr.) Schltr.,Cleistes,monantha Barb.,,,,2025-09-07 07:06:04.099926,2025-09-07 07:06:04.099929
583,Cleistes montana Gardner,Cleistes,montana Gardner,,,,2025-09-07 07:06:04.139507,2025-09-07 07:06:04.13951
584,Cleistes moritzii (Rchb.f.) Garay & Dunst.,Cleistes,moritzii Rchb.f.,,,,2025-09-07 07:06:04.179624,2025-09-07 07:06:04.179627
585,Cleistes munchiquensis Szlach. & Baranow,Cleistes,munchiquensis Szlach.,,,,2025-09-07 07:06:04.218568,2025-09-07 07:06:04.21857
586,Cleistes nana (Schltr.) Schltr.,Cleistes,nana Schltr.,,,,2025-09-07 07:06:04.257801,2025-09-07 07:06:04.257803
587,Cleistes pallida Funez & Pansarin,Cleistes,pallida Funez,,,,2025-09-07 07:06:04.297069,2025-09-07 07:06:04.297071
588,Cleistes paludosa Rchb.f.,Cleistes,paludosa Rchb.f.,,,,2025-09-07 07:06:04.340449,2025-09-07 07:06:04.340452
589,Cleistes paranaensis (Barb. Rodr.) Schltr.,Cleistes,paranaensis Barb.,,,,2025-09-07 07:06:04.384413,2025-09-07 07:06:04.384416
590,Cleistes parviflora Lindl.,Cleistes,parviflora Lindl.,,,,2025-09-07 07:06:04.423561,2025-09-07 07:06:04.423564
591,Cleistes pusilla Pansarin,Cleistes,pusilla Pansarin,,,,2025-09-07 07:06:04.462972,2025-09-07 07:06:04.462975
592,Cleistes ramboi Pabst,Cleistes,ramboi Pabst,,,,2025-09-07 07:06:04.502003,2025-09-07 07:06:04.502007
593,Cleistes risaraldensis Szlach. & Baranow,Cleistes,risaraldensis Szlach.,,,,2025-09-07 07:06:04.540869,2025-09-07 07:06:04.540871
594,Cleistes romeroana Szlach.,Cleistes,romeroana Szlach.,,,,2025-09-07 07:06:04.580159,2025-09-07 07:06:04.580162
595,Cleistes rosea Lindl.,Cleistes,rosea Lindl.,,,,2025-09-07 07:06:04.619339,2025-09-07 07:06:04.619341
596,Cleistes rosea Lindl. var. augusta (Hoehne) J. A. N. Bat. & Pansarin,Cleistes,rosea Lindl.,,,,2025-09-07 07:06:04.65831,2025-09-07 07:06:04.658312
597,Cleistes rosea Lindl. var. buenaventurae (Szlach. & Kolan.) J. A. N. Bat. & C. Castro,Cleistes,rosea Lindl.,,,,2025-09-07 07:06:04.718071,2025-09-07 07:06:04.718073
598,Cleistes rosea Lindl. var. guianensis Sambin & J. A. N. Bat.,Cleistes,rosea Lindl.,,,,2025-09-07 07:06:04.756885,2025-09-07 07:06:04.756887
599,Cleistes speciosa Gardner,Cleistes,speciosa Gardner,,,,2025-09-07 07:06:04.795735,2025-09-07 07:06:04.795737
600,Cleistes stricta (C. Schweinf.) Garay & Dunst.,Cleistes,stricta C.,,,,2025-09-07 07:06:04.834714,2025-09-07 07:06:04.834716
601,Cleistes tamboana Dodson & Carnevali,Cleistes,tamboana Dodson,,,,2025-09-07 07:06:04.873792,2025-09-07 07:06:04.873794
602,Cleistes tenuis (Rchb.f. ex Griseb.) Schltr.,Cleistes,tenuis Rchb.f.,,,,2025-09-07 07:06:04.912608,2025-09-07 07:06:04.91261
603,Cleistes triflora (C. Schweinf.) Carnevali & I. Ramírez,Cleistes,triflora C.,,,,2025-09-07 07:06:04.951629,2025-09-07 07:06:04.951631
604,Cleistes unguiculata (Rchb.f.) Schltr.,Cleistes,unguiculata Rchb.f.,,,,2025-09-07 07:06:04.990964,2025-09-07 07:06:04.990966
605,Cleistes unifoliata (C. Schweinf.) Carnevali & I. Ramírez,Cleistes,unifoliata C.,,,,2025-09-07 07:06:05.030023,2025-09-07 07:06:05.030026
606,Cleistes uribei Szlach. & Baranow,Cleistes,uribei Szlach.,,,,2025-09-07 07:06:05.069279,2025-09-07 07:06:05.069282
607,Cleistes vargasii (C. Schweinf.) Medley,Cleistes,vargasii C.,,,,2025-09-07 07:06:05.109961,2025-09-07 07:06:05.109964
608,Cleistes violascens Campacci,Cleistes,violascens Campacci,,,,2025-09-07 07:06:05.149399,2025-09-07 07:06:05.149403
609,Isotria Raf.,Isotria,Raf.,,,,2025-09-07 07:06:05.191851,2025-09-07 07:06:05.191854
913,Phragmipedium andreettae P. J. Cribb & Pupulin,Phragmipedium,andreettae P.,,,,2025-09-07 07:06:17.424919,2025-09-07 07:06:17.424921
914,Phragmipedium anguloi Braem,Phragmipedium,anguloi Braem,,,,2025-09-07 07:06:17.463712,2025-09-07 07:06:17.463714
915,Phragmipedium besseae Dodson & J. Kuhn,Phragmipedium,besseae Dodson,,,,2025-09-07 07:06:17.502763,2025-09-07 07:06:17.502765
916,Phragmipedium besseae Dodson & J. Kuhn var. dalessandroi (Dodson & O. Gruss) Alan Moon & P. J. Cribb,Phragmipedium,besseae Dodson,,,,2025-09-07 07:06:17.5418,2025-09-07 07:06:17.541802
917,Phragmipedium boissierianum (Rchb.f. & Warsz.) Rolfe,Phragmipedium,boissierianum Rchb.f.,,,,2025-09-07 07:06:17.581026,2025-09-07 07:06:17.581029
918,Phragmipedium boissierianum (Rchb.f. & Warsz.) Rolfe var. czerwiakowianum (Rchb.f. & Warsz.) O. Gruss,Phragmipedium,boissierianum Rchb.f.,,,,2025-09-07 07:06:17.620418,2025-09-07 07:06:17.62042
919,Phragmipedium cabrejosii Damian,Phragmipedium,cabrejosii Damian,,,,2025-09-07 07:06:17.659737,2025-09-07 07:06:17.65974
920,Phragmipedium caricinum (Lindl. & Paxton) Rolfe,Phragmipedium,caricinum Lindl.,,,,2025-09-07 07:06:17.698612,2025-09-07 07:06:17.698614
921,Phragmipedium caudatum (Lindl.) Rolfe,Phragmipedium,caudatum Lindl.,,,,2025-09-07 07:06:17.737441,2025-09-07 07:06:17.737443
922,Phragmipedium fischeri Braem & H. Mohr,Phragmipedium,fischeri Braem,,,,2025-09-07 07:06:17.776522,2025-09-07 07:06:17.776524
923,Phragmipedium guianense Sambin & Braem,Phragmipedium,guianense Sambin,,,,2025-09-07 07:06:17.815313,2025-09-07 07:06:17.815315
924,Phragmipedium hirtzii Dodson,Phragmipedium,hirtzii Dodson,,,,2025-09-07 07:06:17.854006,2025-09-07 07:06:17.854008
925,Phragmipedium hirtzii Dodson var. anchicayense (Braem,Phragmipedium,hirtzii Dodson,,,,2025-09-07 07:06:17.894457,2025-09-07 07:06:17.894459
926,Phragmipedium humboldtii (Warsz. ex Rchb.f.) J. T. Atwood & Dressler,Phragmipedium,humboldtii Warsz.,,,,2025-09-07 07:06:17.933624,2025-09-07 07:06:17.933627
927,Phragmipedium humboldtii (Warsz. ex Rchb.f.) J. T. Atwood & Dressler var. exstaminodium (Castaño,Phragmipedium,humboldtii Warsz.,,,,2025-09-07 07:06:17.973291,2025-09-07 07:06:17.973294
928,Phragmipedium klotzschianum (Rchb.f.) Rolfe,Phragmipedium,klotzschianum Rchb.f.,,,,2025-09-07 07:06:18.012691,2025-09-07 07:06:18.012694
929,Phragmipedium kovachii J. T. Atwood,Phragmipedium,kovachii J.,,,,2025-09-07 07:06:18.052387,2025-09-07 07:06:18.05239
930,Phragmipedium lindenii (Lindl.) Dressler & N. H. Williams,Phragmipedium,lindenii Lindl.,,,,2025-09-07 07:06:18.091783,2025-09-07 07:06:18.091785
931,Phragmipedium lindleyanum (R. H. Schomb.) Rolfe,Phragmipedium,lindleyanum R.,,,,2025-09-07 07:06:18.130689,2025-09-07 07:06:18.130692
932,Phragmipedium longifolium (Warsz. ex Rchb.f.) Rolfe,Phragmipedium,longifolium Warsz.,,,,2025-09-07 07:06:18.17481,2025-09-07 07:06:18.174812
933,Phragmipedium pearcei (Rchb.f.) Rauh & Senghas,Phragmipedium,pearcei Rchb.f.,,,,2025-09-07 07:06:18.214608,2025-09-07 07:06:18.214611
934,Phragmipedium ramiroi Kolan. & Szlach.,Phragmipedium,ramiroi Kolan.,,,,2025-09-07 07:06:18.253996,2025-09-07 07:06:18.254
935,Phragmipedium sargentianum (Rolfe) Rolfe,Phragmipedium,sargentianum Rolfe,,,,2025-09-07 07:06:18.296725,2025-09-07 07:06:18.296729
936,Phragmipedium schlimii (Rchb.f.) Rolfe,Phragmipedium,schlimii Rchb.f.,,,,2025-09-07 07:06:18.33571,2025-09-07 07:06:18.335712
937,Phragmipedium schlimii (Rchb.f.) Rolfe var. manzurii (W. E. Higgins & Viveros) P. J. Cribb,Phragmipedium,schlimii Rchb.f.,,,,2025-09-07 07:06:18.374771,2025-09-07 07:06:18.374773
938,Phragmipedium tetzlaffianum O. Gruss,Phragmipedium,tetzlaffianum O.,,,,2025-09-07 07:06:18.413457,2025-09-07 07:06:18.41346
939,Phragmipedium vittatum (Vell.) Rolfe,Phragmipedium,vittatum Vell.,,,,2025-09-07 07:06:18.452369,2025-09-07 07:06:18.452372
940,Phragmipedium warszewiczianum (Rchb.f.) Schltr.,Phragmipedium,warszewiczianum Rchb.f.,,,,2025-09-07 07:06:18.491072,2025-09-07 07:06:18.491075
941,Phragmipedium x brasiliense Quéné & O. Gruss,Phragmipedium,x brasiliense,,,,2025-09-07 07:06:18.5297,2025-09-07 07:06:18.529702
942,Phragmipedium x colombianum O. Gruss,Phragmipedium,x colombianum,,,,2025-09-07 07:06:18.568696,2025-09-07 07:06:18.568699
943,Phragmipedium x conchiferum (Rchb.f.) Rolfe,Phragmipedium,x conchiferum,,,,2025-09-07 07:06:18.607862,2025-09-07 07:06:18.607864
944,Phragmipedium x daguense Braem & Tesón,Phragmipedium,x daguense,,,,2025-09-07 07:06:18.647327,2025-09-07 07:06:18.647329
945,Phragmipedium x dominianum (Rchb.f.) Rolfe,Phragmipedium,x dominianum,,,,2025-09-07 07:06:18.686622,2025-09-07 07:06:18.686625
946,Phragmipedium x grande (Rchb.f.) Rolfe,Phragmipedium,x grande,,,,2025-09-07 07:06:18.725597,2025-09-07 07:06:18.7256
947,Phragmipedium x narinense Tesón & Braem,Phragmipedium,x narinense,,,,2025-09-07 07:06:18.764694,2025-09-07 07:06:18.764696
948,Phragmipedium x pfitzerianum O. Gruss,Phragmipedium,x pfitzerianum,,,,2025-09-07 07:06:18.803414,2025-09-07 07:06:18.803416
949,Phragmipedium x richteri Roeth & O. Gruss,Phragmipedium,x richteri,,,,2025-09-07 07:06:18.842533,2025-09-07 07:06:18.842535
950,Phragmipedium x roethianum O. Gruss & Kalina,Phragmipedium,x roethianum,,,,2025-09-07 07:06:18.881334,2025-09-07 07:06:18.881336
951,Phragmipedium x saundersianum (Rchb.f.) Rolfe,Phragmipedium,x saundersianum,,,,2025-09-07 07:06:18.920032,2025-09-07 07:06:18.920034
952,Phragmipedium x sedenii (Rchb.f.) Rolfe,Phragmipedium,x sedenii,,,,2025-09-07 07:06:18.959138,2025-09-07 07:06:18.95914
953,Phragmipedium x stenophyllum (Rchb.f.) Rolfe,Phragmipedium,x stenophyllum,,,,2025-09-07 07:06:18.998205,2025-09-07 07:06:18.998209
954,Phragmipedium x talamancanum Pupulin & M. Díaz,Phragmipedium,x talamancanum,,,,2025-09-07 07:06:19.037648,2025-09-07 07:06:19.037651
955,Mexipedium V. A. Albert & M. W. Chase,Mexipedium,V. A.,,,,2025-09-07 07:06:19.076979,2025-09-07 07:06:19.076982
956,Mexipedium xerophyticum (Soto Arenas,Mexipedium,xerophyticum Soto,,,,2025-09-07 07:06:19.11894,2025-09-07 07:06:19.118943
957,Paphiopedilum Pfitzer,Paphiopedilum,Pfitzer,,,,2025-09-07 07:06:19.158818,2025-09-07 07:06:19.158822
958,Paphiopedilum acmodontum M. W. Wood,Paphiopedilum,acmodontum M.,,,,2025-09-07 07:06:19.19787,2025-09-07 07:06:19.197873
959,Paphiopedilum adductum Asher,Paphiopedilum,adductum Asher,,,,2025-09-07 07:06:19.237513,2025-09-07 07:06:19.237516
960,Paphiopedilum agusii Cavestro,Paphiopedilum,agusii Cavestro,,,,2025-09-07 07:06:19.276943,2025-09-07 07:06:19.276945
961,Paphiopedilum appletonianum (Gower) Rolfe,Paphiopedilum,appletonianum Gower,,,,2025-09-07 07:06:19.316048,2025-09-07 07:06:19.316051
962,Paphiopedilum areeanum O. Gruss,Paphiopedilum,areeanum O.,,,,2025-09-07 07:06:19.357595,2025-09-07 07:06:19.357598
963,Paphiopedilum argus (Rchb.f.) Stein,Paphiopedilum,argus Rchb.f.,,,,2025-09-07 07:06:19.398686,2025-09-07 07:06:19.39869
964,Paphiopedilum armeniacum S. C. Chen & F. Y. Liu,Paphiopedilum,armeniacum S.,,,,2025-09-07 07:06:19.43768,2025-09-07 07:06:19.437682
965,Paphiopedilum barbatum (Lindl.) Pfitzer,Paphiopedilum,barbatum Lindl.,,,,2025-09-07 07:06:19.476724,2025-09-07 07:06:19.476726
966,Paphiopedilum barbigerum Tang & F. T. Wang,Paphiopedilum,barbigerum Tang,,,,2025-09-07 07:06:19.518154,2025-09-07 07:06:19.518156
967,Paphiopedilum barbigerum Tang & F. T. Wang var. coccineum (Perner & R. Herrm.) Cavestro,Paphiopedilum,barbigerum Tang,,,,2025-09-07 07:06:19.557232,2025-09-07 07:06:19.557234
968,Paphiopedilum barbigerum Tang & F. T. Wang var. vejvarutianum (O. Gruss & Roellke) Perner,Paphiopedilum,barbigerum Tang,,,,2025-09-07 07:06:19.597032,2025-09-07 07:06:19.597034
969,Paphiopedilum barbigerum Tang & F. T. Wang var. sulivongii Schuit. & P. Bonnet,Paphiopedilum,barbigerum Tang,,,,2025-09-07 07:06:19.636021,2025-09-07 07:06:19.636023
970,Paphiopedilum bellatulum (Rchb.f.) Stein,Paphiopedilum,bellatulum Rchb.f.,,,,2025-09-07 07:06:19.674986,2025-09-07 07:06:19.674988
971,Paphiopedilum bullenianum (Rchb.f.) Pfitzer,Paphiopedilum,bullenianum Rchb.f.,,,,2025-09-07 07:06:19.713756,2025-09-07 07:06:19.713759
972,Paphiopedilum bullenianum (Rchb.f.) Pfitzer var. celebesense (Fowlie & Birk) P. J. Cribb,Paphiopedilum,bullenianum Rchb.f.,,,,2025-09-07 07:06:19.752942,2025-09-07 07:06:19.752946
973,Paphiopedilum bullenianum (Rchb.f.) Pfitzer var. johorense (Fowlie & Yap) Braem,Paphiopedilum,bullenianum Rchb.f.,,,,2025-09-07 07:06:19.792013,2025-09-07 07:06:19.792016
974,Paphiopedilum bungebelangi Metusala,Paphiopedilum,bungebelangi Metusala,,,,2025-09-07 07:06:19.831417,2025-09-07 07:06:19.831419
975,Paphiopedilum callosum (Rchb.f.) Stein,Paphiopedilum,callosum Rchb.f.,,,,2025-09-07 07:06:19.870845,2025-09-07 07:06:19.870848
976,Paphiopedilum callosum (Rchb.f.) Stein var. potentianum (O. Gruss & Roeth) P. J. Cribb,Paphiopedilum,callosum Rchb.f.,,,,2025-09-07 07:06:19.909774,2025-09-07 07:06:19.909775
977,Paphiopedilum callosum (Rchb.f.) Stein var. sublaeve (Rchb.f.) P. J. Cribb,Paphiopedilum,callosum Rchb.f.,,,,2025-09-07 07:06:19.948702,2025-09-07 07:06:19.948703
978,Paphiopedilum canhii Aver. & O. Gruss,Paphiopedilum,canhii Aver.,,,,2025-09-07 07:06:19.987579,2025-09-07 07:06:19.98758
979,Paphiopedilum charlesworthii (Rolfe) Pfitzer,Paphiopedilum,charlesworthii Rolfe,,,,2025-09-07 07:06:20.026398,2025-09-07 07:06:20.0264
980,Paphiopedilum ciliolare (Rchb.f.) Stein,Paphiopedilum,ciliolare Rchb.f.,,,,2025-09-07 07:06:20.065998,2025-09-07 07:06:20.066001
981,Paphiopedilum concolor (Bateman) Pfitzer,Paphiopedilum,concolor Bateman,,,,2025-09-07 07:06:20.108955,2025-09-07 07:06:20.108958
982,Paphiopedilum concolor (Bateman) Pfitzer var. chlorophyllum (Rchb.f.) Pfitzer,Paphiopedilum,concolor Bateman,,,,2025-09-07 07:06:20.147991,2025-09-07 07:06:20.147994
983,Paphiopedilum concolor (Bateman) Pfitzer var. longipetalum (Rolfe) Pfitzer,Paphiopedilum,concolor Bateman,,,,2025-09-07 07:06:20.18843,2025-09-07 07:06:20.188433
984,Paphiopedilum concolor (Bateman) Pfitzer var. reynieri (Rchb.f.) Pfitzer,Paphiopedilum,concolor Bateman,,,,2025-09-07 07:06:20.227739,2025-09-07 07:06:20.227743
985,Paphiopedilum cornuatum Z. J. Liu,Paphiopedilum,cornuatum Z.,,,,2025-09-07 07:06:20.267354,2025-09-07 07:06:20.267357
986,Paphiopedilum dayanum (Rchb.f.) Stein,Paphiopedilum,dayanum Rchb.f.,,,,2025-09-07 07:06:20.307926,2025-09-07 07:06:20.30793
987,Paphiopedilum delenatii Guillaumin,Paphiopedilum,delenatii Guillaumin,,,,2025-09-07 07:06:20.347349,2025-09-07 07:06:20.347352
988,Paphiopedilum dianthum Tang & F. T. Wang,Paphiopedilum,dianthum Tang,,,,2025-09-07 07:06:20.38707,2025-09-07 07:06:20.387073
989,Paphiopedilum dodyanum Cavestro,Paphiopedilum,dodyanum Cavestro,,,,2025-09-07 07:06:20.426377,2025-09-07 07:06:20.42638
990,Paphiopedilum druryi (Bedd.) Stein,Paphiopedilum,druryi Bedd.,,,,2025-09-07 07:06:20.465422,2025-09-07 07:06:20.465424
991,Paphiopedilum emersonii Koop. & P. J. Cribb,Paphiopedilum,emersonii Koop.,,,,2025-09-07 07:06:20.504534,2025-09-07 07:06:20.504536
992,Paphiopedilum exul (Ridl.) Rolfe,Paphiopedilum,exul Ridl.,,,,2025-09-07 07:06:20.543384,2025-09-07 07:06:20.543386
993,Paphiopedilum fairrieanum (Lindl.) Stein,Paphiopedilum,fairrieanum Lindl.,,,,2025-09-07 07:06:20.582219,2025-09-07 07:06:20.58222
994,Paphiopedilum fowliei Birk,Paphiopedilum,fowliei Birk,,,,2025-09-07 07:06:20.621324,2025-09-07 07:06:20.621326
995,Paphiopedilum gigantifolium Braem,Paphiopedilum,gigantifolium Braem,,,,2025-09-07 07:06:20.660335,2025-09-07 07:06:20.660336
996,Paphiopedilum glanduliferum (Blume) Stein,Paphiopedilum,glanduliferum Blume,,,,2025-09-07 07:06:20.69926,2025-09-07 07:06:20.699262
997,Paphiopedilum glaucophyllum J. J. Sm.,Paphiopedilum,glaucophyllum J.,,,,2025-09-07 07:06:20.738263,2025-09-07 07:06:20.738264
998,Paphiopedilum godefroyae (God.-Leb.) Stein,Paphiopedilum,godefroyae God.-Leb.,,,,2025-09-07 07:06:20.790195,2025-09-07 07:06:20.790198
999,Paphiopedilum godefroyae (God.-Leb.) Stein var. ang-thong (Fowlie) Braem,Paphiopedilum,godefroyae God.-Leb.,,,,2025-09-07 07:06:20.829503,2025-09-07 07:06:20.829506
1000,Paphiopedilum godefroyae (God.-Leb.) Stein var. leucochilum (Rolfe) Hallier,Paphiopedilum,godefroyae God.-Leb.,,,,2025-09-07 07:06:20.868718,2025-09-07 07:06:20.868721
1001,Paphiopedilum gratrixianum (Mast.) Rolfe,Paphiopedilum,gratrixianum Mast.,,,,2025-09-07 07:06:20.90768,2025-09-07 07:06:20.907682
1002,Paphiopedilum gratrixianum (Mast.) Rolfe var. christensonianum Perner & Koop.,Paphiopedilum,gratrixianum Mast.,,,,2025-09-07 07:06:20.946798,2025-09-07 07:06:20.9468
1003,Paphiopedilum gratrixianum (Mast.) Rolfe var. daoense Aver.,Paphiopedilum,gratrixianum Mast.,,,,2025-09-07 07:06:20.985659,2025-09-07 07:06:20.985661
1004,Paphiopedilum gratrixianum (Mast.) Rolfe var. guangdongense (Z. J. Liu & L. J. Chen) Perner,Paphiopedilum,gratrixianum Mast.,,,,2025-09-07 07:06:21.024453,2025-09-07 07:06:21.024455
1005,Paphiopedilum hangianum Perner & O. Gruss,Paphiopedilum,hangianum Perner,,,,2025-09-07 07:06:21.06341,2025-09-07 07:06:21.063412
1006,Paphiopedilum haynaldianum (Rchb.f.) Stein,Paphiopedilum,haynaldianum Rchb.f.,,,,2025-09-07 07:06:21.102463,2025-09-07 07:06:21.102467
1007,Paphiopedilum helenae Aver.,Paphiopedilum,helenae Aver.,,,,2025-09-07 07:06:21.141861,2025-09-07 07:06:21.141864
1008,Paphiopedilum hennisianum (M. W. Wood) Fowlie,Paphiopedilum,hennisianum M.,,,,2025-09-07 07:06:21.18108,2025-09-07 07:06:21.181097
1009,Paphiopedilum henryanum Braem,Paphiopedilum,henryanum Braem,,,,2025-09-07 07:06:21.220307,2025-09-07 07:06:21.22031
1010,Paphiopedilum hirsutissimum (Lindl. ex Hook.) Stein,Paphiopedilum,hirsutissimum Lindl.,,,,2025-09-07 07:06:21.261335,2025-09-07 07:06:21.261338
1011,Paphiopedilum hirsutissimum (Lindl. ex Hook.) Stein var. esquirolei (Schltr.) K. Karas. & K. Saito,Paphiopedilum,hirsutissimum Lindl.,,,,2025-09-07 07:06:21.300693,2025-09-07 07:06:21.300696
1012,Paphiopedilum hookerae (Rchb.f.) Stein,Paphiopedilum,hookerae Rchb.f.,,,,2025-09-07 07:06:21.340454,2025-09-07 07:06:21.340457
1013,Paphiopedilum hookerae (Rchb.f.) Stein var. volonteanum (Sander) Braem,Paphiopedilum,hookerae Rchb.f.,,,,2025-09-07 07:06:21.380011,2025-09-07 07:06:21.380014
1014,Paphiopedilum inamorii P. J. Cribb & A. Lamb,Paphiopedilum,inamorii P.,,,,2025-09-07 07:06:21.421023,2025-09-07 07:06:21.421027
1015,Paphiopedilum insigne (Wall. ex Lindl.) Pfitzer,Paphiopedilum,insigne Wall.,,,,2025-09-07 07:06:21.460899,2025-09-07 07:06:21.460902
1016,Paphiopedilum intaniae Cavestro,Paphiopedilum,intaniae Cavestro,,,,2025-09-07 07:06:21.505309,2025-09-07 07:06:21.505312
1017,Paphiopedilum jackii H. S. Hua,Paphiopedilum,jackii H.,,,,2025-09-07 07:06:21.544944,2025-09-07 07:06:21.544947
1018,Paphiopedilum javanicum (Reinw. ex Lindl.) Pfitzer,Paphiopedilum,javanicum Reinw.,,,,2025-09-07 07:06:21.585056,2025-09-07 07:06:21.585059
1019,Paphiopedilum khanzae Cavestro,Paphiopedilum,khanzae Cavestro,,,,2025-09-07 07:06:21.624047,2025-09-07 07:06:21.62405
1020,Paphiopedilum kolopakingii Fowlie,Paphiopedilum,kolopakingii Fowlie,,,,2025-09-07 07:06:21.663128,2025-09-07 07:06:21.66313
1021,Paphiopedilum lawrenceanum (Rchb.f.) Pfitzer,Paphiopedilum,lawrenceanum Rchb.f.,,,,2025-09-07 07:06:21.702291,2025-09-07 07:06:21.702294
1022,Paphiopedilum liemianum (Fowlie) K. Karas. & K. Saito,Paphiopedilum,liemianum Fowlie,,,,2025-09-07 07:06:21.741722,2025-09-07 07:06:21.741724
1023,Paphiopedilum lowii (Lindl.) Stein,Paphiopedilum,lowii Lindl.,,,,2025-09-07 07:06:21.78092,2025-09-07 07:06:21.780922
1024,Paphiopedilum lowii (Lindl.) Stein var. lynniae (Garay) O. Gruss & Roeth,Paphiopedilum,lowii Lindl.,,,,2025-09-07 07:06:21.820957,2025-09-07 07:06:21.82096
1025,Paphiopedilum lowii (Lindl.) Stein var. richardianum (Asher & Beaman) Koop.,Paphiopedilum,lowii Lindl.,,,,2025-09-07 07:06:21.860296,2025-09-07 07:06:21.860299
1026,Paphiopedilum lunatum Metusala,Paphiopedilum,lunatum Metusala,,,,2025-09-07 07:06:21.900524,2025-09-07 07:06:21.900526
1027,Paphiopedilum malipoense S. C. Chen & Z. H. Tsi,Paphiopedilum,malipoense S.,,,,2025-09-07 07:06:21.939658,2025-09-07 07:06:21.939661
1028,Paphiopedilum malipoense S. C. Chen & Z. H. Tsi var. angustatum (Z. J. Liu & S. C. Chen) Z. J. Liu & S. C. Chen,Paphiopedilum,malipoense S.,,,,2025-09-07 07:06:21.97875,2025-09-07 07:06:21.978752
1029,Paphiopedilum mastersianum (Rchb.f.) Stein,Paphiopedilum,mastersianum Rchb.f.,,,,2025-09-07 07:06:22.017906,2025-09-07 07:06:22.017908
1030,Paphiopedilum mastersianum (Rchb.f.) Stein var. mohrianum (Braem) Koop.,Paphiopedilum,mastersianum Rchb.f.,,,,2025-09-07 07:06:22.057249,2025-09-07 07:06:22.057252
1031,Paphiopedilum micranthum Tang & F. T. Wang,Paphiopedilum,micranthum Tang,,,,2025-09-07 07:06:22.097076,2025-09-07 07:06:22.097079
1032,Paphiopedilum myanmaricum Koop.,Paphiopedilum,myanmaricum Koop.,,,,2025-09-07 07:06:22.136448,2025-09-07 07:06:22.13645
1033,Paphiopedilum nataschae Braem,Paphiopedilum,nataschae Braem,,,,2025-09-07 07:06:22.175809,2025-09-07 07:06:22.175812
1034,Paphiopedilum niveum (Rchb.f.) Stein,Paphiopedilum,niveum Rchb.f.,,,,2025-09-07 07:06:22.215009,2025-09-07 07:06:22.215013
1035,Paphiopedilum notatisepalum Z. J. Liu,Paphiopedilum,notatisepalum Z.,,,,2025-09-07 07:06:22.255012,2025-09-07 07:06:22.255015
1036,Paphiopedilum ooii Koop.,Paphiopedilum,ooii Koop.,,,,2025-09-07 07:06:22.2946,2025-09-07 07:06:22.294602
1037,Paphiopedilum papiliolaoticum Schuit.,Paphiopedilum,papiliolaoticum Schuit.,,,,2025-09-07 07:06:22.333967,2025-09-07 07:06:22.333971
1038,Paphiopedilum papuanum (Ridl.) L. O. Williams,Paphiopedilum,papuanum Ridl.,,,,2025-09-07 07:06:22.37322,2025-09-07 07:06:22.373223
1039,Paphiopedilum parishii (Rchb.f.) Stein,Paphiopedilum,parishii Rchb.f.,,,,2025-09-07 07:06:22.412564,2025-09-07 07:06:22.412568
1373,Disa hallackii Rolfe,Disa,hallackii Rolfe,,,,2025-09-07 07:06:35.697814,2025-09-07 07:06:35.697816
1040,Paphiopedilum philippinense (Rchb.f.) Stein,Paphiopedilum,philippinense Rchb.f.,,,,2025-09-07 07:06:22.451788,2025-09-07 07:06:22.45179
1041,Paphiopedilum philippinense (Rchb.f.) Stein var. bicornutum O. Gruss,Paphiopedilum,philippinense Rchb.f.,,,,2025-09-07 07:06:22.490742,2025-09-07 07:06:22.490745
1042,Paphiopedilum philippinense (Rchb.f.) Stein var. roebbelenii (Veitch) P. J. Cribb,Paphiopedilum,philippinense Rchb.f.,,,,2025-09-07 07:06:22.534457,2025-09-07 07:06:22.534461
1043,Paphiopedilum primulinum M. W. Wood & P. Taylor,Paphiopedilum,primulinum M.,,,,2025-09-07 07:06:22.573714,2025-09-07 07:06:22.573717
1044,Paphiopedilum primulinum M. W. Wood & P. Taylor var. purpurascens (M. W. Wood) P. J. Cribb,Paphiopedilum,primulinum M.,,,,2025-09-07 07:06:22.61298,2025-09-07 07:06:22.612982
1045,Paphiopedilum purpuratum (Lindl.) Stein,Paphiopedilum,purpuratum Lindl.,,,,2025-09-07 07:06:22.652861,2025-09-07 07:06:22.65287
1046,Paphiopedilum qingyongii Z. J. Liu & L. J. Chen,Paphiopedilum,qingyongii Z.,,,,2025-09-07 07:06:22.691937,2025-09-07 07:06:22.691939
1047,Paphiopedilum randsii Fowlie,Paphiopedilum,randsii Fowlie,,,,2025-09-07 07:06:22.730937,2025-09-07 07:06:22.730939
1048,Paphiopedilum robinsonianum Cavestro,Paphiopedilum,robinsonianum Cavestro,,,,2025-09-07 07:06:22.769937,2025-09-07 07:06:22.769938
1049,Paphiopedilum robinsonianum Cavestro var. anitanum (Cavestro) Koop.,Paphiopedilum,robinsonianum Cavestro,,,,2025-09-07 07:06:22.808834,2025-09-07 07:06:22.808836
1050,Paphiopedilum rohmanii Cavestro & O. Gruss,Paphiopedilum,rohmanii Cavestro,,,,2025-09-07 07:06:22.847733,2025-09-07 07:06:22.847735
1051,Paphiopedilum rothschildianum (Rchb.f.) Stein,Paphiopedilum,rothschildianum Rchb.f.,,,,2025-09-07 07:06:22.886728,2025-09-07 07:06:22.88673
1052,Paphiopedilum rungsuriyanum O. Gruss,Paphiopedilum,rungsuriyanum O.,,,,2025-09-07 07:06:22.925784,2025-09-07 07:06:22.925787
1053,Paphiopedilum sanderianum (Rchb.f.) Stein,Paphiopedilum,sanderianum Rchb.f.,,,,2025-09-07 07:06:22.964759,2025-09-07 07:06:22.96476
1054,Paphiopedilum sandyanum Cavestro & G. Benk,Paphiopedilum,sandyanum Cavestro,,,,2025-09-07 07:06:23.004065,2025-09-07 07:06:23.004067
1055,Paphiopedilum sangii Braem,Paphiopedilum,sangii Braem,,,,2025-09-07 07:06:23.043593,2025-09-07 07:06:23.043596
1056,Paphiopedilum sangii Braem var. ayubianum O. Gruss & Roeth,Paphiopedilum,sangii Braem,,,,2025-09-07 07:06:23.085581,2025-09-07 07:06:23.085584
1057,Paphiopedilum schoseri Braem & H. Mohr,Paphiopedilum,schoseri Braem,,,,2025-09-07 07:06:23.124641,2025-09-07 07:06:23.124643
1058,Paphiopedilum spicerianum (Rchb.f.) Pfitzer,Paphiopedilum,spicerianum Rchb.f.,,,,2025-09-07 07:06:23.16336,2025-09-07 07:06:23.163361
1059,Paphiopedilum stenolomum Z. J. Liu,Paphiopedilum,stenolomum Z.,,,,2025-09-07 07:06:23.202005,2025-09-07 07:06:23.202006
1060,Paphiopedilum stonei ssp. stonei (Hook.) Stein,Paphiopedilum,stonei ssp.,,,,2025-09-07 07:06:23.241791,2025-09-07 07:06:23.241795
1061,Paphiopedilum stonei var. platyphyllum (T. Yukawa) J. M. H. Shaw,Paphiopedilum,stonei,,,,2025-09-07 07:06:23.28243,2025-09-07 07:06:23.282433
1062,Paphiopedilum stonei ssp. stictopetalum M. W. Wood,Paphiopedilum,stonei ssp.,,,,2025-09-07 07:06:23.3217,2025-09-07 07:06:23.321703
1063,Paphiopedilum sugiyamanum Cavestro,Paphiopedilum,sugiyamanum Cavestro,,,,2025-09-07 07:06:23.361249,2025-09-07 07:06:23.361252
1064,Paphiopedilum sukhakulii Schoser & Senghas,Paphiopedilum,sukhakulii Schoser,,,,2025-09-07 07:06:23.400737,2025-09-07 07:06:23.40074
1065,Paphiopedilum supardii Braem & Lob,Paphiopedilum,supardii Braem,,,,2025-09-07 07:06:23.440073,2025-09-07 07:06:23.440076
1066,Paphiopedilum superbiens (Rchb.f.) Stein,Paphiopedilum,superbiens Rchb.f.,,,,2025-09-07 07:06:23.479167,2025-09-07 07:06:23.47917
1067,Paphiopedilum superbiens (Rchb.f.) Stein var. curtisii (Rchb.f.) Braem,Paphiopedilum,superbiens Rchb.f.,,,,2025-09-07 07:06:23.518729,2025-09-07 07:06:23.518731
1068,Paphiopedilum superbiens (Rchb.f.) Stein var. sanderae (Curtis) Braem,Paphiopedilum,superbiens Rchb.f.,,,,2025-09-07 07:06:23.55801,2025-09-07 07:06:23.558013
1069,Paphiopedilum thaianum Iamwir.,Paphiopedilum,thaianum Iamwir.,,,,2025-09-07 07:06:23.597013,2025-09-07 07:06:23.597016
1070,Paphiopedilum tigrinum Koop. & N. Haseg.,Paphiopedilum,tigrinum Koop.,,,,2025-09-07 07:06:23.636857,2025-09-07 07:06:23.636861
1071,Paphiopedilum tonsum (Rchb.f.) Stein,Paphiopedilum,tonsum Rchb.f.,,,,2025-09-07 07:06:23.675768,2025-09-07 07:06:23.67577
1072,Paphiopedilum tonsum (Rchb.f.) Stein var. braemii (H. Mohr) O. Gruss,Paphiopedilum,tonsum Rchb.f.,,,,2025-09-07 07:06:23.714765,2025-09-07 07:06:23.714767
1073,Paphiopedilum tranlienianum O. Gruss & Perner,Paphiopedilum,tranlienianum O.,,,,2025-09-07 07:06:23.754099,2025-09-07 07:06:23.754101
1074,Paphiopedilum trungkienii (Aver.,Paphiopedilum,trungkienii Aver.,,,,2025-09-07 07:06:23.797964,2025-09-07 07:06:23.797968
1075,Paphiopedilum urbanianum Fowlie,Paphiopedilum,urbanianum Fowlie,,,,2025-09-07 07:06:23.836959,2025-09-07 07:06:23.836961
1076,Paphiopedilum usitanum O. Gruss & Roeth,Paphiopedilum,usitanum O.,,,,2025-09-07 07:06:23.875771,2025-09-07 07:06:23.875774
1077,Paphiopedilum venustum (Wall. ex Sims) Pfitzer,Paphiopedilum,venustum Wall.,,,,2025-09-07 07:06:23.91493,2025-09-07 07:06:23.914933
1078,Paphiopedilum victoria-mariae Sander ex Rolfe,Paphiopedilum,victoria-mariae Sander,,,,2025-09-07 07:06:23.954026,2025-09-07 07:06:23.954028
1079,Paphiopedilum victoria-regina ssp. victoria-reginae (Sander) M. W. Wood,Paphiopedilum,victoria-regina ssp.,,,,2025-09-07 07:06:23.992827,2025-09-07 07:06:23.992829
1080,Paphiopedilum victoria-regina var. kalinae (Braem) Koop.,Paphiopedilum,victoria-regina,,,,2025-09-07 07:06:24.031507,2025-09-07 07:06:24.031509
1081,Paphiopedilum victoria-regina ssp. chamberlainianum (Sander) M. W. Wood,Paphiopedilum,victoria-regina ssp.,,,,2025-09-07 07:06:24.070525,2025-09-07 07:06:24.070527
1082,Paphiopedilum victoria-regina var. flavescens Fowlie,Paphiopedilum,victoria-regina,,,,2025-09-07 07:06:24.114874,2025-09-07 07:06:24.114875
1083,Paphiopedilum victoria-regina var. flavum Fowlie,Paphiopedilum,victoria-regina,,,,2025-09-07 07:06:24.153499,2025-09-07 07:06:24.153501
1084,Paphiopedilum victoria-regina var. latifolium (Schltr.) Beckm.,Paphiopedilum,victoria-regina,,,,2025-09-07 07:06:24.192413,2025-09-07 07:06:24.192414
1085,Paphiopedilum vietnamense O. Gruss & Perner,Paphiopedilum,vietnamense O.,,,,2025-09-07 07:06:24.231074,2025-09-07 07:06:24.231076
1086,Paphiopedilum villosum (Lindl.) Stein,Paphiopedilum,villosum Lindl.,,,,2025-09-07 07:06:24.270115,2025-09-07 07:06:24.270118
1087,Paphiopedilum villosum (Lindl.) Stein var. annamense Rolfe,Paphiopedilum,villosum Lindl.,,,,2025-09-07 07:06:24.309531,2025-09-07 07:06:24.309534
1088,Paphiopedilum villosum (Lindl.) Stein var. boxallii (Rchb.f.) Pfitzer,Paphiopedilum,villosum Lindl.,,,,2025-09-07 07:06:24.351216,2025-09-07 07:06:24.351219
1089,Paphiopedilum villosum (Lindl.) Stein var. densissimum (Z. J. Liu & S. C. Chen) Z. J. Liu & S. C. Chen,Paphiopedilum,villosum Lindl.,,,,2025-09-07 07:06:24.391295,2025-09-07 07:06:24.391298
1090,Paphiopedilum villosum (Lindl.) Stein var. laichaunum N. S. Hai & N. H. Tuan,Paphiopedilum,villosum Lindl.,,,,2025-09-07 07:06:24.43063,2025-09-07 07:06:24.430632
1091,Paphiopedilum viniferum Koop. & N. Haseg.,Paphiopedilum,viniferum Koop.,,,,2025-09-07 07:06:24.469887,2025-09-07 07:06:24.46989
1092,Paphiopedilum violascens Schltr.,Paphiopedilum,violascens Schltr.,,,,2025-09-07 07:06:24.508935,2025-09-07 07:06:24.508938
1093,Paphiopedilum violascens Schltr. var. bougainvilleanum (Fowlie) Koop.,Paphiopedilum,violascens Schltr.,,,,2025-09-07 07:06:24.548066,2025-09-07 07:06:24.54814
1094,Paphiopedilum violascens Schltr. var. saskianum (O. Gruss & Roeth) Koop.,Paphiopedilum,violascens Schltr.,,,,2025-09-07 07:06:24.5875,2025-09-07 07:06:24.587503
1095,Paphiopedilum wardii Summerh.,Paphiopedilum,wardii Summerh.,,,,2025-09-07 07:06:24.626784,2025-09-07 07:06:24.626786
1096,Paphiopedilum wenshanense Z. J. Liu & J. Yong Zhang,Paphiopedilum,wenshanense Z.,,,,2025-09-07 07:06:24.666144,2025-09-07 07:06:24.666148
1097,Paphiopedilum wentworthianum Schoser & Fowlie,Paphiopedilum,wentworthianum Schoser,,,,2025-09-07 07:06:24.704992,2025-09-07 07:06:24.704994
1098,Paphiopedilum wilhelminae L. O. Williams,Paphiopedilum,wilhelminae L.,,,,2025-09-07 07:06:24.743831,2025-09-07 07:06:24.743833
1099,Paphiopedilum x ailaoshanense B. Liu & S. P. Chen,Paphiopedilum,x ailaoshanense,,,,2025-09-07 07:06:24.782568,2025-09-07 07:06:24.78257
1100,Paphiopedilum x aspersum Aver.,Paphiopedilum,x aspersum,,,,2025-09-07 07:06:24.821251,2025-09-07 07:06:24.821253
1101,Paphiopedilum x aspersum Aver. var. trantuananhii O. Gruss,Paphiopedilum,x aspersum,,,,2025-09-07 07:06:24.859871,2025-09-07 07:06:24.859873
1102,Paphiopedilum x beyrodtianum Guillaumin,Paphiopedilum,x beyrodtianum,,,,2025-09-07 07:06:24.898502,2025-09-07 07:06:24.898504
1103,Paphiopedilum x burbidgei (Rchb.f.) Pfitzer,Paphiopedilum,x burbidgei,,,,2025-09-07 07:06:24.937539,2025-09-07 07:06:24.93754
1104,Paphiopedilum x cribbii Aver.,Paphiopedilum,x cribbii,,,,2025-09-07 07:06:24.976391,2025-09-07 07:06:24.976394
1105,Paphiopedilum x cribbii Aver. var. yunnanicum (Z. J. Liu & S. C. Chen) J. M. H. Shaw ex Govaerts,Paphiopedilum,x cribbii,,,,2025-09-07 07:06:25.015763,2025-09-07 07:06:25.015767
1106,Paphiopedilum x crossianum (Rchb.f.) Stein,Paphiopedilum,x crossianum,,,,2025-09-07 07:06:25.054837,2025-09-07 07:06:25.054839
1107,Paphiopedilum x dalatense Aver.,Paphiopedilum,x dalatense,,,,2025-09-07 07:06:25.094167,2025-09-07 07:06:25.09417
1108,Paphiopedilum x deleonii Cabactulan,Paphiopedilum,x deleonii,,,,2025-09-07 07:06:25.133827,2025-09-07 07:06:25.133829
1109,Paphiopedilum x dixlerianum Braem & Chiron,Paphiopedilum,x dixlerianum,,,,2025-09-07 07:06:25.172957,2025-09-07 07:06:25.172959
1110,Paphiopedilum x expansum J. T. Atwood,Paphiopedilum,x expansum,,,,2025-09-07 07:06:25.212219,2025-09-07 07:06:25.21222
1111,Paphiopedilum x fanaticum Koop. & N. Haseg.,Paphiopedilum,x fanaticum,,,,2025-09-07 07:06:25.251279,2025-09-07 07:06:25.251281
1112,Paphiopedilum x frankeanum Rolfe,Paphiopedilum,x frankeanum,,,,2025-09-07 07:06:25.29241,2025-09-07 07:06:25.292412
1113,Paphiopedilum x glanzii O. Gruss & Perner,Paphiopedilum,x glanzii,,,,2025-09-07 07:06:25.331647,2025-09-07 07:06:25.331649
1114,Paphiopedilum x grussianum H. S. Hua,Paphiopedilum,x grussianum,,,,2025-09-07 07:06:25.37182,2025-09-07 07:06:25.371823
1115,Paphiopedilum x huangrongshuanum Petchl. & O. Gruss,Paphiopedilum,x huangrongshuanum,,,,2025-09-07 07:06:25.411628,2025-09-07 07:06:25.411632
1116,Paphiopedilum x kimballianum (L. Linden) Rolfe,Paphiopedilum,x kimballianum,,,,2025-09-07 07:06:25.451318,2025-09-07 07:06:25.451321
1117,Paphiopedilum x leeanum O. Gruss,Paphiopedilum,x leeanum,,,,2025-09-07 07:06:25.490919,2025-09-07 07:06:25.490922
1118,Paphiopedilum x littleanum (Anon.) Rolfe,Paphiopedilum,x littleanum,,,,2025-09-07 07:06:25.534614,2025-09-07 07:06:25.534618
1119,Paphiopedilum x lushuiense Z. J. Liu & S. C. Chen,Paphiopedilum,x lushuiense,,,,2025-09-07 07:06:25.576261,2025-09-07 07:06:25.576265
1120,Paphiopedilum x mattesii Pittenauer ex Roeth & O. Gruss,Paphiopedilum,x mattesii,,,,2025-09-07 07:06:25.616303,2025-09-07 07:06:25.616307
1121,Paphiopedilum x mittrachianum O. Gruss,Paphiopedilum,x mittrachianum,,,,2025-09-07 07:06:25.65545,2025-09-07 07:06:25.655453
1122,Paphiopedilum x nitens (Rchb.f.) Stein,Paphiopedilum,x nitens,,,,2025-09-07 07:06:25.694897,2025-09-07 07:06:25.6949
1123,Paphiopedilum x pereirae (Ridl.) Schltr.,Paphiopedilum,x pereirae,,,,2025-09-07 07:06:25.739937,2025-09-07 07:06:25.73994
1124,Paphiopedilum x petchleungianum O. Gruss,Paphiopedilum,x petchleungianum,,,,2025-09-07 07:06:25.779239,2025-09-07 07:06:25.779242
1125,Paphiopedilum x polystigmaticum (Rchb.f.) Stein,Paphiopedilum,x polystigmaticum,,,,2025-09-07 07:06:25.81876,2025-09-07 07:06:25.818763
1126,Paphiopedilum x powellii Christenson,Paphiopedilum,x powellii,,,,2025-09-07 07:06:25.858115,2025-09-07 07:06:25.858117
1127,Paphiopedilum x pradhanii Pradhan,Paphiopedilum,x pradhanii,,,,2025-09-07 07:06:25.897401,2025-09-07 07:06:25.897403
1128,Paphiopedilum x sanjiangianum Petchl. & O. Gruss,Paphiopedilum,x sanjiangianum,,,,2025-09-07 07:06:25.937419,2025-09-07 07:06:25.937423
1129,Paphiopedilum x schlechterianum O. Gruss,Paphiopedilum,x schlechterianum,,,,2025-09-07 07:06:25.97676,2025-09-07 07:06:25.976764
1130,Paphiopedilum x shipwayae Rolfe,Paphiopedilum,x shipwayae,,,,2025-09-07 07:06:26.015967,2025-09-07 07:06:26.01597
1131,Paphiopedilum x siamense Rolfe ex Fowlie,Paphiopedilum,x siamense,,,,2025-09-07 07:06:26.055413,2025-09-07 07:06:26.055416
1132,Paphiopedilum x sinovillosum Z. J. Liu & S. C. Chen,Paphiopedilum,x sinovillosum,,,,2025-09-07 07:06:26.094484,2025-09-07 07:06:26.094488
1133,Paphiopedilum x tamphianum Aver. & O. Gruss,Paphiopedilum,x tamphianum,,,,2025-09-07 07:06:26.134061,2025-09-07 07:06:26.134065
1134,Paphiopedilum x undulatum Z. J. Liu & S. C. Chen,Paphiopedilum,x undulatum,,,,2025-09-07 07:06:26.173252,2025-09-07 07:06:26.173255
1135,Paphiopedilum x vietenryanum O. Gruss & Petchl.,Paphiopedilum,x vietenryanum,,,,2025-09-07 07:06:26.212656,2025-09-07 07:06:26.212659
1136,Paphiopedilum x wuliangshanicum Z. J. Liu,Paphiopedilum,x wuliangshanicum,,,,2025-09-07 07:06:26.251807,2025-09-07 07:06:26.25181
1137,Paphiopedilum x yingjiangense Z. J. Liu & S. C. Chen,Paphiopedilum,x yingjiangense,,,,2025-09-07 07:06:26.290882,2025-09-07 07:06:26.290885
1138,Paphiopedilum zulhermanianum Cavestro,Paphiopedilum,zulhermanianum Cavestro,,,,2025-09-07 07:06:26.329964,2025-09-07 07:06:26.329968
1139,Codonorchis Lindl.,Codonorchis,Lindl.,,,,2025-09-07 07:06:26.368997,2025-09-07 07:06:26.368999
1140,Codonorchis canisioi Mansf.,Codonorchis,canisioi Mansf.,,,,2025-09-07 07:06:26.408268,2025-09-07 07:06:26.408271
1141,Codonorchis lessonii (d'Urv.) Lindl.,Codonorchis,lessonii d'Urv.,,,,2025-09-07 07:06:26.454638,2025-09-07 07:06:26.454641
1142,Huttonaea Harv.,Huttonaea,Harv.,,,,2025-09-07 07:06:26.494451,2025-09-07 07:06:26.494454
1143,Huttonaea fimbriata Rchb.f.,Huttonaea,fimbriata Rchb.f.,,,,2025-09-07 07:06:26.533949,2025-09-07 07:06:26.533951
1144,Huttonaea grandiflora (Schltr.) Rolfe,Huttonaea,grandiflora Schltr.,,,,2025-09-07 07:06:26.577563,2025-09-07 07:06:26.577566
1145,Huttonaea oreophila Schltr.,Huttonaea,oreophila Schltr.,,,,2025-09-07 07:06:26.63361,2025-09-07 07:06:26.633613
1146,Huttonaea pulchra Harv.,Huttonaea,pulchra Harv.,,,,2025-09-07 07:06:26.674336,2025-09-07 07:06:26.674339
1147,Huttonaea woodii Schltr.,Huttonaea,woodii Schltr.,,,,2025-09-07 07:06:26.713931,2025-09-07 07:06:26.713933
1148,Pachites Lindl.,Pachites,Lindl.,,,,2025-09-07 07:06:26.754916,2025-09-07 07:06:26.754919
1149,Pachites appressus Lindl.,Pachites,appressus Lindl.,,,,2025-09-07 07:06:26.796821,2025-09-07 07:06:26.796825
1150,Pachites bodkinii Bolus,Pachites,bodkinii Bolus,,,,2025-09-07 07:06:26.836242,2025-09-07 07:06:26.836244
1151,Brownleea Harv. ex Lindl.,Brownleea,Harv. ex,,,,2025-09-07 07:06:26.875037,2025-09-07 07:06:26.875039
1152,Brownleea coerulea Harv. ex Lindl.,Brownleea,coerulea Harv.,,,,2025-09-07 07:06:26.914152,2025-09-07 07:06:26.914154
1153,Brownleea galpinii ssp. galpinii Bolus,Brownleea,galpinii ssp.,,,,2025-09-07 07:06:26.95323,2025-09-07 07:06:26.953233
1154,Brownleea galpinii ssp. major (Bolus) Linder,Brownleea,galpinii ssp.,,,,2025-09-07 07:06:26.992317,2025-09-07 07:06:26.992319
1155,Brownleea graminicola McMurtry,Brownleea,graminicola McMurtry,,,,2025-09-07 07:06:27.031057,2025-09-07 07:06:27.031059
1156,Brownleea macroceras Sond.,Brownleea,macroceras Sond.,,,,2025-09-07 07:06:27.070431,2025-09-07 07:06:27.070434
1157,Brownleea maculata P. J. Cribb,Brownleea,maculata P.,,,,2025-09-07 07:06:27.109383,2025-09-07 07:06:27.109384
1158,Brownleea mulanjiensis H. P. Linder,Brownleea,mulanjiensis H.,,,,2025-09-07 07:06:27.148216,2025-09-07 07:06:27.148218
1159,Brownleea parviflora Harv. ex Lindl.,Brownleea,parviflora Harv.,,,,2025-09-07 07:06:27.188164,2025-09-07 07:06:27.188166
1160,Brownleea recurvata Sond.,Brownleea,recurvata Sond.,,,,2025-09-07 07:06:27.227214,2025-09-07 07:06:27.227215
1161,Disperis Sw.,Disperis,Sw.,,,,2025-09-07 07:06:27.267143,2025-09-07 07:06:27.267145
1162,Disperis ankarensis H. Perrier,Disperis,ankarensis H.,,,,2025-09-07 07:06:27.305991,2025-09-07 07:06:27.305993
1163,Disperis anthoceras Rchb.f.,Disperis,anthoceras Rchb.f.,,,,2025-09-07 07:06:27.344658,2025-09-07 07:06:27.34466
1164,Disperis anthoceras Rchb.f. var. grandiflora Verdc.,Disperis,anthoceras Rchb.f.,,,,2025-09-07 07:06:27.383431,2025-09-07 07:06:27.383433
1165,Disperis anthoceras Rchb.f. var. humbertii (H. Perrier) la Croix,Disperis,anthoceras Rchb.f.,,,,2025-09-07 07:06:27.422081,2025-09-07 07:06:27.422116
1166,Disperis aphylla Kraenzl. ex De Wild. & T. Durand,Disperis,aphylla Kraenzl.,,,,2025-09-07 07:06:27.460788,2025-09-07 07:06:27.46079
1167,Disperis aphylla Kraenzl. ex De Wild. & T. Durand var. bifolia (Verdc.) Szlach. & Olszewski,Disperis,aphylla Kraenzl.,,,,2025-09-07 07:06:27.500503,2025-09-07 07:06:27.500507
1168,Disperis bathiei Bosser & la Croix,Disperis,bathiei Bosser,,,,2025-09-07 07:06:27.53975,2025-09-07 07:06:27.539754
1169,Disperis bifida P. J. Cribb,Disperis,bifida P.,,,,2025-09-07 07:06:27.578779,2025-09-07 07:06:27.578782
1170,Disperis bodkinii Bolus,Disperis,bodkinii Bolus,,,,2025-09-07 07:06:27.618569,2025-09-07 07:06:27.618572
1171,Disperis bolusiana ssp. bolusiana Schltr.,Disperis,bolusiana ssp.,,,,2025-09-07 07:06:27.657811,2025-09-07 07:06:27.657814
1172,Disperis bolusiana ssp. macrocorys (Rolfe) J. C. Manning,Disperis,bolusiana ssp.,,,,2025-09-07 07:06:27.699942,2025-09-07 07:06:27.699945
1173,Disperis bosseri P. J. Cribb & la Croix,Disperis,bosseri P.,,,,2025-09-07 07:06:27.745182,2025-09-07 07:06:27.745185
1174,Disperis breviloba Verdc.,Disperis,breviloba Verdc.,,,,2025-09-07 07:06:27.784146,2025-09-07 07:06:27.784148
1175,Disperis capensis (L.f.) Sw.,Disperis,capensis L.f.,,,,2025-09-07 07:06:27.82433,2025-09-07 07:06:27.824334
1176,Disperis capensis (L.f.) Sw. var. brevicaudata Rolfe,Disperis,capensis L.f.,,,,2025-09-07 07:06:27.863733,2025-09-07 07:06:27.863735
1177,Disperis cardiophora Harv.,Disperis,cardiophora Harv.,,,,2025-09-07 07:06:27.902874,2025-09-07 07:06:27.902877
1178,Disperis ciliata Bosser,Disperis,ciliata Bosser,,,,2025-09-07 07:06:27.941688,2025-09-07 07:06:27.94169
1179,Disperis circumflexa ssp. circumflexa (L.) T. Durand & Schinz,Disperis,circumflexa ssp.,,,,2025-09-07 07:06:27.980755,2025-09-07 07:06:27.980757
1180,Disperis circumflexa ssp. aemula (Schltr.) J. C. Manning,Disperis,circumflexa ssp.,,,,2025-09-07 07:06:28.01969,2025-09-07 07:06:28.019691
1181,Disperis concinna Schltr.,Disperis,concinna Schltr.,,,,2025-09-07 07:06:28.058361,2025-09-07 07:06:28.058363
1182,Disperis cooperi Harv.,Disperis,cooperi Harv.,,,,2025-09-07 07:06:28.097348,2025-09-07 07:06:28.09735
1183,Disperis cordata Sw.,Disperis,cordata Sw.,,,,2025-09-07 07:06:28.136131,2025-09-07 07:06:28.136135
1184,Disperis crassicaulis Rchb.f.,Disperis,crassicaulis Rchb.f.,,,,2025-09-07 07:06:28.175046,2025-09-07 07:06:28.175048
1185,Disperis cucullata Sw.,Disperis,cucullata Sw.,,,,2025-09-07 07:06:28.213809,2025-09-07 07:06:28.213811
1186,Disperis decipiens Verdc.,Disperis,decipiens Verdc.,,,,2025-09-07 07:06:28.252193,2025-09-07 07:06:28.252194
1187,Disperis dicerochila Summerh.,Disperis,dicerochila Summerh.,,,,2025-09-07 07:06:28.290726,2025-09-07 07:06:28.290728
1188,Disperis discifera H. Perrier,Disperis,discifera H.,,,,2025-09-07 07:06:28.329784,2025-09-07 07:06:28.329786
1189,Disperis discifera H. Perrier var. borbonica (H. Perrier) Bosser,Disperis,discifera H.,,,,2025-09-07 07:06:28.36857,2025-09-07 07:06:28.368571
1190,Disperis disiformis Schltr.,Disperis,disiformis Schltr.,,,,2025-09-07 07:06:28.411402,2025-09-07 07:06:28.411405
1191,Disperis egregia Summerh.,Disperis,egregia Summerh.,,,,2025-09-07 07:06:28.450658,2025-09-07 07:06:28.45066
1192,Disperis elaphoceras Verdc.,Disperis,elaphoceras Verdc.,,,,2025-09-07 07:06:28.4892,2025-09-07 07:06:28.489202
1193,Disperis erucifera H. Perrier,Disperis,erucifera H.,,,,2025-09-07 07:06:28.528394,2025-09-07 07:06:28.528396
1194,Disperis falcatipetala P. J. Cribb & la Croix,Disperis,falcatipetala P.,,,,2025-09-07 07:06:28.567802,2025-09-07 07:06:28.567805
1195,Disperis fanniniae Harv.,Disperis,fanniniae Harv.,,,,2025-09-07 07:06:28.606827,2025-09-07 07:06:28.60683
1196,Disperis galerita Rchb.f.,Disperis,galerita Rchb.f.,,,,2025-09-07 07:06:28.646115,2025-09-07 07:06:28.646117
1197,Disperis hildebrandtii Rchb.f.,Disperis,hildebrandtii Rchb.f.,,,,2025-09-07 07:06:28.685109,2025-09-07 07:06:28.685112
1198,Disperis humblotii Rchb.f.,Disperis,humblotii Rchb.f.,,,,2025-09-07 07:06:28.724027,2025-09-07 07:06:28.724031
1199,Disperis johnstonii Rolfe,Disperis,johnstonii Rolfe,,,,2025-09-07 07:06:28.763017,2025-09-07 07:06:28.763019
1200,Disperis kamerunensis Schltr.,Disperis,kamerunensis Schltr.,,,,2025-09-07 07:06:28.804031,2025-09-07 07:06:28.804033
1201,Disperis katangensis Summerh.,Disperis,katangensis Summerh.,,,,2025-09-07 07:06:28.84365,2025-09-07 07:06:28.843651
1202,Disperis katangensis Summerh. var. minor Verdc.,Disperis,katangensis Summerh.,,,,2025-09-07 07:06:28.882502,2025-09-07 07:06:28.882505
1203,Disperis kerstenii Rchb.f.,Disperis,kerstenii Rchb.f.,,,,2025-09-07 07:06:28.92208,2025-09-07 07:06:28.922106
1204,Disperis kilimanjarica Rendle,Disperis,kilimanjarica Rendle,,,,2025-09-07 07:06:28.962539,2025-09-07 07:06:28.962542
1205,Disperis lanceana H. Perrier,Disperis,lanceana H.,,,,2025-09-07 07:06:29.001769,2025-09-07 07:06:29.001772
1206,Disperis lanceolata Bosser & la Croix,Disperis,lanceolata Bosser,,,,2025-09-07 07:06:29.040613,2025-09-07 07:06:29.040616
1207,Disperis latigaleata H. Perrier,Disperis,latigaleata H.,,,,2025-09-07 07:06:29.079627,2025-09-07 07:06:29.079629
1208,Disperis leuconeura Schltr.,Disperis,leuconeura Schltr.,,,,2025-09-07 07:06:29.118999,2025-09-07 07:06:29.119002
1209,Disperis lindleyana Rchb.f.,Disperis,lindleyana Rchb.f.,,,,2025-09-07 07:06:29.157987,2025-09-07 07:06:29.15799
1210,Disperis macowanii Bolus,Disperis,macowanii Bolus,,,,2025-09-07 07:06:29.203736,2025-09-07 07:06:29.203739
1211,Disperis majungensis Schltr.,Disperis,majungensis Schltr.,,,,2025-09-07 07:06:29.243292,2025-09-07 07:06:29.243295
1212,Disperis masoalensis P. J. Cribb & la Croix,Disperis,masoalensis P.,,,,2025-09-07 07:06:29.282053,2025-09-07 07:06:29.282055
1213,Disperis meirax Rchb.f.,Disperis,meirax Rchb.f.,,,,2025-09-07 07:06:29.321273,2025-09-07 07:06:29.321276
1214,Disperis micrantha Lindl.,Disperis,micrantha Lindl.,,,,2025-09-07 07:06:29.360303,2025-09-07 07:06:29.360305
1215,Disperis mildbraedii Schltr. ex Summerh.,Disperis,mildbraedii Schltr.,,,,2025-09-07 07:06:29.399041,2025-09-07 07:06:29.399043
1216,Disperis mozambicensis Schltr.,Disperis,mozambicensis Schltr.,,,,2025-09-07 07:06:29.438051,2025-09-07 07:06:29.438054
1217,Disperis natascha-oppeltiae Eb. Fisch.,Disperis,natascha-oppeltiae Eb.,,,,2025-09-07 07:06:29.477158,2025-09-07 07:06:29.47716
1218,Disperis neilgherrensis Wight,Disperis,neilgherrensis Wight,,,,2025-09-07 07:06:29.516417,2025-09-07 07:06:29.51642
1219,Disperis nemorosa Rendle,Disperis,nemorosa Rendle,,,,2025-09-07 07:06:29.555516,2025-09-07 07:06:29.555519
1220,Disperis nitida Summerh.,Disperis,nitida Summerh.,,,,2025-09-07 07:06:29.595659,2025-09-07 07:06:29.595662
1221,Disperis oppositifolia Sm.,Disperis,oppositifolia Sm.,,,,2025-09-07 07:06:29.635563,2025-09-07 07:06:29.635567
1222,Disperis oppositifolia Sm. var. mascarenensis Bosser,Disperis,oppositifolia Sm.,,,,2025-09-07 07:06:29.674843,2025-09-07 07:06:29.674845
1223,Disperis oxyglossa Bolus,Disperis,oxyglossa Bolus,,,,2025-09-07 07:06:29.714829,2025-09-07 07:06:29.714833
1224,Disperis paludosa Harv. ex Lindl.,Disperis,paludosa Harv.,,,,2025-09-07 07:06:29.754582,2025-09-07 07:06:29.754585
1225,Disperis parviflora Schltr.,Disperis,parviflora Schltr.,,,,2025-09-07 07:06:29.793681,2025-09-07 07:06:29.793684
1226,Disperis perrieri Schltr.,Disperis,perrieri Schltr.,,,,2025-09-07 07:06:29.832839,2025-09-07 07:06:29.832842
1227,Disperis purpurata ssp. purpurata Rchb.f.,Disperis,purpurata ssp.,,,,2025-09-07 07:06:29.873864,2025-09-07 07:06:29.873879
1228,Disperis purpurata ssp. pallescens Bruyns,Disperis,purpurata ssp.,,,,2025-09-07 07:06:29.91288,2025-09-07 07:06:29.912883
1229,Disperis pusilla Verdc.,Disperis,pusilla Verdc.,,,,2025-09-07 07:06:29.952111,2025-09-07 07:06:29.952115
1230,Disperis raiilabris Summerh.,Disperis,raiilabris Summerh.,,,,2025-09-07 07:06:29.991706,2025-09-07 07:06:29.991708
1231,Disperis reichenbachiana Welw. ex Rchb.f.,Disperis,reichenbachiana Welw.,,,,2025-09-07 07:06:30.035714,2025-09-07 07:06:30.035717
1232,Disperis reklieberae Eb. Fisch.,Disperis,reklieberae Eb.,,,,2025-09-07 07:06:30.074831,2025-09-07 07:06:30.074834
1233,Disperis renibractea Schltr.,Disperis,renibractea Schltr.,,,,2025-09-07 07:06:30.113889,2025-09-07 07:06:30.113892
1234,Disperis saxicola Schltr.,Disperis,saxicola Schltr.,,,,2025-09-07 07:06:30.153018,2025-09-07 07:06:30.153021
1235,Disperis similis Schltr.,Disperis,similis Schltr.,,,,2025-09-07 07:06:30.192105,2025-09-07 07:06:30.192109
1236,Disperis stefan-jetteri Eb. Fisch.,Disperis,stefan-jetteri Eb.,,,,2025-09-07 07:06:30.231402,2025-09-07 07:06:30.231405
1237,Disperis stenoplectron Rchb.f.,Disperis,stenoplectron Rchb.f.,,,,2025-09-07 07:06:30.270752,2025-09-07 07:06:30.270754
1238,Disperis thomensis Summerh.,Disperis,thomensis Summerh.,,,,2025-09-07 07:06:30.309699,2025-09-07 07:06:30.309702
1239,Disperis thorncroftii Schltr.,Disperis,thorncroftii Schltr.,,,,2025-09-07 07:06:30.348585,2025-09-07 07:06:30.348587
1240,Disperis togoensis Schltr.,Disperis,togoensis Schltr.,,,,2025-09-07 07:06:30.388443,2025-09-07 07:06:30.388446
1241,Disperis tomaszii Szlach.,Disperis,tomaszii Szlach.,,,,2025-09-07 07:06:30.427771,2025-09-07 07:06:30.427773
1242,Disperis trilineata Schltr.,Disperis,trilineata Schltr.,,,,2025-09-07 07:06:30.466511,2025-09-07 07:06:30.466513
1243,Disperis tripetaloides (Thouars) Lindl.,Disperis,tripetaloides Thouars,,,,2025-09-07 07:06:30.505693,2025-09-07 07:06:30.505697
1244,Disperis tysonii Bolus,Disperis,tysonii Bolus,,,,2025-09-07 07:06:30.546031,2025-09-07 07:06:30.546034
1245,Disperis uzungwae Verdc.,Disperis,uzungwae Verdc.,,,,2025-09-07 07:06:30.585158,2025-09-07 07:06:30.58516
1246,Disperis villosa (L.f.) Sw.,Disperis,villosa L.f.,,,,2025-09-07 07:06:30.624136,2025-09-07 07:06:30.624139
1247,Disperis virginalis Schltr.,Disperis,virginalis Schltr.,,,,2025-09-07 07:06:30.666361,2025-09-07 07:06:30.666365
1248,Disperis wealei Rchb.f.,Disperis,wealei Rchb.f.,,,,2025-09-07 07:06:30.705506,2025-09-07 07:06:30.705509
1249,Disperis woodii Bolus,Disperis,woodii Bolus,,,,2025-09-07 07:06:30.744751,2025-09-07 07:06:30.744755
1250,Pterygodium Sw.,Pterygodium,Sw.,,,,2025-09-07 07:06:30.784296,2025-09-07 07:06:30.784299
1251,Pterygodium acutifolium Lindl.,Pterygodium,acutifolium Lindl.,,,,2025-09-07 07:06:30.82412,2025-09-07 07:06:30.824124
1252,Pterygodium alatum (Thunb.) Sw.,Pterygodium,alatum Thunb.,,,,2025-09-07 07:06:30.86617,2025-09-07 07:06:30.866173
1253,Pterygodium afrum (L.) Sw.,Pterygodium,afrum L.,,,,2025-09-07 07:06:30.913257,2025-09-07 07:06:30.91326
1254,Pterygodium catholicum (L.) Sw.,Pterygodium,catholicum L.,,,,2025-09-07 07:06:30.952307,2025-09-07 07:06:30.95231
1255,Pterygodium cleistogamum Schltr.,Pterygodium,cleistogamum Schltr.,,,,2025-09-07 07:06:30.991036,2025-09-07 07:06:30.991038
1256,Pterygodium connivens Schelpe,Pterygodium,connivens Schelpe,,,,2025-09-07 07:06:31.032249,2025-09-07 07:06:31.032252
1257,Pterygodium cooperi Rolfe,Pterygodium,cooperi Rolfe,,,,2025-09-07 07:06:31.074116,2025-09-07 07:06:31.074119
1258,Pterygodium cruciferum Sond.,Pterygodium,cruciferum Sond.,,,,2025-09-07 07:06:31.11582,2025-09-07 07:06:31.115823
1259,Pterygodium hallii (Schelpe) Kurzweil & H. P. Linder,Pterygodium,hallii Schelpe,,,,2025-09-07 07:06:31.156471,2025-09-07 07:06:31.156473
1260,Pterygodium hastatum Bolus,Pterygodium,hastatum Bolus,,,,2025-09-07 07:06:31.195607,2025-09-07 07:06:31.195609
1261,Pterygodium inversum (Thunb.) Sw.,Pterygodium,inversum Thunb.,,,,2025-09-07 07:06:31.23531,2025-09-07 07:06:31.235314
1262,Pterygodium leucanthum Bolus,Pterygodium,leucanthum Bolus,,,,2025-09-07 07:06:31.274248,2025-09-07 07:06:31.27425
1263,Pterygodium magnum Rchb.f.,Pterygodium,magnum Rchb.f.,,,,2025-09-07 07:06:31.314658,2025-09-07 07:06:31.314662
1264,Pterygodium newdigatae Bolus,Pterygodium,newdigatae Bolus,,,,2025-09-07 07:06:31.353946,2025-09-07 07:06:31.353947
1265,Pterygodium pentherianum Schltr.,Pterygodium,pentherianum Schltr.,,,,2025-09-07 07:06:31.39292,2025-09-07 07:06:31.392922
1266,Pterygodium platypetalum Lindl.,Pterygodium,platypetalum Lindl.,,,,2025-09-07 07:06:31.43216,2025-09-07 07:06:31.432162
1267,Pterygodium schelpei H. P. Linder,Pterygodium,schelpei H.,,,,2025-09-07 07:06:31.47147,2025-09-07 07:06:31.471471
1268,Pterygodium ukingense Schltr.,Pterygodium,ukingense Schltr.,,,,2025-09-07 07:06:31.512882,2025-09-07 07:06:31.512884
1269,Pterygodium vermiferum E. G. H. Oliv. & Liltved,Pterygodium,vermiferum E.,,,,2025-09-07 07:06:31.553097,2025-09-07 07:06:31.5531
1270,Pterygodium volucris (L.f.) Sw.,Pterygodium,volucris L.f.,,,,2025-09-07 07:06:31.592868,2025-09-07 07:06:31.59287
1271,Corycium Sw.,Corycium,Sw.,,,,2025-09-07 07:06:31.632602,2025-09-07 07:06:31.632605
1272,Corycium alticola Parkman & Schelpe,Corycium,alticola Parkman,,,,2025-09-07 07:06:31.674217,2025-09-07 07:06:31.67422
1273,Corycium bicolorum (Thunb.) Sw.,Corycium,bicolorum Thunb.,,,,2025-09-07 07:06:31.713752,2025-09-07 07:06:31.713756
1274,Corycium bifidum Sond.,Corycium,bifidum Sond.,,,,2025-09-07 07:06:31.753177,2025-09-07 07:06:31.75318
1275,Corycium crispum (Thunb.) Sw.,Corycium,crispum Thunb.,,,,2025-09-07 07:06:31.793037,2025-09-07 07:06:31.793041
1276,Corycium deflexum (Bolus) Rolfe,Corycium,deflexum Bolus,,,,2025-09-07 07:06:31.835574,2025-09-07 07:06:31.835577
1277,Corycium dracomontanum Parkman & Schelpe,Corycium,dracomontanum Parkman,,,,2025-09-07 07:06:31.875163,2025-09-07 07:06:31.875167
1278,Corycium excisum Lindl.,Corycium,excisum Lindl.,,,,2025-09-07 07:06:31.915341,2025-09-07 07:06:31.915344
1279,Corycium flanaganii (Bolus) Kurzweil & H. P. Linder,Corycium,flanaganii Bolus,,,,2025-09-07 07:06:31.955138,2025-09-07 07:06:31.955141
1280,Corycium ingeanum E. G. H. Oliv.,Corycium,ingeanum E.,,,,2025-09-07 07:06:31.994562,2025-09-07 07:06:31.994565
1281,Corycium microglossum Lindl.,Corycium,microglossum Lindl.,,,,2025-09-07 07:06:32.0341,2025-09-07 07:06:32.034103
1282,Corycium nigrescens Sond.,Corycium,nigrescens Sond.,,,,2025-09-07 07:06:32.073319,2025-09-07 07:06:32.073321
1283,Corycium orobanchoides (L.f.) Sw.,Corycium,orobanchoides L.f.,,,,2025-09-07 07:06:32.11253,2025-09-07 07:06:32.112534
1284,Corycium tricuspidatum Bolus,Corycium,tricuspidatum Bolus,,,,2025-09-07 07:06:32.152754,2025-09-07 07:06:32.152758
1285,Evotella Kurzweil & H. P. Linder,Evotella,Kurzweil &,,,,2025-09-07 07:06:32.191927,2025-09-07 07:06:32.191929
1286,Evotella carnosa (Lindl.) J. C. Manning & Goldblatt,Evotella,carnosa Lindl.,,,,2025-09-07 07:06:32.23104,2025-09-07 07:06:32.231043
1287,Evotella rubiginosa (Sond. ex Bolus) Kurzweil & H. P. Linder,Evotella,rubiginosa Sond.,,,,2025-09-07 07:06:32.270247,2025-09-07 07:06:32.270256
1288,Ceratandra Eckl. ex F. A. Bauer,Ceratandra,Eckl. ex,,,,2025-09-07 07:06:32.309224,2025-09-07 07:06:32.309226
1289,Ceratandra atrata (L.) T. Durand & Schinz,Ceratandra,atrata L.,,,,2025-09-07 07:06:32.348199,2025-09-07 07:06:32.348202
1290,Ceratandra bicolor Sond. ex Drège,Ceratandra,bicolor Sond.,,,,2025-09-07 07:06:32.387303,2025-09-07 07:06:32.387306
1291,Ceratandra globosa Lindl.,Ceratandra,globosa Lindl.,,,,2025-09-07 07:06:32.427668,2025-09-07 07:06:32.427671
1292,Ceratandra grandiflora Lindl.,Ceratandra,grandiflora Lindl.,,,,2025-09-07 07:06:32.475856,2025-09-07 07:06:32.475859
1293,Ceratandra harveyana Lindl.,Ceratandra,harveyana Lindl.,,,,2025-09-07 07:06:32.514781,2025-09-07 07:06:32.514783
1294,Ceratandra venosa (Lindl.) Schltr.,Ceratandra,venosa Lindl.,,,,2025-09-07 07:06:32.553703,2025-09-07 07:06:32.553706
1295,Disa Bergius,Disa,Bergius,,,,2025-09-07 07:06:32.592599,2025-09-07 07:06:32.592601
1296,Disa aconitoides ssp. aconitoides Sond.,Disa,aconitoides ssp.,,,,2025-09-07 07:06:32.63164,2025-09-07 07:06:32.631642
1297,Disa aconitoides ssp. concinna (N. E. Br.) Linder,Disa,aconitoides ssp.,,,,2025-09-07 07:06:32.676855,2025-09-07 07:06:32.676856
1298,Disa aconitoides ssp. goetzeana (Kraenzl.) Linder,Disa,aconitoides ssp.,,,,2025-09-07 07:06:32.715675,2025-09-07 07:06:32.715678
1299,Disa aequiloba Summerh.,Disa,aequiloba Summerh.,,,,2025-09-07 07:06:32.757489,2025-09-07 07:06:32.757492
1300,Disa afra Bolus,Disa,afra Bolus,,,,2025-09-07 07:06:32.79698,2025-09-07 07:06:32.796983
1301,Disa albomagentea E. G. H. Oliv. & Liltved,Disa,albomagentea E.,,,,2025-09-07 07:06:32.836023,2025-09-07 07:06:32.836026
1302,Disa alinae Szlach.,Disa,alinae Szlach.,,,,2025-09-07 07:06:32.875221,2025-09-07 07:06:32.875225
1303,Disa alticola H. P. Linder,Disa,alticola H.,,,,2025-09-07 07:06:32.914914,2025-09-07 07:06:32.91492
1304,Disa amoena H. P. Linder,Disa,amoena H.,,,,2025-09-07 07:06:32.954483,2025-09-07 07:06:32.954486
1305,Disa andringitrana Schltr.,Disa,andringitrana Schltr.,,,,2025-09-07 07:06:32.993783,2025-09-07 07:06:32.993786
1306,Disa aperta N. E. Br.,Disa,aperta N.,,,,2025-09-07 07:06:33.033112,2025-09-07 07:06:33.033115
1307,Disa arida Vlok,Disa,arida Vlok,,,,2025-09-07 07:06:33.072202,2025-09-07 07:06:33.072204
1308,Disa aristata H. P. Linder,Disa,aristata H.,,,,2025-09-07 07:06:33.111245,2025-09-07 07:06:33.111246
1309,Disa atricapilla (Harv. ex Lindl.) Bolus,Disa,atricapilla Harv.,,,,2025-09-07 07:06:33.1502,2025-09-07 07:06:33.150203
1310,Disa atrorubens Schltr.,Disa,atrorubens Schltr.,,,,2025-09-07 07:06:33.190334,2025-09-07 07:06:33.190338
1311,Disa aurata (Bolus) L. T. Parker & Koop.,Disa,aurata Bolus,,,,2025-09-07 07:06:33.231363,2025-09-07 07:06:33.231367
1312,Disa barbata (L.f.) Sw.,Disa,barbata L.f.,,,,2025-09-07 07:06:33.270803,2025-09-07 07:06:33.270806
1313,Disa basutorum Schltr.,Disa,basutorum Schltr.,,,,2025-09-07 07:06:33.309747,2025-09-07 07:06:33.30975
1314,Disa baurii Bolus,Disa,baurii Bolus,,,,2025-09-07 07:06:33.348565,2025-09-07 07:06:33.348568
1315,Disa begleyi L. Bolus,Disa,begleyi L.,,,,2025-09-07 07:06:33.387816,2025-09-07 07:06:33.38782
1316,Disa bifida (Thunb.) Sw.,Disa,bifida Thunb.,,,,2025-09-07 07:06:33.427403,2025-09-07 07:06:33.427407
1317,Disa biflora (L.) Sw. ex Druce,Disa,biflora L.,,,,2025-09-07 07:06:33.466664,2025-09-07 07:06:33.466667
1318,Disa bivalvata (L.f.) T. Durand & Schinz,Disa,bivalvata L.f.,,,,2025-09-07 07:06:33.505491,2025-09-07 07:06:33.505494
1319,Disa bodkinii Bolus,Disa,bodkinii Bolus,,,,2025-09-07 07:06:33.544434,2025-09-07 07:06:33.544437
1320,Disa bolusiana Schltr.,Disa,bolusiana Schltr.,,,,2025-09-07 07:06:33.583443,2025-09-07 07:06:33.583445
1321,Disa borbonica Balf.f. & S. Moore,Disa,borbonica Balf.f.,,,,2025-09-07 07:06:33.622642,2025-09-07 07:06:33.622644
1322,Disa brachyceras Lindl.,Disa,brachyceras Lindl.,,,,2025-09-07 07:06:33.661469,2025-09-07 07:06:33.661471
1323,Disa bracteata Sw.,Disa,bracteata Sw.,,,,2025-09-07 07:06:33.701927,2025-09-07 07:06:33.701929
1324,Disa brevicornis (Lindl.) Bolus,Disa,brevicornis Lindl.,,,,2025-09-07 07:06:33.761924,2025-09-07 07:06:33.761926
1325,Disa brevipetala H. P. Linder,Disa,brevipetala H.,,,,2025-09-07 07:06:33.804048,2025-09-07 07:06:33.804051
1326,Disa buchenaviana Kraenzl.,Disa,buchenaviana Kraenzl.,,,,2025-09-07 07:06:33.844359,2025-09-07 07:06:33.844362
1327,Disa cardinalis H. P. Linder,Disa,cardinalis H.,,,,2025-09-07 07:06:33.883771,2025-09-07 07:06:33.883774
1328,Disa caulescens Lindl.,Disa,caulescens Lindl.,,,,2025-09-07 07:06:33.923536,2025-09-07 07:06:33.923538
1329,Disa cedarbergensis H. P. Linder,Disa,cedarbergensis H.,,,,2025-09-07 07:06:33.963166,2025-09-07 07:06:33.963169
1330,Disa celata Summerh.,Disa,celata Summerh.,,,,2025-09-07 07:06:34.00239,2025-09-07 07:06:34.002393
1331,Disa cephalotes ssp. cephalotes Rchb.f.,Disa,cephalotes ssp.,,,,2025-09-07 07:06:34.042178,2025-09-07 07:06:34.04218
1332,Disa cephalotes ssp. frigida (Schltr.) Linder,Disa,cephalotes ssp.,,,,2025-09-07 07:06:34.081609,2025-09-07 07:06:34.081613
1333,Disa cernua (Thunb.) Sw.,Disa,cernua Thunb.,,,,2025-09-07 07:06:34.120951,2025-09-07 07:06:34.120953
1334,Disa chimanimaniensis (H. P. Linder) H. P. Linder,Disa,chimanimaniensis H.,,,,2025-09-07 07:06:34.160179,2025-09-07 07:06:34.160181
1335,Disa chrysostachya Sw.,Disa,chrysostachya Sw.,,,,2025-09-07 07:06:34.199171,2025-09-07 07:06:34.199173
1336,Disa clavicornis H. P. Linder,Disa,clavicornis H.,,,,2025-09-07 07:06:34.23954,2025-09-07 07:06:34.239543
1337,Disa cochlearis S. D. Johnson & Liltved,Disa,cochlearis S.,,,,2025-09-07 07:06:34.279401,2025-09-07 07:06:34.279406
1338,Disa comosa (Rchb.f.) Schltr.,Disa,comosa Rchb.f.,,,,2025-09-07 07:06:34.319385,2025-09-07 07:06:34.319388
1339,Disa conferta Bolus,Disa,conferta Bolus,,,,2025-09-07 07:06:34.358582,2025-09-07 07:06:34.358584
1340,Disa cooperi Rchb.f.,Disa,cooperi Rchb.f.,,,,2025-09-07 07:06:34.397879,2025-09-07 07:06:34.397882
1341,Disa cornuta (L.) Sw.,Disa,cornuta L.,,,,2025-09-07 07:06:34.436873,2025-09-07 07:06:34.436877
1342,Disa crassicornis Lindl.,Disa,crassicornis Lindl.,,,,2025-09-07 07:06:34.476072,2025-09-07 07:06:34.476075
1343,Disa cryptantha Summerh.,Disa,cryptantha Summerh.,,,,2025-09-07 07:06:34.515316,2025-09-07 07:06:34.515319
1344,Disa cylindrica (Thunb.) Sw.,Disa,cylindrica Thunb.,,,,2025-09-07 07:06:34.554466,2025-09-07 07:06:34.554468
1345,Disa danielae Geerinck,Disa,danielae Geerinck,,,,2025-09-07 07:06:34.593581,2025-09-07 07:06:34.593583
1346,Disa densiflora (Lindl.) Bolus,Disa,densiflora Lindl.,,,,2025-09-07 07:06:34.638345,2025-09-07 07:06:34.638348
1347,Disa dichroa Summerh.,Disa,dichroa Summerh.,,,,2025-09-07 07:06:34.677756,2025-09-07 07:06:34.677759
1348,Disa dracomontana Schelpe ex H. P. Linder,Disa,dracomontana Schelpe,,,,2025-09-07 07:06:34.717053,2025-09-07 07:06:34.717054
1349,Disa draconis (L.f.) Sw.,Disa,draconis L.f.,,,,2025-09-07 07:06:34.756044,2025-09-07 07:06:34.756046
1350,Disa ecalcarata (G. J. Lewis) H. P. Linder,Disa,ecalcarata G.,,,,2025-09-07 07:06:34.79506,2025-09-07 07:06:34.795062
1351,Disa elegans Sond. ex Rchb.f.,Disa,elegans Sond.,,,,2025-09-07 07:06:34.8343,2025-09-07 07:06:34.834302
1352,Disa eminii Kraenzl.,Disa,eminii Kraenzl.,,,,2025-09-07 07:06:34.874167,2025-09-07 07:06:34.87417
1353,Disa engleriana Kraenzl.,Disa,engleriana Kraenzl.,,,,2025-09-07 07:06:34.91368,2025-09-07 07:06:34.913684
1354,Disa equestris Rchb.f.,Disa,equestris Rchb.f.,,,,2025-09-07 07:06:34.952858,2025-09-07 07:06:34.952861
1355,Disa erubescens ssp. erubescens Rendle,Disa,erubescens ssp.,,,,2025-09-07 07:06:34.992189,2025-09-07 07:06:34.992192
1356,Disa erubescens ssp. carsonii (N. E. Br.) H. P. Linder,Disa,erubescens ssp.,,,,2025-09-07 07:06:35.031512,2025-09-07 07:06:35.031516
1357,Disa esterhuyseniae Schelpe ex H. P. Linder,Disa,esterhuyseniae Schelpe,,,,2025-09-07 07:06:35.071109,2025-09-07 07:06:35.071113
1358,Disa extinctoria Rchb.f.,Disa,extinctoria Rchb.f.,,,,2025-09-07 07:06:35.11035,2025-09-07 07:06:35.110353
1359,Disa facula P. J. Cribb,Disa,facula P.,,,,2025-09-07 07:06:35.149423,2025-09-07 07:06:35.149425
1360,Disa fasciata Lindl.,Disa,fasciata Lindl.,,,,2025-09-07 07:06:35.188236,2025-09-07 07:06:35.188238
1361,Disa ferruginea (Thunb.) Sw.,Disa,ferruginea Thunb.,,,,2025-09-07 07:06:35.226916,2025-09-07 07:06:35.226918
1362,Disa filicornis (L.f.) Thunb.,Disa,filicornis L.f.,,,,2025-09-07 07:06:35.266223,2025-09-07 07:06:35.266225
1363,Disa flexuosa (L.) Sw.,Disa,flexuosa L.,,,,2025-09-07 07:06:35.305352,2025-09-07 07:06:35.305355
1364,Disa forcipata Schltr.,Disa,forcipata Schltr.,,,,2025-09-07 07:06:35.344812,2025-09-07 07:06:35.344815
1365,Disa forficaria Bolus,Disa,forficaria Bolus,,,,2025-09-07 07:06:35.385487,2025-09-07 07:06:35.38549
1366,Disa fragrans ssp. fragrans Schltr.,Disa,fragrans ssp.,,,,2025-09-07 07:06:35.424819,2025-09-07 07:06:35.424822
1367,Disa fragrans ssp. deckenii (Rchb.f.) H. P. Linder,Disa,fragrans ssp.,,,,2025-09-07 07:06:35.463672,2025-09-07 07:06:35.463674
1368,Disa galpinii Rolfe,Disa,galpinii Rolfe,,,,2025-09-07 07:06:35.502754,2025-09-07 07:06:35.502756
1369,Disa gladioliflora ssp. gladioliflora Burch. ex Lindl.,Disa,gladioliflora ssp.,,,,2025-09-07 07:06:35.542009,2025-09-07 07:06:35.542012
1370,Disa gladioliflora ssp. capricornis (Rchb.f.) H. P. Linder,Disa,gladioliflora ssp.,,,,2025-09-07 07:06:35.58122,2025-09-07 07:06:35.581222
1371,Disa glandulosa Burch. ex Lindl.,Disa,glandulosa Burch.,,,,2025-09-07 07:06:35.620061,2025-09-07 07:06:35.620063
1372,Disa graminifolia Ker Gawl.,Disa,graminifolia Ker,,,,2025-09-07 07:06:35.659046,2025-09-07 07:06:35.659048
1374,Disa harveyana ssp. harveyana Lindl.,Disa,harveyana ssp.,,,,2025-09-07 07:06:35.736919,2025-09-07 07:06:35.736921
1375,Disa harveyana ssp. longicalcarata S. D. Johnson & H. P. Linder,Disa,harveyana ssp.,,,,2025-09-07 07:06:35.776038,2025-09-07 07:06:35.776039
1376,Disa helenae Buscal. & Schltr.,Disa,helenae Buscal.,,,,2025-09-07 07:06:35.814939,2025-09-07 07:06:35.814941
1377,Disa hians (L.f.) Spreng.,Disa,hians L.f.,,,,2025-09-07 07:06:35.853925,2025-09-07 07:06:35.853927
1378,Disa hircicornis Rchb.f.,Disa,hircicornis Rchb.f.,,,,2025-09-07 07:06:35.893459,2025-09-07 07:06:35.893463
1379,Disa incarnata Lindl.,Disa,incarnata Lindl.,,,,2025-09-07 07:06:35.933312,2025-09-07 07:06:35.933315
1380,Disa inflexa (Lindl.) Mundt ex Bolus,Disa,inflexa Lindl.,,,,2025-09-07 07:06:35.973023,2025-09-07 07:06:35.973026
1381,Disa intermedia H. P. Linder,Disa,intermedia H.,,,,2025-09-07 07:06:36.012635,2025-09-07 07:06:36.012638
1382,Disa introrsa Kurzweil,Disa,introrsa Kurzweil,,,,2025-09-07 07:06:36.051913,2025-09-07 07:06:36.051916
1383,Disa karooica S. D. Johnson & H. P. Linder,Disa,karooica S.,,,,2025-09-07 07:06:36.093438,2025-09-07 07:06:36.093442
1384,Disa katangensis De Wild.,Disa,katangensis De,,,,2025-09-07 07:06:36.134194,2025-09-07 07:06:36.134197
1385,Disa klugei McMurtry,Disa,klugei McMurtry,,,,2025-09-07 07:06:36.173646,2025-09-07 07:06:36.173648
1386,Disa linderiana Bytebier & E. G. H. Oliv.,Disa,linderiana Bytebier,,,,2025-09-07 07:06:36.212963,2025-09-07 07:06:36.212966
1387,Disa lineata Bolus,Disa,lineata Bolus,,,,2025-09-07 07:06:36.252388,2025-09-07 07:06:36.25239
1388,Disa lisowskii Szlach.,Disa,lisowskii Szlach.,,,,2025-09-07 07:06:36.291781,2025-09-07 07:06:36.291783
1389,Disa longicornu L.f.,Disa,longicornu L.f.,,,,2025-09-07 07:06:36.331006,2025-09-07 07:06:36.331008
1390,Disa longifolia Lindl.,Disa,longifolia Lindl.,,,,2025-09-07 07:06:36.370778,2025-09-07 07:06:36.370781
1391,Disa longilabris Schltr.,Disa,longilabris Schltr.,,,,2025-09-07 07:06:36.411728,2025-09-07 07:06:36.411732
1392,Disa longipetala (Lindl.) Bolus,Disa,longipetala Lindl.,,,,2025-09-07 07:06:36.450859,2025-09-07 07:06:36.450861
1393,Disa lugens Bolus,Disa,lugens Bolus,,,,2025-09-07 07:06:36.490199,2025-09-07 07:06:36.490201
1394,Disa lugens Bolus var. nigrescens (H. P. Linder) H. P. Linder,Disa,lugens Bolus,,,,2025-09-07 07:06:36.52939,2025-09-07 07:06:36.529393
1395,Disa macrostachya Bolus,Disa,macrostachya Bolus,,,,2025-09-07 07:06:36.568509,2025-09-07 07:06:36.568512
1396,Disa maculata L.f.,Disa,maculata L.f.,,,,2025-09-07 07:06:36.60772,2025-09-07 07:06:36.607722
1397,Disa maculomarronina McMurtry,Disa,maculomarronina McMurtry,,,,2025-09-07 07:06:36.646838,2025-09-07 07:06:36.646839
1398,Disa marlothii Bolus,Disa,marlothii Bolus,,,,2025-09-07 07:06:36.686378,2025-09-07 07:06:36.68638
1399,Disa micropetala Schltr.,Disa,micropetala Schltr.,,,,2025-09-07 07:06:36.725334,2025-09-07 07:06:36.725335
1400,Disa miniata Summerh.,Disa,miniata Summerh.,,,,2025-09-07 07:06:36.764356,2025-09-07 07:06:36.764357
1401,Disa minor (Sond.) Rchb.f.,Disa,minor Sond.,,,,2025-09-07 07:06:36.803888,2025-09-07 07:06:36.80389
1402,Disa montana Sond.,Disa,montana Sond.,,,,2025-09-07 07:06:36.843197,2025-09-07 07:06:36.843198
1403,Disa multifida Lindl.,Disa,multifida Lindl.,,,,2025-09-07 07:06:36.883948,2025-09-07 07:06:36.88395
1404,Disa neglecta Sond.,Disa,neglecta Sond.,,,,2025-09-07 07:06:36.923143,2025-09-07 07:06:36.923146
1405,Disa nervosa Lindl.,Disa,nervosa Lindl.,,,,2025-09-07 07:06:36.962581,2025-09-07 07:06:36.962584
1406,Disa newdigatae L. Bolus,Disa,newdigatae L.,,,,2025-09-07 07:06:37.00264,2025-09-07 07:06:37.002643
1407,Disa nigerica Rolfe,Disa,nigerica Rolfe,,,,2025-09-07 07:06:37.041859,2025-09-07 07:06:37.041862
1408,Disa nivea H. P. Linder,Disa,nivea H.,,,,2025-09-07 07:06:37.082828,2025-09-07 07:06:37.082831
1409,Disa nubigena H. P. Linder,Disa,nubigena H.,,,,2025-09-07 07:06:37.122041,2025-09-07 07:06:37.122044
1410,Disa nyikensis H. P. Linder,Disa,nyikensis H.,,,,2025-09-07 07:06:37.161456,2025-09-07 07:06:37.161459
1411,Disa obliqua ssp. obliqua (Lindl.) Bolus,Disa,obliqua ssp.,,,,2025-09-07 07:06:37.200868,2025-09-07 07:06:37.200872
1412,Disa obliqua ssp. clavigera (Lindl.) Bytebier,Disa,obliqua ssp.,,,,2025-09-07 07:06:37.240978,2025-09-07 07:06:37.240982
1413,Disa obtusa ssp. obtusa Lindl.,Disa,obtusa ssp.,,,,2025-09-07 07:06:37.280836,2025-09-07 07:06:37.280839
1414,Disa obtusa ssp. hottentotica H. P. Linder,Disa,obtusa ssp.,,,,2025-09-07 07:06:37.319694,2025-09-07 07:06:37.319696
1415,Disa obtusa ssp. picta (Sond.) H. P. Linder,Disa,obtusa ssp.,,,,2025-09-07 07:06:37.358733,2025-09-07 07:06:37.358734
1416,Disa ocellata Bolus,Disa,ocellata Bolus,,,,2025-09-07 07:06:37.397975,2025-09-07 07:06:37.397977
1417,Disa ochrostachya Rchb.f.,Disa,ochrostachya Rchb.f.,,,,2025-09-07 07:06:37.437315,2025-09-07 07:06:37.437318
1418,Disa oligantha Rchb.f.,Disa,oligantha Rchb.f.,,,,2025-09-07 07:06:37.478993,2025-09-07 07:06:37.478996
1419,Disa ophrydea (Lindl.) Bolus,Disa,ophrydea Lindl.,,,,2025-09-07 07:06:37.518759,2025-09-07 07:06:37.518762
1420,Disa oreophila ssp. oreophila Bolus,Disa,oreophila ssp.,,,,2025-09-07 07:06:37.557847,2025-09-07 07:06:37.557849
1421,Disa oreophila ssp. erecta H. P. Linder,Disa,oreophila ssp.,,,,2025-09-07 07:06:37.597314,2025-09-07 07:06:37.597316
1422,Disa ornithantha Schltr.,Disa,ornithantha Schltr.,,,,2025-09-07 07:06:37.637194,2025-09-07 07:06:37.637197
1423,Disa ovalifolia Sond.,Disa,ovalifolia Sond.,,,,2025-09-07 07:06:37.677108,2025-09-07 07:06:37.677112
1424,Disa patula Sond.,Disa,patula Sond.,,,,2025-09-07 07:06:37.720982,2025-09-07 07:06:37.720984
1425,Disa patula Sond. var. transvaalensis Summerh.,Disa,patula Sond.,,,,2025-09-07 07:06:37.760593,2025-09-07 07:06:37.760595
1426,Disa perplexa H. P. Linder,Disa,perplexa H.,,,,2025-09-07 07:06:37.799676,2025-09-07 07:06:37.799678
1427,Disa physodes Sw.,Disa,physodes Sw.,,,,2025-09-07 07:06:37.83928,2025-09-07 07:06:37.839282
1428,Disa pillansii L. Bolus,Disa,pillansii L.,,,,2025-09-07 07:06:37.878313,2025-09-07 07:06:37.878314
1429,Disa polygonoides Lindl.,Disa,polygonoides Lindl.,,,,2025-09-07 07:06:37.917359,2025-09-07 07:06:37.917361
1430,Disa porrecta Sw.,Disa,porrecta Sw.,,,,2025-09-07 07:06:37.956242,2025-09-07 07:06:37.956244
1431,Disa praecox (H. P. Linder) H. P. Linder,Disa,praecox H.,,,,2025-09-07 07:06:37.999057,2025-09-07 07:06:37.99906
1432,Disa procera H. P. Linder,Disa,procera H.,,,,2025-09-07 07:06:38.039424,2025-09-07 07:06:38.039427
1433,Disa pulchella Hochst. ex A. Rich.,Disa,pulchella Hochst.,,,,2025-09-07 07:06:38.078746,2025-09-07 07:06:38.078749
1434,Disa pulchra Sond.,Disa,pulchra Sond.,,,,2025-09-07 07:06:38.118035,2025-09-07 07:06:38.118038
1435,Disa purpurascens Bolus,Disa,purpurascens Bolus,,,,2025-09-07 07:06:38.157754,2025-09-07 07:06:38.157757
1436,Disa pygmaea Bolus,Disa,pygmaea Bolus,,,,2025-09-07 07:06:38.198687,2025-09-07 07:06:38.19869
1437,Disa racemosa L.f.,Disa,racemosa L.f.,,,,2025-09-07 07:06:38.253318,2025-09-07 07:06:38.253321
1438,Disa remota H. P. Linder,Disa,remota H.,,,,2025-09-07 07:06:38.294854,2025-09-07 07:06:38.294857
1439,Disa renziana Szlach.,Disa,renziana Szlach.,,,,2025-09-07 07:06:38.334719,2025-09-07 07:06:38.334722
1440,Disa reticulata Bolus,Disa,reticulata Bolus,,,,2025-09-07 07:06:38.374132,2025-09-07 07:06:38.374134
1441,Disa rhodantha Schltr.,Disa,rhodantha Schltr.,,,,2025-09-07 07:06:38.413763,2025-09-07 07:06:38.413767
1442,Disa richardiana Lehm. ex Lindl.,Disa,richardiana Lehm.,,,,2025-09-07 07:06:38.453551,2025-09-07 07:06:38.453554
1443,Disa robusta N. E. Br.,Disa,robusta N.,,,,2025-09-07 07:06:38.493208,2025-09-07 07:06:38.493212
1444,Disa roeperocharoides Kraenzl.,Disa,roeperocharoides Kraenzl.,,,,2025-09-07 07:06:38.533151,2025-09-07 07:06:38.533154
1445,Disa rosea Lindl.,Disa,rosea Lindl.,,,,2025-09-07 07:06:38.573133,2025-09-07 07:06:38.573135
1446,Disa roseovittata McMurtry & G. McDonald,Disa,roseovittata McMurtry,,,,2025-09-07 07:06:38.612946,2025-09-07 07:06:38.612948
1447,Disa rufescens (Thunb.) Sw.,Disa,rufescens Thunb.,,,,2025-09-07 07:06:38.653002,2025-09-07 07:06:38.653006
1448,Disa rungweensis Schltr.,Disa,rungweensis Schltr.,,,,2025-09-07 07:06:38.692642,2025-09-07 07:06:38.692644
1449,Disa sabulosa Bolus,Disa,sabulosa Bolus,,,,2025-09-07 07:06:38.731948,2025-09-07 07:06:38.73195
1450,Disa sagittalis (L.f.) Sw.,Disa,sagittalis L.f.,,,,2025-09-07 07:06:38.771252,2025-09-07 07:06:38.771253
1451,Disa salteri G. J. Lewis,Disa,salteri G.,,,,2025-09-07 07:06:38.810897,2025-09-07 07:06:38.810899
1452,Disa sanguinea Sond.,Disa,sanguinea Sond.,,,,2025-09-07 07:06:38.850399,2025-09-07 07:06:38.850401
1453,Disa sankeyi Rolfe,Disa,sankeyi Rolfe,,,,2025-09-07 07:06:38.889658,2025-09-07 07:06:38.889659
1454,Disa satyriopsis Kraenzl.,Disa,satyriopsis Kraenzl.,,,,2025-09-07 07:06:38.928933,2025-09-07 07:06:38.928935
1455,Disa saxicola Schltr.,Disa,saxicola Schltr.,,,,2025-09-07 07:06:38.968008,2025-09-07 07:06:38.96801
1456,Disa schizodioides Sond.,Disa,schizodioides Sond.,,,,2025-09-07 07:06:39.007367,2025-09-07 07:06:39.00737
1457,Disa schlechteriana Bolus,Disa,schlechteriana Bolus,,,,2025-09-07 07:06:39.047568,2025-09-07 07:06:39.04757
1458,Disa scullyi Bolus,Disa,scullyi Bolus,,,,2025-09-07 07:06:39.087335,2025-09-07 07:06:39.087338
1459,Disa scutellifera A. Rich.,Disa,scutellifera A.,,,,2025-09-07 07:06:39.126982,2025-09-07 07:06:39.126986
1460,Disa similis Summerh.,Disa,similis Summerh.,,,,2025-09-07 07:06:39.167322,2025-09-07 07:06:39.167325
1461,Disa spathulata ssp. spathulata (L.f.) Sw.,Disa,spathulata ssp.,,,,2025-09-07 07:06:39.207151,2025-09-07 07:06:39.207154
1462,Disa spathulata ssp. tripartita (Lindl.) H. P. Linder,Disa,spathulata ssp.,,,,2025-09-07 07:06:39.247616,2025-09-07 07:06:39.247619
1463,Disa stachyoides Rchb.f.,Disa,stachyoides Rchb.f.,,,,2025-09-07 07:06:39.287057,2025-09-07 07:06:39.287061
1464,Disa staerkeriana McMurtry & Bytebier,Disa,staerkeriana McMurtry,,,,2025-09-07 07:06:39.32663,2025-09-07 07:06:39.326633
1465,Disa stairsii Kraenzl.,Disa,stairsii Kraenzl.,,,,2025-09-07 07:06:39.366253,2025-09-07 07:06:39.366255
1466,Disa stricta Sond.,Disa,stricta Sond.,,,,2025-09-07 07:06:39.405243,2025-09-07 07:06:39.405245
1467,Disa subtenuicornis H. P. Linder,Disa,subtenuicornis H.,,,,2025-09-07 07:06:39.44427,2025-09-07 07:06:39.444272
1468,Disa telipogonis Rchb.f.,Disa,telipogonis Rchb.f.,,,,2025-09-07 07:06:39.483322,2025-09-07 07:06:39.483324
1469,Disa tenella ssp. tenella (L.f.) Sw.,Disa,tenella ssp.,,,,2025-09-07 07:06:39.522273,2025-09-07 07:06:39.522275
1470,Disa tenella ssp. pusilla H. P. Linder,Disa,tenella ssp.,,,,2025-09-07 07:06:39.561525,2025-09-07 07:06:39.561528
1471,Disa tenuicornis Bolus,Disa,tenuicornis Bolus,,,,2025-09-07 07:06:39.60153,2025-09-07 07:06:39.601534
1472,Disa tenuifolia Sw.,Disa,tenuifolia Sw.,,,,2025-09-07 07:06:39.640797,2025-09-07 07:06:39.640799
1473,Disa tenuis Lindl.,Disa,tenuis Lindl.,,,,2025-09-07 07:06:39.679769,2025-09-07 07:06:39.679771
1474,Disa thodei Schltr. ex Kraenzl.,Disa,thodei Schltr.,,,,2025-09-07 07:06:39.71937,2025-09-07 07:06:39.719373
1475,Disa triloba Lindl.,Disa,triloba Lindl.,,,,2025-09-07 07:06:39.758552,2025-09-07 07:06:39.758555
1476,Disa tripetaloides (L.f.) N. E. Br.,Disa,tripetaloides L.f.,,,,2025-09-07 07:06:39.797573,2025-09-07 07:06:39.797575
1477,Disa tysonii Bolus,Disa,tysonii Bolus,,,,2025-09-07 07:06:39.836877,2025-09-07 07:06:39.836879
1478,Disa ukingensis Schltr.,Disa,ukingensis Schltr.,,,,2025-09-07 07:06:39.876014,2025-09-07 07:06:39.876017
1479,Disa uncinata Bolus,Disa,uncinata Bolus,,,,2025-09-07 07:06:39.916397,2025-09-07 07:06:39.9164
1480,Disa uniflora Bergius,Disa,uniflora Bergius,,,,2025-09-07 07:06:39.95529,2025-09-07 07:06:39.955291
1481,Disa vaginata Harv. ex Lindl.,Disa,vaginata Harv.,,,,2025-09-07 07:06:39.99588,2025-09-07 07:06:39.995882
1482,Disa vasselotii Bolus ex Schltr.,Disa,vasselotii Bolus,,,,2025-09-07 07:06:40.035026,2025-09-07 07:06:40.035027
1483,Disa venosa Sw.,Disa,venosa Sw.,,,,2025-09-07 07:06:40.074333,2025-09-07 07:06:40.074335
1484,Disa venusta Bolus,Disa,venusta Bolus,,,,2025-09-07 07:06:40.113607,2025-09-07 07:06:40.11361
1485,Disa verdickii De Wild.,Disa,verdickii De,,,,2025-09-07 07:06:40.152872,2025-09-07 07:06:40.152874
1486,Disa versicolor Rchb.f.,Disa,versicolor Rchb.f.,,,,2025-09-07 07:06:40.192412,2025-09-07 07:06:40.192416
1487,Disa vigilans McMurtry & T. J. Edwards,Disa,vigilans McMurtry,,,,2025-09-07 07:06:40.232455,2025-09-07 07:06:40.232458
1488,Disa virginalis H. P. Linder,Disa,virginalis H.,,,,2025-09-07 07:06:40.272029,2025-09-07 07:06:40.272032
1489,Disa walleri Rchb.f.,Disa,walleri Rchb.f.,,,,2025-09-07 07:06:40.311341,2025-09-07 07:06:40.311344
1490,Disa walteri Schltr.,Disa,walteri Schltr.,,,,2025-09-07 07:06:40.351536,2025-09-07 07:06:40.351537
1491,Disa welwitschii ssp. welwitschii Rchb.f.,Disa,welwitschii ssp.,,,,2025-09-07 07:06:40.390984,2025-09-07 07:06:40.390988
1492,Disa welwitschii ssp. occultans (Schltr.) H. P. Linder,Disa,welwitschii ssp.,,,,2025-09-07 07:06:40.430387,2025-09-07 07:06:40.430391
1493,Disa woodii Schltr.,Disa,woodii Schltr.,,,,2025-09-07 07:06:40.46934,2025-09-07 07:06:40.469342
1494,Disa x brendae H. P. Linder,Disa,x brendae,,,,2025-09-07 07:06:40.508302,2025-09-07 07:06:40.508305
1495,Disa x nuwebergensis H. P. Linder,Disa,x nuwebergensis,,,,2025-09-07 07:06:40.547664,2025-09-07 07:06:40.547666
1496,Disa x paludicola J. Stewart & J. C. Manning,Disa,x paludicola,,,,2025-09-07 07:06:40.58677,2025-09-07 07:06:40.586772
1497,Disa x vogelpoelii (H. P. Linder) Bytebier,Disa,x vogelpoelii,,,,2025-09-07 07:06:40.627603,2025-09-07 07:06:40.627607
1498,Disa zimbabweensis H. P. Linder,Disa,zimbabweensis H.,,,,2025-09-07 07:06:40.68249,2025-09-07 07:06:40.682493
1499,Disa zombica N. E. Br.,Disa,zombica N.,,,,2025-09-07 07:06:40.721772,2025-09-07 07:06:40.721774
1500,Disa zuluensis Rolfe,Disa,zuluensis Rolfe,,,,2025-09-07 07:06:40.760983,2025-09-07 07:06:40.760986
1501,Satyrium Sw.,Satyrium,Sw.,,,,2025-09-07 07:06:40.800172,2025-09-07 07:06:40.800174
1502,Satyrium aberrans Summerh.,Satyrium,aberrans Summerh.,,,,2025-09-07 07:06:40.839267,2025-09-07 07:06:40.839269
1503,Satyrium aciculare van der Niet & P. J. Cribb,Satyrium,aciculare van,,,,2025-09-07 07:06:40.881393,2025-09-07 07:06:40.881396
1504,Satyrium acuminatum Lindl.,Satyrium,acuminatum Lindl.,,,,2025-09-07 07:06:40.920511,2025-09-07 07:06:40.920512
1505,Satyrium aethiopicum Summerh.,Satyrium,aethiopicum Summerh.,,,,2025-09-07 07:06:40.959542,2025-09-07 07:06:40.959544
1506,Satyrium afromontanum la Croix & P. J. Cribb,Satyrium,afromontanum la,,,,2025-09-07 07:06:40.99825,2025-09-07 07:06:40.998252
1507,Satyrium amblyosaccos Schltr.,Satyrium,amblyosaccos Schltr.,,,,2025-09-07 07:06:41.037111,2025-09-07 07:06:41.037113
1508,Satyrium amoenum A. Rich.,Satyrium,amoenum A.,,,,2025-09-07 07:06:41.076163,2025-09-07 07:06:41.076165
1509,Satyrium amoenum A. Rich. var. tsaratananae H. Perrier ex Hermans,Satyrium,amoenum A.,,,,2025-09-07 07:06:41.115579,2025-09-07 07:06:41.115581
1510,Satyrium anomalum Schltr.,Satyrium,anomalum Schltr.,,,,2025-09-07 07:06:41.155135,2025-09-07 07:06:41.155137
1511,Satyrium baronii Schltr.,Satyrium,baronii Schltr.,,,,2025-09-07 07:06:41.194424,2025-09-07 07:06:41.194427
1512,Satyrium bicallosum Thunb.,Satyrium,bicallosum Thunb.,,,,2025-09-07 07:06:41.233968,2025-09-07 07:06:41.233971
1513,Satyrium bicorne (L.) Thunb.,Satyrium,bicorne L.,,,,2025-09-07 07:06:41.273691,2025-09-07 07:06:41.273694
1514,Satyrium brachypetalum A. Rich.,Satyrium,brachypetalum A.,,,,2025-09-07 07:06:41.313006,2025-09-07 07:06:41.313009
1515,Satyrium bracteatum (L.f.) Thunb.,Satyrium,bracteatum L.f.,,,,2025-09-07 07:06:41.354564,2025-09-07 07:06:41.354567
1516,Satyrium breve Rolfe,Satyrium,breve Rolfe,,,,2025-09-07 07:06:41.395551,2025-09-07 07:06:41.395555
1517,Satyrium buchananii Schltr.,Satyrium,buchananii Schltr.,,,,2025-09-07 07:06:41.436955,2025-09-07 07:06:41.436959
1518,Satyrium candidum Lindl.,Satyrium,candidum Lindl.,,,,2025-09-07 07:06:41.476951,2025-09-07 07:06:41.476954
1519,Satyrium carneum (Dryand.) Sims,Satyrium,carneum Dryand.,,,,2025-09-07 07:06:41.520165,2025-09-07 07:06:41.520168
1520,Satyrium carsonii Rolfe,Satyrium,carsonii Rolfe,,,,2025-09-07 07:06:41.559695,2025-09-07 07:06:41.559698
1521,Satyrium cernuiflorum Castañeda-Zárate & van der Niet,Satyrium,cernuiflorum Castañeda-Zárate,,,,2025-09-07 07:06:41.599299,2025-09-07 07:06:41.599302
1522,Satyrium chlorocorys Rchb.f. ex Rolfe,Satyrium,chlorocorys Rchb.f.,,,,2025-09-07 07:06:41.638713,2025-09-07 07:06:41.638716
1523,Satyrium compactum Summerh.,Satyrium,compactum Summerh.,,,,2025-09-07 07:06:41.677832,2025-09-07 07:06:41.677835
1524,Satyrium comptum Summerh.,Satyrium,comptum Summerh.,,,,2025-09-07 07:06:41.718399,2025-09-07 07:06:41.718403
1525,Satyrium confusum Summerh.,Satyrium,confusum Summerh.,,,,2025-09-07 07:06:41.778988,2025-09-07 07:06:41.778991
1526,Satyrium coriifolium Sw.,Satyrium,coriifolium Sw.,,,,2025-09-07 07:06:41.818301,2025-09-07 07:06:41.818304
1527,Satyrium coriophoroides A. Rich.,Satyrium,coriophoroides A.,,,,2025-09-07 07:06:41.857812,2025-09-07 07:06:41.857814
1528,Satyrium crassicaule Rendle,Satyrium,crassicaule Rendle,,,,2025-09-07 07:06:41.897487,2025-09-07 07:06:41.89749
1529,Satyrium cristatum Sond.,Satyrium,cristatum Sond.,,,,2025-09-07 07:06:41.937146,2025-09-07 07:06:41.937148
1530,Satyrium cristatum Sond. var. longilabiatum A. V. Hall,Satyrium,cristatum Sond.,,,,2025-09-07 07:06:41.97691,2025-09-07 07:06:41.976913
1531,Satyrium ecalcaratum Schltr.,Satyrium,ecalcaratum Schltr.,,,,2025-09-07 07:06:42.016303,2025-09-07 07:06:42.016306
1532,Satyrium elongatum Rolfe,Satyrium,elongatum Rolfe,,,,2025-09-07 07:06:42.055586,2025-09-07 07:06:42.055589
1533,Satyrium erectum Sw.,Satyrium,erectum Sw.,,,,2025-09-07 07:06:42.094727,2025-09-07 07:06:42.09473
1534,Satyrium eurycalcaratum van der Niet,Satyrium,eurycalcaratum van,,,,2025-09-07 07:06:42.134148,2025-09-07 07:06:42.134151
1535,Satyrium fimbriatum Summerh.,Satyrium,fimbriatum Summerh.,,,,2025-09-07 07:06:42.173337,2025-09-07 07:06:42.17334
1536,Satyrium flavum la Croix,Satyrium,flavum la,,,,2025-09-07 07:06:42.212485,2025-09-07 07:06:42.212488
1537,Satyrium foliosum Sw.,Satyrium,foliosum Sw.,,,,2025-09-07 07:06:42.253727,2025-09-07 07:06:42.253731
1538,Satyrium hallackii ssp. hallackii Bolus,Satyrium,hallackii ssp.,,,,2025-09-07 07:06:42.294868,2025-09-07 07:06:42.294872
1539,Satyrium hallackii ssp. ballii (van der Niet & P. J. Cribb) van der Niet & P. J. Cribb,Satyrium,hallackii ssp.,,,,2025-09-07 07:06:42.334733,2025-09-07 07:06:42.334737
1540,Satyrium hallackii ssp. ocellatum (Bolus) A. V. Hall,Satyrium,hallackii ssp.,,,,2025-09-07 07:06:42.376816,2025-09-07 07:06:42.376819
1541,Satyrium humile Lindl.,Satyrium,humile Lindl.,,,,2025-09-07 07:06:42.419332,2025-09-07 07:06:42.419336
1542,Satyrium johnsonii Rolfe,Satyrium,johnsonii Rolfe,,,,2025-09-07 07:06:42.4586,2025-09-07 07:06:42.458603
1543,Satyrium kermesinum Kraenzl.,Satyrium,kermesinum Kraenzl.,,,,2025-09-07 07:06:42.498103,2025-09-07 07:06:42.498107
1544,Satyrium kitimboense Kraenzl.,Satyrium,kitimboense Kraenzl.,,,,2025-09-07 07:06:42.53719,2025-09-07 07:06:42.537194
1545,Satyrium ligulatum Lindl.,Satyrium,ligulatum Lindl.,,,,2025-09-07 07:06:42.575982,2025-09-07 07:06:42.575985
1546,Satyrium liltvedianum Niet,Satyrium,liltvedianum Niet,,,,2025-09-07 07:06:42.617822,2025-09-07 07:06:42.617826
1547,Satyrium longicauda Lindl.,Satyrium,longicauda Lindl.,,,,2025-09-07 07:06:42.661884,2025-09-07 07:06:42.661887
1548,Satyrium longicauda Lindl. var. jacottetianum (Kraenzl.) A. V. Hall,Satyrium,longicauda Lindl.,,,,2025-09-07 07:06:42.700804,2025-09-07 07:06:42.700807
1549,Satyrium longicolle Lindl.,Satyrium,longicolle Lindl.,,,,2025-09-07 07:06:42.760975,2025-09-07 07:06:42.760978
1550,Satyrium lupulinum Lindl.,Satyrium,lupulinum Lindl.,,,,2025-09-07 07:06:42.800322,2025-09-07 07:06:42.800325
1551,Satyrium macrophyllum Lindl.,Satyrium,macrophyllum Lindl.,,,,2025-09-07 07:06:42.839778,2025-09-07 07:06:42.839781
1552,Satyrium membranaceum Sw.,Satyrium,membranaceum Sw.,,,,2025-09-07 07:06:42.879072,2025-09-07 07:06:42.879074
1553,Satyrium microcorys Schltr.,Satyrium,microcorys Schltr.,,,,2025-09-07 07:06:42.918408,2025-09-07 07:06:42.918411
1554,Satyrium microrrhynchum Schltr.,Satyrium,microrrhynchum Schltr.,,,,2025-09-07 07:06:42.957587,2025-09-07 07:06:42.95759
1555,Satyrium mirum Summerh.,Satyrium,mirum Summerh.,,,,2025-09-07 07:06:42.996686,2025-09-07 07:06:42.996689
1556,Satyrium miserum Kraenzl.,Satyrium,miserum Kraenzl.,,,,2025-09-07 07:06:43.035932,2025-09-07 07:06:43.035934
1557,Satyrium monadenum Schltr.,Satyrium,monadenum Schltr.,,,,2025-09-07 07:06:43.075183,2025-09-07 07:06:43.075186
1558,Satyrium monophyllum Kraenzl.,Satyrium,monophyllum Kraenzl.,,,,2025-09-07 07:06:43.114415,2025-09-07 07:06:43.114418
1559,Satyrium muticum Lindl.,Satyrium,muticum Lindl.,,,,2025-09-07 07:06:43.153287,2025-09-07 07:06:43.153289
1560,Satyrium neglectum ssp. neglectum Schltr.,Satyrium,neglectum ssp.,,,,2025-09-07 07:06:43.19265,2025-09-07 07:06:43.192652
1561,Satyrium neglectum var. brevicalcar Summerh.,Satyrium,neglectum,,,,2025-09-07 07:06:43.231513,2025-09-07 07:06:43.231515
1562,Satyrium neglectum ssp. woodii (Schltr.) A. V. Hall,Satyrium,neglectum ssp.,,,,2025-09-07 07:06:43.27039,2025-09-07 07:06:43.270393
1563,Satyrium nepalense D. Don,Satyrium,nepalense D.,,,,2025-09-07 07:06:43.30948,2025-09-07 07:06:43.309501
1564,Satyrium nepalense D. Don var. ciliatum (Lindl.) Hook.f.,Satyrium,nepalense D.,,,,2025-09-07 07:06:43.357999,2025-09-07 07:06:43.358002
1565,Satyrium odorum Sond.,Satyrium,odorum Sond.,,,,2025-09-07 07:06:43.397898,2025-09-07 07:06:43.397901
1566,Satyrium oliganthum Schltr.,Satyrium,oliganthum Schltr.,,,,2025-09-07 07:06:43.437607,2025-09-07 07:06:43.437611
1567,Satyrium orbiculare Rolfe,Satyrium,orbiculare Rolfe,,,,2025-09-07 07:06:43.477048,2025-09-07 07:06:43.477051
1568,Satyrium outeniquense Schltr.,Satyrium,outeniquense Schltr.,,,,2025-09-07 07:06:43.51622,2025-09-07 07:06:43.516223
1569,Satyrium pallens S. D. Johnson & Kurzweil,Satyrium,pallens S.,,,,2025-09-07 07:06:43.555783,2025-09-07 07:06:43.555786
1570,Satyrium paludosum Rchb.f.,Satyrium,paludosum Rchb.f.,,,,2025-09-07 07:06:43.595387,2025-09-07 07:06:43.59539
1571,Satyrium parviflorum Sw.,Satyrium,parviflorum Sw.,,,,2025-09-07 07:06:43.634859,2025-09-07 07:06:43.634863
1572,Satyrium perrieri Schltr.,Satyrium,perrieri Schltr.,,,,2025-09-07 07:06:43.674294,2025-09-07 07:06:43.674296
1573,Satyrium princeae Kraenzl.,Satyrium,princeae Kraenzl.,,,,2025-09-07 07:06:43.713448,2025-09-07 07:06:43.713451
1574,Satyrium princeps Bolus,Satyrium,princeps Bolus,,,,2025-09-07 07:06:43.752902,2025-09-07 07:06:43.752905
1575,Satyrium pulchrum S. D. Johnson & Kurzweil,Satyrium,pulchrum S.,,,,2025-09-07 07:06:43.791773,2025-09-07 07:06:43.791776
1576,Satyrium pumilum Thunb.,Satyrium,pumilum Thunb.,,,,2025-09-07 07:06:43.831498,2025-09-07 07:06:43.8315
1577,Satyrium pygmaeum Sond.,Satyrium,pygmaeum Sond.,,,,2025-09-07 07:06:43.875216,2025-09-07 07:06:43.875219
1578,Satyrium retusum Lindl.,Satyrium,retusum Lindl.,,,,2025-09-07 07:06:43.914539,2025-09-07 07:06:43.914541
1579,Satyrium rhodanthum Schltr.,Satyrium,rhodanthum Schltr.,,,,2025-09-07 07:06:43.95854,2025-09-07 07:06:43.958543
1580,Satyrium rhynchanthoides Schltr.,Satyrium,rhynchanthoides Schltr.,,,,2025-09-07 07:06:43.997764,2025-09-07 07:06:43.997766
1581,Satyrium rhynchanthum Bol.,Satyrium,rhynchanthum Bol.,,,,2025-09-07 07:06:44.037157,2025-09-07 07:06:44.037159
1582,Satyrium riparium Rchb.f.,Satyrium,riparium Rchb.f.,,,,2025-09-07 07:06:44.076476,2025-09-07 07:06:44.076479
1583,Satyrium robustum Schltr.,Satyrium,robustum Schltr.,,,,2025-09-07 07:06:44.115704,2025-09-07 07:06:44.115707
1584,Satyrium rostratum Lindl.,Satyrium,rostratum Lindl.,,,,2025-09-07 07:06:44.155012,2025-09-07 07:06:44.155014
1585,Satyrium rupestre Schltr.,Satyrium,rupestre Schltr.,,,,2025-09-07 07:06:44.194354,2025-09-07 07:06:44.194356
1586,Satyrium sceptrum Schltr.,Satyrium,sceptrum Schltr.,,,,2025-09-07 07:06:44.233939,2025-09-07 07:06:44.233955
1587,Satyrium schimperi Hochst. ex A. Rich.,Satyrium,schimperi Hochst.,,,,2025-09-07 07:06:44.274425,2025-09-07 07:06:44.274428
1588,Satyrium shirense Rolfe,Satyrium,shirense Rolfe,,,,2025-09-07 07:06:44.314389,2025-09-07 07:06:44.314392
1589,Satyrium situsanguinum van der Niet & Liltved,Satyrium,situsanguinum van,,,,2025-09-07 07:06:44.353928,2025-09-07 07:06:44.353931
1590,Satyrium sphaeranthum Schltr.,Satyrium,sphaeranthum Schltr.,,,,2025-09-07 07:06:44.393645,2025-09-07 07:06:44.393648
1591,Satyrium sphaerocarpum Lindl.,Satyrium,sphaerocarpum Lindl.,,,,2025-09-07 07:06:44.433949,2025-09-07 07:06:44.433952
1592,Satyrium stenopetalum ssp. stenopetalum Lindl.,Satyrium,stenopetalum ssp.,,,,2025-09-07 07:06:44.477561,2025-09-07 07:06:44.477565
1593,Satyrium stenopetalum ssp. brevicalcaratum (Bolus) A. V. Hall,Satyrium,stenopetalum ssp.,,,,2025-09-07 07:06:44.526761,2025-09-07 07:06:44.526764
1594,Satyrium striatum Thunb.,Satyrium,striatum Thunb.,,,,2025-09-07 07:06:44.56706,2025-09-07 07:06:44.567063
1595,Satyrium trinerve Lindl.,Satyrium,trinerve Lindl.,,,,2025-09-07 07:06:44.607076,2025-09-07 07:06:44.60708
1596,Satyrium volkensii Schltr.,Satyrium,volkensii Schltr.,,,,2025-09-07 07:06:44.647623,2025-09-07 07:06:44.647627
1597,Satyrium welwitschii Rchb.f.,Satyrium,welwitschii Rchb.f.,,,,2025-09-07 07:06:44.687343,2025-09-07 07:06:44.687345
1598,Satyrium x fibeckii Phiri,Satyrium,x fibeckii,,,,2025-09-07 07:06:44.728327,2025-09-07 07:06:44.728329
1599,Satyrium x guthriei Bolus.,Satyrium,x guthriei,,,,2025-09-07 07:06:44.771395,2025-09-07 07:06:44.771398
1600,Satyrium yunnanense ssp. yunnanense Rolfe,Satyrium,yunnanense ssp.,,,,2025-09-07 07:06:44.811447,2025-09-07 07:06:44.81145
1601,Satyrium yunnanense ssp. longispicum Kurzweil & Suksathan,Satyrium,yunnanense ssp.,,,,2025-09-07 07:06:44.851309,2025-09-07 07:06:44.851312
1602,Herminium L.,Herminium,L.,,,,2025-09-07 07:06:44.896967,2025-09-07 07:06:44.89697
1603,Herminium alaschanicum Maxim.,Herminium,alaschanicum Maxim.,,,,2025-09-07 07:06:44.937303,2025-09-07 07:06:44.937306
1604,Herminium albomarginatum (King) X. H. Jin,Herminium,albomarginatum King,,,,2025-09-07 07:06:44.977491,2025-09-07 07:06:44.977494
1605,Herminium albosanguineum (Renz) X. H. Jin,Herminium,albosanguineum Renz,,,,2025-09-07 07:06:45.017,2025-09-07 07:06:45.017004
1606,Herminium albovirens (Renz) X. H. Jin,Herminium,albovirens Renz,,,,2025-09-07 07:06:45.057043,2025-09-07 07:06:45.057046
1607,Herminium biporosum Maxim.,Herminium,biporosum Maxim.,,,,2025-09-07 07:06:45.096503,2025-09-07 07:06:45.096506
1608,Herminium bulleyi (Rolfe) Tang & F. T. Wang,Herminium,bulleyi Rolfe,,,,2025-09-07 07:06:45.135585,2025-09-07 07:06:45.135588
1609,Herminium chloranthum Tang & F. T. Wang,Herminium,chloranthum Tang,,,,2025-09-07 07:06:45.177096,2025-09-07 07:06:45.177097
1610,Herminium clavigerum (Lindl.) X. H. Jin,Herminium,clavigerum Lindl.,,,,2025-09-07 07:06:45.22243,2025-09-07 07:06:45.222432
1611,Herminium coeloceras (Finet) Schltr.,Herminium,coeloceras Finet,,,,2025-09-07 07:06:45.261653,2025-09-07 07:06:45.261656
1612,Herminium coiloglossum Schltr.,Herminium,coiloglossum Schltr.,,,,2025-09-07 07:06:45.300693,2025-09-07 07:06:45.300697
1613,Herminium ecalcaratum (Finet) Schltr.,Herminium,ecalcaratum Finet,,,,2025-09-07 07:06:45.339623,2025-09-07 07:06:45.339627
1614,Herminium edgeworthii (Hook.f. ex Collett) X. H. Jin,Herminium,edgeworthii Hook.f.,,,,2025-09-07 07:06:45.37869,2025-09-07 07:06:45.378692
1615,Herminium elisabethae (Duthie) Tang & F. T. Wang,Herminium,elisabethae Duthie,,,,2025-09-07 07:06:45.41778,2025-09-07 07:06:45.417784
1616,Herminium fallax (Lindl. ex Wall.) Hook.f.,Herminium,fallax Lindl.,,,,2025-09-07 07:06:45.457167,2025-09-07 07:06:45.45717
1617,Herminium fimbriatum (Raskoti) X. H. Jin,Herminium,fimbriatum Raskoti,,,,2025-09-07 07:06:45.496547,2025-09-07 07:06:45.49655
1618,Herminium forceps (Finet) Schltr.,Herminium,forceps Finet,,,,2025-09-07 07:06:45.536159,2025-09-07 07:06:45.536162
1619,Herminium glossophyllum Tang & F. T. Wang,Herminium,glossophyllum Tang,,,,2025-09-07 07:06:45.575695,2025-09-07 07:06:45.575699
1620,Herminium gongshanense X. H. Jin,Herminium,gongshanense X.,,,,2025-09-07 07:06:45.620778,2025-09-07 07:06:45.620781
1621,Herminium gracile King & Pantl.,Herminium,gracile King,,,,2025-09-07 07:06:45.670546,2025-09-07 07:06:45.670549
1622,Herminium handelii X. H. Jin,Herminium,handelii X.,,,,2025-09-07 07:06:45.71019,2025-09-07 07:06:45.710194
1623,Herminium himalayanum (Renz) X. H. Jin,Herminium,himalayanum Renz,,,,2025-09-07 07:06:45.749626,2025-09-07 07:06:45.74963
1624,Herminium hongdeyuanii Raskoti,Herminium,hongdeyuanii Raskoti,,,,2025-09-07 07:06:45.788986,2025-09-07 07:06:45.78899
1625,Herminium humidicola (K. Y. Lang & D. S. Deng) X. H. Jin,Herminium,humidicola K.,,,,2025-09-07 07:06:45.828328,2025-09-07 07:06:45.828332
1626,Herminium jaffreyanum King & Pantl.,Herminium,jaffreyanum King,,,,2025-09-07 07:06:45.867864,2025-09-07 07:06:45.867867
1627,Herminium josephi Rchb.f.,Herminium,josephi Rchb.f.,,,,2025-09-07 07:06:45.906983,2025-09-07 07:06:45.906986
1628,Herminium kalimpongensis Pradhan,Herminium,kalimpongensis Pradhan,,,,2025-09-07 07:06:45.946267,2025-09-07 07:06:45.94627
1629,Herminium kamengense A. N. Rao,Herminium,kamengense A.,,,,2025-09-07 07:06:45.994368,2025-09-07 07:06:45.994371
1630,Herminium kumaunense Deva & H. B. Naithani,Herminium,kumaunense Deva,,,,2025-09-07 07:06:46.033565,2025-09-07 07:06:46.033568
1631,Herminium lanceum (Thunb. ex Sw.) Vuijk,Herminium,lanceum Thunb.,,,,2025-09-07 07:06:46.073905,2025-09-07 07:06:46.073909
1632,Herminium latilabre (Lindl.) X. H. Jin,Herminium,latilabre Lindl.,,,,2025-09-07 07:06:46.115641,2025-09-07 07:06:46.115644
1633,Herminium lijiangense J. D. Ya & C. Liu,Herminium,lijiangense J.,,,,2025-09-07 07:06:46.159547,2025-09-07 07:06:46.15955
1634,Herminium longilobatum S. N. Hegde & A. N. Rao,Herminium,longilobatum S.,,,,2025-09-07 07:06:46.199745,2025-09-07 07:06:46.199749
1635,Herminium mackinonii Duthie,Herminium,mackinonii Duthie,,,,2025-09-07 07:06:46.25245,2025-09-07 07:06:46.252452
1636,Herminium macrophyllum (D. Don) Dandy,Herminium,macrophyllum D.,,,,2025-09-07 07:06:46.291776,2025-09-07 07:06:46.291779
1637,Herminium mannii (Rchb.f.) Tang & F. T. Wang,Herminium,mannii Rchb.f.,,,,2025-09-07 07:06:46.332049,2025-09-07 07:06:46.332052
1638,Herminium monophyllum (D. Don) P. F. Hunt & Summerh.,Herminium,monophyllum D.,,,,2025-09-07 07:06:46.371527,2025-09-07 07:06:46.37153
1639,Herminium monorchis (L.) R. Br.,Herminium,monorchis L.,,,,2025-09-07 07:06:46.41235,2025-09-07 07:06:46.412352
1640,Herminium motuoense X. H. Jin,Herminium,motuoense X.,,,,2025-09-07 07:06:46.45449,2025-09-07 07:06:46.454493
1641,Herminium neotineoides Ames & Schltr.,Herminium,neotineoides Ames,,,,2025-09-07 07:06:46.496459,2025-09-07 07:06:46.496462
1642,Herminium ophioglossoides Schltr.,Herminium,ophioglossoides Schltr.,,,,2025-09-07 07:06:46.539883,2025-09-07 07:06:46.539887
1643,Herminium oxysepalum (K. Y. Lang) X. H. Jin,Herminium,oxysepalum K.,,,,2025-09-07 07:06:46.579605,2025-09-07 07:06:46.579609
1644,Herminium pugioniforme Lindl. ex Hook.f.,Herminium,pugioniforme Lindl.,,,,2025-09-07 07:06:46.619529,2025-09-07 07:06:46.619533
1645,Herminium pusillum Ohwi & Fukuy.,Herminium,pusillum Ohwi,,,,2025-09-07 07:06:46.659843,2025-09-07 07:06:46.659846
1646,Herminium pygmaeum Renz,Herminium,pygmaeum Renz,,,,2025-09-07 07:06:46.69938,2025-09-07 07:06:46.699383
1647,Herminium quinquelobum King & Pantl.,Herminium,quinquelobum King,,,,2025-09-07 07:06:46.740421,2025-09-07 07:06:46.740424
1648,Herminium singulum Tang & F. T. Wang,Herminium,singulum Tang,,,,2025-09-07 07:06:46.780869,2025-09-07 07:06:46.780872
1649,Herminium souliei (Finet) Rolfe,Herminium,souliei Finet,,,,2025-09-07 07:06:46.820712,2025-09-07 07:06:46.820715
1650,Herminium suave Tang & F. T. Wang,Herminium,suave Tang,,,,2025-09-07 07:06:46.860282,2025-09-07 07:06:46.860285
1651,Herminium tangianum (S. Y. Hu) K. Y. Lang,Herminium,tangianum S.,,,,2025-09-07 07:06:46.89986,2025-09-07 07:06:46.899862
1652,Herminium tibeticum X. H. Jin,Herminium,tibeticum X.,,,,2025-09-07 07:06:46.939518,2025-09-07 07:06:46.939522
1653,Herminium wangianum X. H. Jin,Herminium,wangianum X.,,,,2025-09-07 07:06:46.979675,2025-09-07 07:06:46.979678
1654,Herminium yunnanense Rolfe,Herminium,yunnanense Rolfe,,,,2025-09-07 07:06:47.020111,2025-09-07 07:06:47.020113
1655,Hsenhsua X. H. Jin,Hsenhsua,X. H.,,,,2025-09-07 07:06:47.060482,2025-09-07 07:06:47.060486
1656,Hsenhsua chrysea (W. W. Sm.) X. H. Jin,Hsenhsua,chrysea W.,,,,2025-09-07 07:06:47.100392,2025-09-07 07:06:47.100396
1657,Tylostigma Schltr.,Tylostigma,Schltr.,,,,2025-09-07 07:06:47.142656,2025-09-07 07:06:47.14266
1658,Tylostigma filiforme ssp. filiforme H. Perrier,Tylostigma,filiforme ssp.,,,,2025-09-07 07:06:47.182512,2025-09-07 07:06:47.182516
1659,Tylostigma filiforme ssp. bursiferum H. Perrier,Tylostigma,filiforme ssp.,,,,2025-09-07 07:06:47.222397,2025-09-07 07:06:47.222401
1660,Tylostigma foliosum Schltr.,Tylostigma,foliosum Schltr.,,,,2025-09-07 07:06:47.262536,2025-09-07 07:06:47.262539
1661,Tylostigma herminioides Schltr.,Tylostigma,herminioides Schltr.,,,,2025-09-07 07:06:47.303515,2025-09-07 07:06:47.303518
1662,Tylostigma hildebrandtii Schltr.,Tylostigma,hildebrandtii Schltr.,,,,2025-09-07 07:06:47.343109,2025-09-07 07:06:47.343112
1663,Tylostigma madagascariense Schltr.,Tylostigma,madagascariense Schltr.,,,,2025-09-07 07:06:47.382929,2025-09-07 07:06:47.382931
1664,Tylostigma nigrescens Schltr.,Tylostigma,nigrescens Schltr.,,,,2025-09-07 07:06:47.422451,2025-09-07 07:06:47.422454
1665,Tylostigma perrieri Schltr.,Tylostigma,perrieri Schltr.,,,,2025-09-07 07:06:47.461737,2025-09-07 07:06:47.461739
1666,Tylostigma tenellum Schltr.,Tylostigma,tenellum Schltr.,,,,2025-09-07 07:06:47.501007,2025-09-07 07:06:47.50101
1667,Oligophyton H. P. Linder,Oligophyton,H. P.,,,,2025-09-07 07:06:47.540602,2025-09-07 07:06:47.540604
1668,Oligophyton drummondii H. P. Linder & G. Will.,Oligophyton,drummondii H.,,,,2025-09-07 07:06:47.580502,2025-09-07 07:06:47.580505
1669,Benthamia A. Rich.,Benthamia,A. Rich.,,,,2025-09-07 07:06:47.620222,2025-09-07 07:06:47.620224
1670,Benthamia africana (Lindl.) Hermans,Benthamia,africana Lindl.,,,,2025-09-07 07:06:47.661002,2025-09-07 07:06:47.661005
1671,Benthamia bathieana Schltr.,Benthamia,bathieana Schltr.,,,,2025-09-07 07:06:47.701051,2025-09-07 07:06:47.701054
1672,Benthamia boiteaui Hervouet,Benthamia,boiteaui Hervouet,,,,2025-09-07 07:06:47.745304,2025-09-07 07:06:47.745311
1673,Benthamia bosseri Hervouet,Benthamia,bosseri Hervouet,,,,2025-09-07 07:06:47.785286,2025-09-07 07:06:47.78529
1674,Benthamia calceolata H. Perrier,Benthamia,calceolata H.,,,,2025-09-07 07:06:47.825767,2025-09-07 07:06:47.825771
1675,Benthamia catatiana H. Perrier,Benthamia,catatiana H.,,,,2025-09-07 07:06:47.866933,2025-09-07 07:06:47.866937
1676,Benthamia cuspidata H. Perrier,Benthamia,cuspidata H.,,,,2025-09-07 07:06:47.90631,2025-09-07 07:06:47.906312
1677,Benthamia dauphinensis (Rolfe) Schltr.,Benthamia,dauphinensis Rolfe,,,,2025-09-07 07:06:47.945776,2025-09-07 07:06:47.945779
1678,Benthamia elata Schltr.,Benthamia,elata Schltr.,,,,2025-09-07 07:06:47.98558,2025-09-07 07:06:47.985583
1679,Benthamia erinacea (Cordem.) Hermans & P. J. Cribb,Benthamia,erinacea Cordem.,,,,2025-09-07 07:06:48.025374,2025-09-07 07:06:48.025377
1680,Benthamia exilis Schltr.,Benthamia,exilis Schltr.,,,,2025-09-07 07:06:48.065016,2025-09-07 07:06:48.065019
1681,Benthamia exilis Schltr. var. tenuissima Schltr.,Benthamia,exilis Schltr.,,,,2025-09-07 07:06:48.104916,2025-09-07 07:06:48.10492
1682,Benthamia glaberrima (Ridl.) H. Perrier,Benthamia,glaberrima Ridl.,,,,2025-09-07 07:06:48.14739,2025-09-07 07:06:48.147393
1683,Benthamia herminioides ssp. herminioides Schltr.,Benthamia,herminioides ssp.,,,,2025-09-07 07:06:48.186868,2025-09-07 07:06:48.186871
1684,Benthamia herminioides ssp. angustifolia H. Perrier,Benthamia,herminioides ssp.,,,,2025-09-07 07:06:48.230931,2025-09-07 07:06:48.230935
1685,Benthamia herminioides ssp. arcuata H. Perrier,Benthamia,herminioides ssp.,,,,2025-09-07 07:06:48.275327,2025-09-07 07:06:48.275331
1686,Benthamia herminioides ssp. intermedia H. Perrier,Benthamia,herminioides ssp.,,,,2025-09-07 07:06:48.315383,2025-09-07 07:06:48.315387
1687,Benthamia humbertii H. Perrier,Benthamia,humbertii H.,,,,2025-09-07 07:06:48.35546,2025-09-07 07:06:48.355462
1688,Benthamia latisatis (Thouars) Bytebier,Benthamia,latisatis Thouars,,,,2025-09-07 07:06:48.395059,2025-09-07 07:06:48.395062
1689,Benthamia longecalceata H. Perrier,Benthamia,longecalceata H.,,,,2025-09-07 07:06:48.434362,2025-09-07 07:06:48.434365
1690,Benthamia macra Schltr.,Benthamia,macra Schltr.,,,,2025-09-07 07:06:48.474528,2025-09-07 07:06:48.474531
1691,Benthamia madagascariensis Schltr.,Benthamia,madagascariensis Schltr.,,,,2025-09-07 07:06:48.51396,2025-09-07 07:06:48.513963
1692,Benthamia majoriflora H. Perrier,Benthamia,majoriflora H.,,,,2025-09-07 07:06:48.55338,2025-09-07 07:06:48.553383
1693,Benthamia melanopoda Schltr.,Benthamia,melanopoda Schltr.,,,,2025-09-07 07:06:48.592503,2025-09-07 07:06:48.592506
1694,Benthamia misera (Ridl.) Schltr.,Benthamia,misera Ridl.,,,,2025-09-07 07:06:48.631949,2025-09-07 07:06:48.631952
1695,Benthamia monophylla Schltr.,Benthamia,monophylla Schltr.,,,,2025-09-07 07:06:48.670911,2025-09-07 07:06:48.670919
1696,Benthamia nigrovaginata H. Perrier,Benthamia,nigrovaginata H.,,,,2025-09-07 07:06:48.710635,2025-09-07 07:06:48.710639
1697,Benthamia nivea ssp. nivea Schltr.,Benthamia,nivea ssp.,,,,2025-09-07 07:06:48.750507,2025-09-07 07:06:48.750509
1698,Benthamia nivea ssp. parviflora H. Perrier,Benthamia,nivea ssp.,,,,2025-09-07 07:06:48.789893,2025-09-07 07:06:48.789895
1699,Benthamia perfecunda H. Perrier,Benthamia,perfecunda H.,,,,2025-09-07 07:06:48.82913,2025-09-07 07:06:48.829133
1700,Benthamia perularioides Schltr.,Benthamia,perularioides Schltr.,,,,2025-09-07 07:06:48.870098,2025-09-07 07:06:48.870101
1701,Benthamia praecox Schltr.,Benthamia,praecox Schltr.,,,,2025-09-07 07:06:48.90986,2025-09-07 07:06:48.909863
1702,Benthamia procera Schltr.,Benthamia,procera Schltr.,,,,2025-09-07 07:06:48.94916,2025-09-07 07:06:48.949163
1703,Benthamia rostrata Schltr.,Benthamia,rostrata Schltr.,,,,2025-09-07 07:06:48.988779,2025-09-07 07:06:48.988782
1704,Benthamia spiraloides (Cordem.) Hermans & P. J. Cribb,Benthamia,spiraloides Cordem.,,,,2025-09-07 07:06:49.032016,2025-09-07 07:06:49.032019
1705,Benthamia verecunda Schltr.,Benthamia,verecunda Schltr.,,,,2025-09-07 07:06:49.072586,2025-09-07 07:06:49.072589
1706,Pecteilis Raf.,Pecteilis,Raf.,,,,2025-09-07 07:06:49.111979,2025-09-07 07:06:49.111982
1707,Pecteilis cambodiana (Gagnep.) Aver.,Pecteilis,cambodiana Gagnep.,,,,2025-09-07 07:06:49.15131,2025-09-07 07:06:49.151321
1708,Pecteilis cochinchinensis (Gagnep.) Aver.,Pecteilis,cochinchinensis Gagnep.,,,,2025-09-07 07:06:49.191,2025-09-07 07:06:49.191003
1709,Pecteilis gigantea (Sm.) Raf.,Pecteilis,gigantea Sm.,,,,2025-09-07 07:06:49.230685,2025-09-07 07:06:49.230689
1710,Pecteilis hawkesiana (King & Pantl.) C. S. Kumar,Pecteilis,hawkesiana King,,,,2025-09-07 07:06:49.27323,2025-09-07 07:06:49.273234
1711,Pecteilis henryi Schltr.,Pecteilis,henryi Schltr.,,,,2025-09-07 07:06:49.31818,2025-09-07 07:06:49.318183
1712,Pecteilis korigadensis Jalal & Jayanthi,Pecteilis,korigadensis Jalal,,,,2025-09-07 07:06:49.357722,2025-09-07 07:06:49.357724
1713,Pecteilis ophiocephala (W. W. Sm.) Ormerod,Pecteilis,ophiocephala W.,,,,2025-09-07 07:06:49.397449,2025-09-07 07:06:49.397453
1714,Pecteilis radiata (Thunb.) Raf.,Pecteilis,radiata Thunb.,,,,2025-09-07 07:06:49.436625,2025-09-07 07:06:49.436628
1715,Pecteilis susannae (L.) Raf.,Pecteilis,susannae L.,,,,2025-09-07 07:06:49.475849,2025-09-07 07:06:49.475851
1716,Pecteilis triflora (D. Don) Tang & F. T. Wang,Pecteilis,triflora D.,,,,2025-09-07 07:06:49.515237,2025-09-07 07:06:49.515239
1717,Gennaria Parl.,Gennaria,Parl.,,,,2025-09-07 07:06:49.554783,2025-09-07 07:06:49.554785
1718,Gennaria diphylla (Link) Parl.,Gennaria,diphylla Link,,,,2025-09-07 07:06:49.594103,2025-09-07 07:06:49.594105
1719,Gennaria griffithii (Hook.f.) X. H. Jin & D. Z. Li,Gennaria,griffithii Hook.f.,,,,2025-09-07 07:06:49.633195,2025-09-07 07:06:49.633197
1720,Peristylus Blume,Peristylus,Blume,,,,2025-09-07 07:06:49.67259,2025-09-07 07:06:49.672593
1721,Peristylus affinis (D. Don) Seidenf.,Peristylus,affinis D.,,,,2025-09-07 07:06:49.715948,2025-09-07 07:06:49.715951
1722,Peristylus aliformis (C. Schweinf.) Renz & Vodonaivalu,Peristylus,aliformis C.,,,,2025-09-07 07:06:49.762978,2025-09-07 07:06:49.762982
1723,Peristylus alpinipaludosus (P. Royen) Schuit. & de Vogel,Peristylus,alpinipaludosus P.,,,,2025-09-07 07:06:49.803173,2025-09-07 07:06:49.803176
1724,Peristylus aristatus Lindl.,Peristylus,aristatus Lindl.,,,,2025-09-07 07:06:49.844451,2025-09-07 07:06:49.844454
1725,Peristylus balaenolabium Ormerod,Peristylus,balaenolabium Ormerod,,,,2025-09-07 07:06:49.88372,2025-09-07 07:06:49.883722
1726,Peristylus balakrishnanii Karthig.,Peristylus,balakrishnanii Karthig.,,,,2025-09-07 07:06:49.923558,2025-09-07 07:06:49.923561
1727,Peristylus banfieldii (F. M. Bailey) Lavarack,Peristylus,banfieldii F.,,,,2025-09-07 07:06:49.963356,2025-09-07 07:06:49.963359
1728,Peristylus biermannianus (King & Pantl.) X. H. Jin,Peristylus,biermannianus King,,,,2025-09-07 07:06:50.003665,2025-09-07 07:06:50.003669
1729,Peristylus bismarckiensis (Schltr.) P. F. Hunt,Peristylus,bismarckiensis Schltr.,,,,2025-09-07 07:06:50.04302,2025-09-07 07:06:50.043022
1730,Peristylus brachyphyllus A. Rich.,Peristylus,brachyphyllus A.,,,,2025-09-07 07:06:50.082238,2025-09-07 07:06:50.08224
1731,Peristylus brassii Ormerod,Peristylus,brassii Ormerod,,,,2025-09-07 07:06:50.121203,2025-09-07 07:06:50.121204
1732,Peristylus brevicalcar Carr,Peristylus,brevicalcar Carr,,,,2025-09-07 07:06:50.160158,2025-09-07 07:06:50.16016
1733,Peristylus brevilobus (Trimen) Thwaites,Peristylus,brevilobus Trimen,,,,2025-09-07 07:06:50.199191,2025-09-07 07:06:50.199192
1734,Peristylus calcaratus (Rolfe) S. Y. Hu,Peristylus,calcaratus Rolfe,,,,2025-09-07 07:06:50.238129,2025-09-07 07:06:50.238131
1735,Peristylus caranjensis (Dalzell) Ormerod & C. S. Kumar,Peristylus,caranjensis Dalzell,,,,2025-09-07 07:06:50.277558,2025-09-07 07:06:50.27756
1736,Peristylus carnosipetalus Kurzweil,Peristylus,carnosipetalus Kurzweil,,,,2025-09-07 07:06:50.317303,2025-09-07 07:06:50.317307
1737,Peristylus carolinensis (Schltr.) Tuyama,Peristylus,carolinensis Schltr.,,,,2025-09-07 07:06:50.356538,2025-09-07 07:06:50.356541
1738,Peristylus chapaensis (Gagnep.) Seidenf.,Peristylus,chapaensis Gagnep.,,,,2025-09-07 07:06:50.396222,2025-09-07 07:06:50.396225
1739,Peristylus chlorandrellus D. L. Jones & M. A. Clem.,Peristylus,chlorandrellus D.,,,,2025-09-07 07:06:50.435828,2025-09-07 07:06:50.435832
1740,Peristylus ciliatus Carr,Peristylus,ciliatus Carr,,,,2025-09-07 07:06:50.475554,2025-09-07 07:06:50.475557
1741,Peristylus ciliolatus J. J. Sm.,Peristylus,ciliolatus J.,,,,2025-09-07 07:06:50.514957,2025-09-07 07:06:50.51496
1742,Peristylus constrictus (Lindl.) Lindl.,Peristylus,constrictus Lindl.,,,,2025-09-07 07:06:50.554443,2025-09-07 07:06:50.554445
1743,Peristylus cryptostylus (Rchb.f.) Ormerod,Peristylus,cryptostylus Rchb.f.,,,,2025-09-07 07:06:50.593927,2025-09-07 07:06:50.59393
1744,Peristylus cubitalis (L.) Kraenzl.,Peristylus,cubitalis L.,,,,2025-09-07 07:06:50.633548,2025-09-07 07:06:50.633549
1745,Peristylus cymbochilus Renz,Peristylus,cymbochilus Renz,,,,2025-09-07 07:06:50.672817,2025-09-07 07:06:50.672818
1746,Peristylus densus (Lindl.) Santapau & Kapadia,Peristylus,densus Lindl.,,,,2025-09-07 07:06:50.712987,2025-09-07 07:06:50.71299
1747,Peristylus djampangensis J. J. Sm.,Peristylus,djampangensis J.,,,,2025-09-07 07:06:50.752519,2025-09-07 07:06:50.752521
1748,Peristylus elbertii J. J. Sm.,Peristylus,elbertii J.,,,,2025-09-07 07:06:50.793014,2025-09-07 07:06:50.793016
1749,Peristylus fasciculatus J. D. Ya,Peristylus,fasciculatus J.,,,,2025-09-07 07:06:50.833071,2025-09-07 07:06:50.833075
1750,Peristylus formosanus (Schltr.) T. P. Lin,Peristylus,formosanus Schltr.,,,,2025-09-07 07:06:50.873011,2025-09-07 07:06:50.873015
1751,Peristylus gardneri (Hook.f.) Kraenzl.,Peristylus,gardneri Hook.f.,,,,2025-09-07 07:06:50.912414,2025-09-07 07:06:50.912416
1752,Peristylus goodyeroides (D. Don) Lindl.,Peristylus,goodyeroides D.,,,,2025-09-07 07:06:50.951674,2025-09-07 07:06:50.951678
1753,Peristylus gracilis Blume,Peristylus,gracilis Blume,,,,2025-09-07 07:06:50.991222,2025-09-07 07:06:50.991225
1754,Peristylus grandis Blume,Peristylus,grandis Blume,,,,2025-09-07 07:06:51.03189,2025-09-07 07:06:51.031893
1755,Peristylus hallieri J. J. Sm.,Peristylus,hallieri J.,,,,2025-09-07 07:06:51.070999,2025-09-07 07:06:51.071002
1756,Peristylus hamiltonianus (Lindl.) Lindl.,Peristylus,hamiltonianus Lindl.,,,,2025-09-07 07:06:51.110387,2025-09-07 07:06:51.110389
1757,Peristylus hatusimanus T. Hashim.,Peristylus,hatusimanus T.,,,,2025-09-07 07:06:51.14946,2025-09-07 07:06:51.149462
1758,Peristylus hollandiae J. J. Sm.,Peristylus,hollandiae J.,,,,2025-09-07 07:06:51.188424,2025-09-07 07:06:51.188428
1759,Peristylus holochilus (Hillebr.) N. Hallé,Peristylus,holochilus Hillebr.,,,,2025-09-07 07:06:51.227359,2025-09-07 07:06:51.227361
1760,Peristylus holttumianus Seidenf. ex Aver.,Peristylus,holttumianus Seidenf.,,,,2025-09-07 07:06:51.266765,2025-09-07 07:06:51.266767
1761,Peristylus holttumii Seidenf.,Peristylus,holttumii Seidenf.,,,,2025-09-07 07:06:51.306377,2025-09-07 07:06:51.306379
1762,Peristylus hylophiloides Ormerod,Peristylus,hylophiloides Ormerod,,,,2025-09-07 07:06:51.345829,2025-09-07 07:06:51.345832
1763,Peristylus intrudens (Ames) Ormerod,Peristylus,intrudens Ames,,,,2025-09-07 07:06:51.38961,2025-09-07 07:06:51.389613
1764,Peristylus jinchuanicus K. Y. Lang,Peristylus,jinchuanicus K.,,,,2025-09-07 07:06:51.430418,2025-09-07 07:06:51.43042
1765,Peristylus kerrii Seidenf.,Peristylus,kerrii Seidenf.,,,,2025-09-07 07:06:51.470647,2025-09-07 07:06:51.470651
1766,Peristylus kinabaluensis Carr,Peristylus,kinabaluensis Carr,,,,2025-09-07 07:06:51.510169,2025-09-07 07:06:51.510172
1767,Peristylus korinchensis Ridl.,Peristylus,korinchensis Ridl.,,,,2025-09-07 07:06:51.550056,2025-09-07 07:06:51.550059
1768,Peristylus lacertifer (Lindl.) J. J. Sm.,Peristylus,lacertifer Lindl.,,,,2025-09-07 07:06:51.589566,2025-09-07 07:06:51.58957
1769,Peristylus lancifolius A. Rich.,Peristylus,lancifolius A.,,,,2025-09-07 07:06:51.629172,2025-09-07 07:06:51.629175
1770,Peristylus latilobus J. J. Sm.,Peristylus,latilobus J.,,,,2025-09-07 07:06:51.66866,2025-09-07 07:06:51.668664
1771,Peristylus lawii Wight,Peristylus,lawii Wight,,,,2025-09-07 07:06:51.708445,2025-09-07 07:06:51.708449
1772,Peristylus listeroides (Schltr.) P. F. Hunt,Peristylus,listeroides Schltr.,,,,2025-09-07 07:06:51.748487,2025-09-07 07:06:51.74849
1773,Peristylus lombokensis J. J. Sm.,Peristylus,lombokensis J.,,,,2025-09-07 07:06:51.788238,2025-09-07 07:06:51.788241
1774,Peristylus macer (Schltr.) P. F. Hunt,Peristylus,macer Schltr.,,,,2025-09-07 07:06:51.829443,2025-09-07 07:06:51.829446
1775,Peristylus maculifer (C. Schweinf.) Renz & Vodonaivalu,Peristylus,maculifer C.,,,,2025-09-07 07:06:51.869221,2025-09-07 07:06:51.869225
1776,Peristylus maingayi (King & Pantl.) J. J. Wood & Ormerod,Peristylus,maingayi King,,,,2025-09-07 07:06:51.912702,2025-09-07 07:06:51.912706
1777,Peristylus minimiflorus (Kraenzl.) N. Hallé,Peristylus,minimiflorus Kraenzl.,,,,2025-09-07 07:06:51.951991,2025-09-07 07:06:51.951994
1778,Peristylus minimus Kurzweil & Tripetch,Peristylus,minimus Kurzweil,,,,2025-09-07 07:06:51.991339,2025-09-07 07:06:51.991342
1779,Peristylus monticola (Ridl.) Seidenf.,Peristylus,monticola Ridl.,,,,2025-09-07 07:06:52.031274,2025-09-07 07:06:52.031277
1780,Peristylus mucronatus J. J. Sm.,Peristylus,mucronatus J.,,,,2025-09-07 07:06:52.072199,2025-09-07 07:06:52.072202
1781,Peristylus nanus (Schltr.) P. F. Hunt,Peristylus,nanus Schltr.,,,,2025-09-07 07:06:52.112272,2025-09-07 07:06:52.112274
1782,Peristylus norumbus Ormerod,Peristylus,norumbus Ormerod,,,,2025-09-07 07:06:52.151895,2025-09-07 07:06:52.151898
1783,Peristylus novoebudarum F. Muell.,Peristylus,novoebudarum F.,,,,2025-09-07 07:06:52.191068,2025-09-07 07:06:52.191072
1784,Peristylus ovariophorus (Schltr.) Carr,Peristylus,ovariophorus Schltr.,,,,2025-09-07 07:06:52.230313,2025-09-07 07:06:52.230317
1785,Peristylus pachyneuroides Renz,Peristylus,pachyneuroides Renz,,,,2025-09-07 07:06:52.269365,2025-09-07 07:06:52.269367
1786,Peristylus pachyneurus (Schltr.) P. F. Hunt,Peristylus,pachyneurus Schltr.,,,,2025-09-07 07:06:52.311227,2025-09-07 07:06:52.31123
1787,Peristylus palawensis (Tuyama) Tuyama,Peristylus,palawensis Tuyama,,,,2025-09-07 07:06:52.350568,2025-09-07 07:06:52.350572
1788,Peristylus parishii Rchb.f.,Peristylus,parishii Rchb.f.,,,,2025-09-07 07:06:52.404905,2025-09-07 07:06:52.404909
1789,Peristylus phuwuanensis Kurzweil,Peristylus,phuwuanensis Kurzweil,,,,2025-09-07 07:06:52.444959,2025-09-07 07:06:52.444962
1790,Peristylus plantagineus (Lindl.) Lindl.,Peristylus,plantagineus Lindl.,,,,2025-09-07 07:06:52.484781,2025-09-07 07:06:52.484785
1791,Peristylus ponerostachys (Rchb.f.) Ormerod,Peristylus,ponerostachys Rchb.f.,,,,2025-09-07 07:06:52.524521,2025-09-07 07:06:52.524524
1792,Peristylus prainii (Hook.f.) Kraenzl.,Peristylus,prainii Hook.f.,,,,2025-09-07 07:06:52.564403,2025-09-07 07:06:52.564407
1793,Peristylus pseudophrys (King & Pantl.) Kraenzl.,Peristylus,pseudophrys King,,,,2025-09-07 07:06:52.604326,2025-09-07 07:06:52.60433
1794,Peristylus reticulatus (Ames) Ormerod,Peristylus,reticulatus Ames,,,,2025-09-07 07:06:52.643819,2025-09-07 07:06:52.643821
1795,Peristylus richardianus Wight,Peristylus,richardianus Wight,,,,2025-09-07 07:06:52.683388,2025-09-07 07:06:52.683391
1796,Peristylus rigidus Kurzweil,Peristylus,rigidus Kurzweil,,,,2025-09-07 07:06:52.722735,2025-09-07 07:06:52.722737
1797,Peristylus rindjaniensis J. J. Sm.,Peristylus,rindjaniensis J.,,,,2025-09-07 07:06:52.764743,2025-09-07 07:06:52.764746
1798,Peristylus sahanii Kumar,Peristylus,sahanii Kumar,,,,2025-09-07 07:06:52.804153,2025-09-07 07:06:52.804156
1799,Peristylus secundus (Lindl.) Rathakr.,Peristylus,secundus Lindl.,,,,2025-09-07 07:06:52.843153,2025-09-07 07:06:52.843156
1800,Peristylus setifer Tuyama,Peristylus,setifer Tuyama,,,,2025-09-07 07:06:52.887254,2025-09-07 07:06:52.887257
1801,Peristylus silvicola (Schltr.) P. F. Hunt,Peristylus,silvicola Schltr.,,,,2025-09-07 07:06:52.926742,2025-09-07 07:06:52.926745
1802,Peristylus societatis (Drake) N. Hallé,Peristylus,societatis Drake,,,,2025-09-07 07:06:52.966597,2025-09-07 07:06:52.966601
1803,Peristylus spathulatus J. J. Sm.,Peristylus,spathulatus J.,,,,2025-09-07 07:06:53.005711,2025-09-07 07:06:53.005714
1804,Peristylus spiralis A. Rich.,Peristylus,spiralis A.,,,,2025-09-07 07:06:53.044861,2025-09-07 07:06:53.044862
1805,Peristylus staminodiatus (Schltr.) J. J. Sm.,Peristylus,staminodiatus Schltr.,,,,2025-09-07 07:06:53.085137,2025-09-07 07:06:53.085139
1806,Peristylus stenodontus (Rchb.f.) Kores,Peristylus,stenodontus Rchb.f.,,,,2025-09-07 07:06:53.124556,2025-09-07 07:06:53.124559
1807,Peristylus stocksii (Hook.f.) Kraenzl.,Peristylus,stocksii Hook.f.,,,,2025-09-07 07:06:53.163661,2025-09-07 07:06:53.163665
1808,Peristylus subaphyllus (Gagnep.) Seidenf.,Peristylus,subaphyllus Gagnep.,,,,2025-09-07 07:06:53.203238,2025-09-07 07:06:53.203241
1809,Peristylus tentaculatus (Lindl.) J. J. Sm.,Peristylus,tentaculatus Lindl.,,,,2025-09-07 07:06:53.242442,2025-09-07 07:06:53.242444
1810,Peristylus tenuicallus Ormerod,Peristylus,tenuicallus Ormerod,,,,2025-09-07 07:06:53.281339,2025-09-07 07:06:53.281341
1811,Peristylus timorensis (Ridl.) J. J. Wood & Ormerod,Peristylus,timorensis Ridl.,,,,2025-09-07 07:06:53.321445,2025-09-07 07:06:53.321448
1812,Peristylus tipulifer (C. S. P. Parish & Rchb.f.) Mukerjee,Peristylus,tipulifer C.,,,,2025-09-07 07:06:53.36069,2025-09-07 07:06:53.360691
1813,Peristylus tobensis J. J. Sm.,Peristylus,tobensis J.,,,,2025-09-07 07:06:53.399646,2025-09-07 07:06:53.399648
1814,Peristylus tradescantiifolius (Rchb.f.) Kores,Peristylus,tradescantiifolius Rchb.f.,,,,2025-09-07 07:06:53.43865,2025-09-07 07:06:53.438652
1815,Peristylus triaenus (Schltr.) P. F. Hunt,Peristylus,triaenus Schltr.,,,,2025-09-07 07:06:53.477733,2025-09-07 07:06:53.477736
1816,Peristylus tricallosus J. J. Sm.,Peristylus,tricallosus J.,,,,2025-09-07 07:06:53.516702,2025-09-07 07:06:53.516704
1817,Peristylus trimenii (Hook.f.) Abeyw.,Peristylus,trimenii Hook.f.,,,,2025-09-07 07:06:53.555751,2025-09-07 07:06:53.555753
1818,Peristylus umbonatus (Schltr.) P. F. Hunt,Peristylus,umbonatus Schltr.,,,,2025-09-07 07:06:53.594877,2025-09-07 07:06:53.59488
1819,Peristylus unguiculatus J. J. Sm.,Peristylus,unguiculatus J.,,,,2025-09-07 07:06:53.634493,2025-09-07 07:06:53.634518
1820,Peristylus wheatleyi P. J. Cribb & B. A. Lewis,Peristylus,wheatleyi P.,,,,2025-09-07 07:06:53.674213,2025-09-07 07:06:53.674215
1821,Stenoglottis Lindl.,Stenoglottis,Lindl.,,,,2025-09-07 07:06:53.71324,2025-09-07 07:06:53.713242
1822,Stenoglottis fimbriata Lindl.,Stenoglottis,fimbriata Lindl.,,,,2025-09-07 07:06:53.752439,2025-09-07 07:06:53.752441
1823,Stenoglottis fimbriata Lindl. var. modesta (Truter & Joliffe) D. P. Phillips & Bytebier,Stenoglottis,fimbriata Lindl.,,,,2025-09-07 07:06:53.791339,2025-09-07 07:06:53.791342
1824,Stenoglottis inandensis G. McDonald & D. G. A. Styles,Stenoglottis,inandensis G.,,,,2025-09-07 07:06:53.83016,2025-09-07 07:06:53.830161
1825,Stenoglottis longifolia Hook.f.,Stenoglottis,longifolia Hook.f.,,,,2025-09-07 07:06:53.86896,2025-09-07 07:06:53.868962
1826,Stenoglottis woodii Schltr.,Stenoglottis,woodii Schltr.,,,,2025-09-07 07:06:53.908032,2025-09-07 07:06:53.908036
1827,Stenoglottis zambesiaca Rolfe,Stenoglottis,zambesiaca Rolfe,,,,2025-09-07 07:06:53.948884,2025-09-07 07:06:53.948887
1828,Habenaria Willd.,Habenaria,Willd.,,,,2025-09-07 07:06:53.989406,2025-09-07 07:06:53.989409
1829,Habenaria aberrans Schltr.,Habenaria,aberrans Schltr.,,,,2025-09-07 07:06:54.02972,2025-09-07 07:06:54.029723
1830,Habenaria abortiens Lindl.,Habenaria,abortiens Lindl.,,,,2025-09-07 07:06:54.068854,2025-09-07 07:06:54.068856
1831,Habenaria abscondita J. A. N. Bat. & Cruz-Lustre,Habenaria,abscondita J.,,,,2025-09-07 07:06:54.107695,2025-09-07 07:06:54.107696
1832,Habenaria acalcarata Espejo & A. R. López-Ferrari,Habenaria,acalcarata Espejo,,,,2025-09-07 07:06:54.146616,2025-09-07 07:06:54.146619
1833,Habenaria achnantha Rchb.f.,Habenaria,achnantha Rchb.f.,,,,2025-09-07 07:06:54.185652,2025-09-07 07:06:54.185655
1834,Habenaria achroantha Schltr.,Habenaria,achroantha Schltr.,,,,2025-09-07 07:06:54.224888,2025-09-07 07:06:54.224891
1835,Habenaria acianthoides Schltr.,Habenaria,acianthoides Schltr.,,,,2025-09-07 07:06:54.264057,2025-09-07 07:06:54.264059
1836,Habenaria acuifera Wall. ex Lindl.,Habenaria,acuifera Wall.,,,,2025-09-07 07:06:54.302825,2025-09-07 07:06:54.302827
1837,Habenaria acuminata (Thwaites) Thwaites ex Trimen,Habenaria,acuminata Thwaites,,,,2025-09-07 07:06:54.341497,2025-09-07 07:06:54.341499
1838,Habenaria acuticalcar H. Perrier,Habenaria,acuticalcar H.,,,,2025-09-07 07:06:54.380115,2025-09-07 07:06:54.380117
1839,Habenaria adolphi Schltr.,Habenaria,adolphi Schltr.,,,,2025-09-07 07:06:54.418732,2025-09-07 07:06:54.418734
1840,Habenaria aethiopica S. Thomas & P. J. Cribb,Habenaria,aethiopica S.,,,,2025-09-07 07:06:54.458593,2025-09-07 07:06:54.458594
1841,Habenaria agapitae R. González & Reynoso,Habenaria,agapitae R.,,,,2025-09-07 07:06:54.497574,2025-09-07 07:06:54.497577
1842,Habenaria agasthyamalaiana Jalal,Habenaria,agasthyamalaiana Jalal,,,,2025-09-07 07:06:54.536766,2025-09-07 07:06:54.536769
1843,Habenaria agrestis R. González & Cuev.-Fig.,Habenaria,agrestis R.,,,,2025-09-07 07:06:54.576107,2025-09-07 07:06:54.576111
1844,Habenaria aguirrei R. González & Cuev.-Fig.,Habenaria,aguirrei R.,,,,2025-09-07 07:06:54.615018,2025-09-07 07:06:54.615021
1845,Habenaria aitchisonii Rchb.f. ex Aitch. & Hemsl.,Habenaria,aitchisonii Rchb.f.,,,,2025-09-07 07:06:54.654072,2025-09-07 07:06:54.654074
1846,Habenaria alagensis Ames,Habenaria,alagensis Ames,,,,2025-09-07 07:06:54.693764,2025-09-07 07:06:54.693767
1847,Habenaria alata Hook.,Habenaria,alata Hook.,,,,2025-09-07 07:06:54.733069,2025-09-07 07:06:54.733072
1848,Habenaria albidorubra J. J. Sm.,Habenaria,albidorubra J.,,,,2025-09-07 07:06:54.772608,2025-09-07 07:06:54.772611
1849,Habenaria alinae Szlach.,Habenaria,alinae Szlach.,,,,2025-09-07 07:06:54.811786,2025-09-07 07:06:54.811788
1850,Habenaria alishanensis T. P. Lin & D. M. Huang,Habenaria,alishanensis T.,,,,2025-09-07 07:06:54.850974,2025-09-07 07:06:54.850977
1851,Habenaria alpestris Cogn.,Habenaria,alpestris Cogn.,,,,2025-09-07 07:06:54.890028,2025-09-07 07:06:54.890031
1852,Habenaria alta Ridl.,Habenaria,alta Ridl.,,,,2025-09-07 07:06:54.929073,2025-09-07 07:06:54.929076
1853,Habenaria alterosula Snuv. & Westra,Habenaria,alterosula Snuv.,,,,2025-09-07 07:06:54.968212,2025-09-07 07:06:54.968215
1854,Habenaria altior Rendle,Habenaria,altior Rendle,,,,2025-09-07 07:06:55.007689,2025-09-07 07:06:55.007692
1855,Habenaria amalfitana F. Lehm. & Kraenzl. ex Kraenzl.,Habenaria,amalfitana F.,,,,2025-09-07 07:06:55.047642,2025-09-07 07:06:55.047646
1856,Habenaria amambayensis Schltr.,Habenaria,amambayensis Schltr.,,,,2025-09-07 07:06:55.08741,2025-09-07 07:06:55.087413
1857,Habenaria amboinensis J. J. Sm.,Habenaria,amboinensis J.,,,,2025-09-07 07:06:55.126163,2025-09-07 07:06:55.126165
1858,Habenaria ambositrana Schltr.,Habenaria,ambositrana Schltr.,,,,2025-09-07 07:06:55.165205,2025-09-07 07:06:55.165207
1859,Habenaria amoena Summerh.,Habenaria,amoena Summerh.,,,,2025-09-07 07:06:55.20415,2025-09-07 07:06:55.204153
1860,Habenaria amplexicaulis Rolfe ex Downie,Habenaria,amplexicaulis Rolfe,,,,2025-09-07 07:06:55.243777,2025-09-07 07:06:55.243781
1861,Habenaria amplifolia Cheeseman,Habenaria,amplifolia Cheeseman,,,,2025-09-07 07:06:55.282908,2025-09-07 07:06:55.282912
1862,Habenaria anaphysema Rchb.f.,Habenaria,anaphysema Rchb.f.,,,,2025-09-07 07:06:55.322607,2025-09-07 07:06:55.32261
1863,Habenaria andamanica Hook.f.,Habenaria,andamanica Hook.f.,,,,2025-09-07 07:06:55.361849,2025-09-07 07:06:55.36185
1864,Habenaria anguiceps Bolus,Habenaria,anguiceps Bolus,,,,2025-09-07 07:06:55.400865,2025-09-07 07:06:55.400867
1865,Habenaria angustissima Summerh.,Habenaria,angustissima Summerh.,,,,2025-09-07 07:06:55.43998,2025-09-07 07:06:55.439983
1866,Habenaria anisitsii Kraenzl.,Habenaria,anisitsii Kraenzl.,,,,2025-09-07 07:06:55.48059,2025-09-07 07:06:55.480593
1867,Habenaria ankylocentron Schuit. & J. J. Verm.,Habenaria,ankylocentron Schuit.,,,,2025-09-07 07:06:55.522009,2025-09-07 07:06:55.522012
1868,Habenaria anomaliflora Kurzweil & Chantanaorr.,Habenaria,anomaliflora Kurzweil,,,,2025-09-07 07:06:55.561481,2025-09-07 07:06:55.561484
1869,Habenaria antennifera A. Rich.,Habenaria,antennifera A.,,,,2025-09-07 07:06:55.601169,2025-09-07 07:06:55.601172
1870,Habenaria apetala Gagnep.,Habenaria,apetala Gagnep.,,,,2025-09-07 07:06:55.640529,2025-09-07 07:06:55.640532
1871,Habenaria apiculata Summerh.,Habenaria,apiculata Summerh.,,,,2025-09-07 07:06:55.679738,2025-09-07 07:06:55.679739
1872,Habenaria arachnoides Thouars,Habenaria,arachnoides Thouars,,,,2025-09-07 07:06:55.718982,2025-09-07 07:06:55.718985
1873,Habenaria araneiflora Barb. Rodr.,Habenaria,araneiflora Barb.,,,,2025-09-07 07:06:55.758353,2025-09-07 07:06:55.758356
1874,Habenaria arenaria Lindl.,Habenaria,arenaria Lindl.,,,,2025-09-07 07:06:55.797896,2025-09-07 07:06:55.797899
1875,Habenaria arenata G. A. Romero & J. A. N. Bat.,Habenaria,arenata G.,,,,2025-09-07 07:06:55.837064,2025-09-07 07:06:55.837067
1876,Habenaria argentea P. J. Cribb,Habenaria,argentea P.,,,,2025-09-07 07:06:55.90143,2025-09-07 07:06:55.901433
1877,Habenaria arianae Geerinck,Habenaria,arianae Geerinck,,,,2025-09-07 07:06:55.941674,2025-09-07 07:06:55.941675
1878,Habenaria aricaensis Hoehne,Habenaria,aricaensis Hoehne,,,,2025-09-07 07:06:55.980655,2025-09-07 07:06:55.980657
1879,Habenaria arietina Hook.f.,Habenaria,arietina Hook.f.,,,,2025-09-07 07:06:56.01977,2025-09-07 07:06:56.019773
1880,Habenaria aristulifera Rchb.f.,Habenaria,aristulifera Rchb.f.,,,,2025-09-07 07:06:56.059075,2025-09-07 07:06:56.059078
1881,Habenaria armata Rchb.f.,Habenaria,armata Rchb.f.,,,,2025-09-07 07:06:56.098838,2025-09-07 07:06:56.098841
1882,Habenaria armatissima Rchb.f.,Habenaria,armatissima Rchb.f.,,,,2025-09-07 07:06:56.144708,2025-09-07 07:06:56.144712
1883,Habenaria atrata R. González & Cuev.-Fig.,Habenaria,atrata R.,,,,2025-09-07 07:06:56.183648,2025-09-07 07:06:56.183651
1884,Habenaria atrocalcarata R. González & Cuev.-Fig.,Habenaria,atrocalcarata R.,,,,2025-09-07 07:06:56.22326,2025-09-07 07:06:56.223262
1885,Habenaria auriculiloba J. J. Sm.,Habenaria,auriculiloba J.,,,,2025-09-07 07:06:56.262525,2025-09-07 07:06:56.262527
1886,Habenaria australis J. A. N. Bat.,Habenaria,australis J.,,,,2025-09-07 07:06:56.302485,2025-09-07 07:06:56.302489
1887,Habenaria austrosinensis Tang & F. T. Wang,Habenaria,austrosinensis Tang,,,,2025-09-07 07:06:56.341855,2025-09-07 07:06:56.341858
1888,Habenaria avana Hook.f.,Habenaria,avana Hook.f.,,,,2025-09-07 07:06:56.381369,2025-09-07 07:06:56.381372
1889,Habenaria avicula Schltr.,Habenaria,avicula Schltr.,,,,2025-09-07 07:06:56.424615,2025-09-07 07:06:56.424617
1890,Habenaria aviculoides Ames & C. Schweinf.,Habenaria,aviculoides Ames,,,,2025-09-07 07:06:56.463759,2025-09-07 07:06:56.463761
1891,Habenaria ayangannensis Renz,Habenaria,ayangannensis Renz,,,,2025-09-07 07:06:56.50325,2025-09-07 07:06:56.503251
1892,Habenaria bacata Dressler,Habenaria,bacata Dressler,,,,2025-09-07 07:06:56.542555,2025-09-07 07:06:56.542556
1893,Habenaria backeri J. J. Sm.,Habenaria,backeri J.,,,,2025-09-07 07:06:56.581777,2025-09-07 07:06:56.581778
1894,Habenaria baeuerlenii F. Muell. & Kraenzl. ex Kraenzl.,Habenaria,baeuerlenii F.,,,,2025-09-07 07:06:56.621131,2025-09-07 07:06:56.621134
1895,Habenaria bahiensis Schltr.,Habenaria,bahiensis Schltr.,,,,2025-09-07 07:06:56.660596,2025-09-07 07:06:56.660599
1896,Habenaria balansae Cogn.,Habenaria,balansae Cogn.,,,,2025-09-07 07:06:56.699467,2025-09-07 07:06:56.699469
1897,Habenaria balfouriana Schltr.,Habenaria,balfouriana Schltr.,,,,2025-09-07 07:06:56.73891,2025-09-07 07:06:56.738923
1898,Habenaria baliensis J. J. Sm.,Habenaria,baliensis J.,,,,2025-09-07 07:06:56.778158,2025-09-07 07:06:56.778161
1899,Habenaria balimensis Ormerod,Habenaria,balimensis Ormerod,,,,2025-09-07 07:06:56.817274,2025-09-07 07:06:56.817278
1900,Habenaria bangii Schltr.,Habenaria,bangii Schltr.,,,,2025-09-07 07:06:56.856735,2025-09-07 07:06:56.856738
1901,Habenaria bantamensis J. J. Sm.,Habenaria,bantamensis J.,,,,2025-09-07 07:06:56.89579,2025-09-07 07:06:56.895792
1902,Habenaria barbata Wight ex Hook.f.,Habenaria,barbata Wight,,,,2025-09-07 07:06:56.934959,2025-09-07 07:06:56.934961
1903,Habenaria barbertoni Kraenzl. & Schltr.,Habenaria,barbertoni Kraenzl.,,,,2025-09-07 07:06:56.973907,2025-09-07 07:06:56.973909
1904,Habenaria barnesii Summerh. ex C. E. C. Fisch.,Habenaria,barnesii Summerh.,,,,2025-09-07 07:06:57.013042,2025-09-07 07:06:57.013045
1905,Habenaria barrina Ridl.,Habenaria,barrina Ridl.,,,,2025-09-07 07:06:57.052341,2025-09-07 07:06:57.052344
1906,Habenaria batesii la Croix,Habenaria,batesii la,,,,2025-09-07 07:06:57.091715,2025-09-07 07:06:57.091719
1907,Habenaria bathiei Schltr.,Habenaria,bathiei Schltr.,,,,2025-09-07 07:06:57.130985,2025-09-07 07:06:57.130988
1908,Habenaria beccarii Schltr.,Habenaria,beccarii Schltr.,,,,2025-09-07 07:06:57.170828,2025-09-07 07:06:57.17083
1909,Habenaria beharensis Bosser,Habenaria,beharensis Bosser,,,,2025-09-07 07:06:57.216756,2025-09-07 07:06:57.216759
1910,Habenaria belloi Schltr.,Habenaria,belloi Schltr.,,,,2025-09-07 07:06:57.25582,2025-09-07 07:06:57.255821
1911,Habenaria bequaertii Summerh.,Habenaria,bequaertii Summerh.,,,,2025-09-07 07:06:57.299576,2025-09-07 07:06:57.29958
1912,Habenaria bermejoensis Schltr.,Habenaria,bermejoensis Schltr.,,,,2025-09-07 07:06:57.338808,2025-09-07 07:06:57.338811
1913,Habenaria bertauxiana Szlach. & Olszewski,Habenaria,bertauxiana Szlach.,,,,2025-09-07 07:06:57.378642,2025-09-07 07:06:57.378645
1914,Habenaria bicolor Conrath & Kraenzl.,Habenaria,bicolor Conrath,,,,2025-09-07 07:06:57.417783,2025-09-07 07:06:57.417786
1915,Habenaria bicornis Lindl.,Habenaria,bicornis Lindl.,,,,2025-09-07 07:06:57.456941,2025-09-07 07:06:57.456943
1916,Habenaria binghamii G. Will.,Habenaria,binghamii G.,,,,2025-09-07 07:06:57.495979,2025-09-07 07:06:57.49598
1917,Habenaria boadanensis Ames,Habenaria,boadanensis Ames,,,,2025-09-07 07:06:57.535111,2025-09-07 07:06:57.535113
1918,Habenaria boiviniana Kraenzl. & Schltr.,Habenaria,boiviniana Kraenzl.,,,,2025-09-07 07:06:57.57425,2025-09-07 07:06:57.574252
1919,Habenaria boliviana Rchb.f.,Habenaria,boliviana Rchb.f.,,,,2025-09-07 07:06:57.613162,2025-09-07 07:06:57.613165
1920,Habenaria bonaccordensis (K. Prasad,Habenaria,bonaccordensis K.,,,,2025-09-07 07:06:57.651932,2025-09-07 07:06:57.651934
1921,Habenaria bonateoides Ponsie,Habenaria,bonateoides Ponsie,,,,2025-09-07 07:06:57.690974,2025-09-07 07:06:57.690977
1922,Habenaria bongensium Rchb.f.,Habenaria,bongensium Rchb.f.,,,,2025-09-07 07:06:57.730122,2025-09-07 07:06:57.730125
1923,Habenaria bosseriana Szlach. & Olszewski,Habenaria,bosseriana Szlach.,,,,2025-09-07 07:06:57.771694,2025-09-07 07:06:57.771698
1924,Habenaria bougainvillae Renz,Habenaria,bougainvillae Renz,,,,2025-09-07 07:06:57.812135,2025-09-07 07:06:57.812138
1925,Habenaria brachydactyla J. A. N. Bat. & Bianch.,Habenaria,brachydactyla J.,,,,2025-09-07 07:06:57.85256,2025-09-07 07:06:57.852563
1926,Habenaria brachyphylla (Lindl.) Aitch.,Habenaria,brachyphylla Lindl.,,,,2025-09-07 07:06:57.892401,2025-09-07 07:06:57.892403
1927,Habenaria brachyphyton Schltr. ex Mansf.,Habenaria,brachyphyton Schltr.,,,,2025-09-07 07:06:57.934545,2025-09-07 07:06:57.934548
1928,Habenaria brachyplectron Hoehne & Schltr.,Habenaria,brachyplectron Hoehne,,,,2025-09-07 07:06:57.973565,2025-09-07 07:06:57.973566
1929,Habenaria bracteosa Hochst. ex A. Rich.,Habenaria,bracteosa Hochst.,,,,2025-09-07 07:06:58.012373,2025-09-07 07:06:58.012374
1930,Habenaria bractescens Lindl.,Habenaria,bractescens Lindl.,,,,2025-09-07 07:06:58.051028,2025-09-07 07:06:58.05103
1931,Habenaria brevidens Lindl.,Habenaria,brevidens Lindl.,,,,2025-09-07 07:06:58.090343,2025-09-07 07:06:58.090345
1932,Habenaria brevilabiata A. Rich. & Galeotti,Habenaria,brevilabiata A.,,,,2025-09-07 07:06:58.129529,2025-09-07 07:06:58.129532
1933,Habenaria brittonae Ames,Habenaria,brittonae Ames,,,,2025-09-07 07:06:58.170008,2025-09-07 07:06:58.170012
1934,Habenaria brownelliana Catling,Habenaria,brownelliana Catling,,,,2025-09-07 07:06:58.209624,2025-09-07 07:06:58.209627
1935,Habenaria bryophila J. A. N. Bat.,Habenaria,bryophila J.,,,,2025-09-07 07:06:58.249115,2025-09-07 07:06:58.249119
1936,Habenaria buettneriana Kraenzl.,Habenaria,buettneriana Kraenzl.,,,,2025-09-07 07:06:58.288033,2025-09-07 07:06:58.288036
1937,Habenaria burttii Summerh.,Habenaria,burttii Summerh.,,,,2025-09-07 07:06:58.327838,2025-09-07 07:06:58.32784
1938,Habenaria busseana Kraenzl.,Habenaria,busseana Kraenzl.,,,,2025-09-07 07:06:58.366795,2025-09-07 07:06:58.366797
1939,Habenaria cadetiorum Pailler,Habenaria,cadetiorum Pailler,,,,2025-09-07 07:06:58.40652,2025-09-07 07:06:58.406523
1940,Habenaria afra Schltr.,Habenaria,afra Schltr.,,,,2025-09-07 07:06:58.445476,2025-09-07 07:06:58.445479
1941,Habenaria calcicola Aver.,Habenaria,calcicola Aver.,,,,2025-09-07 07:06:58.48761,2025-09-07 07:06:58.487613
1942,Habenaria caldensis Kraenzl.,Habenaria,caldensis Kraenzl.,,,,2025-09-07 07:06:58.52664,2025-09-07 07:06:58.526641
1943,Habenaria calicis R. González,Habenaria,calicis R.,,,,2025-09-07 07:06:58.565714,2025-09-07 07:06:58.565717
1944,Habenaria calvilabris Summerh.,Habenaria,calvilabris Summerh.,,,,2025-09-07 07:06:58.604673,2025-09-07 07:06:58.604675
1945,Habenaria calvilabris Summerh. var. crassocalcarata Geerinck,Habenaria,calvilabris Summerh.,,,,2025-09-07 07:06:58.643444,2025-09-07 07:06:58.643446
1946,Habenaria campylogyna J. A. N. Bat. & Bianch.,Habenaria,campylogyna J.,,,,2025-09-07 07:06:58.682417,2025-09-07 07:06:58.682419
1947,Habenaria canastrensis J. A. N. Bat. & B. M. Carvalho,Habenaria,canastrensis J.,,,,2025-09-07 07:06:58.721503,2025-09-07 07:06:58.721506
1948,Habenaria candolleana Cogn.,Habenaria,candolleana Cogn.,,,,2025-09-07 07:06:58.7606,2025-09-07 07:06:58.760603
1949,Habenaria cardiostigmatica J. A. N. Bat. & Bianch.,Habenaria,cardiostigmatica J.,,,,2025-09-07 07:06:58.799814,2025-09-07 07:06:58.799817
1950,Habenaria carinata Span.,Habenaria,carinata Span.,,,,2025-09-07 07:06:58.838645,2025-09-07 07:06:58.838647
1951,Habenaria carlotae Dressler,Habenaria,carlotae Dressler,,,,2025-09-07 07:06:58.877593,2025-09-07 07:06:58.877596
1952,Habenaria carnea N. E. Br.,Habenaria,carnea N.,,,,2025-09-07 07:06:58.916996,2025-09-07 07:06:58.917
1953,Habenaria carvajaliana R. González & Cuev.-Fig.,Habenaria,carvajaliana R.,,,,2025-09-07 07:06:58.958373,2025-09-07 07:06:58.958375
1954,Habenaria casillasii R. González & Cuev.-Fig.,Habenaria,casillasii R.,,,,2025-09-07 07:06:58.998345,2025-09-07 07:06:58.998348
1955,Habenaria castellanosii Garay,Habenaria,castellanosii Garay,,,,2025-09-07 07:06:59.03759,2025-09-07 07:06:59.037592
1956,Habenaria castroi R. González & Cuevas-Figueroa,Habenaria,castroi R.,,,,2025-09-07 07:06:59.076544,2025-09-07 07:06:59.076546
1957,Habenaria cataphysema Rchb.f.,Habenaria,cataphysema Rchb.f.,,,,2025-09-07 07:06:59.115819,2025-09-07 07:06:59.11582
1958,Habenaria caucana Schltr.,Habenaria,caucana Schltr.,,,,2025-09-07 07:06:59.154424,2025-09-07 07:06:59.154425
1959,Habenaria caudaporcelli Schuit. & J. J. Verm.,Habenaria,caudaporcelli Schuit.,,,,2025-09-07 07:06:59.1935,2025-09-07 07:06:59.193503
1960,Habenaria cavatibrachia Summerh.,Habenaria,cavatibrachia Summerh.,,,,2025-09-07 07:06:59.235142,2025-09-07 07:06:59.235145
1961,Habenaria celebica Kraenzl.,Habenaria,celebica Kraenzl.,,,,2025-09-07 07:06:59.275148,2025-09-07 07:06:59.275151
1962,Habenaria cephalotes Lindl.,Habenaria,cephalotes Lindl.,,,,2025-09-07 07:06:59.315879,2025-09-07 07:06:59.315883
1963,Habenaria chirensis Rchb.f.,Habenaria,chirensis Rchb.f.,,,,2025-09-07 07:06:59.35551,2025-09-07 07:06:59.355513
1964,Habenaria chlorina C. S. P. Parish & Rchb.f.,Habenaria,chlorina C.,,,,2025-09-07 07:06:59.394891,2025-09-07 07:06:59.394894
1965,Habenaria chlorosepala D. L. Jones,Habenaria,chlorosepala D.,,,,2025-09-07 07:06:59.434023,2025-09-07 07:06:59.434027
1966,Habenaria christianii Schltr.,Habenaria,christianii Schltr.,,,,2025-09-07 07:06:59.474165,2025-09-07 07:06:59.474168
1967,Habenaria ciliatisepala J. A. N. Bat. & Bianch.,Habenaria,ciliatisepala J.,,,,2025-09-07 07:06:59.513701,2025-09-07 07:06:59.513705
1968,Habenaria ciliolaris Kraenzl.,Habenaria,ciliolaris Kraenzl.,,,,2025-09-07 07:06:59.553128,2025-09-07 07:06:59.553131
1969,Habenaria ciliosa Lindl.,Habenaria,ciliosa Lindl.,,,,2025-09-07 07:06:59.592338,2025-09-07 07:06:59.59234
1970,Habenaria cirrhata (Lindl.) Rchb.f.,Habenaria,cirrhata Lindl.,,,,2025-09-07 07:06:59.631167,2025-09-07 07:06:59.631169
1971,Habenaria clareae Hermans,Habenaria,clareae Hermans,,,,2025-09-07 07:06:59.670339,2025-09-07 07:06:59.670341
1972,Habenaria clavata (Lindl.) Rchb.f.,Habenaria,clavata Lindl.,,,,2025-09-07 07:06:59.709708,2025-09-07 07:06:59.709709
1973,Habenaria clypeata Lindl.,Habenaria,clypeata Lindl.,,,,2025-09-07 07:06:59.748461,2025-09-07 07:06:59.748463
1974,Habenaria cochleicalcar Bosser,Habenaria,cochleicalcar Bosser,,,,2025-09-07 07:06:59.787726,2025-09-07 07:06:59.787729
1975,Habenaria coeloglossoides Summerh.,Habenaria,coeloglossoides Summerh.,,,,2025-09-07 07:06:59.826992,2025-09-07 07:06:59.826996
1976,Habenaria commelinifolia (Roxb.) Wall. ex Lindl.,Habenaria,commelinifolia Roxb.,,,,2025-09-07 07:06:59.866689,2025-09-07 07:06:59.866692
1977,Habenaria comorensis H. Perrier,Habenaria,comorensis H.,,,,2025-09-07 07:06:59.905539,2025-09-07 07:06:59.905541
1978,Habenaria compluviosa J. A. N. Bat.,Habenaria,compluviosa J.,,,,2025-09-07 07:06:59.944679,2025-09-07 07:06:59.944682
1979,Habenaria compta Summerh.,Habenaria,compta Summerh.,,,,2025-09-07 07:06:59.984459,2025-09-07 07:06:59.984463
1980,Habenaria congesta Ames,Habenaria,congesta Ames,,,,2025-09-07 07:07:00.023798,2025-09-07 07:07:00.023801
1981,Habenaria conopodes Ridl.,Habenaria,conopodes Ridl.,,,,2025-09-07 07:07:00.062736,2025-09-07 07:07:00.062738
1982,Habenaria conopsea Rchb.f.,Habenaria,conopsea Rchb.f.,,,,2025-09-07 07:07:00.101838,2025-09-07 07:07:00.101841
1983,Habenaria contrerasii R. González & Cuev.-Fig.,Habenaria,contrerasii R.,,,,2025-09-07 07:07:00.140752,2025-09-07 07:07:00.140754
1984,Habenaria cornuta Lindl.,Habenaria,cornuta Lindl.,,,,2025-09-07 07:07:00.179508,2025-09-07 07:07:00.17951
1985,Habenaria cornutella Summerh.,Habenaria,cornutella Summerh.,,,,2025-09-07 07:07:00.218431,2025-09-07 07:07:00.218433
1986,Habenaria cortesii R. González & Cuev.-Fig.,Habenaria,cortesii R.,,,,2025-09-07 07:07:00.257576,2025-09-07 07:07:00.257579
1987,Habenaria corticicola W. W. Sm.,Habenaria,corticicola W.,,,,2025-09-07 07:07:00.298819,2025-09-07 07:07:00.298823
1988,Habenaria corydophora Rchb.f.,Habenaria,corydophora Rchb.f.,,,,2025-09-07 07:07:00.338118,2025-09-07 07:07:00.338121
1989,Habenaria corymbosa C. S. P. Parish & Rchb.f.,Habenaria,corymbosa C.,,,,2025-09-07 07:07:00.379738,2025-09-07 07:07:00.379741
1990,Habenaria costaricensis Schltr.,Habenaria,costaricensis Schltr.,,,,2025-09-07 07:07:00.419318,2025-09-07 07:07:00.419321
1991,Habenaria coultousii Barretto,Habenaria,coultousii Barretto,,,,2025-09-07 07:07:00.458564,2025-09-07 07:07:00.458566
1992,Habenaria coxipoensis Hoehne,Habenaria,coxipoensis Hoehne,,,,2025-09-07 07:07:00.498048,2025-09-07 07:07:00.49805
1993,Habenaria crassicornis Lindl.,Habenaria,crassicornis Lindl.,,,,2025-09-07 07:07:00.537282,2025-09-07 07:07:00.537285
1994,Habenaria crassilabia Kraenzl.,Habenaria,crassilabia Kraenzl.,,,,2025-09-07 07:07:00.576476,2025-09-07 07:07:00.576479
1995,Habenaria cribbiana Szlach. & Olszewski,Habenaria,cribbiana Szlach.,,,,2025-09-07 07:07:00.615789,2025-09-07 07:07:00.615792
1996,Habenaria crinifera Lindl.,Habenaria,crinifera Lindl.,,,,2025-09-07 07:07:00.654679,2025-09-07 07:07:00.654681
1997,Habenaria crocodilium Hermans,Habenaria,crocodilium Hermans,,,,2025-09-07 07:07:00.69382,2025-09-07 07:07:00.693822
1998,Habenaria cruciata J. J. Sm.,Habenaria,cruciata J.,,,,2025-09-07 07:07:00.732903,2025-09-07 07:07:00.732905
1999,Habenaria crucifera Rchb.f. & Warm.,Habenaria,crucifera Rchb.f.,,,,2025-09-07 07:07:00.771815,2025-09-07 07:07:00.771816
2000,Habenaria cruciformis Ohwi,Habenaria,cruciformis Ohwi,,,,2025-09-07 07:07:00.810808,2025-09-07 07:07:00.81081
2001,Habenaria cruegeri Cogn.,Habenaria,cruegeri Cogn.,,,,2025-09-07 07:07:00.850616,2025-09-07 07:07:00.850619
2002,Habenaria cryptophila Barb. Rodr.,Habenaria,cryptophila Barb.,,,,2025-09-07 07:07:00.889898,2025-09-07 07:07:00.889901
2003,Habenaria cualensis R. González & Cuev.-Fig.,Habenaria,cualensis R.,,,,2025-09-07 07:07:00.929371,2025-09-07 07:07:00.929374
2004,Habenaria cuevasiana R. González & Cuev.-Fig.,Habenaria,cuevasiana R.,,,,2025-09-07 07:07:00.969404,2025-09-07 07:07:00.969406
2005,Habenaria culicina Rchb.f. & Warm.,Habenaria,culicina Rchb.f.,,,,2025-09-07 07:07:01.008285,2025-09-07 07:07:01.008288
2006,Habenaria cultellifolia Barb. Rodr.,Habenaria,cultellifolia Barb.,,,,2025-09-07 07:07:01.04758,2025-09-07 07:07:01.047583
2007,Habenaria cultrata A. Rich.,Habenaria,cultrata A.,,,,2025-09-07 07:07:01.088543,2025-09-07 07:07:01.088545
2008,Habenaria cultriformis Kraenzl. ex Engl.,Habenaria,cultriformis Kraenzl.,,,,2025-09-07 07:07:01.127615,2025-09-07 07:07:01.127618
2009,Habenaria culveri Schltr.,Habenaria,culveri Schltr.,,,,2025-09-07 07:07:01.16656,2025-09-07 07:07:01.166562
2010,Habenaria curranii Ames,Habenaria,curranii Ames,,,,2025-09-07 07:07:01.205397,2025-09-07 07:07:01.205399
2011,Habenaria curvicalcar J. J. Sm.,Habenaria,curvicalcar J.,,,,2025-09-07 07:07:01.246479,2025-09-07 07:07:01.246482
2012,Habenaria curvilabra Barb. Rodr.,Habenaria,curvilabra Barb.,,,,2025-09-07 07:07:01.285593,2025-09-07 07:07:01.285595
2013,Habenaria dalzielii Summerh.,Habenaria,dalzielii Summerh.,,,,2025-09-07 07:07:01.324584,2025-09-07 07:07:01.324587
2014,Habenaria davidii Franch.,Habenaria,davidii Franch.,,,,2025-09-07 07:07:01.366525,2025-09-07 07:07:01.366529
2015,Habenaria deanscowaniana Hermans,Habenaria,deanscowaniana Hermans,,,,2025-09-07 07:07:01.405558,2025-09-07 07:07:01.40556
2016,Habenaria debeerstiana Kraenzl. ex De Wild. & T. Durand,Habenaria,debeerstiana Kraenzl.,,,,2025-09-07 07:07:01.444844,2025-09-07 07:07:01.444847
2017,Habenaria decaptera Rchb.f.,Habenaria,decaptera Rchb.f.,,,,2025-09-07 07:07:01.4842,2025-09-07 07:07:01.484202
2018,Habenaria decaryana H. Perrier,Habenaria,decaryana H.,,,,2025-09-07 07:07:01.524384,2025-09-07 07:07:01.524386
2019,Habenaria decorata Hochst. ex A. Rich.,Habenaria,decorata Hochst.,,,,2025-09-07 07:07:01.563675,2025-09-07 07:07:01.563678
2020,Habenaria decumbens S. Thomas & P. J. Cribb,Habenaria,decumbens S.,,,,2025-09-07 07:07:01.603547,2025-09-07 07:07:01.603549
2021,Habenaria decurvirostris Summerh.,Habenaria,decurvirostris Summerh.,,,,2025-09-07 07:07:01.644297,2025-09-07 07:07:01.6443
2022,Habenaria delavayi Finet,Habenaria,delavayi Finet,,,,2025-09-07 07:07:01.683637,2025-09-07 07:07:01.683639
2023,Habenaria demissa Schltr.,Habenaria,demissa Schltr.,,,,2025-09-07 07:07:01.72371,2025-09-07 07:07:01.723713
2024,Habenaria dentata (Sw.) Schltr.,Habenaria,dentata Sw.,,,,2025-09-07 07:07:01.762857,2025-09-07 07:07:01.76286
2025,Habenaria dentata (Sw.) Schltr. var. parageniculata (Tang & F. T. Wang) Aver.,Habenaria,dentata Sw.,,,,2025-09-07 07:07:01.802341,2025-09-07 07:07:01.802344
2026,Habenaria denticulata Rchb.f.,Habenaria,denticulata Rchb.f.,,,,2025-09-07 07:07:01.841419,2025-09-07 07:07:01.841421
2027,Habenaria dentifera C. Schweinf.,Habenaria,dentifera C.,,,,2025-09-07 07:07:01.88095,2025-09-07 07:07:01.880953
2028,Habenaria dentirostrata Tang & F. T. Wang,Habenaria,dentirostrata Tang,,,,2025-09-07 07:07:01.924187,2025-09-07 07:07:01.92419
2029,Habenaria depressifolia Hoehne,Habenaria,depressifolia Hoehne,,,,2025-09-07 07:07:01.963784,2025-09-07 07:07:01.963787
2030,Habenaria devogeliana Kolan.,Habenaria,devogeliana Kolan.,,,,2025-09-07 07:07:02.003263,2025-09-07 07:07:02.003265
2031,Habenaria dichopetala Thwaites,Habenaria,dichopetala Thwaites,,,,2025-09-07 07:07:02.044054,2025-09-07 07:07:02.044057
2032,Habenaria diffusa A. Rich. & Galeotti,Habenaria,diffusa A.,,,,2025-09-07 07:07:02.083414,2025-09-07 07:07:02.083417
2033,Habenaria digitata Lindl.,Habenaria,digitata Lindl.,,,,2025-09-07 07:07:02.125413,2025-09-07 07:07:02.125417
2034,Habenaria dinklagei Kraenzl.,Habenaria,dinklagei Kraenzl.,,,,2025-09-07 07:07:02.165597,2025-09-07 07:07:02.165601
2035,Habenaria diphylla (Nimmo) Dalzell,Habenaria,diphylla Nimmo,,,,2025-09-07 07:07:02.205017,2025-09-07 07:07:02.205019
2036,Habenaria diphylla (Nimmo) Dalzell var. josephi (Rchb.f.) N. Pearce & P. J. Cribb,Habenaria,diphylla Nimmo,,,,2025-09-07 07:07:02.24489,2025-09-07 07:07:02.244894
2037,Habenaria diplonema Schltr.,Habenaria,diplonema Schltr.,,,,2025-09-07 07:07:02.284531,2025-09-07 07:07:02.284534
2038,Habenaria diselloides Schltr.,Habenaria,diselloides Schltr.,,,,2025-09-07 07:07:02.324162,2025-09-07 07:07:02.324165
2039,Habenaria disparilis Summerh.,Habenaria,disparilis Summerh.,,,,2025-09-07 07:07:02.363576,2025-09-07 07:07:02.363579
2040,Habenaria distans Griseb.,Habenaria,distans Griseb.,,,,2025-09-07 07:07:02.405437,2025-09-07 07:07:02.405441
2041,Habenaria distantiflora A. Rich.,Habenaria,distantiflora A.,,,,2025-09-07 07:07:02.445249,2025-09-07 07:07:02.445252
2042,Habenaria ditricha Hook.f.,Habenaria,ditricha Hook.f.,,,,2025-09-07 07:07:02.484618,2025-09-07 07:07:02.484622
2043,Habenaria divaricata R. S. Rogers & C. T. White,Habenaria,divaricata R.,,,,2025-09-07 07:07:02.525143,2025-09-07 07:07:02.525147
2044,Habenaria divergens Summerh.,Habenaria,divergens Summerh.,,,,2025-09-07 07:07:02.567349,2025-09-07 07:07:02.567353
2045,Habenaria dives Rchb.f.,Habenaria,dives Rchb.f.,,,,2025-09-07 07:07:02.607007,2025-09-07 07:07:02.607011
2046,Habenaria dolichostachya Thwaites,Habenaria,dolichostachya Thwaites,,,,2025-09-07 07:07:02.659047,2025-09-07 07:07:02.65905
2047,Habenaria dracaenifolia Schltr.,Habenaria,dracaenifolia Schltr.,,,,2025-09-07 07:07:02.702195,2025-09-07 07:07:02.702198
2048,Habenaria dregeana Lindl.,Habenaria,dregeana Lindl.,,,,2025-09-07 07:07:02.743964,2025-09-07 07:07:02.743968
2049,Habenaria drepanodes Renz ex Kolan.,Habenaria,drepanodes Renz,,,,2025-09-07 07:07:02.78344,2025-09-07 07:07:02.783443
2050,Habenaria drepanopetala Pabst,Habenaria,drepanopetala Pabst,,,,2025-09-07 07:07:02.822965,2025-09-07 07:07:02.822968
2051,Habenaria dressleri J. M. H. Shaw,Habenaria,dressleri J.,,,,2025-09-07 07:07:02.862354,2025-09-07 07:07:02.862357
2052,Habenaria dryadum Schltr.,Habenaria,dryadum Schltr.,,,,2025-09-07 07:07:02.901423,2025-09-07 07:07:02.901426
2053,Habenaria dusenii Schltr.,Habenaria,dusenii Schltr.,,,,2025-09-07 07:07:02.943428,2025-09-07 07:07:02.943431
2054,Habenaria dutrae Schltr.,Habenaria,dutrae Schltr.,,,,2025-09-07 07:07:02.98248,2025-09-07 07:07:02.982483
2055,Habenaria eatoniana R. González & Cuev.-Fig.,Habenaria,eatoniana R.,,,,2025-09-07 07:07:03.021756,2025-09-07 07:07:03.021759
2056,Habenaria echeverryi (Szlach. & Kolan.) R. Kr. Singh & Sanjeet Kumar,Habenaria,echeverryi Szlach.,,,,2025-09-07 07:07:03.060831,2025-09-07 07:07:03.060834
2057,Habenaria edgarii Summerh.,Habenaria,edgarii Summerh.,,,,2025-09-07 07:07:03.100876,2025-09-07 07:07:03.100879
2058,Habenaria edwallii Cogn.,Habenaria,edwallii Cogn.,,,,2025-09-07 07:07:03.139795,2025-09-07 07:07:03.139797
2059,Habenaria egleriana J. A. N. Bat. & Bianch.,Habenaria,egleriana J.,,,,2025-09-07 07:07:03.178872,2025-09-07 07:07:03.178876
2060,Habenaria egregia Summerh.,Habenaria,egregia Summerh.,,,,2025-09-07 07:07:03.221645,2025-09-07 07:07:03.221648
2061,Habenaria ekmaniana Kraenzl.,Habenaria,ekmaniana Kraenzl.,,,,2025-09-07 07:07:03.260487,2025-09-07 07:07:03.26049
2062,Habenaria elatius Ridl.,Habenaria,elatius Ridl.,,,,2025-09-07 07:07:03.299753,2025-09-07 07:07:03.299755
2063,Habenaria elliptica Wight,Habenaria,elliptica Wight,,,,2025-09-07 07:07:03.338644,2025-09-07 07:07:03.338646
2064,Habenaria elongata R. Br.,Habenaria,elongata R.,,,,2025-09-07 07:07:03.379674,2025-09-07 07:07:03.379677
2065,Habenaria elwesii Hook.f.,Habenaria,elwesii Hook.f.,,,,2025-09-07 07:07:03.418625,2025-09-07 07:07:03.418628
2066,Habenaria engleriana Kraenzl.,Habenaria,engleriana Kraenzl.,,,,2025-09-07 07:07:03.45785,2025-09-07 07:07:03.457853
2067,Habenaria ensifolia Lindl.,Habenaria,ensifolia Lindl.,,,,2025-09-07 07:07:03.497124,2025-09-07 07:07:03.497128
2068,Habenaria ensigera Renz,Habenaria,ensigera Renz,,,,2025-09-07 07:07:03.53706,2025-09-07 07:07:03.537064
2069,Habenaria entomantha (Lex.) Lindl.,Habenaria,entomantha Lex.,,,,2025-09-07 07:07:03.579593,2025-09-07 07:07:03.579595
2070,Habenaria epipactidea Rchb.f.,Habenaria,epipactidea Rchb.f.,,,,2025-09-07 07:07:03.619224,2025-09-07 07:07:03.619228
2071,Habenaria ernestii Schltr.,Habenaria,ernestii Schltr.,,,,2025-09-07 07:07:03.658505,2025-09-07 07:07:03.658508
2072,Habenaria ernesti-ulei Hoehne,Habenaria,ernesti-ulei Hoehne,,,,2025-09-07 07:07:03.697638,2025-09-07 07:07:03.697641
2073,Habenaria erostrata Tang & F. T. Wang,Habenaria,erostrata Tang,,,,2025-09-07 07:07:03.736679,2025-09-07 07:07:03.736683
2074,Habenaria espinhacensis J. A. N. Bat. & A. A. Vale,Habenaria,espinhacensis J.,,,,2025-09-07 07:07:03.776043,2025-09-07 07:07:03.776046
2075,Habenaria euryloba D. L. Jones,Habenaria,euryloba D.,,,,2025-09-07 07:07:03.81514,2025-09-07 07:07:03.815142
2076,Habenaria eustachya Rchb.f.,Habenaria,eustachya Rchb.f.,,,,2025-09-07 07:07:03.853998,2025-09-07 07:07:03.854
2077,Habenaria exaltata Barb. Rodr.,Habenaria,exaltata Barb.,,,,2025-09-07 07:07:03.893247,2025-09-07 07:07:03.893248
2078,Habenaria excelsa S. Thomas & P. J. Cribb,Habenaria,excelsa S.,,,,2025-09-07 07:07:03.932028,2025-09-07 07:07:03.93203
2079,Habenaria exilis D. L. Jones,Habenaria,exilis D.,,,,2025-09-07 07:07:03.97139,2025-09-07 07:07:03.971394
2080,Habenaria falcata G. Will.,Habenaria,falcata G.,,,,2025-09-07 07:07:04.010961,2025-09-07 07:07:04.010964
2081,Habenaria falcatopetala Seidenf.,Habenaria,falcatopetala Seidenf.,,,,2025-09-07 07:07:04.050456,2025-09-07 07:07:04.050459
2082,Habenaria falcicornis (Burch. ex Lindl.) Bolus,Habenaria,falcicornis Burch.,,,,2025-09-07 07:07:04.089881,2025-09-07 07:07:04.089883
2083,Habenaria falcigera Rchb.f.,Habenaria,falcigera Rchb.f.,,,,2025-09-07 07:07:04.129126,2025-09-07 07:07:04.129129
2084,Habenaria falciloba Summerh.,Habenaria,falciloba Summerh.,,,,2025-09-07 07:07:04.168771,2025-09-07 07:07:04.168774
2085,Habenaria fargesii Finet,Habenaria,fargesii Finet,,,,2025-09-07 07:07:04.207856,2025-09-07 07:07:04.207859
2086,Habenaria fassetii (Szlach. & Kolan.) R. Kr. Singh & Sanjeet Kumar,Habenaria,fassetii Szlach.,,,,2025-09-07 07:07:04.247621,2025-09-07 07:07:04.247623
2087,Habenaria felipensis Ames,Habenaria,felipensis Ames,,,,2025-09-07 07:07:04.289027,2025-09-07 07:07:04.28904
2088,Habenaria ferdinandi Schltr.,Habenaria,ferdinandi Schltr.,,,,2025-09-07 07:07:04.32792,2025-09-07 07:07:04.327922
2089,Habenaria ferkoana Schltr.,Habenaria,ferkoana Schltr.,,,,2025-09-07 07:07:04.368171,2025-09-07 07:07:04.368173
2090,Habenaria filicornis Lindl.,Habenaria,filicornis Lindl.,,,,2025-09-07 07:07:04.407539,2025-09-07 07:07:04.407542
2091,Habenaria filifera S. Watson,Habenaria,filifera S.,,,,2025-09-07 07:07:04.446165,2025-09-07 07:07:04.446167
2092,Habenaria fimbriatiloba Kolan.,Habenaria,fimbriatiloba Kolan.,,,,2025-09-07 07:07:04.485164,2025-09-07 07:07:04.485167
2093,Habenaria finetiana Schltr.,Habenaria,finetiana Schltr.,,,,2025-09-07 07:07:04.524405,2025-09-07 07:07:04.524408
2094,Habenaria flabelliformis Summerh. ex C. E. C. Fisch.,Habenaria,flabelliformis Summerh.,,,,2025-09-07 07:07:04.564007,2025-09-07 07:07:04.56401
2095,Habenaria flaccifolia Schltr.,Habenaria,flaccifolia Schltr.,,,,2025-09-07 07:07:04.603955,2025-09-07 07:07:04.603958
2096,Habenaria flexuosa Lindl.,Habenaria,flexuosa Lindl.,,,,2025-09-07 07:07:04.64319,2025-09-07 07:07:04.643193
2097,Habenaria floribunda Lindl.,Habenaria,floribunda Lindl.,,,,2025-09-07 07:07:04.682451,2025-09-07 07:07:04.682453
2098,Habenaria fluminensis Hoehne,Habenaria,fluminensis Hoehne,,,,2025-09-07 07:07:04.723689,2025-09-07 07:07:04.723691
2099,Habenaria foliosa A. Rich.,Habenaria,foliosa A.,,,,2025-09-07 07:07:04.762512,2025-09-07 07:07:04.762514
2100,Habenaria fordii Rolfe,Habenaria,fordii Rolfe,,,,2025-09-07 07:07:04.801501,2025-09-07 07:07:04.801504
2101,Habenaria foxii Ridl.,Habenaria,foxii Ridl.,,,,2025-09-07 07:07:04.840405,2025-09-07 07:07:04.840408
2102,Habenaria frappieri J.-B. Castillon & P. Bernet,Habenaria,frappieri J.-B.,,,,2025-09-07 07:07:04.879365,2025-09-07 07:07:04.879366
2103,Habenaria fulva Tang & F. T. Wang,Habenaria,fulva Tang,,,,2025-09-07 07:07:04.918294,2025-09-07 07:07:04.918298
2104,Habenaria furcifera Lindl.,Habenaria,furcifera Lindl.,,,,2025-09-07 07:07:04.957374,2025-09-07 07:07:04.957377
2105,Habenaria fuscina D. L. Jones,Habenaria,fuscina D.,,,,2025-09-07 07:07:04.996821,2025-09-07 07:07:04.996824
2106,Habenaria galactantha Kraenzl.,Habenaria,galactantha Kraenzl.,,,,2025-09-07 07:07:05.037193,2025-09-07 07:07:05.037196
2107,Habenaria galeandriformis Hoehne,Habenaria,galeandriformis Hoehne,,,,2025-09-07 07:07:05.076676,2025-09-07 07:07:05.076679
2108,Habenaria galipanensis Kraenzl.,Habenaria,galipanensis Kraenzl.,,,,2025-09-07 07:07:05.115933,2025-09-07 07:07:05.115937
2109,Habenaria galpinii Bolus,Habenaria,galpinii Bolus,,,,2025-09-07 07:07:05.155124,2025-09-07 07:07:05.155126
2110,Habenaria geerinckiana (Schaijes) Geerinck,Habenaria,geerinckiana Schaijes,,,,2025-09-07 07:07:05.194789,2025-09-07 07:07:05.194792
2112,Habenaria gilbertii S. Thomas & P. J. Cribb,Habenaria,gilbertii S.,,,,2025-09-07 07:07:05.273655,2025-09-07 07:07:05.273657
2113,Habenaria giriensis J. J. Sm.,Habenaria,giriensis J.,,,,2025-09-07 07:07:05.313377,2025-09-07 07:07:05.313381
2114,Habenaria glaucifolia Bureau & Franch.,Habenaria,glaucifolia Bureau,,,,2025-09-07 07:07:05.353077,2025-09-07 07:07:05.35308
2115,Habenaria glaucophylla Barb. Rodr.,Habenaria,glaucophylla Barb.,,,,2025-09-07 07:07:05.392619,2025-09-07 07:07:05.392622
2116,Habenaria glaucophylla Barb. Rodr. var. brevifolia Cogn.,Habenaria,glaucophylla Barb.,,,,2025-09-07 07:07:05.431974,2025-09-07 07:07:05.431976
2117,Habenaria glazioviana Kraenzl. ex Cogn.,Habenaria,glazioviana Kraenzl.,,,,2025-09-07 07:07:05.470889,2025-09-07 07:07:05.470892
2118,Habenaria godefroyi Rchb.f.,Habenaria,godefroyi Rchb.f.,,,,2025-09-07 07:07:05.509994,2025-09-07 07:07:05.509996
2119,Habenaria goetzeana Kraenzl.,Habenaria,goetzeana Kraenzl.,,,,2025-09-07 07:07:05.549669,2025-09-07 07:07:05.549672
2120,Habenaria gollmeri Schltr.,Habenaria,gollmeri Schltr.,,,,2025-09-07 07:07:05.589749,2025-09-07 07:07:05.589752
2121,Habenaria gonatosiphon Summerh.,Habenaria,gonatosiphon Summerh.,,,,2025-09-07 07:07:05.63192,2025-09-07 07:07:05.631923
2122,Habenaria gonzaleztamayoi García-Cruz,Habenaria,gonzaleztamayoi García-Cruz,,,,2025-09-07 07:07:05.675797,2025-09-07 07:07:05.6758
2123,Habenaria gourlieana Gillies ex Lindl.,Habenaria,gourlieana Gillies,,,,2025-09-07 07:07:05.722613,2025-09-07 07:07:05.722616
2124,Habenaria goyazensis Cogn.,Habenaria,goyazensis Cogn.,,,,2025-09-07 07:07:05.763189,2025-09-07 07:07:05.763192
2125,Habenaria gracilis Lindl.,Habenaria,gracilis Lindl.,,,,2025-09-07 07:07:05.802731,2025-09-07 07:07:05.802734
2126,Habenaria gracilisegmenta Engels & J. A. N. Bat.,Habenaria,gracilisegmenta Engels,,,,2025-09-07 07:07:05.844279,2025-09-07 07:07:05.844282
2127,Habenaria grandifloriformis Blatt. & McCann,Habenaria,grandifloriformis Blatt.,,,,2025-09-07 07:07:05.884062,2025-09-07 07:07:05.884065
2128,Habenaria granitica Lozano-Cif.,Habenaria,granitica Lozano-Cif.,,,,2025-09-07 07:07:05.923674,2025-09-07 07:07:05.923676
2129,Habenaria greenwoodiana R. González,Habenaria,greenwoodiana R.,,,,2025-09-07 07:07:05.963383,2025-09-07 07:07:05.963385
2130,Habenaria guadalajarana S. Watson,Habenaria,guadalajarana S.,,,,2025-09-07 07:07:06.002633,2025-09-07 07:07:06.002635
2131,Habenaria guaraensis J. A. N. Bat. & Bianch.,Habenaria,guaraensis J.,,,,2025-09-07 07:07:06.042158,2025-09-07 07:07:06.04216
2132,Habenaria guilleminii Rchb.f.,Habenaria,guilleminii Rchb.f.,,,,2025-09-07 07:07:06.084841,2025-09-07 07:07:06.084845
2133,Habenaria gustavo-edwallii Hoehne,Habenaria,gustavo-edwallii Hoehne,,,,2025-09-07 07:07:06.12661,2025-09-07 07:07:06.126613
2134,Habenaria haareri Summerh.,Habenaria,haareri Summerh.,,,,2025-09-07 07:07:06.168813,2025-09-07 07:07:06.168816
2135,Habenaria habenarioides (Hoehne) R. E. Nogueira & R. J. V. Alves,Habenaria,habenarioides Hoehne,,,,2025-09-07 07:07:06.208022,2025-09-07 07:07:06.208025
2136,Habenaria halata D. L. Jones,Habenaria,halata D.,,,,2025-09-07 07:07:06.25396,2025-09-07 07:07:06.253965
2137,Habenaria hamata Barb. Rodr.,Habenaria,hamata Barb.,,,,2025-09-07 07:07:06.294406,2025-09-07 07:07:06.294409
2138,Habenaria harderi Aver. & Averyanova,Habenaria,harderi Aver.,,,,2025-09-07 07:07:06.334027,2025-09-07 07:07:06.334029
2139,Habenaria harmsiana Schltr.,Habenaria,harmsiana Schltr.,,,,2025-09-07 07:07:06.374726,2025-09-07 07:07:06.374729
2140,Habenaria harroldii D. L. Jones,Habenaria,harroldii D.,,,,2025-09-07 07:07:06.416468,2025-09-07 07:07:06.416471
2141,Habenaria hassleriana Cogn.,Habenaria,hassleriana Cogn.,,,,2025-09-07 07:07:06.456422,2025-09-07 07:07:06.456425
2142,Habenaria hastata Seidenf.,Habenaria,hastata Seidenf.,,,,2025-09-07 07:07:06.495636,2025-09-07 07:07:06.495639
2143,Habenaria hatschbachii Pabst,Habenaria,hatschbachii Pabst,,,,2025-09-07 07:07:06.539072,2025-09-07 07:07:06.539074
2144,Habenaria hebes la Croix & P. J. Cribb,Habenaria,hebes la,,,,2025-09-07 07:07:06.583273,2025-09-07 07:07:06.583276
2145,Habenaria heleogena Schltr.,Habenaria,heleogena Schltr.,,,,2025-09-07 07:07:06.628404,2025-09-07 07:07:06.628407
2146,Habenaria helicoplectrum Summerh.,Habenaria,helicoplectrum Summerh.,,,,2025-09-07 07:07:06.669074,2025-09-07 07:07:06.669077
2147,Habenaria henscheniana Barb. Rodr.,Habenaria,henscheniana Barb.,,,,2025-09-07 07:07:06.709744,2025-09-07 07:07:06.709747
2148,Habenaria heptadactyla Rchb.f.,Habenaria,heptadactyla Rchb.f.,,,,2025-09-07 07:07:06.749835,2025-09-07 07:07:06.749838
2149,Habenaria heringeri Pabst,Habenaria,heringeri Pabst,,,,2025-09-07 07:07:06.789178,2025-09-07 07:07:06.789182
2150,Habenaria hermannjosef-rothii Eb. Fisch.,Habenaria,hermannjosef-rothii Eb.,,,,2025-09-07 07:07:06.82896,2025-09-07 07:07:06.828963
2151,Habenaria herminioides Kraenzl.,Habenaria,herminioides Kraenzl.,,,,2025-09-07 07:07:06.868245,2025-09-07 07:07:06.868247
2152,Habenaria heteroplectron (Rchb.f. ex Szlach. & Kolan.) R. Kr. Singh & Sanjeet Kumar,Habenaria,heteroplectron Rchb.f.,,,,2025-09-07 07:07:06.907436,2025-09-07 07:07:06.907439
2153,Habenaria hewittii Ridl.,Habenaria,hewittii Ridl.,,,,2025-09-07 07:07:06.951938,2025-09-07 07:07:06.95194
2154,Habenaria hexaptera Lindl.,Habenaria,hexaptera Lindl.,,,,2025-09-07 07:07:06.991053,2025-09-07 07:07:06.991056
2155,Habenaria heyneana (Lindl.) Lindl.,Habenaria,heyneana Lindl.,,,,2025-09-07 07:07:07.030355,2025-09-07 07:07:07.030357
2156,Habenaria hilsenbergii Ridl.,Habenaria,hilsenbergii Ridl.,,,,2025-09-07 07:07:07.06971,2025-09-07 07:07:07.069713
2157,Habenaria hippocrepica J. A. N. Bat. & Bianch.,Habenaria,hippocrepica J.,,,,2025-09-07 07:07:07.108757,2025-09-07 07:07:07.108759
2158,Habenaria hirsutissima Summerh.,Habenaria,hirsutissima Summerh.,,,,2025-09-07 07:07:07.147953,2025-09-07 07:07:07.147956
2159,Habenaria hirsutitrunci G. Will.,Habenaria,hirsutitrunci G.,,,,2025-09-07 07:07:07.188726,2025-09-07 07:07:07.188729
2160,Habenaria hollandiana Santapau,Habenaria,hollandiana Santapau,,,,2025-09-07 07:07:07.228531,2025-09-07 07:07:07.228533
2161,Habenaria hologlossa Summerh.,Habenaria,hologlossa Summerh.,,,,2025-09-07 07:07:07.267738,2025-09-07 07:07:07.267741
2162,Habenaria holothrix Schltr.,Habenaria,holothrix Schltr.,,,,2025-09-07 07:07:07.307482,2025-09-07 07:07:07.307484
2163,Habenaria holotricha Gagnep.,Habenaria,holotricha Gagnep.,,,,2025-09-07 07:07:07.346631,2025-09-07 07:07:07.346633
2164,Habenaria holubii Rolfe,Habenaria,holubii Rolfe,,,,2025-09-07 07:07:07.385682,2025-09-07 07:07:07.385684
2165,Habenaria horaliae R. González,Habenaria,horaliae R.,,,,2025-09-07 07:07:07.426342,2025-09-07 07:07:07.426346
2166,Habenaria horsfieldiana Kraenzl.,Habenaria,horsfieldiana Kraenzl.,,,,2025-09-07 07:07:07.472415,2025-09-07 07:07:07.472418
2167,Habenaria hosseusii Schltr.,Habenaria,hosseusii Schltr.,,,,2025-09-07 07:07:07.513067,2025-09-07 07:07:07.51307
2168,Habenaria huberi Carnevali & Morillo,Habenaria,huberi Carnevali,,,,2025-09-07 07:07:07.553075,2025-09-07 07:07:07.553078
2169,Habenaria huillensis Rchb.f.,Habenaria,huillensis Rchb.f.,,,,2025-09-07 07:07:07.592384,2025-09-07 07:07:07.592385
2170,Habenaria humbertii Szlach. & Olszewski,Habenaria,humbertii Szlach.,,,,2025-09-07 07:07:07.631749,2025-09-07 07:07:07.631751
2171,Habenaria humidicola Rolfe,Habenaria,humidicola Rolfe,,,,2025-09-07 07:07:07.670972,2025-09-07 07:07:07.670974
2172,Habenaria humilior Rchb.f.,Habenaria,humilior Rchb.f.,,,,2025-09-07 07:07:07.713162,2025-09-07 07:07:07.713165
2173,Habenaria hydrophila Barb. Rodr.,Habenaria,hydrophila Barb.,,,,2025-09-07 07:07:07.755902,2025-09-07 07:07:07.755906
2174,Habenaria hygrophila J. A. N. Bat.,Habenaria,hygrophila J.,,,,2025-09-07 07:07:07.795545,2025-09-07 07:07:07.795548
2175,Habenaria hymenophylla Schltr.,Habenaria,hymenophylla Schltr.,,,,2025-09-07 07:07:07.838312,2025-09-07 07:07:07.838315
2176,Habenaria ibarrae R. González,Habenaria,ibarrae R.,,,,2025-09-07 07:07:07.87795,2025-09-07 07:07:07.877953
2177,Habenaria ichneumonea (Sw.) Lindl.,Habenaria,ichneumonea Sw.,,,,2025-09-07 07:07:07.917477,2025-09-07 07:07:07.91748
2178,Habenaria idroboi Szlach. & Kolan.,Habenaria,idroboi Szlach.,,,,2025-09-07 07:07:07.957097,2025-09-07 07:07:07.9571
2179,Habenaria imbricata Lindl.,Habenaria,imbricata Lindl.,,,,2025-09-07 07:07:07.997207,2025-09-07 07:07:07.997209
2180,Habenaria inaequiloba Schltr.,Habenaria,inaequiloba Schltr.,,,,2025-09-07 07:07:08.036922,2025-09-07 07:07:08.036925
2181,Habenaria incarnata Lyall ex Lindl.,Habenaria,incarnata Lyall,,,,2025-09-07 07:07:08.076761,2025-09-07 07:07:08.076763
2182,Habenaria inconspicua Cogn.,Habenaria,inconspicua Cogn.,,,,2025-09-07 07:07:08.115684,2025-09-07 07:07:08.115686
2183,Habenaria inexspectata R. González & Cuev.-Fig.,Habenaria,inexspectata R.,,,,2025-09-07 07:07:08.15506,2025-09-07 07:07:08.155062
2184,Habenaria insolita Summerh.,Habenaria,insolita Summerh.,,,,2025-09-07 07:07:08.194368,2025-09-07 07:07:08.19437
2185,Habenaria insularis Schltr.,Habenaria,insularis Schltr.,,,,2025-09-07 07:07:08.233632,2025-09-07 07:07:08.233634
2186,Habenaria integrilabris J. J. Sm.,Habenaria,integrilabris J.,,,,2025-09-07 07:07:08.273146,2025-09-07 07:07:08.273149
2187,Habenaria integripetala Cogn.,Habenaria,integripetala Cogn.,,,,2025-09-07 07:07:08.313173,2025-09-07 07:07:08.313177
2188,Habenaria intermedia D. Don,Habenaria,intermedia D.,,,,2025-09-07 07:07:08.352715,2025-09-07 07:07:08.352718
2189,Habenaria irazuensis Schltr.,Habenaria,irazuensis Schltr.,,,,2025-09-07 07:07:08.397567,2025-09-07 07:07:08.39757
2190,Habenaria irwiniana J. A. N. Bat. & Bianch.,Habenaria,irwiniana J.,,,,2025-09-07 07:07:08.436874,2025-09-07 07:07:08.436877
2191,Habenaria isoantha Schltr.,Habenaria,isoantha Schltr.,,,,2025-09-07 07:07:08.476818,2025-09-07 07:07:08.476821
2192,Habenaria itaculumia Garay,Habenaria,itaculumia Garay,,,,2025-09-07 07:07:08.516812,2025-09-07 07:07:08.516814
2193,Habenaria itatiayae Schltr.,Habenaria,itatiayae Schltr.,,,,2025-09-07 07:07:08.556192,2025-09-07 07:07:08.556195
2194,Habenaria ixtlanensis E. W. Greenw.,Habenaria,ixtlanensis E.,,,,2025-09-07 07:07:08.596057,2025-09-07 07:07:08.596059
2195,Habenaria iyoensis (Ohwi) Ohwi,Habenaria,iyoensis Ohwi,,,,2025-09-07 07:07:08.635127,2025-09-07 07:07:08.63513
2196,Habenaria jacobii Summerh.,Habenaria,jacobii Summerh.,,,,2025-09-07 07:07:08.674736,2025-09-07 07:07:08.674739
2197,Habenaria jaegeri Summerh.,Habenaria,jaegeri Summerh.,,,,2025-09-07 07:07:08.714063,2025-09-07 07:07:08.714065
2198,Habenaria jaguariahyvae Kraenzl.,Habenaria,jaguariahyvae Kraenzl.,,,,2025-09-07 07:07:08.753492,2025-09-07 07:07:08.753496
2199,Habenaria jaliscana S. Watson,Habenaria,jaliscana S.,,,,2025-09-07 07:07:08.793258,2025-09-07 07:07:08.793261
2200,Habenaria janellehayneana Choltco,Habenaria,janellehayneana Choltco,,,,2025-09-07 07:07:08.832821,2025-09-07 07:07:08.832824
2201,Habenaria jardeliana R. González & Cuev.-Fig.,Habenaria,jardeliana R.,,,,2025-09-07 07:07:08.872151,2025-09-07 07:07:08.872153
2202,Habenaria javanica Kraenzl.,Habenaria,javanica Kraenzl.,,,,2025-09-07 07:07:08.911717,2025-09-07 07:07:08.91172
2203,Habenaria johannae Kraenzl.,Habenaria,johannae Kraenzl.,,,,2025-09-07 07:07:08.951002,2025-09-07 07:07:08.951005
2204,Habenaria johannensis Barb. Rodr.,Habenaria,johannensis Barb.,,,,2025-09-07 07:07:08.990905,2025-09-07 07:07:08.990908
2205,Habenaria jordanensis (Leite) Garay,Habenaria,jordanensis Leite,,,,2025-09-07 07:07:09.030259,2025-09-07 07:07:09.030263
2206,Habenaria josephensis Barb. Rodr.,Habenaria,josephensis Barb.,,,,2025-09-07 07:07:09.069907,2025-09-07 07:07:09.06991
2207,Habenaria juruenensis Hoehne,Habenaria,juruenensis Hoehne,,,,2025-09-07 07:07:09.109794,2025-09-07 07:07:09.109798
2208,Habenaria kabompoensis G. Will.,Habenaria,kabompoensis G.,,,,2025-09-07 07:07:09.149294,2025-09-07 07:07:09.149297
2209,Habenaria kariniae R. González & Cuev.-Fig.,Habenaria,kariniae R.,,,,2025-09-07 07:07:09.188351,2025-09-07 07:07:09.188353
2210,Habenaria karstica J. A. N. Bat.,Habenaria,karstica J.,,,,2025-09-07 07:07:09.227401,2025-09-07 07:07:09.227402
2211,Habenaria kassneriana Kraenzl.,Habenaria,kassneriana Kraenzl.,,,,2025-09-07 07:07:09.266544,2025-09-07 07:07:09.266545
2212,Habenaria katangensis Summerh.,Habenaria,katangensis Summerh.,,,,2025-09-07 07:07:09.305593,2025-09-07 07:07:09.305596
2213,Habenaria keayi Summerh.,Habenaria,keayi Summerh.,,,,2025-09-07 07:07:09.345013,2025-09-07 07:07:09.345016
2214,Habenaria keniensis Summerh.,Habenaria,keniensis Summerh.,,,,2025-09-07 07:07:09.384283,2025-09-07 07:07:09.384286
2215,Habenaria keralensis K. Prasad,Habenaria,keralensis K.,,,,2025-09-07 07:07:09.423433,2025-09-07 07:07:09.423436
2216,Habenaria keyensis Schltr.,Habenaria,keyensis Schltr.,,,,2025-09-07 07:07:09.462617,2025-09-07 07:07:09.46262
2217,Habenaria khakhaengensis Makerd & Kurzweil,Habenaria,khakhaengensis Makerd,,,,2025-09-07 07:07:09.501559,2025-09-07 07:07:09.50156
2218,Habenaria khasiana Hook.f.,Habenaria,khasiana Hook.f.,,,,2025-09-07 07:07:09.541766,2025-09-07 07:07:09.541769
2219,Habenaria kilimanjari Rchb.f.,Habenaria,kilimanjari Rchb.f.,,,,2025-09-07 07:07:09.581425,2025-09-07 07:07:09.581428
2220,Habenaria kingii Hook.f.,Habenaria,kingii Hook.f.,,,,2025-09-07 07:07:09.620786,2025-09-07 07:07:09.620789
2221,Habenaria kjellbergii J. J. Sm.,Habenaria,kjellbergii J.,,,,2025-09-07 07:07:09.659946,2025-09-07 07:07:09.659949
2222,Habenaria kleinii Menini & J. A. N. Bat.,Habenaria,kleinii Menini,,,,2025-09-07 07:07:09.703744,2025-09-07 07:07:09.703746
2223,Habenaria kleyi Schltr.,Habenaria,kleyi Schltr.,,,,2025-09-07 07:07:09.742536,2025-09-07 07:07:09.742538
2224,Habenaria kolweziensis Geerinck & Schaijes,Habenaria,kolweziensis Geerinck,,,,2025-09-07 07:07:09.781664,2025-09-07 07:07:09.781667
2225,Habenaria koordersii J. J. Sm.,Habenaria,koordersii J.,,,,2025-09-07 07:07:09.826378,2025-09-07 07:07:09.826381
2226,Habenaria kornasiana Szlach.,Habenaria,kornasiana Szlach.,,,,2025-09-07 07:07:09.8668,2025-09-07 07:07:09.866804
2227,Habenaria kornasiorum Szlach. & Olszewski,Habenaria,kornasiorum Szlach.,,,,2025-09-07 07:07:09.907391,2025-09-07 07:07:09.907395
2228,Habenaria korthalsiana Kraenzl.,Habenaria,korthalsiana Kraenzl.,,,,2025-09-07 07:07:09.947831,2025-09-07 07:07:09.947834
2229,Habenaria kraenzliniana Schltr.,Habenaria,kraenzliniana Schltr.,,,,2025-09-07 07:07:09.987379,2025-09-07 07:07:09.987382
2230,Habenaria kraenzlinii J. M. H. Shaw,Habenaria,kraenzlinii J.,,,,2025-09-07 07:07:10.031569,2025-09-07 07:07:10.031571
2231,Habenaria kyimbilae Schltr.,Habenaria,kyimbilae Schltr.,,,,2025-09-07 07:07:10.071161,2025-09-07 07:07:10.071163
2232,Habenaria laevigata Lindl.,Habenaria,laevigata Lindl.,,,,2025-09-07 07:07:10.110603,2025-09-07 07:07:10.110605
2233,Habenaria lamii J. J. Sm.,Habenaria,lamii J.,,,,2025-09-07 07:07:10.151251,2025-09-07 07:07:10.151254
2234,Habenaria lancifolia A. Rich.,Habenaria,lancifolia A.,,,,2025-09-07 07:07:10.190649,2025-09-07 07:07:10.190652
2235,Habenaria langenheimii Szlach. & Kolan.,Habenaria,langenheimii Szlach.,,,,2025-09-07 07:07:10.229825,2025-09-07 07:07:10.229828
2236,Habenaria lankesteri Ames,Habenaria,lankesteri Ames,,,,2025-09-07 07:07:10.269186,2025-09-07 07:07:10.269188
2237,Habenaria lastelleana Kraenzl.,Habenaria,lastelleana Kraenzl.,,,,2025-09-07 07:07:10.308797,2025-09-07 07:07:10.308799
2238,Habenaria laurentii De Wild.,Habenaria,laurentii De,,,,2025-09-07 07:07:10.34814,2025-09-07 07:07:10.348143
2239,Habenaria lavrensis Hoehne,Habenaria,lavrensis Hoehne,,,,2025-09-07 07:07:10.387375,2025-09-07 07:07:10.387378
2240,Habenaria lavrensis Hoehne var. xanthodactyla J. A. N. Bat. & Bianch.,Habenaria,lavrensis Hoehne,,,,2025-09-07 07:07:10.426699,2025-09-07 07:07:10.426702
2241,Habenaria leandriana Bosser,Habenaria,leandriana Bosser,,,,2025-09-07 07:07:10.465789,2025-09-07 07:07:10.465791
2242,Habenaria lecardii Kraenzl.,Habenaria,lecardii Kraenzl.,,,,2025-09-07 07:07:10.505297,2025-09-07 07:07:10.5053
2243,Habenaria lefebureana (A. Rich.) T. Durand & Schinz,Habenaria,lefebureana A.,,,,2025-09-07 07:07:10.544447,2025-09-07 07:07:10.544449
2244,Habenaria lehiae Eb. Fisch.,Habenaria,lehiae Eb.,,,,2025-09-07 07:07:10.58407,2025-09-07 07:07:10.584073
2245,Habenaria lehmanniana Kraenzl.,Habenaria,lehmanniana Kraenzl.,,,,2025-09-07 07:07:10.624151,2025-09-07 07:07:10.624154
2246,Habenaria leibergii Ames,Habenaria,leibergii Ames,,,,2025-09-07 07:07:10.668239,2025-09-07 07:07:10.668243
2247,Habenaria lelyi Summerh.,Habenaria,lelyi Summerh.,,,,2025-09-07 07:07:10.707685,2025-09-07 07:07:10.707687
2248,Habenaria leonensis 'Kraenzl.' ex T. Durand & Schinz,Habenaria,leonensis 'Kraenzl.',,,,2025-09-07 07:07:10.746963,2025-09-07 07:07:10.746965
2249,Habenaria leon-ibarrae R. Jiménez & Carnevali,Habenaria,leon-ibarrae R.,,,,2025-09-07 07:07:10.786365,2025-09-07 07:07:10.786367
2250,Habenaria leprieurii Rchb.f.,Habenaria,leprieurii Rchb.f.,,,,2025-09-07 07:07:10.8264,2025-09-07 07:07:10.826403
2251,Habenaria leptantha Schltr.,Habenaria,leptantha Schltr.,,,,2025-09-07 07:07:10.865661,2025-09-07 07:07:10.865664
2252,Habenaria leptoceras Hook.,Habenaria,leptoceras Hook.,,,,2025-09-07 07:07:10.905376,2025-09-07 07:07:10.90538
2253,Habenaria leptoloba Benth.,Habenaria,leptoloba Benth.,,,,2025-09-07 07:07:10.945219,2025-09-07 07:07:10.945222
2254,Habenaria leptophylla (Renz) D. L. Jones,Habenaria,leptophylla Renz,,,,2025-09-07 07:07:10.984592,2025-09-07 07:07:10.984594
2255,Habenaria letestuana Szlach. & Olszewski,Habenaria,letestuana Szlach.,,,,2025-09-07 07:07:11.025392,2025-09-07 07:07:11.025395
2256,Habenaria letouzeyana (Szlach. & Olszewski) P. J. Cribb & Stévart,Habenaria,letouzeyana Szlach.,,,,2025-09-07 07:07:11.064992,2025-09-07 07:07:11.064995
2257,Habenaria leucoceras Schltr.,Habenaria,leucoceras Schltr.,,,,2025-09-07 07:07:11.104287,2025-09-07 07:07:11.104289
2258,Habenaria leucosantha Barb. Rodr.,Habenaria,leucosantha Barb.,,,,2025-09-07 07:07:11.143863,2025-09-07 07:07:11.143865
2259,Habenaria leucosantha Barb. Rodr. var. berroana (Barb. Rodr.) Pabst,Habenaria,leucosantha Barb.,,,,2025-09-07 07:07:11.184338,2025-09-07 07:07:11.184341
2260,Habenaria leucosantha Barb. Rodr. var. riograndensis Pabst,Habenaria,leucosantha Barb.,,,,2025-09-07 07:07:11.223933,2025-09-07 07:07:11.223936
2261,Habenaria leucotricha Schltr.,Habenaria,leucotricha Schltr.,,,,2025-09-07 07:07:11.263788,2025-09-07 07:07:11.263791
2262,Habenaria leucotricha Schltr. var. recticalcar I. La Croix,Habenaria,leucotricha Schltr.,,,,2025-09-07 07:07:11.303057,2025-09-07 07:07:11.303059
2263,Habenaria lewallei Geerinck,Habenaria,lewallei Geerinck,,,,2025-09-07 07:07:11.342263,2025-09-07 07:07:11.342265
2264,Habenaria libeniana Geerinck,Habenaria,libeniana Geerinck,,,,2025-09-07 07:07:11.382068,2025-09-07 07:07:11.38207
2265,Habenaria ligulata C. Schweinf.,Habenaria,ligulata C.,,,,2025-09-07 07:07:11.421852,2025-09-07 07:07:11.421855
2266,Habenaria limprichtii Schltr.,Habenaria,limprichtii Schltr.,,,,2025-09-07 07:07:11.46139,2025-09-07 07:07:11.461394
2267,Habenaria lindblomii Schltr.,Habenaria,lindblomii Schltr.,,,,2025-09-07 07:07:11.500829,2025-09-07 07:07:11.500831
2268,Habenaria lindleyana Steud.,Habenaria,lindleyana Steud.,,,,2025-09-07 07:07:11.540601,2025-09-07 07:07:11.540605
2269,Habenaria linearifolia Maxim.,Habenaria,linearifolia Maxim.,,,,2025-09-07 07:07:11.591051,2025-09-07 07:07:11.591053
2270,Habenaria linearis King & Pantl.,Habenaria,linearis King,,,,2025-09-07 07:07:11.630951,2025-09-07 07:07:11.630954
2271,Habenaria linguella Lindl.,Habenaria,linguella Lindl.,,,,2025-09-07 07:07:11.670621,2025-09-07 07:07:11.670624
2272,Habenaria linguicruris Rchb.f.,Habenaria,linguicruris Rchb.f.,,,,2025-09-07 07:07:11.709798,2025-09-07 07:07:11.7098
2273,Habenaria linguiformis Summerh.,Habenaria,linguiformis Summerh.,,,,2025-09-07 07:07:11.7492,2025-09-07 07:07:11.749202
2274,Habenaria lingulosa Ames,Habenaria,lingulosa Ames,,,,2025-09-07 07:07:11.788542,2025-09-07 07:07:11.788544
2275,Habenaria linifolia C. Presl,Habenaria,linifolia C.,,,,2025-09-07 07:07:11.828116,2025-09-07 07:07:11.828117
2276,Habenaria lisenarum G. A. Romero & J. A. N. Bat.,Habenaria,lisenarum G.,,,,2025-09-07 07:07:11.867232,2025-09-07 07:07:11.867234
2277,Habenaria lisowskiana Geerinck,Habenaria,lisowskiana Geerinck,,,,2025-09-07 07:07:11.906729,2025-09-07 07:07:11.906732
2278,Habenaria lisowskii Szlach.,Habenaria,lisowskii Szlach.,,,,2025-09-07 07:07:11.945946,2025-09-07 07:07:11.945949
2279,Habenaria lithophila Schltr.,Habenaria,lithophila Schltr.,,,,2025-09-07 07:07:11.985259,2025-09-07 07:07:11.985263
2280,Habenaria livingstoniana la Croix & P. J. Cribb,Habenaria,livingstoniana la,,,,2025-09-07 07:07:12.024713,2025-09-07 07:07:12.024716
2281,Habenaria lizbethae R. González & Cuev.-Fig.,Habenaria,lizbethae R.,,,,2025-09-07 07:07:12.072605,2025-09-07 07:07:12.072608
2282,Habenaria lobbii Rchb.f.,Habenaria,lobbii Rchb.f.,,,,2025-09-07 07:07:12.112183,2025-09-07 07:07:12.112186
2283,Habenaria loerzingii J. J. Sm.,Habenaria,loerzingii J.,,,,2025-09-07 07:07:12.151576,2025-09-07 07:07:12.151578
2284,Habenaria longicauda Hook.,Habenaria,longicauda Hook.,,,,2025-09-07 07:07:12.190585,2025-09-07 07:07:12.190587
2285,Habenaria longicorniculata J. Graham,Habenaria,longicorniculata J.,,,,2025-09-07 07:07:12.229871,2025-09-07 07:07:12.229874
2286,Habenaria longicornu Lindl.,Habenaria,longicornu Lindl.,,,,2025-09-07 07:07:12.269509,2025-09-07 07:07:12.269512
2287,Habenaria longifolia Buch.-Ham. ex Lindl.,Habenaria,longifolia Buch.-Ham.,,,,2025-09-07 07:07:12.30886,2025-09-07 07:07:12.308863
2288,Habenaria longipedicellata Hoehne,Habenaria,longipedicellata Hoehne,,,,2025-09-07 07:07:12.348063,2025-09-07 07:07:12.348065
2289,Habenaria longiracema Fukuy.,Habenaria,longiracema Fukuy.,,,,2025-09-07 07:07:12.38689,2025-09-07 07:07:12.386892
2290,Habenaria longirostris Summerh.,Habenaria,longirostris Summerh.,,,,2025-09-07 07:07:12.425884,2025-09-07 07:07:12.425886
2291,Habenaria longissima J. A. N. Bat.,Habenaria,longissima J.,,,,2025-09-07 07:07:12.471419,2025-09-07 07:07:12.471422
2292,Habenaria longitheca Seidenf.,Habenaria,longitheca Seidenf.,,,,2025-09-07 07:07:12.511368,2025-09-07 07:07:12.511371
2293,Habenaria lucaecapensis Fernald,Habenaria,lucaecapensis Fernald,,,,2025-09-07 07:07:12.550873,2025-09-07 07:07:12.550876
2294,Habenaria lucida Wall. ex Lindl.,Habenaria,lucida Wall.,,,,2025-09-07 07:07:12.590492,2025-09-07 07:07:12.590495
2295,Habenaria ludibundiciliata J. A. N. Bat. & Bianch.,Habenaria,ludibundiciliata J.,,,,2025-09-07 07:07:12.629941,2025-09-07 07:07:12.629945
2296,Habenaria luegiana (Kras & Szlach.) J. M. H. Shaw,Habenaria,luegiana Kras,,,,2025-09-07 07:07:12.669068,2025-09-07 07:07:12.66907
2297,Habenaria luentensis Szlach. & Olszewski,Habenaria,luentensis Szlach.,,,,2025-09-07 07:07:12.70892,2025-09-07 07:07:12.708924
2298,Habenaria luerorum (Szlach. & Kolan.) R. Kr. Singh & Sanjeet Kumar,Habenaria,luerorum Szlach.,,,,2025-09-07 07:07:12.748373,2025-09-07 07:07:12.748376
2299,Habenaria luetzelburgii Schltr.,Habenaria,luetzelburgii Schltr.,,,,2025-09-07 07:07:12.787714,2025-09-07 07:07:12.787717
2300,Habenaria luquanensis G. W. Hu,Habenaria,luquanensis G.,,,,2025-09-07 07:07:12.82667,2025-09-07 07:07:12.826672
2301,Habenaria luzmariana R. González,Habenaria,luzmariana R.,,,,2025-09-07 07:07:12.865529,2025-09-07 07:07:12.865531
2302,Habenaria macilenta (Lindl.) Rchb.f.,Habenaria,macilenta Lindl.,,,,2025-09-07 07:07:12.904371,2025-09-07 07:07:12.904373
2303,Habenaria macraithii Lavarack,Habenaria,macraithii Lavarack,,,,2025-09-07 07:07:12.943664,2025-09-07 07:07:12.943667
2304,Habenaria macrandra Lindl.,Habenaria,macrandra Lindl.,,,,2025-09-07 07:07:12.982745,2025-09-07 07:07:12.982747
2305,Habenaria macrantha Hochst. ex A. Rich.,Habenaria,macrantha Hochst.,,,,2025-09-07 07:07:13.023771,2025-09-07 07:07:13.023774
2306,Habenaria macroceratitis Willd.,Habenaria,macroceratitis Willd.,,,,2025-09-07 07:07:13.063672,2025-09-07 07:07:13.063676
2307,Habenaria macrodactyla Kraenzl.,Habenaria,macrodactyla Kraenzl.,,,,2025-09-07 07:07:13.103209,2025-09-07 07:07:13.103211
2308,Habenaria macronectar (Vell.) Hoehne,Habenaria,macronectar Vell.,,,,2025-09-07 07:07:13.145226,2025-09-07 07:07:13.145229
2309,Habenaria macroplectron Schltr.,Habenaria,macroplectron Schltr.,,,,2025-09-07 07:07:13.18458,2025-09-07 07:07:13.184582
2310,Habenaria macrostachya Lindl.,Habenaria,macrostachya Lindl.,,,,2025-09-07 07:07:13.223618,2025-09-07 07:07:13.22362
2311,Habenaria macrostele Summerh.,Habenaria,macrostele Summerh.,,,,2025-09-07 07:07:13.262565,2025-09-07 07:07:13.262567
2312,Habenaria macrotidion Summerh.,Habenaria,macrotidion Summerh.,,,,2025-09-07 07:07:13.303172,2025-09-07 07:07:13.303176
2313,Habenaria macrura Kraenzl. ex Engl.,Habenaria,macrura Kraenzl.,,,,2025-09-07 07:07:13.342565,2025-09-07 07:07:13.342568
2314,Habenaria macruroides Summerh.,Habenaria,macruroides Summerh.,,,,2025-09-07 07:07:13.381707,2025-09-07 07:07:13.381709
2315,Habenaria macvaughiana R. González,Habenaria,macvaughiana R.,,,,2025-09-07 07:07:13.426749,2025-09-07 07:07:13.426751
2316,Habenaria magdalenensis Hoehne,Habenaria,magdalenensis Hoehne,,,,2025-09-07 07:07:13.466926,2025-09-07 07:07:13.466928
2317,Habenaria magistrae Carvajal & L. M. González,Habenaria,magistrae Carvajal,,,,2025-09-07 07:07:13.506204,2025-09-07 07:07:13.506207
2318,Habenaria magnibracteata R. González & Cuev.-Fig.,Habenaria,magnibracteata R.,,,,2025-09-07 07:07:13.545589,2025-09-07 07:07:13.545592
2319,Habenaria magnifica Fritsch,Habenaria,magnifica Fritsch,,,,2025-09-07 07:07:13.584736,2025-09-07 07:07:13.584738
2320,Habenaria magnirostris Summerh.,Habenaria,magnirostris Summerh.,,,,2025-09-07 07:07:13.624475,2025-09-07 07:07:13.624478
2321,Habenaria magniscutata Catling,Habenaria,magniscutata Catling,,,,2025-09-07 07:07:13.664455,2025-09-07 07:07:13.664458
2322,Habenaria mairei Schltr.,Habenaria,mairei Schltr.,,,,2025-09-07 07:07:13.703859,2025-09-07 07:07:13.703861
2323,Habenaria maitlandii Summerh.,Habenaria,maitlandii Summerh.,,,,2025-09-07 07:07:13.744274,2025-09-07 07:07:13.744276
2324,Habenaria malacophylla Rchb.f.,Habenaria,malacophylla Rchb.f.,,,,2025-09-07 07:07:13.784203,2025-09-07 07:07:13.784205
2325,Habenaria malacophylla Rchb.f. var. shabaensis Geerinck,Habenaria,malacophylla Rchb.f.,,,,2025-09-07 07:07:13.823535,2025-09-07 07:07:13.823538
2326,Habenaria malaisseana Geerinck,Habenaria,malaisseana Geerinck,,,,2025-09-07 07:07:13.862897,2025-09-07 07:07:13.862901
2327,Habenaria malintana (Blanco) Merr.,Habenaria,malintana Blanco,,,,2025-09-07 07:07:13.902248,2025-09-07 07:07:13.90225
2328,Habenaria malipoensis Q. Liu & W. L. Zhang,Habenaria,malipoensis Q.,,,,2025-09-07 07:07:13.941536,2025-09-07 07:07:13.941538
2329,Habenaria malleifera Hook.f.,Habenaria,malleifera Hook.f.,,,,2025-09-07 07:07:13.98237,2025-09-07 07:07:13.982373
2330,Habenaria mandersii Collett & Hemsl.,Habenaria,mandersii Collett,,,,2025-09-07 07:07:14.022071,2025-09-07 07:07:14.022075
2331,Habenaria mannii Hook.f.,Habenaria,mannii Hook.f.,,,,2025-09-07 07:07:14.061553,2025-09-07 07:07:14.061556
2332,Habenaria marginata Colebr.,Habenaria,marginata Colebr.,,,,2025-09-07 07:07:14.100961,2025-09-07 07:07:14.100965
2333,Habenaria mariae R. González & Cuev.-Fig.,Habenaria,mariae R.,,,,2025-09-07 07:07:14.140463,2025-09-07 07:07:14.140466
2334,Habenaria marquisensis ssp. marquisensis F. Br.,Habenaria,marquisensis ssp.,,,,2025-09-07 07:07:14.181389,2025-09-07 07:07:14.181391
2335,Habenaria marquisensis ssp. hallei Kras & Marg.,Habenaria,marquisensis ssp.,,,,2025-09-07 07:07:14.221965,2025-09-07 07:07:14.221968
2336,Habenaria massoniana King & Pantl.,Habenaria,massoniana King,,,,2025-09-07 07:07:14.261664,2025-09-07 07:07:14.261667
2337,Habenaria matudae Salazar,Habenaria,matudae Salazar,,,,2025-09-07 07:07:14.301352,2025-09-07 07:07:14.301354
2338,Habenaria mechowii Rchb.f.,Habenaria,mechowii Rchb.f.,,,,2025-09-07 07:07:14.340602,2025-09-07 07:07:14.340604
2339,Habenaria mediocris Dressler,Habenaria,mediocris Dressler,,,,2025-09-07 07:07:14.380687,2025-09-07 07:07:14.38069
2340,Habenaria medioflexa Turrill,Habenaria,medioflexa Turrill,,,,2025-09-07 07:07:14.420005,2025-09-07 07:07:14.420007
2341,Habenaria medusa Kraenzl.,Habenaria,medusa Kraenzl.,,,,2025-09-07 07:07:14.459161,2025-09-07 07:07:14.459163
2342,Habenaria meeana Toscano,Habenaria,meeana Toscano,,,,2025-09-07 07:07:14.498355,2025-09-07 07:07:14.498357
2343,Habenaria megapotamensis Hoehne,Habenaria,megapotamensis Hoehne,,,,2025-09-07 07:07:14.53794,2025-09-07 07:07:14.537943
2344,Habenaria melanopoda Hoehne & Schltr.,Habenaria,melanopoda Hoehne,,,,2025-09-07 07:07:14.577735,2025-09-07 07:07:14.577739
2345,Habenaria mello-barretoi Brade & Pabst,Habenaria,mello-barretoi Brade,,,,2025-09-07 07:07:14.617423,2025-09-07 07:07:14.617425
2346,Habenaria melvillei Ridl. ex Kraenzl.,Habenaria,melvillei Ridl.,,,,2025-09-07 07:07:14.656892,2025-09-07 07:07:14.656893
2347,Habenaria mesodactyla Griseb.,Habenaria,mesodactyla Griseb.,,,,2025-09-07 07:07:14.696218,2025-09-07 07:07:14.696221
2348,Habenaria mesophylla Kraenzl. & Schltr.,Habenaria,mesophylla Kraenzl.,,,,2025-09-07 07:07:14.735474,2025-09-07 07:07:14.735477
2349,Habenaria micheliana R. González & Cuev.-Fig.,Habenaria,micheliana R.,,,,2025-09-07 07:07:14.774622,2025-09-07 07:07:14.774624
2350,Habenaria micholitziana Kraenzl. & Schltr.,Habenaria,micholitziana Kraenzl.,,,,2025-09-07 07:07:14.814292,2025-09-07 07:07:14.814295
2351,Habenaria microceras Hook.f.,Habenaria,microceras Hook.f.,,,,2025-09-07 07:07:14.853728,2025-09-07 07:07:14.853731
2352,Habenaria microsaccos Kraenzl.,Habenaria,microsaccos Kraenzl.,,,,2025-09-07 07:07:14.89328,2025-09-07 07:07:14.893283
2353,Habenaria microstylina Rchb.f.,Habenaria,microstylina Rchb.f.,,,,2025-09-07 07:07:14.933531,2025-09-07 07:07:14.933533
2354,Habenaria mientienensis Tang & F. T. Wang,Habenaria,mientienensis Tang,,,,2025-09-07 07:07:14.972338,2025-09-07 07:07:14.972341
2355,Habenaria millei Schltr.,Habenaria,millei Schltr.,,,,2025-09-07 07:07:15.01135,2025-09-07 07:07:15.011352
2356,Habenaria minima R. González & Cuev.-Fig.,Habenaria,minima R.,,,,2025-09-07 07:07:15.050423,2025-09-07 07:07:15.050425
2357,Habenaria minuta J. A. N. Bat. & Bianch.,Habenaria,minuta J.,,,,2025-09-07 07:07:15.089879,2025-09-07 07:07:15.089882
2358,Habenaria minuticalcar J. A. N. Bat. & Bianch.,Habenaria,minuticalcar J.,,,,2025-09-07 07:07:15.129902,2025-09-07 07:07:15.129906
2359,Habenaria mira Summerh.,Habenaria,mira Summerh.,,,,2025-09-07 07:07:15.169566,2025-09-07 07:07:15.169568
2360,Habenaria mirabilis Rolfe,Habenaria,mirabilis Rolfe,,,,2025-09-07 07:07:15.209045,2025-09-07 07:07:15.209048
2361,Habenaria mitodes Garay & W. Kittr. ex McVaugh,Habenaria,mitodes Garay,,,,2025-09-07 07:07:15.249745,2025-09-07 07:07:15.249748
2362,Habenaria modestissima Rchb.f.,Habenaria,modestissima Rchb.f.,,,,2025-09-07 07:07:15.289263,2025-09-07 07:07:15.289266
2363,Habenaria monadenioides Schltr.,Habenaria,monadenioides Schltr.,,,,2025-09-07 07:07:15.328625,2025-09-07 07:07:15.328628
2364,Habenaria monorrhiza (Sw.) Rchb.f.,Habenaria,monorrhiza Sw.,,,,2025-09-07 07:07:15.367958,2025-09-07 07:07:15.367961
2365,Habenaria montevidensis Spreng.,Habenaria,montevidensis Spreng.,,,,2025-09-07 07:07:15.40761,2025-09-07 07:07:15.407613
2366,Habenaria montis-wilhelminae Renz,Habenaria,montis-wilhelminae Renz,,,,2025-09-07 07:07:15.447299,2025-09-07 07:07:15.447301
2367,Habenaria montolivaea Kraenzl. ex Engl.,Habenaria,montolivaea Kraenzl.,,,,2025-09-07 07:07:15.486655,2025-09-07 07:07:15.486658
2368,Habenaria mosambicensis Schltr.,Habenaria,mosambicensis Schltr.,,,,2025-09-07 07:07:15.525891,2025-09-07 07:07:15.525893
2369,Habenaria mossii (G. Will.) J. C. Manning,Habenaria,mossii G.,,,,2025-09-07 07:07:15.564858,2025-09-07 07:07:15.564861
2370,Habenaria multicaudata Sedgw.,Habenaria,multicaudata Sedgw.,,,,2025-09-07 07:07:15.604503,2025-09-07 07:07:15.604506
2371,Habenaria multipartita Blume ex Kraenzl.,Habenaria,multipartita Blume,,,,2025-09-07 07:07:15.644007,2025-09-07 07:07:15.644009
2372,Habenaria muricata (Schauer) Rchb.f.,Habenaria,muricata Schauer,,,,2025-09-07 07:07:15.683301,2025-09-07 07:07:15.683303
2373,Habenaria myodes ssp. myodes Summerh.,Habenaria,myodes ssp.,,,,2025-09-07 07:07:15.722784,2025-09-07 07:07:15.722787
2374,Habenaria myodes ssp. latipetala Summerh.,Habenaria,myodes ssp.,,,,2025-09-07 07:07:15.764116,2025-09-07 07:07:15.764118
2375,Habenaria myriotricha Gagnep.,Habenaria,myriotricha Gagnep.,,,,2025-09-07 07:07:15.803259,2025-09-07 07:07:15.803261
2376,Habenaria mystacina Lindl.,Habenaria,mystacina Lindl.,,,,2025-09-07 07:07:15.843152,2025-09-07 07:07:15.843154
2377,Habenaria nalbesiensis J. J. Sm.,Habenaria,nalbesiensis J.,,,,2025-09-07 07:07:15.883374,2025-09-07 07:07:15.883377
2378,Habenaria nasuta Rchb.f. & Warm.,Habenaria,nasuta Rchb.f.,,,,2025-09-07 07:07:15.923432,2025-09-07 07:07:15.923435
2379,Habenaria nautiloides H. Perrier,Habenaria,nautiloides H.,,,,2025-09-07 07:07:15.96272,2025-09-07 07:07:15.962722
2380,Habenaria ndiana Rendle,Habenaria,ndiana Rendle,,,,2025-09-07 07:07:16.001797,2025-09-07 07:07:16.001798
2381,Habenaria nematocerata Tang & F. T. Wang,Habenaria,nematocerata Tang,,,,2025-09-07 07:07:16.040981,2025-09-07 07:07:16.040983
2382,Habenaria nemorosa Barb. Rodr.,Habenaria,nemorosa Barb.,,,,2025-09-07 07:07:16.080148,2025-09-07 07:07:16.080149
2383,Habenaria nicholsonii Rolfe,Habenaria,nicholsonii Rolfe,,,,2025-09-07 07:07:16.119547,2025-09-07 07:07:16.11955
2384,Habenaria nicobarica Murugan,Habenaria,nicobarica Murugan,,,,2025-09-07 07:07:16.159238,2025-09-07 07:07:16.159242
2385,Habenaria nigerica Summerh.,Habenaria,nigerica Summerh.,,,,2025-09-07 07:07:16.198515,2025-09-07 07:07:16.198517
2386,Habenaria nilssonii Foldats,Habenaria,nilssonii Foldats,,,,2025-09-07 07:07:16.237668,2025-09-07 07:07:16.23767
2387,Habenaria njamnjamica Kraenzl.,Habenaria,njamnjamica Kraenzl.,,,,2025-09-07 07:07:16.27696,2025-09-07 07:07:16.276963
2388,Habenaria nogeirana R. González & Cuev.-Fig.,Habenaria,nogeirana R.,,,,2025-09-07 07:07:16.325167,2025-09-07 07:07:16.32517
2389,Habenaria norae R. González & Cuev.-Fig.,Habenaria,norae R.,,,,2025-09-07 07:07:16.365708,2025-09-07 07:07:16.36571
2390,Habenaria notabilis Schltr.,Habenaria,notabilis Schltr.,,,,2025-09-07 07:07:16.40464,2025-09-07 07:07:16.404641
2391,Habenaria novae-hiberniae Schltr.,Habenaria,novae-hiberniae Schltr.,,,,2025-09-07 07:07:16.443768,2025-09-07 07:07:16.44377
2392,Habenaria novaesii Edwall & Hoehne,Habenaria,novaesii Edwall,,,,2025-09-07 07:07:16.483476,2025-09-07 07:07:16.483479
2393,Habenaria novemfida Lindl.,Habenaria,novemfida Lindl.,,,,2025-09-07 07:07:16.52273,2025-09-07 07:07:16.522733
2394,Habenaria nuda Lindl.,Habenaria,nuda Lindl.,,,,2025-09-07 07:07:16.56167,2025-09-07 07:07:16.561671
2395,Habenaria nyikana ssp. nyikana Rchb.f.,Habenaria,nyikana ssp.,,,,2025-09-07 07:07:16.62776,2025-09-07 07:07:16.627763
2396,Habenaria nyikana ssp. pubipetala Summerh.,Habenaria,nyikana ssp.,,,,2025-09-07 07:07:16.667236,2025-09-07 07:07:16.667239
2397,Habenaria nyikensis G. Will.,Habenaria,nyikensis G.,,,,2025-09-07 07:07:16.706589,2025-09-07 07:07:16.706591
2398,Habenaria obtusa Lindl.,Habenaria,obtusa Lindl.,,,,2025-09-07 07:07:16.745884,2025-09-07 07:07:16.745886
2399,Habenaria ocadiziana J. M. Peinado-A.,Habenaria,ocadiziana J.,,,,2025-09-07 07:07:16.785138,2025-09-07 07:07:16.785141
2400,Habenaria occidentalis (Lindl.) Summerh.,Habenaria,occidentalis Lindl.,,,,2025-09-07 07:07:16.824561,2025-09-07 07:07:16.824563
2401,Habenaria occlusa Summerh.,Habenaria,occlusa Summerh.,,,,2025-09-07 07:07:16.865323,2025-09-07 07:07:16.865326
2402,Habenaria ochroleuca R. Br.,Habenaria,ochroleuca R.,,,,2025-09-07 07:07:16.904518,2025-09-07 07:07:16.90452
2403,Habenaria odontopetala Rchb.f.,Habenaria,odontopetala Rchb.f.,,,,2025-09-07 07:07:16.943827,2025-09-07 07:07:16.943831
2404,Habenaria odorata Schltr.,Habenaria,odorata Schltr.,,,,2025-09-07 07:07:16.983608,2025-09-07 07:07:16.98361
2405,Habenaria oerstedii Rchb.f.,Habenaria,oerstedii Rchb.f.,,,,2025-09-07 07:07:17.022833,2025-09-07 07:07:17.022837
2406,Habenaria ofeliae R. González & Cuev.-Fig.,Habenaria,ofeliae R.,,,,2025-09-07 07:07:17.062312,2025-09-07 07:07:17.062314
2407,Habenaria omissa J. A. N. Bat. & Bianch.,Habenaria,omissa J.,,,,2025-09-07 07:07:17.101625,2025-09-07 07:07:17.101626
2408,Habenaria orchiocalcar Hoehne,Habenaria,orchiocalcar Hoehne,,,,2025-09-07 07:07:17.14055,2025-09-07 07:07:17.140552
2409,Habenaria oreophila Greenm.,Habenaria,oreophila Greenm.,,,,2025-09-07 07:07:17.17992,2025-09-07 07:07:17.179922
2410,Habenaria orthocentron P. J. Cribb,Habenaria,orthocentron P.,,,,2025-09-07 07:07:17.221464,2025-09-07 07:07:17.221467
2411,Habenaria ortiziana R. González,Habenaria,ortiziana R.,,,,2025-09-07 07:07:17.260486,2025-09-07 07:07:17.260489
2412,Habenaria osmastonii Karthig.,Habenaria,osmastonii Karthig.,,,,2025-09-07 07:07:17.299737,2025-09-07 07:07:17.299739
2413,Habenaria ospinae Szlach. & Kolan.,Habenaria,ospinae Szlach.,,,,2025-09-07 07:07:17.339225,2025-09-07 07:07:17.339228
2414,Habenaria ovalifolia Wight,Habenaria,ovalifolia Wight,,,,2025-09-07 07:07:17.386947,2025-09-07 07:07:17.38695
2415,Habenaria pabstii J. A. N. Bat. & Bianch.,Habenaria,pabstii J.,,,,2025-09-07 07:07:17.427133,2025-09-07 07:07:17.427137
2416,Habenaria paivaeana Rchb.f.,Habenaria,paivaeana Rchb.f.,,,,2025-09-07 07:07:17.46619,2025-09-07 07:07:17.466192
2417,Habenaria pallideviridis Seidenf. ex K. M. Matthew,Habenaria,pallideviridis Seidenf.,,,,2025-09-07 07:07:17.505293,2025-09-07 07:07:17.505295
2418,Habenaria palpensis Raskoti,Habenaria,palpensis Raskoti,,,,2025-09-07 07:07:17.545935,2025-09-07 07:07:17.545939
2419,Habenaria panigrahiana S. Misra,Habenaria,panigrahiana S.,,,,2025-09-07 07:07:17.585238,2025-09-07 07:07:17.585241
2420,Habenaria pansarinii J. A. N. Bat. & Bianch.,Habenaria,pansarinii J.,,,,2025-09-07 07:07:17.625124,2025-09-07 07:07:17.625128
2421,Habenaria pantlingiana Kraenzl.,Habenaria,pantlingiana Kraenzl.,,,,2025-09-07 07:07:17.665246,2025-09-07 07:07:17.66525
2422,Habenaria papyracea Schltr.,Habenaria,papyracea Schltr.,,,,2025-09-07 07:07:17.705189,2025-09-07 07:07:17.705192
2423,Habenaria paradiseoides J. J. Sm.,Habenaria,paradiseoides J.,,,,2025-09-07 07:07:17.747048,2025-09-07 07:07:17.747051
2424,Habenaria paranaensis Barb. Rodr.,Habenaria,paranaensis Barb.,,,,2025-09-07 07:07:17.787056,2025-09-07 07:07:17.787059
2425,Habenaria parva (Summerh.) Summerh.,Habenaria,parva Summerh.,,,,2025-09-07 07:07:17.826615,2025-09-07 07:07:17.826619
2426,Habenaria parvicalcarata C. Schweinf.,Habenaria,parvicalcarata C.,,,,2025-09-07 07:07:17.871679,2025-09-07 07:07:17.871682
2427,Habenaria parvidens Lindl.,Habenaria,parvidens Lindl.,,,,2025-09-07 07:07:17.911466,2025-09-07 07:07:17.911469
2428,Habenaria parviflora Lindl.,Habenaria,parviflora Lindl.,,,,2025-09-07 07:07:17.951076,2025-09-07 07:07:17.951078
2429,Habenaria parvipetala J. J. Sm.,Habenaria,parvipetala J.,,,,2025-09-07 07:07:17.991237,2025-09-07 07:07:17.99124
2430,Habenaria pasmithii G. Will.,Habenaria,pasmithii G.,,,,2025-09-07 07:07:18.030954,2025-09-07 07:07:18.030956
2431,Habenaria patentiloba Ames,Habenaria,patentiloba Ames,,,,2025-09-07 07:07:18.070677,2025-09-07 07:07:18.07068
2432,Habenaria paucipartita J. J. Sm.,Habenaria,paucipartita J.,,,,2025-09-07 07:07:18.110062,2025-09-07 07:07:18.110065
2433,Habenaria paulensis Porsch,Habenaria,paulensis Porsch,,,,2025-09-07 07:07:18.149348,2025-09-07 07:07:18.149351
2434,Habenaria paulistana J. A. N. Bat. & Bianch.,Habenaria,paulistana J.,,,,2025-09-07 07:07:18.188885,2025-09-07 07:07:18.188888
2435,Habenaria pauper Summerh.,Habenaria,pauper Summerh.,,,,2025-09-07 07:07:18.228407,2025-09-07 07:07:18.228409
2436,Habenaria paxamorque Léotard & Galliffet,Habenaria,paxamorque Léotard,,,,2025-09-07 07:07:18.268148,2025-09-07 07:07:18.268151
2437,Habenaria pectinata D. Don,Habenaria,pectinata D.,,,,2025-09-07 07:07:18.309071,2025-09-07 07:07:18.309075
2438,Habenaria perbella Rchb.f.,Habenaria,perbella Rchb.f.,,,,2025-09-07 07:07:18.348376,2025-09-07 07:07:18.348379
2439,Habenaria perezii R. González & Cuev.-Fig.,Habenaria,perezii R.,,,,2025-09-07 07:07:18.388482,2025-09-07 07:07:18.388484
2440,Habenaria peristyloides A. Rich.,Habenaria,peristyloides A.,,,,2025-09-07 07:07:18.428329,2025-09-07 07:07:18.428332
2441,Habenaria periyarensis Sasidh.,Habenaria,periyarensis Sasidh.,,,,2025-09-07 07:07:18.468854,2025-09-07 07:07:18.468857
2442,Habenaria perpulchra Kraenzl.,Habenaria,perpulchra Kraenzl.,,,,2025-09-07 07:07:18.510122,2025-09-07 07:07:18.510125
2443,Habenaria perrottetiana A. Rich.,Habenaria,perrottetiana A.,,,,2025-09-07 07:07:18.556862,2025-09-07 07:07:18.556865
2444,Habenaria petalodes Lindl.,Habenaria,petalodes Lindl.,,,,2025-09-07 07:07:18.602542,2025-09-07 07:07:18.602545
2445,Habenaria petelotii Gagnep.,Habenaria,petelotii Gagnep.,,,,2025-09-07 07:07:18.641933,2025-09-07 07:07:18.641936
2446,Habenaria petitiana (A. Rich.) T. Durand & Schinz,Habenaria,petitiana A.,,,,2025-09-07 07:07:18.68138,2025-09-07 07:07:18.681382
2447,Habenaria petraea Renz & Grosvenor,Habenaria,petraea Renz,,,,2025-09-07 07:07:18.738586,2025-09-07 07:07:18.738588
2448,Habenaria petrogeiton Schltr.,Habenaria,petrogeiton Schltr.,,,,2025-09-07 07:07:18.778926,2025-09-07 07:07:18.778929
2449,Habenaria petromedusa Webb,Habenaria,petromedusa Webb,,,,2025-09-07 07:07:18.818219,2025-09-07 07:07:18.818221
2450,Habenaria phantasma la Croix,Habenaria,phantasma la,,,,2025-09-07 07:07:18.857611,2025-09-07 07:07:18.857614
2451,Habenaria phylacocheira Summerh.,Habenaria,phylacocheira Summerh.,,,,2025-09-07 07:07:18.897385,2025-09-07 07:07:18.89739
2452,Habenaria physuriformis Kraenzl.,Habenaria,physuriformis Kraenzl.,,,,2025-09-07 07:07:18.937431,2025-09-07 07:07:18.937433
2453,Habenaria pilosa Schltr.,Habenaria,pilosa Schltr.,,,,2025-09-07 07:07:18.976461,2025-09-07 07:07:18.976463
2454,Habenaria pilosa Schltr. var. grandiflora Geerinck,Habenaria,pilosa Schltr.,,,,2025-09-07 07:07:19.015382,2025-09-07 07:07:19.015383
2455,Habenaria pinnatipartita J. J. Sm.,Habenaria,pinnatipartita J.,,,,2025-09-07 07:07:19.054667,2025-09-07 07:07:19.05467
2456,Habenaria pinzonii R. González & Cuev.-Fig.,Habenaria,pinzonii R.,,,,2025-09-07 07:07:19.096274,2025-09-07 07:07:19.096277
2457,Habenaria piraquarensis Hoehne,Habenaria,piraquarensis Hoehne,,,,2025-09-07 07:07:19.136577,2025-09-07 07:07:19.13658
2458,Habenaria plantaginea (Lindl. ex Wall.) Lindl.,Habenaria,plantaginea Lindl.,,,,2025-09-07 07:07:19.175978,2025-09-07 07:07:19.17598
2459,Habenaria plantaginea (Lindl. ex Wall.) Lindl. var. nepalensis (Kolan.) Rajbh. & R. Chhetri,Habenaria,plantaginea Lindl.,,,,2025-09-07 07:07:19.215067,2025-09-07 07:07:19.215069
2460,Habenaria platanthera Rchb.f.,Habenaria,platanthera Rchb.f.,,,,2025-09-07 07:07:19.254256,2025-09-07 07:07:19.254258
2461,Habenaria platyanthera Rchb.f.,Habenaria,platyanthera Rchb.f.,,,,2025-09-07 07:07:19.293372,2025-09-07 07:07:19.293374
2462,Habenaria plectromaniaca Rchb.f. & S. Moore,Habenaria,plectromaniaca Rchb.f.,,,,2025-09-07 07:07:19.33287,2025-09-07 07:07:19.332873
2463,Habenaria pleiophylla Hoehne & Schltr.,Habenaria,pleiophylla Hoehne,,,,2025-09-07 07:07:19.375021,2025-09-07 07:07:19.375023
2464,Habenaria plurifoliata Tang & F. T. Wang,Habenaria,plurifoliata Tang,,,,2025-09-07 07:07:19.414116,2025-09-07 07:07:19.414118
2465,Habenaria poilanei Gagnep.,Habenaria,poilanei Gagnep.,,,,2025-09-07 07:07:19.453239,2025-09-07 07:07:19.453241
2466,Habenaria polycarpa Hoehne,Habenaria,polycarpa Hoehne,,,,2025-09-07 07:07:19.492881,2025-09-07 07:07:19.492884
2467,Habenaria polyodon Hook.f.,Habenaria,polyodon Hook.f.,,,,2025-09-07 07:07:19.533147,2025-09-07 07:07:19.53315
2468,Habenaria polyschista Schltr.,Habenaria,polyschista Schltr.,,,,2025-09-07 07:07:19.57332,2025-09-07 07:07:19.573323
2469,Habenaria polytricha Rolfe,Habenaria,polytricha Rolfe,,,,2025-09-07 07:07:19.612574,2025-09-07 07:07:19.612577
2470,Habenaria porphyricola Schltr.,Habenaria,porphyricola Schltr.,,,,2025-09-07 07:07:19.65206,2025-09-07 07:07:19.652063
2471,Habenaria praealta (Thouars) Spreng.,Habenaria,praealta Thouars,,,,2025-09-07 07:07:19.691722,2025-09-07 07:07:19.691724
2472,Habenaria praecox Lavarack & Dockrill,Habenaria,praecox Lavarack,,,,2025-09-07 07:07:19.730608,2025-09-07 07:07:19.73061
2473,Habenaria praestans Rendle,Habenaria,praestans Rendle,,,,2025-09-07 07:07:19.769743,2025-09-07 07:07:19.769744
2474,Habenaria praestans Rendle var. umbrosa G. Will.,Habenaria,praestans Rendle,,,,2025-09-07 07:07:19.808871,2025-09-07 07:07:19.808874
2475,Habenaria praetermissa Seidenf.,Habenaria,praetermissa Seidenf.,,,,2025-09-07 07:07:19.847791,2025-09-07 07:07:19.847794
2476,Habenaria pratensis (Lindl.) Rchb.f.,Habenaria,pratensis Lindl.,,,,2025-09-07 07:07:19.886975,2025-09-07 07:07:19.886978
2477,Habenaria prazeri King & Pantl.,Habenaria,prazeri King,,,,2025-09-07 07:07:19.926273,2025-09-07 07:07:19.926277
2478,Habenaria pringlei B. L. Rob.,Habenaria,pringlei B.,,,,2025-09-07 07:07:19.965606,2025-09-07 07:07:19.965608
2479,Habenaria prionocraspedon Summerh.,Habenaria,prionocraspedon Summerh.,,,,2025-09-07 07:07:20.004642,2025-09-07 07:07:20.004645
2480,Habenaria procera (Afzel. ex Sw.) Lindl.,Habenaria,procera Afzel.,,,,2025-09-07 07:07:20.043794,2025-09-07 07:07:20.043795
2481,Habenaria procera (Afzel. ex Sw.) Lindl. var. gabonensis (Rchb.f.) Geerinck,Habenaria,procera Afzel.,,,,2025-09-07 07:07:20.082847,2025-09-07 07:07:20.082851
2482,Habenaria procera (Afzel. ex Sw.) Lindl. var. psiloceras (Welw. ex Rchb.f.) Summerh.,Habenaria,procera Afzel.,,,,2025-09-07 07:07:20.122498,2025-09-07 07:07:20.122502
2483,Habenaria proiteana J. A. N. Bat.,Habenaria,proiteana J.,,,,2025-09-07 07:07:20.16187,2025-09-07 07:07:20.161873
2484,Habenaria propinquior Rchb.f.,Habenaria,propinquior Rchb.f.,,,,2025-09-07 07:07:20.200892,2025-09-07 07:07:20.200894
2485,Habenaria protusorostrata R. González & Cuev.-Fig.,Habenaria,protusorostrata R.,,,,2025-09-07 07:07:20.239675,2025-09-07 07:07:20.239677
2486,Habenaria psammophila J. A. N. Bat.,Habenaria,psammophila J.,,,,2025-09-07 07:07:20.278807,2025-09-07 07:07:20.278809
2487,Habenaria pseudociliosa Schelpe ex J. C. Manning,Habenaria,pseudociliosa Schelpe,,,,2025-09-07 07:07:20.31776,2025-09-07 07:07:20.317762
2488,Habenaria pseudoculicina J. A. N. Bat. & B. M. Carvalho,Habenaria,pseudoculicina J.,,,,2025-09-07 07:07:20.356563,2025-09-07 07:07:20.356565
2489,Habenaria pseudofilifera R. González & Cuev.-Fig.,Habenaria,pseudofilifera R.,,,,2025-09-07 07:07:20.395806,2025-09-07 07:07:20.395809
2490,Habenaria pseudoglaucophylla J. A. N. Bat.,Habenaria,pseudoglaucophylla J.,,,,2025-09-07 07:07:20.435061,2025-09-07 07:07:20.435064
2491,Habenaria pseudohamata Toscano,Habenaria,pseudohamata Toscano,,,,2025-09-07 07:07:20.473887,2025-09-07 07:07:20.473889
2492,Habenaria pseudoplatycoryne (Szlach. & Olszewski) M. H. J. van der Meer,Habenaria,pseudoplatycoryne Szlach.,,,,2025-09-07 07:07:20.513246,2025-09-07 07:07:20.51325
2493,Habenaria pseudorostellifera Kolan.,Habenaria,pseudorostellifera Kolan.,,,,2025-09-07 07:07:20.552949,2025-09-07 07:07:20.552952
2494,Habenaria pterocarpa Thwaites,Habenaria,pterocarpa Thwaites,,,,2025-09-07 07:07:20.593901,2025-09-07 07:07:20.593917
2495,Habenaria pubescens Lindl.,Habenaria,pubescens Lindl.,,,,2025-09-07 07:07:20.633435,2025-09-07 07:07:20.633438
2496,Habenaria pubescens Lindl. var. nepalensis Raskoti,Habenaria,pubescens Lindl.,,,,2025-09-07 07:07:20.67262,2025-09-07 07:07:20.672622
2497,Habenaria pubidactyla ssp. pubidactyla J. A. N. Bat. & Bianch.,Habenaria,pubidactyla ssp.,,,,2025-09-07 07:07:20.712777,2025-09-07 07:07:20.712781
2498,Habenaria pubidactyla var. apiculatipetala J. A. N. Bat. & Bianch.,Habenaria,pubidactyla,,,,2025-09-07 07:07:20.751901,2025-09-07 07:07:20.751903
2499,Habenaria pubidactyla ssp. brasiliensis J. A. N. Bat. & Bianch.,Habenaria,pubidactyla ssp.,,,,2025-09-07 07:07:20.790913,2025-09-07 07:07:20.790915
2500,Habenaria pubidens P. J. Cribb,Habenaria,pubidens P.,,,,2025-09-07 07:07:20.83038,2025-09-07 07:07:20.830382
2501,Habenaria pubipetala Summerh.,Habenaria,pubipetala Summerh.,,,,2025-09-07 07:07:20.869673,2025-09-07 07:07:20.869677
2502,Habenaria pumila Poepp.,Habenaria,pumila Poepp.,,,,2025-09-07 07:07:20.911823,2025-09-07 07:07:20.911826
2503,Habenaria pumiloides C. Schweinf.,Habenaria,pumiloides C.,,,,2025-09-07 07:07:20.950731,2025-09-07 07:07:20.950734
2504,Habenaria pungens Cogn. ex Kuntze,Habenaria,pungens Cogn.,,,,2025-09-07 07:07:20.989583,2025-09-07 07:07:20.989585
2505,Habenaria pycnostachya Barb. Rodr.,Habenaria,pycnostachya Barb.,,,,2025-09-07 07:07:21.028543,2025-09-07 07:07:21.028546
2506,Habenaria pygmaea C. Schweinf. & R. E. Schult.,Habenaria,pygmaea C.,,,,2025-09-07 07:07:21.067647,2025-09-07 07:07:21.067649
2507,Habenaria qinghaiensis X. H. Jin & C. B. Ma,Habenaria,qinghaiensis X.,,,,2025-09-07 07:07:21.106707,2025-09-07 07:07:21.106709
2508,Habenaria quadrata Lindl.,Habenaria,quadrata Lindl.,,,,2025-09-07 07:07:21.145582,2025-09-07 07:07:21.145584
2509,Habenaria quadriferricola J. A. N. Bat. & B. M. Carvalho,Habenaria,quadriferricola J.,,,,2025-09-07 07:07:21.184848,2025-09-07 07:07:21.184852
2510,Habenaria quartiniana A. Rich.,Habenaria,quartiniana A.,,,,2025-09-07 07:07:21.224063,2025-09-07 07:07:21.224066
2511,Habenaria quartzicola Schltr.,Habenaria,quartzicola Schltr.,,,,2025-09-07 07:07:21.263564,2025-09-07 07:07:21.263566
2512,Habenaria quinquecarinata R. González & Cuev.-Fig.,Habenaria,quinquecarinata R.,,,,2025-09-07 07:07:21.303279,2025-09-07 07:07:21.303282
2513,Habenaria quinqueseta (Michx.) Sw.,Habenaria,quinqueseta Michx.,,,,2025-09-07 07:07:21.342497,2025-09-07 07:07:21.342501
2514,Habenaria rangatensis M. C. Naik & K. Prasad,Habenaria,rangatensis M.,,,,2025-09-07 07:07:21.381418,2025-09-07 07:07:21.38142
2515,Habenaria rariflora A. Rich.,Habenaria,rariflora A.,,,,2025-09-07 07:07:21.42032,2025-09-07 07:07:21.420322
2516,Habenaria rautaneniana Kraenzl.,Habenaria,rautaneniana Kraenzl.,,,,2025-09-07 07:07:21.460173,2025-09-07 07:07:21.460176
2517,Habenaria rechingeri Renz,Habenaria,rechingeri Renz,,,,2025-09-07 07:07:21.499595,2025-09-07 07:07:21.499597
2518,Habenaria reflexa Blume,Habenaria,reflexa Blume,,,,2025-09-07 07:07:21.538887,2025-09-07 07:07:21.53889
2519,Habenaria reflexicalcar J. A. N. Bat. & B. M. Carvalho,Habenaria,reflexicalcar J.,,,,2025-09-07 07:07:21.578017,2025-09-07 07:07:21.57802
2520,Habenaria regnellii Cogn.,Habenaria,regnellii Cogn.,,,,2025-09-07 07:07:21.631007,2025-09-07 07:07:21.631011
2521,Habenaria reniformis (D. Don) Hook.f.,Habenaria,reniformis D.,,,,2025-09-07 07:07:21.670723,2025-09-07 07:07:21.670726
2522,Habenaria renziana Szlach. & Olszewski,Habenaria,renziana Szlach.,,,,2025-09-07 07:07:21.710617,2025-09-07 07:07:21.71062
2523,Habenaria repens Nutt.,Habenaria,repens Nutt.,,,,2025-09-07 07:07:21.749672,2025-09-07 07:07:21.749675
2524,Habenaria repens Nutt. var. gracilis Lüderw. & Hoehne,Habenaria,repens Nutt.,,,,2025-09-07 07:07:21.792001,2025-09-07 07:07:21.792004
2525,Habenaria repens Nutt. var. maxillaris (Lindl.) Garay,Habenaria,repens Nutt.,,,,2025-09-07 07:07:21.830735,2025-09-07 07:07:21.830738
2526,Habenaria retinervis Summerh.,Habenaria,retinervis Summerh.,,,,2025-09-07 07:07:21.869527,2025-09-07 07:07:21.86953
2527,Habenaria retroflexa F. Muell. & Kraenzl. ex Kraenzl.,Habenaria,retroflexa F.,,,,2025-09-07 07:07:21.908555,2025-09-07 07:07:21.908558
2528,Habenaria rhodocheila ssp. rhodocheila Hance,Habenaria,rhodocheila ssp.,,,,2025-09-07 07:07:21.94764,2025-09-07 07:07:21.947643
2529,Habenaria rhodocheila ssp. philippinensis (Ames) Christenson,Habenaria,rhodocheila ssp.,,,,2025-09-07 07:07:21.986816,2025-09-07 07:07:21.986819
2530,Habenaria rhopalostigma Rolfe,Habenaria,rhopalostigma Rolfe,,,,2025-09-07 07:07:22.025811,2025-09-07 07:07:22.025814
2531,Habenaria richardiana Wight,Habenaria,richardiana Wight,,,,2025-09-07 07:07:22.069603,2025-09-07 07:07:22.069607
2532,Habenaria richardsiae Summerh.,Habenaria,richardsiae Summerh.,,,,2025-09-07 07:07:22.108903,2025-09-07 07:07:22.108906
2533,Habenaria riparia Renz & Grosvenor,Habenaria,riparia Renz,,,,2025-09-07 07:07:22.147948,2025-09-07 07:07:22.14795
2534,Habenaria rivae Kraenzl.,Habenaria,rivae Kraenzl.,,,,2025-09-07 07:07:22.187262,2025-09-07 07:07:22.187265
2535,Habenaria robbrechtiana Geerinck & Schaijes,Habenaria,robbrechtiana Geerinck,,,,2025-09-07 07:07:22.226948,2025-09-07 07:07:22.226951
2536,Habenaria robinsonii Ames,Habenaria,robinsonii Ames,,,,2025-09-07 07:07:22.26662,2025-09-07 07:07:22.266623
2537,Habenaria robusta Welw. ex Rchb.f.,Habenaria,robusta Welw.,,,,2025-09-07 07:07:22.306142,2025-09-07 07:07:22.306146
2538,Habenaria rodeiensis Barb. Rodr.,Habenaria,rodeiensis Barb.,,,,2025-09-07 07:07:22.345431,2025-09-07 07:07:22.345435
2539,Habenaria rodriguesii Cogn.,Habenaria,rodriguesii Cogn.,,,,2025-09-07 07:07:22.384582,2025-09-07 07:07:22.384585
2540,Habenaria rolfeana Schltr.,Habenaria,rolfeana Schltr.,,,,2025-09-07 07:07:22.423495,2025-09-07 07:07:22.423498
2541,Habenaria roraimensis Rolfe,Habenaria,roraimensis Rolfe,,,,2025-09-07 07:07:22.462883,2025-09-07 07:07:22.462885
2542,Habenaria rosilloana R. González,Habenaria,rosilloana R.,,,,2025-09-07 07:07:22.502056,2025-09-07 07:07:22.50206
2543,Habenaria rostellifera Rchb.f.,Habenaria,rostellifera Rchb.f.,,,,2025-09-07 07:07:22.541468,2025-09-07 07:07:22.541471
2544,Habenaria rostrata Wall. ex Lindl.,Habenaria,rostrata Wall.,,,,2025-09-07 07:07:22.580732,2025-09-07 07:07:22.580734
2545,Habenaria rosulata Ames,Habenaria,rosulata Ames,,,,2025-09-07 07:07:22.620206,2025-09-07 07:07:22.620209
2546,Habenaria rosulifolia Espejo & A. R. Lopez-Ferrari,Habenaria,rosulifolia Espejo,,,,2025-09-07 07:07:22.659857,2025-09-07 07:07:22.65986
2547,Habenaria rotundiloba Pabst,Habenaria,rotundiloba Pabst,,,,2025-09-07 07:07:22.69945,2025-09-07 07:07:22.699452
2548,Habenaria roxburghii (Pers.) Nicolson,Habenaria,roxburghii Pers.,,,,2025-09-07 07:07:22.739071,2025-09-07 07:07:22.739074
2549,Habenaria ruizii R. González,Habenaria,ruizii R.,,,,2025-09-07 07:07:22.778507,2025-09-07 07:07:22.77851
2550,Habenaria rumphii (Brongn.) Lindl.,Habenaria,rumphii Brongn.,,,,2025-09-07 07:07:22.817955,2025-09-07 07:07:22.817958
2551,Habenaria rupestris Poepp. & Endl.,Habenaria,rupestris Poepp.,,,,2025-09-07 07:07:22.858714,2025-09-07 07:07:22.858717
2552,Habenaria rupicola Barb. Rodr.,Habenaria,rupicola Barb.,,,,2025-09-07 07:07:22.897676,2025-09-07 07:07:22.897678
2553,Habenaria rzedowskiana R. González,Habenaria,rzedowskiana R.,,,,2025-09-07 07:07:22.936737,2025-09-07 07:07:22.936739
2554,Habenaria rzedowskii R. González,Habenaria,rzedowskii R.,,,,2025-09-07 07:07:22.975811,2025-09-07 07:07:22.975814
2555,Habenaria sagittifera Rchb.f.,Habenaria,sagittifera Rchb.f.,,,,2025-09-07 07:07:23.015612,2025-09-07 07:07:23.015615
2556,Habenaria sahyadrica K. M. P. Kumar,Habenaria,sahyadrica K.,,,,2025-09-07 07:07:23.054763,2025-09-07 07:07:23.054765
2557,Habenaria salaccensis Blume,Habenaria,salaccensis Blume,,,,2025-09-07 07:07:23.09372,2025-09-07 07:07:23.093722
2558,Habenaria samoensis F. Muell. & Kraenzl. ex Kraenzl.,Habenaria,samoensis F.,,,,2025-09-07 07:07:23.13283,2025-09-07 07:07:23.132833
2559,Habenaria sandiegoensis Raskoti,Habenaria,sandiegoensis Raskoti,,,,2025-09-07 07:07:23.171505,2025-09-07 07:07:23.171507
2560,Habenaria sanfordiana Szlach. & Olszewski,Habenaria,sanfordiana Szlach.,,,,2025-09-07 07:07:23.210452,2025-09-07 07:07:23.210454
2561,Habenaria santa-martae (Szlach. & Kolan.) R. Kr. Singh & Sanjeet Kumar,Habenaria,santa-martae Szlach.,,,,2025-09-07 07:07:23.249387,2025-09-07 07:07:23.249389
2562,Habenaria santanae R. González & Cuev.-Fig.,Habenaria,santanae R.,,,,2025-09-07 07:07:23.289153,2025-09-07 07:07:23.289156
2563,Habenaria santensis Barb. Rodr.,Habenaria,santensis Barb.,,,,2025-09-07 07:07:23.328274,2025-09-07 07:07:23.328277
2564,Habenaria saprophytica Bosser & P. J. Cribb,Habenaria,saprophytica Bosser,,,,2025-09-07 07:07:23.36771,2025-09-07 07:07:23.367713
2565,Habenaria sastrei Szlach. & Kolan.,Habenaria,sastrei Szlach.,,,,2025-09-07 07:07:23.406798,2025-09-07 07:07:23.4068
2566,Habenaria sceptrophora Garay,Habenaria,sceptrophora Garay,,,,2025-09-07 07:07:23.44558,2025-09-07 07:07:23.445581
2567,Habenaria schaffneri S. Watson,Habenaria,schaffneri S.,,,,2025-09-07 07:07:23.484464,2025-09-07 07:07:23.484466
2568,Habenaria schaijesii Geerinck,Habenaria,schaijesii Geerinck,,,,2025-09-07 07:07:23.523921,2025-09-07 07:07:23.523924
2569,Habenaria schenckii Cogn.,Habenaria,schenckii Cogn.,,,,2025-09-07 07:07:23.563364,2025-09-07 07:07:23.563367
2570,Habenaria schimperiana Hochst. ex A. Rich.,Habenaria,schimperiana Hochst.,,,,2025-09-07 07:07:23.602356,2025-09-07 07:07:23.602357
2571,Habenaria schindleri Schltr.,Habenaria,schindleri Schltr.,,,,2025-09-07 07:07:23.642278,2025-09-07 07:07:23.642279
2572,Habenaria schomburgkii Lindl. ex Benth.,Habenaria,schomburgkii Lindl.,,,,2025-09-07 07:07:23.68148,2025-09-07 07:07:23.681483
2573,Habenaria schultzei Schltr.,Habenaria,schultzei Schltr.,,,,2025-09-07 07:07:23.723925,2025-09-07 07:07:23.723928
2574,Habenaria schwackei Barb. Rodr.,Habenaria,schwackei Barb.,,,,2025-09-07 07:07:23.76348,2025-09-07 07:07:23.763483
2575,Habenaria sebastianensis R. González & Cuev.-Fig.,Habenaria,sebastianensis R.,,,,2025-09-07 07:07:23.803079,2025-09-07 07:07:23.803094
2576,Habenaria secunda Lindl.,Habenaria,secunda Lindl.,,,,2025-09-07 07:07:23.842144,2025-09-07 07:07:23.842147
2577,Habenaria secundiflora Barb. Rodr.,Habenaria,secundiflora Barb.,,,,2025-09-07 07:07:23.881503,2025-09-07 07:07:23.881506
2578,Habenaria setacea Lindl.,Habenaria,setacea Lindl.,,,,2025-09-07 07:07:23.921436,2025-09-07 07:07:23.921439
2579,Habenaria seticauda Lindl. ex Benth.,Habenaria,seticauda Lindl.,,,,2025-09-07 07:07:23.963996,2025-09-07 07:07:23.963998
2580,Habenaria setifolia Carr,Habenaria,setifolia Carr,,,,2025-09-07 07:07:24.00311,2025-09-07 07:07:24.003113
2581,Habenaria shweliensis W. W. Sm. & Banerji,Habenaria,shweliensis W.,,,,2025-09-07 07:07:24.042397,2025-09-07 07:07:24.0424
2582,Habenaria siamensis Schltr.,Habenaria,siamensis Schltr.,,,,2025-09-07 07:07:24.088422,2025-09-07 07:07:24.088426
2583,Habenaria sigillum Thouars,Habenaria,sigillum Thouars,,,,2025-09-07 07:07:24.128345,2025-09-07 07:07:24.128348
2584,Habenaria silvatica Schltr.,Habenaria,silvatica Schltr.,,,,2025-09-07 07:07:24.168313,2025-09-07 07:07:24.168317
2585,Habenaria simplex Kraenzl.,Habenaria,simplex Kraenzl.,,,,2025-09-07 07:07:24.207641,2025-09-07 07:07:24.207643
2586,Habenaria singapurensis Ridl.,Habenaria,singapurensis Ridl.,,,,2025-09-07 07:07:24.247239,2025-09-07 07:07:24.247242
2587,Habenaria singularis Summerh.,Habenaria,singularis Summerh.,,,,2025-09-07 07:07:24.286632,2025-09-07 07:07:24.286634
2588,Habenaria snowdenii Summerh.,Habenaria,snowdenii Summerh.,,,,2025-09-07 07:07:24.325693,2025-09-07 07:07:24.325695
2589,Habenaria sobraliana J. A. N. Bat.,Habenaria,sobraliana J.,,,,2025-09-07 07:07:24.364938,2025-09-07 07:07:24.364941
2590,Habenaria sochensis Rchb.f.,Habenaria,sochensis Rchb.f.,,,,2025-09-07 07:07:24.407174,2025-09-07 07:07:24.407176
2591,Habenaria socorroae R. González & Cuev.-Fig.,Habenaria,socorroae R.,,,,2025-09-07 07:07:24.446585,2025-09-07 07:07:24.446588
2592,Habenaria socotrana Balf.f.,Habenaria,socotrana Balf.f.,,,,2025-09-07 07:07:24.485611,2025-09-07 07:07:24.485613
2593,Habenaria spanophytica J. A. N. Bat. & Bianch.,Habenaria,spanophytica J.,,,,2025-09-07 07:07:24.524702,2025-09-07 07:07:24.524705
2594,Habenaria spathiphylla J. J. Sm.,Habenaria,spathiphylla J.,,,,2025-09-07 07:07:24.563719,2025-09-07 07:07:24.563722
2595,Habenaria spathulifera Cogn.,Habenaria,spathulifera Cogn.,,,,2025-09-07 07:07:24.603036,2025-09-07 07:07:24.603039
2596,Habenaria spatulifolia C. S. P. Parish & Rchb.f.,Habenaria,spatulifolia C.,,,,2025-09-07 07:07:24.642861,2025-09-07 07:07:24.642864
2597,Habenaria splendens Rendle,Habenaria,splendens Rendle,,,,2025-09-07 07:07:24.682257,2025-09-07 07:07:24.682259
2598,Habenaria splendentior Summerh.,Habenaria,splendentior Summerh.,,,,2025-09-07 07:07:24.721279,2025-09-07 07:07:24.72128
2599,Habenaria sprucei Cogn.,Habenaria,sprucei Cogn.,,,,2025-09-07 07:07:24.76049,2025-09-07 07:07:24.760493
2600,Habenaria stenoceras Summerh.,Habenaria,stenoceras Summerh.,,,,2025-09-07 07:07:24.800497,2025-09-07 07:07:24.8005
2601,Habenaria stenochila Lindl.,Habenaria,stenochila Lindl.,,,,2025-09-07 07:07:24.840311,2025-09-07 07:07:24.840314
2602,Habenaria stenopetala Lindl.,Habenaria,stenopetala Lindl.,,,,2025-09-07 07:07:24.879727,2025-09-07 07:07:24.87973
2603,Habenaria stenophylla Summerh.,Habenaria,stenophylla Summerh.,,,,2025-09-07 07:07:24.918872,2025-09-07 07:07:24.918874
2604,Habenaria stenorhynchos Schltr.,Habenaria,stenorhynchos Schltr.,,,,2025-09-07 07:07:24.958522,2025-09-07 07:07:24.958524
2605,Habenaria stolzii Schltr.,Habenaria,stolzii Schltr.,,,,2025-09-07 07:07:24.997169,2025-09-07 07:07:24.997171
2606,Habenaria strangulans Summerh.,Habenaria,strangulans Summerh.,,,,2025-09-07 07:07:25.035744,2025-09-07 07:07:25.035746
2607,Habenaria strictissima Rchb.f.,Habenaria,strictissima Rchb.f.,,,,2025-09-07 07:07:25.074416,2025-09-07 07:07:25.074418
2608,Habenaria stylites ssp. stylites Rchb.f. & S. Moore,Habenaria,stylites ssp.,,,,2025-09-07 07:07:25.119077,2025-09-07 07:07:25.11908
2609,Habenaria stylites ssp. johnsonii (Rolfe) Summerh.,Habenaria,stylites ssp.,,,,2025-09-07 07:07:25.158542,2025-09-07 07:07:25.158545
2610,Habenaria stylites ssp. rhodesiaca Summerh.,Habenaria,stylites ssp.,,,,2025-09-07 07:07:25.197787,2025-09-07 07:07:25.197789
2611,Habenaria suaveolens Dalzell,Habenaria,suaveolens Dalzell,,,,2025-09-07 07:07:25.236706,2025-09-07 07:07:25.236708
2612,Habenaria subaequalis Summerh.,Habenaria,subaequalis Summerh.,,,,2025-09-07 07:07:25.275631,2025-09-07 07:07:25.275633
2613,Habenaria subandina Schltr.,Habenaria,subandina Schltr.,,,,2025-09-07 07:07:25.314454,2025-09-07 07:07:25.314456
2614,Habenaria subarmata Rchb.f.,Habenaria,subarmata Rchb.f.,,,,2025-09-07 07:07:25.353472,2025-09-07 07:07:25.353473
2615,Habenaria subauriculata B. L. Rob. & Greenm.,Habenaria,subauriculata B.,,,,2025-09-07 07:07:25.392341,2025-09-07 07:07:25.392343
2616,Habenaria subfiliformis Cogn.,Habenaria,subfiliformis Cogn.,,,,2025-09-07 07:07:25.431512,2025-09-07 07:07:25.431516
2617,Habenaria subrepens J. A. N. Bat.,Habenaria,subrepens J.,,,,2025-09-07 07:07:25.470547,2025-09-07 07:07:25.470549
2618,Habenaria superflua Rchb.f.,Habenaria,superflua Rchb.f.,,,,2025-09-07 07:07:25.509597,2025-09-07 07:07:25.509599
2619,Habenaria supervacanea Rchb.f.,Habenaria,supervacanea Rchb.f.,,,,2025-09-07 07:07:25.548579,2025-09-07 07:07:25.548581
2620,Habenaria supplicans Summerh.,Habenaria,supplicans Summerh.,,,,2025-09-07 07:07:25.5918,2025-09-07 07:07:25.591802
2621,Habenaria szechuanica Schltr.,Habenaria,szechuanica Schltr.,,,,2025-09-07 07:07:25.631123,2025-09-07 07:07:25.631127
2622,Habenaria szlachetkoana R. González & Cuev.-Fig.,Habenaria,szlachetkoana R.,,,,2025-09-07 07:07:25.670336,2025-09-07 07:07:25.670339
2623,Habenaria taenioderma Summerh.,Habenaria,taenioderma Summerh.,,,,2025-09-07 07:07:25.710626,2025-09-07 07:07:25.710629
2624,Habenaria tahitensis Nadeaud,Habenaria,tahitensis Nadeaud,,,,2025-09-07 07:07:25.749795,2025-09-07 07:07:25.749797
2625,Habenaria talaensis R. González & Cuev.-Fig.,Habenaria,talaensis R.,,,,2025-09-07 07:07:25.788973,2025-09-07 07:07:25.788976
2626,Habenaria tamanduensis Schltr.,Habenaria,tamanduensis Schltr.,,,,2025-09-07 07:07:25.828228,2025-09-07 07:07:25.82823
2627,Habenaria tamazulensis R. González & Cuev.-Fig.,Habenaria,tamazulensis R.,,,,2025-09-07 07:07:25.867244,2025-09-07 07:07:25.867246
2628,Habenaria tentaculigera Rchb.f.,Habenaria,tentaculigera Rchb.f.,,,,2025-09-07 07:07:25.906658,2025-09-07 07:07:25.906661
2629,Habenaria tequilana R. González & Cuev.-Fig.,Habenaria,tequilana R.,,,,2025-09-07 07:07:25.945953,2025-09-07 07:07:25.945955
2630,Habenaria teresae R. González & Cuev.-Fig.,Habenaria,teresae R.,,,,2025-09-07 07:07:25.986379,2025-09-07 07:07:25.986382
2631,Habenaria ternatea Rchb.f.,Habenaria,ternatea Rchb.f.,,,,2025-09-07 07:07:26.026075,2025-09-07 07:07:26.026078
2632,Habenaria tetraceras Summerh.,Habenaria,tetraceras Summerh.,,,,2025-09-07 07:07:26.065273,2025-09-07 07:07:26.065275
2633,Habenaria tetranema Schltr.,Habenaria,tetranema Schltr.,,,,2025-09-07 07:07:26.103836,2025-09-07 07:07:26.103838
2634,Habenaria theodori Schltr.,Habenaria,theodori Schltr.,,,,2025-09-07 07:07:26.142604,2025-09-07 07:07:26.142606
2635,Habenaria thomana Rchb.f.,Habenaria,thomana Rchb.f.,,,,2025-09-07 07:07:26.181683,2025-09-07 07:07:26.181687
2636,Habenaria thomsonii Rchb.f.,Habenaria,thomsonii Rchb.f.,,,,2025-09-07 07:07:26.22077,2025-09-07 07:07:26.220773
2637,Habenaria tianae P. J. Cribb & D. L. Roberts,Habenaria,tianae P.,,,,2025-09-07 07:07:26.260181,2025-09-07 07:07:26.260184
2638,Habenaria tibetica Schltr.,Habenaria,tibetica Schltr.,,,,2025-09-07 07:07:26.299294,2025-09-07 07:07:26.299296
2639,Habenaria tiechangensis X. H. Jin & D. L. Lin,Habenaria,tiechangensis X.,,,,2025-09-07 07:07:26.3385,2025-09-07 07:07:26.338502
2640,Habenaria tisserantii Szlach. & Olszewski,Habenaria,tisserantii Szlach.,,,,2025-09-07 07:07:26.377601,2025-09-07 07:07:26.377604
2641,Habenaria tomentella Rchb.f.,Habenaria,tomentella Rchb.f.,,,,2025-09-07 07:07:26.416539,2025-09-07 07:07:26.416541
2642,Habenaria tonkinensis Seidenf.,Habenaria,tonkinensis Seidenf.,,,,2025-09-07 07:07:26.455526,2025-09-07 07:07:26.455529
2643,Habenaria torricellensis Schltr.,Habenaria,torricellensis Schltr.,,,,2025-09-07 07:07:26.495018,2025-09-07 07:07:26.495021
2644,Habenaria tortilis P. J. Cribb,Habenaria,tortilis P.,,,,2025-09-07 07:07:26.534467,2025-09-07 07:07:26.534471
2645,Habenaria tosariensis J. J. Sm.,Habenaria,tosariensis J.,,,,2025-09-07 07:07:26.573714,2025-09-07 07:07:26.573716
2646,Habenaria trachypetala Kraenzl.,Habenaria,trachypetala Kraenzl.,,,,2025-09-07 07:07:26.612949,2025-09-07 07:07:26.612951
2647,Habenaria transvaalensis Schltr.,Habenaria,transvaalensis Schltr.,,,,2025-09-07 07:07:26.651798,2025-09-07 07:07:26.651801
2648,Habenaria trichaete Schltr.,Habenaria,trichaete Schltr.,,,,2025-09-07 07:07:26.70102,2025-09-07 07:07:26.701024
2649,Habenaria trichoglossa Renz,Habenaria,trichoglossa Renz,,,,2025-09-07 07:07:26.740783,2025-09-07 07:07:26.740787
2650,Habenaria trichosantha Wall.,Habenaria,trichosantha Wall.,,,,2025-09-07 07:07:26.779866,2025-09-07 07:07:26.779868
2651,Habenaria tricruris (A. Rich.) Rchb.f.,Habenaria,tricruris A.,,,,2025-09-07 07:07:26.81865,2025-09-07 07:07:26.818651
2652,Habenaria tridactylites Lindl.,Habenaria,tridactylites Lindl.,,,,2025-09-07 07:07:26.857482,2025-09-07 07:07:26.857485
2653,Habenaria tridens Lindl.,Habenaria,tridens Lindl.,,,,2025-09-07 07:07:26.898786,2025-09-07 07:07:26.898789
2654,Habenaria trifida Kunth,Habenaria,trifida Kunth,,,,2025-09-07 07:07:26.937801,2025-09-07 07:07:26.937804
2655,Habenaria trifurcata Hook.f.,Habenaria,trifurcata Hook.f.,,,,2025-09-07 07:07:26.981208,2025-09-07 07:07:26.981211
2656,Habenaria trilobulata Schltr.,Habenaria,trilobulata Schltr.,,,,2025-09-07 07:07:27.020495,2025-09-07 07:07:27.020498
2657,Habenaria trimeropetala Schltr.,Habenaria,trimeropetala Schltr.,,,,2025-09-07 07:07:27.062488,2025-09-07 07:07:27.062491
2658,Habenaria triphylla D. Subram.,Habenaria,triphylla D.,,,,2025-09-07 07:07:27.103753,2025-09-07 07:07:27.103756
2659,Habenaria triquetra Rolfe,Habenaria,triquetra Rolfe,,,,2025-09-07 07:07:27.143074,2025-09-07 07:07:27.143076
2660,Habenaria tropophila H. Perrier,Habenaria,tropophila H.,,,,2025-09-07 07:07:27.182566,2025-09-07 07:07:27.182568
2661,Habenaria truncata Lindl.,Habenaria,truncata Lindl.,,,,2025-09-07 07:07:27.222168,2025-09-07 07:07:27.22217
2662,Habenaria x tsaiana T. P. Lin,Habenaria,x tsaiana,,,,2025-09-07 07:07:27.261672,2025-09-07 07:07:27.261675
2663,Habenaria tsaratananensis H. Perrier,Habenaria,tsaratananensis H.,,,,2025-09-07 07:07:27.301181,2025-09-07 07:07:27.301185
2664,Habenaria tubifolia la Croix & P. J. Cribb,Habenaria,tubifolia la,,,,2025-09-07 07:07:27.340251,2025-09-07 07:07:27.340254
2665,Habenaria tweedieae Summerh.,Habenaria,tweedieae Summerh.,,,,2025-09-07 07:07:27.379311,2025-09-07 07:07:27.379313
2666,Habenaria tysonii Bolus,Habenaria,tysonii Bolus,,,,2025-09-07 07:07:27.418366,2025-09-07 07:07:27.418367
2667,Habenaria ugandensis Summerh.,Habenaria,ugandensis Summerh.,,,,2025-09-07 07:07:27.457034,2025-09-07 07:07:27.457037
2668,Habenaria uhehensis Schltr.,Habenaria,uhehensis Schltr.,,,,2025-09-07 07:07:27.495954,2025-09-07 07:07:27.495956
2669,Habenaria ulei Cogn.,Habenaria,ulei Cogn.,,,,2025-09-07 07:07:27.534849,2025-09-07 07:07:27.534851
2670,Habenaria uliginosa Rchb.f.,Habenaria,uliginosa Rchb.f.,,,,2025-09-07 07:07:27.574437,2025-09-07 07:07:27.57444
2671,Habenaria umbraticola Barb. Rodr.,Habenaria,umbraticola Barb.,,,,2025-09-07 07:07:27.614361,2025-09-07 07:07:27.614363
2672,Habenaria uncata R. Jiménez,Habenaria,uncata R.,,,,2025-09-07 07:07:27.653402,2025-09-07 07:07:27.653405
2673,Habenaria uncatiloba C. Schweinf.,Habenaria,uncatiloba C.,,,,2025-09-07 07:07:27.69268,2025-09-07 07:07:27.692682
2674,Habenaria uncicalcar Summerh.,Habenaria,uncicalcar Summerh.,,,,2025-09-07 07:07:27.731844,2025-09-07 07:07:27.731846
2675,Habenaria uncinata Szlach. & Olszewski,Habenaria,uncinata Szlach.,,,,2025-09-07 07:07:27.773384,2025-09-07 07:07:27.773387
2676,Habenaria undatifolia Ormerod & Juswara,Habenaria,undatifolia Ormerod,,,,2025-09-07 07:07:27.81384,2025-09-07 07:07:27.813842
2677,Habenaria undulata Frapp. ex Cordem.,Habenaria,undulata Frapp.,,,,2025-09-07 07:07:27.853294,2025-09-07 07:07:27.853296
2678,Habenaria unellezii Foldats,Habenaria,unellezii Foldats,,,,2025-09-07 07:07:27.892869,2025-09-07 07:07:27.892873
2679,Habenaria unguilabris B. R. Adams,Habenaria,unguilabris B.,,,,2025-09-07 07:07:27.936331,2025-09-07 07:07:27.936334
2680,Habenaria unifoliata Summerh.,Habenaria,unifoliata Summerh.,,,,2025-09-07 07:07:27.976595,2025-09-07 07:07:27.976599
2681,Habenaria urbaniana Cogn.,Habenaria,urbaniana Cogn.,,,,2025-09-07 07:07:28.016011,2025-09-07 07:07:28.016015
2682,Habenaria uruguayensis Garay,Habenaria,uruguayensis Garay,,,,2025-09-07 07:07:28.0557,2025-09-07 07:07:28.055703
2683,Habenaria vaginalis Rchb.f.,Habenaria,vaginalis Rchb.f.,,,,2025-09-07 07:07:28.095007,2025-09-07 07:07:28.095011
2684,Habenaria vaginata A. Rich.,Habenaria,vaginata A.,,,,2025-09-07 07:07:28.136475,2025-09-07 07:07:28.136479
2685,Habenaria vandenbergheniana Geerinck,Habenaria,vandenbergheniana Geerinck,,,,2025-09-07 07:07:28.175982,2025-09-07 07:07:28.175985
2686,Habenaria vanoverberghii Ames,Habenaria,vanoverberghii Ames,,,,2025-09-07 07:07:28.215459,2025-09-07 07:07:28.215462
2687,Habenaria variegata Cuev.-Fig.,Habenaria,variegata Cuev.-Fig.,,,,2025-09-07 07:07:28.257757,2025-09-07 07:07:28.257761
2688,Habenaria vasquezii Dodson,Habenaria,vasquezii Dodson,,,,2025-09-07 07:07:28.302774,2025-09-07 07:07:28.302777
2689,Habenaria vatia D. L. Jones,Habenaria,vatia D.,,,,2025-09-07 07:07:28.344457,2025-09-07 07:07:28.344461
2690,Habenaria velutina Summerh.,Habenaria,velutina Summerh.,,,,2025-09-07 07:07:28.384043,2025-09-07 07:07:28.384046
2691,Habenaria ventricosa Frapp.,Habenaria,ventricosa Frapp.,,,,2025-09-07 07:07:28.423198,2025-09-07 07:07:28.423201
2692,Habenaria verdickii (De Wild.) Schltr.,Habenaria,verdickii De,,,,2025-09-07 07:07:28.462555,2025-09-07 07:07:28.462559
2693,Habenaria vermeuleniana Geerinck & Schaijes,Habenaria,vermeuleniana Geerinck,,,,2025-09-07 07:07:28.501905,2025-09-07 07:07:28.501907
2694,Habenaria vesiculosa A. Rich.,Habenaria,vesiculosa A.,,,,2025-09-07 07:07:28.540906,2025-09-07 07:07:28.540909
2695,Habenaria vidua C. S. P. Parish & Rchb.f.,Habenaria,vidua C.,,,,2025-09-07 07:07:28.580065,2025-09-07 07:07:28.580068
2696,Habenaria villosa Rolfe,Habenaria,villosa Rolfe,,,,2025-09-07 07:07:28.619628,2025-09-07 07:07:28.619632
2697,Habenaria virens A. Rich. & Galeotti,Habenaria,virens A.,,,,2025-09-07 07:07:28.664619,2025-09-07 07:07:28.664622
2698,Habenaria viridiflora (Rottler ex Sw.) R. Br.,Habenaria,viridiflora Rottler,,,,2025-09-07 07:07:28.704002,2025-09-07 07:07:28.704005
2699,Habenaria vollesenii S. Thomas & P. J. Cribb,Habenaria,vollesenii S.,,,,2025-09-07 07:07:28.743482,2025-09-07 07:07:28.743485
2700,Habenaria walleri Rchb.f.,Habenaria,walleri Rchb.f.,,,,2025-09-07 07:07:28.782517,2025-09-07 07:07:28.782519
2701,Habenaria wallichii (Kolan.,Habenaria,wallichii Kolan.,,,,2025-09-07 07:07:28.826364,2025-09-07 07:07:28.826367
2702,Habenaria wangii Ormerod,Habenaria,wangii Ormerod,,,,2025-09-07 07:07:28.866763,2025-09-07 07:07:28.866767
2703,Habenaria warburgiana Kraenzl.,Habenaria,warburgiana Kraenzl.,,,,2025-09-07 07:07:28.906453,2025-09-07 07:07:28.906456
2704,Habenaria warmingii Rchb.f. & Warm.,Habenaria,warmingii Rchb.f.,,,,2025-09-07 07:07:28.945511,2025-09-07 07:07:28.945514
2705,Habenaria warszewiczii Schltr.,Habenaria,warszewiczii Schltr.,,,,2025-09-07 07:07:28.98474,2025-09-07 07:07:28.984743
2706,Habenaria weberiana Schltr.,Habenaria,weberiana Schltr.,,,,2025-09-07 07:07:29.024192,2025-09-07 07:07:29.024195
2707,Habenaria weileriana Schltr.,Habenaria,weileriana Schltr.,,,,2025-09-07 07:07:29.06501,2025-09-07 07:07:29.065013
2708,Habenaria welwitschii Rchb.f.,Habenaria,welwitschii Rchb.f.,,,,2025-09-07 07:07:29.104411,2025-09-07 07:07:29.104414
2709,Habenaria wercklei Schltr.,Habenaria,wercklei Schltr.,,,,2025-09-07 07:07:29.143667,2025-09-07 07:07:29.143669
2710,Habenaria williamsii Schltr.,Habenaria,williamsii Schltr.,,,,2025-09-07 07:07:29.183955,2025-09-07 07:07:29.183958
2711,Habenaria wolongensis K. Y. Lang,Habenaria,wolongensis K.,,,,2025-09-07 07:07:29.223237,2025-09-07 07:07:29.22324
2712,Habenaria woodii Schltr.,Habenaria,woodii Schltr.,,,,2025-09-07 07:07:29.2624,2025-09-07 07:07:29.262402
2713,Habenaria x furcata T. P. Lin,Habenaria,x furcata,,,,2025-09-07 07:07:29.301242,2025-09-07 07:07:29.301244
2714,Habenaria xanthantha F. Muell.,Habenaria,xanthantha F.,,,,2025-09-07 07:07:29.340423,2025-09-07 07:07:29.340426
2715,Habenaria xanthochlora Schltr.,Habenaria,xanthochlora Schltr.,,,,2025-09-07 07:07:29.379606,2025-09-07 07:07:29.379609
2716,Habenaria xochitliae R. González,Habenaria,xochitliae R.,,,,2025-09-07 07:07:29.418817,2025-09-07 07:07:29.41882
2717,Habenaria yezoensis Hara,Habenaria,yezoensis Hara,,,,2025-09-07 07:07:29.45774,2025-09-07 07:07:29.457742
2718,Habenaria yomensis Gage,Habenaria,yomensis Gage,,,,2025-09-07 07:07:29.496371,2025-09-07 07:07:29.496373
2719,Habenaria yookuaaensis Mejía-Marín,Habenaria,yookuaaensis Mejía-Marín,,,,2025-09-07 07:07:29.535143,2025-09-07 07:07:29.535145
2720,Habenaria yueana Tang & F. T. Wang,Habenaria,yueana Tang,,,,2025-09-07 07:07:29.573744,2025-09-07 07:07:29.573746
2721,Habenaria yungasensis Schltr.,Habenaria,yungasensis Schltr.,,,,2025-09-07 07:07:29.612618,2025-09-07 07:07:29.61262
2722,Habenaria zambesina Rchb.f.,Habenaria,zambesina Rchb.f.,,,,2025-09-07 07:07:29.657706,2025-09-07 07:07:29.657709
2723,Habenaria zamudioana R. González,Habenaria,zamudioana R.,,,,2025-09-07 07:07:29.69791,2025-09-07 07:07:29.697914
2724,Habenaria zapopana R. González & Cuev.-Fig.,Habenaria,zapopana R.,,,,2025-09-07 07:07:29.737739,2025-09-07 07:07:29.737742
2725,Habenaria zollingeri Rchb.f.,Habenaria,zollingeri Rchb.f.,,,,2025-09-07 07:07:29.776646,2025-09-07 07:07:29.776647
2726,Centrostigma Schltr.,Centrostigma,Schltr.,,,,2025-09-07 07:07:29.815564,2025-09-07 07:07:29.815566
2727,Centrostigma clavatum Summerh.,Centrostigma,clavatum Summerh.,,,,2025-09-07 07:07:29.854332,2025-09-07 07:07:29.854334
2728,Centrostigma occultans (Welw. ex Rchb.f.) Schltr.,Centrostigma,occultans Welw.,,,,2025-09-07 07:07:29.893448,2025-09-07 07:07:29.893452
2729,Centrostigma papillosum Summerh.,Centrostigma,papillosum Summerh.,,,,2025-09-07 07:07:29.933294,2025-09-07 07:07:29.933298
2730,Bonatea Willd.,Bonatea,Willd.,,,,2025-09-07 07:07:29.972344,2025-09-07 07:07:29.972348
2731,Bonatea antennifera Rolfe,Bonatea,antennifera Rolfe,,,,2025-09-07 07:07:30.011263,2025-09-07 07:07:30.011265
2732,Bonatea bracteata G. McDonald & McMurtry,Bonatea,bracteata G.,,,,2025-09-07 07:07:30.050415,2025-09-07 07:07:30.050418
2733,Bonatea cassidea Sond.,Bonatea,cassidea Sond.,,,,2025-09-07 07:07:30.089741,2025-09-07 07:07:30.089744
2734,Bonatea lamprophylla J. Stewart,Bonatea,lamprophylla J.,,,,2025-09-07 07:07:30.145265,2025-09-07 07:07:30.145268
2735,Bonatea polypodantha (Rchb.f.) L. Bolus,Bonatea,polypodantha Rchb.f.,,,,2025-09-07 07:07:30.184365,2025-09-07 07:07:30.184367
2736,Bonatea porrecta (Bolus) Summerh.,Bonatea,porrecta Bolus,,,,2025-09-07 07:07:30.223798,2025-09-07 07:07:30.223802
2737,Bonatea pulchella Summerh.,Bonatea,pulchella Summerh.,,,,2025-09-07 07:07:30.26675,2025-09-07 07:07:30.266753
2738,Bonatea rabaiensis (Rendle) Rolfe,Bonatea,rabaiensis Rendle,,,,2025-09-07 07:07:30.305882,2025-09-07 07:07:30.305883
2739,Bonatea saundersioides (Kraenzl. & Schltr.) Cortesi,Bonatea,saundersioides Kraenzl.,,,,2025-09-07 07:07:30.344658,2025-09-07 07:07:30.344659
2740,Bonatea speciosa (L.f.) Willd.,Bonatea,speciosa L.f.,,,,2025-09-07 07:07:30.383537,2025-09-07 07:07:30.38354
2741,Bonatea stereophylla (Kraenzl.) Summerh.,Bonatea,stereophylla Kraenzl.,,,,2025-09-07 07:07:30.422687,2025-09-07 07:07:30.42269
2742,Bonatea steudneri (Rchb.f.) T. Durand & Schinz,Bonatea,steudneri Rchb.f.,,,,2025-09-07 07:07:30.462026,2025-09-07 07:07:30.462029
2743,Bonatea volkensiana (Kraenzl.) Rolfe,Bonatea,volkensiana Kraenzl.,,,,2025-09-07 07:07:30.501077,2025-09-07 07:07:30.50108
2744,Cynorkis Thouars,Cynorkis,Thouars,,,,2025-09-07 07:07:30.54001,2025-09-07 07:07:30.540012
2745,Cynorkis aconitiflora Hermans,Cynorkis,aconitiflora Hermans,,,,2025-09-07 07:07:30.578697,2025-09-07 07:07:30.578698
2746,Cynorkis adeleana Pailler,Cynorkis,adeleana Pailler,,,,2025-09-07 07:07:30.61752,2025-09-07 07:07:30.617523
2747,Cynorkis alborubra Schltr.,Cynorkis,alborubra Schltr.,,,,2025-09-07 07:07:30.656262,2025-09-07 07:07:30.656264
2748,Cynorkis ambondrombensis Boiteau,Cynorkis,ambondrombensis Boiteau,,,,2025-09-07 07:07:30.694845,2025-09-07 07:07:30.694847
2749,Cynorkis ampullacea H. Perrier ex Hermans,Cynorkis,ampullacea H.,,,,2025-09-07 07:07:30.733928,2025-09-07 07:07:30.733931
2750,Cynorkis ampullifera H. Perrier,Cynorkis,ampullifera H.,,,,2025-09-07 07:07:30.773909,2025-09-07 07:07:30.773912
2751,Cynorkis anacamptoides Kraenzl.,Cynorkis,anacamptoides Kraenzl.,,,,2025-09-07 07:07:30.813173,2025-09-07 07:07:30.813175
2752,Cynorkis anacamptoides Kraenzl. var. ecalcarata P. J. Cribb,Cynorkis,anacamptoides Kraenzl.,,,,2025-09-07 07:07:30.853047,2025-09-07 07:07:30.853049
2753,Cynorkis andohahelensis H. Perrier,Cynorkis,andohahelensis H.,,,,2025-09-07 07:07:30.891724,2025-09-07 07:07:30.891726
2754,Cynorkis andringitrana Schltr.,Cynorkis,andringitrana Schltr.,,,,2025-09-07 07:07:30.930362,2025-09-07 07:07:30.930363
2755,Cynorkis angustipetala Ridl.,Cynorkis,angustipetala Ridl.,,,,2025-09-07 07:07:30.970778,2025-09-07 07:07:30.970781
2756,Cynorkis anisoloba Summerh.,Cynorkis,anisoloba Summerh.,,,,2025-09-07 07:07:31.010213,2025-09-07 07:07:31.010216
2757,Cynorkis ankaranensis Hervouet,Cynorkis,ankaranensis Hervouet,,,,2025-09-07 07:07:31.049314,2025-09-07 07:07:31.049315
2758,Cynorkis aphylla Schltr.,Cynorkis,aphylla Schltr.,,,,2025-09-07 07:07:31.088403,2025-09-07 07:07:31.088407
2759,Cynorkis aristei (J.-B. Castillon) P. J. Cribb & Hermans,Cynorkis,aristei J.-B.,,,,2025-09-07 07:07:31.127959,2025-09-07 07:07:31.127962
2760,Cynorkis aurantiaca Ridl.,Cynorkis,aurantiaca Ridl.,,,,2025-09-07 07:07:31.167427,2025-09-07 07:07:31.167538
2761,Cynorkis australis (Boiteau) Hermans & P. J. Cribb,Cynorkis,australis Boiteau,,,,2025-09-07 07:07:31.20807,2025-09-07 07:07:31.208073
2762,Cynorkis bardotiana Bosser,Cynorkis,bardotiana Bosser,,,,2025-09-07 07:07:31.247524,2025-09-07 07:07:31.247526
2763,Cynorkis baronii Rolfe ex Scott Elliot,Cynorkis,baronii Rolfe,,,,2025-09-07 07:07:31.288439,2025-09-07 07:07:31.288441
2764,Cynorkis bathiei Schltr.,Cynorkis,bathiei Schltr.,,,,2025-09-07 07:07:31.328574,2025-09-07 07:07:31.328578
2765,Cynorkis betsileensis Kraenzl.,Cynorkis,betsileensis Kraenzl.,,,,2025-09-07 07:07:31.367567,2025-09-07 07:07:31.367569
2766,Cynorkis betsomangensis (Bosser) Hermans & P. J. Cribb,Cynorkis,betsomangensis Bosser,,,,2025-09-07 07:07:31.40645,2025-09-07 07:07:31.406452
2767,Cynorkis bifurca (H. Perrier) Hermans & P. J. Cribb,Cynorkis,bifurca H.,,,,2025-09-07 07:07:31.445536,2025-09-07 07:07:31.445539
2768,Cynorkis bimaculata (Ridl.) H. Perrier,Cynorkis,bimaculata Ridl.,,,,2025-09-07 07:07:31.484339,2025-09-07 07:07:31.484341
2769,Cynorkis bobyi Hermans & P. J. Cribb,Cynorkis,bobyi Hermans,,,,2025-09-07 07:07:31.523254,2025-09-07 07:07:31.523257
2770,Cynorkis boinana Schltr.,Cynorkis,boinana Schltr.,,,,2025-09-07 07:07:31.562415,2025-09-07 07:07:31.562417
2771,Cynorkis borbonica Pailler,Cynorkis,borbonica Pailler,,,,2025-09-07 07:07:31.601511,2025-09-07 07:07:31.601512
2772,Cynorkis boryana (A. Rich.) Lindl.,Cynorkis,boryana A.,,,,2025-09-07 07:07:31.640481,2025-09-07 07:07:31.640483
2773,Cynorkis brachyceras Schltr.,Cynorkis,brachyceras Schltr.,,,,2025-09-07 07:07:31.679374,2025-09-07 07:07:31.679375
2774,Cynorkis brachystachya Bosser,Cynorkis,brachystachya Bosser,,,,2025-09-07 07:07:31.718713,2025-09-07 07:07:31.718715
2775,Cynorkis brauniana Kraenzl.,Cynorkis,brauniana Kraenzl.,,,,2025-09-07 07:07:31.757761,2025-09-07 07:07:31.757762
2776,Cynorkis brevicalcar P. J. Cribb,Cynorkis,brevicalcar P.,,,,2025-09-07 07:07:31.799363,2025-09-07 07:07:31.799366
2777,Cynorkis brevicornu Ridl.,Cynorkis,brevicornu Ridl.,,,,2025-09-07 07:07:31.838974,2025-09-07 07:07:31.838978
2778,Cynorkis breviplectra (Frapp.) Schltr.,Cynorkis,breviplectra Frapp.,,,,2025-09-07 07:07:31.877982,2025-09-07 07:07:31.877984
2779,Cynorkis buchananii Rolfe,Cynorkis,buchananii Rolfe,,,,2025-09-07 07:07:31.917266,2025-09-07 07:07:31.917268
2780,Cynorkis buchwaldiana ssp. buchwaldiana Kraenzl.,Cynorkis,buchwaldiana ssp.,,,,2025-09-07 07:07:31.956415,2025-09-07 07:07:31.956417
2781,Cynorkis buchwaldiana ssp. braunii (Kraenzl.) Summerh.,Cynorkis,buchwaldiana ssp.,,,,2025-09-07 07:07:31.995683,2025-09-07 07:07:31.995687
2782,Cynorkis cadetii Bosser,Cynorkis,cadetii Bosser,,,,2025-09-07 07:07:32.035527,2025-09-07 07:07:32.03553
2783,Cynorkis calcarata (Thouars) T. Durand & Schinz,Cynorkis,calcarata Thouars,,,,2025-09-07 07:07:32.07462,2025-09-07 07:07:32.074623
2784,Cynorkis cardiophylla Schltr.,Cynorkis,cardiophylla Schltr.,,,,2025-09-07 07:07:32.113354,2025-09-07 07:07:32.113356
2785,Cynorkis castillonii (P. Bernet) Hermans & P. J. Cribb,Cynorkis,castillonii P.,,,,2025-09-07 07:07:32.153185,2025-09-07 07:07:32.153189
2786,Cynorkis catatii Bosser,Cynorkis,catatii Bosser,,,,2025-09-07 07:07:32.195805,2025-09-07 07:07:32.195808
2787,Cynorkis christae Hermans,Cynorkis,christae Hermans,,,,2025-09-07 07:07:32.234999,2025-09-07 07:07:32.235003
2788,Cynorkis cinnabarina (Rolfe) Hermans & P. J. Cribb,Cynorkis,cinnabarina Rolfe,,,,2025-09-07 07:07:32.274137,2025-09-07 07:07:32.274141
2789,Cynorkis citrata (Thouars) P. Bernet,Cynorkis,citrata Thouars,,,,2025-09-07 07:07:32.314015,2025-09-07 07:07:32.314018
2790,Cynorkis clarae Geerinck,Cynorkis,clarae Geerinck,,,,2025-09-07 07:07:32.35549,2025-09-07 07:07:32.355494
2791,Cynorkis coccinelloides (Frapp.) Schltr.,Cynorkis,coccinelloides Frapp.,,,,2025-09-07 07:07:32.396217,2025-09-07 07:07:32.39622
2792,Cynorkis commersoniana (A. Rich.) Kraenzl.,Cynorkis,commersoniana A.,,,,2025-09-07 07:07:32.43514,2025-09-07 07:07:32.435142
2793,Cynorkis comorensis Bosser,Cynorkis,comorensis Bosser,,,,2025-09-07 07:07:32.473918,2025-09-07 07:07:32.473921
2794,Cynorkis compacta (Rchb.) Rolfe,Cynorkis,compacta Rchb.,,,,2025-09-07 07:07:32.514559,2025-09-07 07:07:32.514563
2795,Cynorkis confusa H. Perrier,Cynorkis,confusa H.,,,,2025-09-07 07:07:32.553607,2025-09-07 07:07:32.55361
2796,Cynorkis constellata (Frapp. ex Cordem.) Schltr.,Cynorkis,constellata Frapp.,,,,2025-09-07 07:07:32.593268,2025-09-07 07:07:32.593271
2797,Cynorkis cuneilabia Schltr.,Cynorkis,cuneilabia Schltr.,,,,2025-09-07 07:07:32.63501,2025-09-07 07:07:32.635013
2798,Cynorkis debilis (Hook.f.) Summerh.,Cynorkis,debilis Hook.f.,,,,2025-09-07 07:07:32.673945,2025-09-07 07:07:32.673947
2799,Cynorkis decaryana H. Perrier ex Hermans,Cynorkis,decaryana H.,,,,2025-09-07 07:07:32.712889,2025-09-07 07:07:32.712891
2800,Cynorkis dens-serpens Hermans & P. J. Cribb,Cynorkis,dens-serpens Hermans,,,,2025-09-07 07:07:32.752194,2025-09-07 07:07:32.752195
2801,Cynorkis discolor (Frapp. ex Cordem.) Schltr.,Cynorkis,discolor Frapp.,,,,2025-09-07 07:07:32.791524,2025-09-07 07:07:32.791527
2802,Cynorkis disperidoides Bosser,Cynorkis,disperidoides Bosser,,,,2025-09-07 07:07:32.830584,2025-09-07 07:07:32.830587
2803,Cynorkis elata Rolfe ex Scott Elliot,Cynorkis,elata Rolfe,,,,2025-09-07 07:07:32.870934,2025-09-07 07:07:32.870937
2804,Cynorkis elegans Rchb.f.,Cynorkis,elegans Rchb.f.,,,,2025-09-07 07:07:32.910312,2025-09-07 07:07:32.910315
2805,Cynorkis elephantina Hermans,Cynorkis,elephantina Hermans,,,,2025-09-07 07:07:32.949382,2025-09-07 07:07:32.949385
2806,Cynorkis epiphytica (Schltr.) Hermans & P. J. Cribb,Cynorkis,epiphytica Schltr.,,,,2025-09-07 07:07:32.988242,2025-09-07 07:07:32.988244
2807,Cynorkis ericophila H. Perrier ex Hermans,Cynorkis,ericophila H.,,,,2025-09-07 07:07:33.02774,2025-09-07 07:07:33.027743
2808,Cynorkis falcata (Frapp. ex Cordem.) Schltr.,Cynorkis,falcata Frapp.,,,,2025-09-07 07:07:33.067323,2025-09-07 07:07:33.067326
2809,Cynorkis fastigiata Thouars,Cynorkis,fastigiata Thouars,,,,2025-09-07 07:07:33.106994,2025-09-07 07:07:33.106998
2810,Cynorkis fastigiata Thouars var. ambatensis Hermans,Cynorkis,fastigiata Thouars,,,,2025-09-07 07:07:33.146225,2025-09-07 07:07:33.146227
2811,Cynorkis fimbriata H. Perrier ex Hermans,Cynorkis,fimbriata H.,,,,2025-09-07 07:07:33.185831,2025-09-07 07:07:33.185834
2812,Cynorkis flabellifera H. Perrier,Cynorkis,flabellifera H.,,,,2025-09-07 07:07:33.243331,2025-09-07 07:07:33.243334
2813,Cynorkis flexuosa Lindl.,Cynorkis,flexuosa Lindl.,,,,2025-09-07 07:07:33.283418,2025-09-07 07:07:33.283421
2814,Cynorkis flexuosa Lindl. var. bifoliata Schltr.,Cynorkis,flexuosa Lindl.,,,,2025-09-07 07:07:33.323854,2025-09-07 07:07:33.323857
2815,Cynorkis flexuosatis (Thouars) Hermans,Cynorkis,flexuosatis Thouars,,,,2025-09-07 07:07:33.362979,2025-09-07 07:07:33.362981
2816,Cynorkis formosa Bosser,Cynorkis,formosa Bosser,,,,2025-09-07 07:07:33.402582,2025-09-07 07:07:33.402585
2817,Cynorkis gabonensis Summerh.,Cynorkis,gabonensis Summerh.,,,,2025-09-07 07:07:33.44189,2025-09-07 07:07:33.441892
2818,Cynorkis gibbosa Ridl.,Cynorkis,gibbosa Ridl.,,,,2025-09-07 07:07:33.480723,2025-09-07 07:07:33.480726
2819,Cynorkis gigas Schltr.,Cynorkis,gigas Schltr.,,,,2025-09-07 07:07:33.519945,2025-09-07 07:07:33.519948
2820,Cynorkis glandulosa Ridl.,Cynorkis,glandulosa Ridl.,,,,2025-09-07 07:07:33.559184,2025-09-07 07:07:33.559187
2821,Cynorkis globifera H. Perrier,Cynorkis,globifera H.,,,,2025-09-07 07:07:33.598643,2025-09-07 07:07:33.598645
2822,Cynorkis globosa Schltr.,Cynorkis,globosa Schltr.,,,,2025-09-07 07:07:33.638181,2025-09-07 07:07:33.638184
2823,Cynorkis graminea (Thouars) Schltr.,Cynorkis,graminea Thouars,,,,2025-09-07 07:07:33.679588,2025-09-07 07:07:33.67959
2824,Cynorkis gymnochiloides (Schltr.) H. Perrier,Cynorkis,gymnochiloides Schltr.,,,,2025-09-07 07:07:33.718662,2025-09-07 07:07:33.718665
2825,Cynorkis hanningtonii Rolfe,Cynorkis,hanningtonii Rolfe,,,,2025-09-07 07:07:33.75747,2025-09-07 07:07:33.757472
2826,Cynorkis henrici Schltr.,Cynorkis,henrici Schltr.,,,,2025-09-07 07:07:33.796338,2025-09-07 07:07:33.79634
2827,Cynorkis hispidula Ridl.,Cynorkis,hispidula Ridl.,,,,2025-09-07 07:07:33.835028,2025-09-07 07:07:33.83503
2828,Cynorkis hologlossa Schltr.,Cynorkis,hologlossa Schltr.,,,,2025-09-07 07:07:33.873935,2025-09-07 07:07:33.873939
2829,Cynorkis hologlossa Schltr. var. angustilabia H. Perrier ex Hermans,Cynorkis,hologlossa Schltr.,,,,2025-09-07 07:07:33.913036,2025-09-07 07:07:33.913038
2830,Cynorkis hologlossa Schltr. var. gneissicola Bosser,Cynorkis,hologlossa Schltr.,,,,2025-09-07 07:07:33.952328,2025-09-07 07:07:33.95233
2831,Cynorkis humbertii Bosser,Cynorkis,humbertii Bosser,,,,2025-09-07 07:07:33.992502,2025-09-07 07:07:33.992504
2832,Cynorkis humblotiana Kraenzl.,Cynorkis,humblotiana Kraenzl.,,,,2025-09-07 07:07:34.031378,2025-09-07 07:07:34.03138
2833,Cynorkis hyacinthina Hermans & P. J. Cribb,Cynorkis,hyacinthina Hermans,,,,2025-09-07 07:07:34.07044,2025-09-07 07:07:34.070444
2834,Cynorkis imbellis (Frapp. in Cordem.) Hermans & P. J. Cribb,Cynorkis,imbellis Frapp.,,,,2025-09-07 07:07:34.109428,2025-09-07 07:07:34.10943
2835,Cynorkis inermis (Thouars) Hermans & P. J. Cribb,Cynorkis,inermis Thouars,,,,2025-09-07 07:07:34.151107,2025-09-07 07:07:34.151111
2836,Cynorkis jackyi Hermans & Sieder,Cynorkis,jackyi Hermans,,,,2025-09-07 07:07:34.190573,2025-09-07 07:07:34.190576
2837,Cynorkis jumelleana Schltr.,Cynorkis,jumelleana Schltr.,,,,2025-09-07 07:07:34.230527,2025-09-07 07:07:34.23053
2838,Cynorkis jumelleana Schltr. var. gracillima Schltr.,Cynorkis,jumelleana Schltr.,,,,2025-09-07 07:07:34.271051,2025-09-07 07:07:34.271054
2839,Cynorkis kassneriana ssp. kassneriana Kraenzl.,Cynorkis,kassneriana ssp.,,,,2025-09-07 07:07:34.310722,2025-09-07 07:07:34.310725
2840,Cynorkis kassneriana ssp. tenuior Summerh.,Cynorkis,kassneriana ssp.,,,,2025-09-07 07:07:34.351004,2025-09-07 07:07:34.351007
2841,Cynorkis kiehnii Hermans,Cynorkis,kiehnii Hermans,,,,2025-09-07 07:07:34.390536,2025-09-07 07:07:34.390539
2842,Cynorkis kirkii Rolfe,Cynorkis,kirkii Rolfe,,,,2025-09-07 07:07:34.429781,2025-09-07 07:07:34.429784
2843,Cynorkis laeta Schltr.,Cynorkis,laeta Schltr.,,,,2025-09-07 07:07:34.469289,2025-09-07 07:07:34.469291
2844,Cynorkis laeta Schltr. var. angavoensis H. Perrier ex Hermans,Cynorkis,laeta Schltr.,,,,2025-09-07 07:07:34.508514,2025-09-07 07:07:34.508517
2845,Cynorkis lagenifera (H. Perrier) Hermans & P. J. Cribb,Cynorkis,lagenifera H.,,,,2025-09-07 07:07:34.547352,2025-09-07 07:07:34.547355
2846,Cynorkis lancilabia Schltr.,Cynorkis,lancilabia Schltr.,,,,2025-09-07 07:07:34.587469,2025-09-07 07:07:34.587472
2847,Cynorkis latipetala H. Perrier,Cynorkis,latipetala H.,,,,2025-09-07 07:07:34.627012,2025-09-07 07:07:34.627014
2848,Cynorkis leandriana (H. Perrier) Hervouet,Cynorkis,leandriana H.,,,,2025-09-07 07:07:34.666882,2025-09-07 07:07:34.666885
2849,Cynorkis lemurica Bosser,Cynorkis,lemurica Bosser,,,,2025-09-07 07:07:34.706074,2025-09-07 07:07:34.706077
2850,Cynorkis lentiginosa Hermans,Cynorkis,lentiginosa Hermans,,,,2025-09-07 07:07:34.745049,2025-09-07 07:07:34.745051
2851,Cynorkis lilacina ssp. lilacina Ridl.,Cynorkis,lilacina ssp.,,,,2025-09-07 07:07:34.78393,2025-09-07 07:07:34.783931
2852,Cynorkis lilacina var. comorensis H. Perrier ex Hermans,Cynorkis,lilacina,,,,2025-09-07 07:07:34.82301,2025-09-07 07:07:34.823011
2853,Cynorkis lilacina var. laxiflora (Schltr.) H. Perrier,Cynorkis,lilacina,,,,2025-09-07 07:07:34.86201,2025-09-07 07:07:34.862012
2854,Cynorkis lilacina var. pulchra (Schltr.) H. Perrier,Cynorkis,lilacina,,,,2025-09-07 07:07:34.901415,2025-09-07 07:07:34.901417
2855,Cynorkis lilacina var. tereticalcar H. Perrier ex Hermans,Cynorkis,lilacina,,,,2025-09-07 07:07:34.9413,2025-09-07 07:07:34.941304
2856,Cynorkis lilacina ssp. curvicalcar (H. Perrier) H. Perrier,Cynorkis,lilacina ssp.,,,,2025-09-07 07:07:34.980909,2025-09-07 07:07:34.980912
2857,Cynorkis lindleyana Hermans,Cynorkis,lindleyana Hermans,,,,2025-09-07 07:07:35.020191,2025-09-07 07:07:35.020193
2858,Cynorkis lowiana Rchb.f.,Cynorkis,lowiana Rchb.f.,,,,2025-09-07 07:07:35.059818,2025-09-07 07:07:35.059822
2859,Cynorkis mammuthus Hermans & P. J. Cribb,Cynorkis,mammuthus Hermans,,,,2025-09-07 07:07:35.098937,2025-09-07 07:07:35.09894
2860,Cynorkis mangabensis Hermans & P. J. Cribb,Cynorkis,mangabensis Hermans,,,,2025-09-07 07:07:35.138405,2025-09-07 07:07:35.138407
2861,Cynorkis manompanensis Hervouet,Cynorkis,manompanensis Hervouet,,,,2025-09-07 07:07:35.177653,2025-09-07 07:07:35.177661
2862,Cynorkis marianneae Hermans,Cynorkis,marianneae Hermans,,,,2025-09-07 07:07:35.217486,2025-09-07 07:07:35.217489
2863,Cynorkis marmorata Hermans,Cynorkis,marmorata Hermans,,,,2025-09-07 07:07:35.256731,2025-09-07 07:07:35.256734
2864,Cynorkis mauritiana (A. Rich.) Pailler & Baider,Cynorkis,mauritiana A.,,,,2025-09-07 07:07:35.296147,2025-09-07 07:07:35.296151
2865,Cynorkis marojejyensis Bosser,Cynorkis,marojejyensis Bosser,,,,2025-09-07 07:07:35.336925,2025-09-07 07:07:35.336929
2866,Cynorkis melinantha Schltr.,Cynorkis,melinantha Schltr.,,,,2025-09-07 07:07:35.376482,2025-09-07 07:07:35.376485
2867,Cynorkis mellitula Toill.-Gen. & Bosser,Cynorkis,mellitula Toill.-Gen.,,,,2025-09-07 07:07:35.427872,2025-09-07 07:07:35.427874
2868,Cynorkis mesophylla Schltr.,Cynorkis,mesophylla Schltr.,,,,2025-09-07 07:07:35.466854,2025-09-07 07:07:35.466856
2869,Cynorkis micrantha (Frapp. ex Cordem.) Schltr.,Cynorkis,micrantha Frapp.,,,,2025-09-07 07:07:35.506021,2025-09-07 07:07:35.506024
2870,Cynorkis minuticalcar Toill.-Gen. & Bosser,Cynorkis,minuticalcar Toill.-Gen.,,,,2025-09-07 07:07:35.546853,2025-09-07 07:07:35.546856
2871,Cynorkis monadenia H. Perrier,Cynorkis,monadenia H.,,,,2025-09-07 07:07:35.586387,2025-09-07 07:07:35.58639
2872,Cynorkis murex Hermans,Cynorkis,murex Hermans,,,,2025-09-07 07:07:35.626244,2025-09-07 07:07:35.626247
2873,Cynorkis muscicola Bosser,Cynorkis,muscicola Bosser,,,,2025-09-07 07:07:35.665625,2025-09-07 07:07:35.665627
2874,Cynorkis nutans (Ridl.) H. Perrier,Cynorkis,nutans Ridl.,,,,2025-09-07 07:07:35.705105,2025-09-07 07:07:35.705107
2875,Cynorkis ochroglossa Schltr.,Cynorkis,ochroglossa Schltr.,,,,2025-09-07 07:07:35.745073,2025-09-07 07:07:35.745076
2876,Cynorkis ochyrae Szlach. & Olszewski,Cynorkis,ochyrae Szlach.,,,,2025-09-07 07:07:35.784196,2025-09-07 07:07:35.784198
2877,Cynorkis orchioides Schltr.,Cynorkis,orchioides Schltr.,,,,2025-09-07 07:07:35.823342,2025-09-07 07:07:35.823345
2878,Cynorkis papilio Bosser,Cynorkis,papilio Bosser,,,,2025-09-07 07:07:35.864034,2025-09-07 07:07:35.864036
2879,Cynorkis papillosa (Ridl.) Summerh.,Cynorkis,papillosa Ridl.,,,,2025-09-07 07:07:35.903182,2025-09-07 07:07:35.903185
2880,Cynorkis paradoxa (Frapp.) Schltr.,Cynorkis,paradoxa Frapp.,,,,2025-09-07 07:07:35.942359,2025-09-07 07:07:35.942361
2881,Cynorkis parvula Schltr.,Cynorkis,parvula Schltr.,,,,2025-09-07 07:07:35.98157,2025-09-07 07:07:35.981572
2882,Cynorkis pelicanides (Frapp.) Schltr.,Cynorkis,pelicanides Frapp.,,,,2025-09-07 07:07:36.023608,2025-09-07 07:07:36.023611
2883,Cynorkis perrierii Schltr.,Cynorkis,perrierii Schltr.,,,,2025-09-07 07:07:36.063195,2025-09-07 07:07:36.063198
2884,Cynorkis petiolata H. Perrier,Cynorkis,petiolata H.,,,,2025-09-07 07:07:36.102863,2025-09-07 07:07:36.102865
2885,Cynorkis peyrotii Bosser,Cynorkis,peyrotii Bosser,,,,2025-09-07 07:07:36.141746,2025-09-07 07:07:36.141747
2886,Cynorkis pinguicularioides H. Perrier,Cynorkis,pinguicularioides H.,,,,2025-09-07 07:07:36.180488,2025-09-07 07:07:36.18049
2887,Cynorkis pleistadenia (Rchb.f.) Schltr.,Cynorkis,pleistadenia Rchb.f.,,,,2025-09-07 07:07:36.219704,2025-09-07 07:07:36.219707
2888,Cynorkis prehsleri Hermans & Sieder,Cynorkis,prehsleri Hermans,,,,2025-09-07 07:07:36.25929,2025-09-07 07:07:36.259294
2889,Cynorkis pseudorolfei H. Perrier,Cynorkis,pseudorolfei H.,,,,2025-09-07 07:07:36.298896,2025-09-07 07:07:36.298899
2890,Cynorkis purpurascens Thouars,Cynorkis,purpurascens Thouars,,,,2025-09-07 07:07:36.338358,2025-09-07 07:07:36.338361
2891,Cynorkis purpurea (Thouars) Kraenzl.,Cynorkis,purpurea Thouars,,,,2025-09-07 07:07:36.384374,2025-09-07 07:07:36.384377
2892,Cynorkis quinqueloba H. Perrier ex Hermans,Cynorkis,quinqueloba H.,,,,2025-09-07 07:07:36.42439,2025-09-07 07:07:36.424394
2893,Cynorkis quinquepartita H. Perrier ex Hermans,Cynorkis,quinquepartita H.,,,,2025-09-07 07:07:36.4646,2025-09-07 07:07:36.464603
2894,Cynorkis ridleyi T. Durand & Schinz,Cynorkis,ridleyi T.,,,,2025-09-07 07:07:36.504231,2025-09-07 07:07:36.504234
2895,Cynorkis ringens (Frapp.) Schltr.,Cynorkis,ringens Frapp.,,,,2025-09-07 07:07:36.544266,2025-09-07 07:07:36.54427
2896,Cynorkis rolfei Hochr.,Cynorkis,rolfei Hochr.,,,,2025-09-07 07:07:36.583708,2025-09-07 07:07:36.583712
2897,Cynorkis rosellata (Thouars) Bosser,Cynorkis,rosellata Thouars,,,,2025-09-07 07:07:36.624415,2025-09-07 07:07:36.624418
2898,Cynorkis rotundifolia (H. Perrier) Hermans & P. J. Cribb,Cynorkis,rotundifolia H.,,,,2025-09-07 07:07:36.665001,2025-09-07 07:07:36.665004
2899,Cynorkis rungweensis Schltr.,Cynorkis,rungweensis Schltr.,,,,2025-09-07 07:07:36.705139,2025-09-07 07:07:36.705142
2900,Cynorkis sacculata Schltr.,Cynorkis,sacculata Schltr.,,,,2025-09-07 07:07:36.745588,2025-09-07 07:07:36.745591
2901,Cynorkis sagittata H. Perrier,Cynorkis,sagittata H.,,,,2025-09-07 07:07:36.785157,2025-09-07 07:07:36.78516
2902,Cynorkis sambiranoensis Schltr.,Cynorkis,sambiranoensis Schltr.,,,,2025-09-07 07:07:36.826303,2025-09-07 07:07:36.826305
2903,Cynorkis sanguinolenta Hermans,Cynorkis,sanguinolenta Hermans,,,,2025-09-07 07:07:36.865709,2025-09-07 07:07:36.865712
2904,Cynorkis saxicola Schltr.,Cynorkis,saxicola Schltr.,,,,2025-09-07 07:07:36.905887,2025-09-07 07:07:36.90589
2905,Cynorkis schlechteri H. Perrier,Cynorkis,schlechteri H.,,,,2025-09-07 07:07:36.945129,2025-09-07 07:07:36.945132
2906,Cynorkis schmidtii (Kraenzl.) Schltr.,Cynorkis,schmidtii Kraenzl.,,,,2025-09-07 07:07:36.984367,2025-09-07 07:07:36.98437
2907,Cynorkis siederi Hermans & Andriant.,Cynorkis,siederi Hermans,,,,2025-09-07 07:07:37.023825,2025-09-07 07:07:37.023828
2908,Cynorkis sigmoidea Kraenzl.,Cynorkis,sigmoidea Kraenzl.,,,,2025-09-07 07:07:37.063726,2025-09-07 07:07:37.063729
2909,Cynorkis simplex (Frapp. ex Cordem.) Hermans & P. J. Cribb,Cynorkis,simplex Frapp.,,,,2025-09-07 07:07:37.103463,2025-09-07 07:07:37.103467
2910,Cynorkis sororia Schltr.,Cynorkis,sororia Schltr.,,,,2025-09-07 07:07:37.144148,2025-09-07 07:07:37.144151
2911,Cynorkis souegesii Bosser & Veyret,Cynorkis,souegesii Bosser,,,,2025-09-07 07:07:37.183362,2025-09-07 07:07:37.183365
2912,Cynorkis spatulata H. Perrier ex Hermans,Cynorkis,spatulata H.,,,,2025-09-07 07:07:37.222461,2025-09-07 07:07:37.222464
2913,Cynorkis speciosa Ridl.,Cynorkis,speciosa Ridl.,,,,2025-09-07 07:07:37.261608,2025-09-07 07:07:37.26161
2914,Cynorkis squamosa (Poir.) Lindl.,Cynorkis,squamosa Poir.,,,,2025-09-07 07:07:37.301623,2025-09-07 07:07:37.301626
2915,Cynorkis stolonifera (Schltr.) Schltr.,Cynorkis,stolonifera Schltr.,,,,2025-09-07 07:07:37.341275,2025-09-07 07:07:37.341278
2916,Cynorkis subtilis Bosser,Cynorkis,subtilis Bosser,,,,2025-09-07 07:07:37.380624,2025-09-07 07:07:37.380627
2917,Cynorkis summerhayesiana Geerinck,Cynorkis,summerhayesiana Geerinck,,,,2025-09-07 07:07:37.420498,2025-09-07 07:07:37.420502
2918,Cynorkis sylvatica Bosser,Cynorkis,sylvatica Bosser,,,,2025-09-07 07:07:37.460121,2025-09-07 07:07:37.460124
2919,Cynorkis symoensii Geerinck & Tournay,Cynorkis,symoensii Geerinck,,,,2025-09-07 07:07:37.499579,2025-09-07 07:07:37.499582
2920,Cynorkis syringescens Hermans & P. J. Cribb,Cynorkis,syringescens Hermans,,,,2025-09-07 07:07:37.539341,2025-09-07 07:07:37.539344
2921,Cynorkis tamponensis (Frapp.) Schltr.,Cynorkis,tamponensis Frapp.,,,,2025-09-07 07:07:37.578837,2025-09-07 07:07:37.57884
2922,Cynorkis tenella Ridl.,Cynorkis,tenella Ridl.,,,,2025-09-07 07:07:37.618716,2025-09-07 07:07:37.618718
2923,Cynorkis tenerrima (Ridl.) Kraenzl.,Cynorkis,tenerrima Ridl.,,,,2025-09-07 07:07:37.658556,2025-09-07 07:07:37.65856
2924,Cynorkis tenuicalcar ssp. tenuicalcar Schltr.,Cynorkis,tenuicalcar ssp.,,,,2025-09-07 07:07:37.698413,2025-09-07 07:07:37.698415
2925,Cynorkis tenuicalcar ssp. andasibeensis H. Perrier ex Hermans,Cynorkis,tenuicalcar ssp.,,,,2025-09-07 07:07:37.737854,2025-09-07 07:07:37.737858
2926,Cynorkis tenuicalcar ssp. onivensis H. Perrier ex Hermans,Cynorkis,tenuicalcar ssp.,,,,2025-09-07 07:07:37.779372,2025-09-07 07:07:37.779376
2927,Cynorkis tristis Bosser,Cynorkis,tristis Bosser,,,,2025-09-07 07:07:37.821409,2025-09-07 07:07:37.821412
2928,Cynorkis tryphioides Schltr.,Cynorkis,tryphioides Schltr.,,,,2025-09-07 07:07:37.864392,2025-09-07 07:07:37.864396
2929,Cynorkis uliginosa Bosser,Cynorkis,uliginosa Bosser,,,,2025-09-07 07:07:37.90425,2025-09-07 07:07:37.904253
2930,Cynorkis uncata (Rolfe) Kraenzl.,Cynorkis,uncata Rolfe,,,,2025-09-07 07:07:37.943664,2025-09-07 07:07:37.943667
2931,Cynorkis uncinata H. Perrier ex Hermans,Cynorkis,uncinata H.,,,,2025-09-07 07:07:37.983354,2025-09-07 07:07:37.983357
2932,Cynorkis unguiculata Hermans & P. J. Cribb,Cynorkis,unguiculata Hermans,,,,2025-09-07 07:07:38.02399,2025-09-07 07:07:38.023994
2933,Cynorkis uniflora Lindl.,Cynorkis,uniflora Lindl.,,,,2025-09-07 07:07:38.063708,2025-09-07 07:07:38.063711
2934,Cynorkis usambarae Rolfe,Cynorkis,usambarae Rolfe,,,,2025-09-07 07:07:38.10333,2025-09-07 07:07:38.103333
2935,Cynorkis verrucosa Bosser,Cynorkis,verrucosa Bosser,,,,2025-09-07 07:07:38.150462,2025-09-07 07:07:38.150465
2936,Cynorkis villosa Rolfe ex Hook.f.,Cynorkis,villosa Rolfe,,,,2025-09-07 07:07:38.193173,2025-09-07 07:07:38.193177
2937,Cynorkis violacea Schltr.,Cynorkis,violacea Schltr.,,,,2025-09-07 07:07:38.2329,2025-09-07 07:07:38.232904
2938,Cynorkis volombato Bosser,Cynorkis,volombato Bosser,,,,2025-09-07 07:07:38.272693,2025-09-07 07:07:38.272696
2939,Cynorkis windsorensis Hervouet,Cynorkis,windsorensis Hervouet,,,,2025-09-07 07:07:38.312505,2025-09-07 07:07:38.312508
2940,Cynorkis x mirabile Hermans & P. J. Cribb,Cynorkis,x mirabile,,,,2025-09-07 07:07:38.354054,2025-09-07 07:07:38.354057
2941,Cynorkis x ranaivosonii Hermans,Cynorkis,x ranaivosonii,,,,2025-09-07 07:07:38.39597,2025-09-07 07:07:38.395973
2942,Cynorkis zaratananae Schltr.,Cynorkis,zaratananae Schltr.,,,,2025-09-07 07:07:38.436374,2025-09-07 07:07:38.436377
2943,Thulinia P. J. Cribb,Thulinia,P. J.,,,,2025-09-07 07:07:38.481573,2025-09-07 07:07:38.481577
2944,Thulinia albolutea P. J. Cribb,Thulinia,albolutea P.,,,,2025-09-07 07:07:38.521125,2025-09-07 07:07:38.521128
2945,Veyretella Szlach. & Olszewski,Veyretella,Szlach. &,,,,2025-09-07 07:07:38.560896,2025-09-07 07:07:38.560899
2946,Veyretella flabellata Szlach.,Veyretella,flabellata Szlach.,,,,2025-09-07 07:07:38.600644,2025-09-07 07:07:38.600647
2947,Veyretella hetaerioides (Summerh.) Szlach. & Olszewski,Veyretella,hetaerioides Summerh.,,,,2025-09-07 07:07:38.640175,2025-09-07 07:07:38.640178
2948,Cooktownia D. L. Jones,Cooktownia,D. L.,,,,2025-09-07 07:07:38.683361,2025-09-07 07:07:38.683364
2949,Cooktownia robertsii D. L. Jones,Cooktownia,robertsii D.,,,,2025-09-07 07:07:38.724782,2025-09-07 07:07:38.724784
2950,Platycoryne Rchb.f.,Platycoryne,Rchb.f.,,,,2025-09-07 07:07:38.770953,2025-09-07 07:07:38.770956
2951,Platycoryne affinis Summerh.,Platycoryne,affinis Summerh.,,,,2025-09-07 07:07:38.811209,2025-09-07 07:07:38.811212
2952,Platycoryne alinae Szlach.,Platycoryne,alinae Szlach.,,,,2025-09-07 07:07:38.850743,2025-09-07 07:07:38.850745
2953,Platycoryne ambigua (Kraenzl.) Summerh.,Platycoryne,ambigua Kraenzl.,,,,2025-09-07 07:07:38.892027,2025-09-07 07:07:38.892029
2954,Platycoryne brevirostris Summerh.,Platycoryne,brevirostris Summerh.,,,,2025-09-07 07:07:38.931689,2025-09-07 07:07:38.931693
2955,Platycoryne buchananiana (Kraenzl.) Rolfe,Platycoryne,buchananiana Kraenzl.,,,,2025-09-07 07:07:38.97119,2025-09-07 07:07:38.971194
2956,Platycoryne crocea ssp. crocea (Rchb.f.) Rolfe,Platycoryne,crocea ssp.,,,,2025-09-07 07:07:39.010692,2025-09-07 07:07:39.010696
2957,Platycoryne crocea ssp. elegantula (Kraenzl.) Summerh.,Platycoryne,crocea ssp.,,,,2025-09-07 07:07:39.050287,2025-09-07 07:07:39.05029
2958,Platycoryne crocea ssp. montis-elgon (Schltr.) Summerh.,Platycoryne,crocea ssp.,,,,2025-09-07 07:07:39.089987,2025-09-07 07:07:39.089991
2959,Platycoryne crocea ssp. ochrantha (Schltr.) Summerh.,Platycoryne,crocea ssp.,,,,2025-09-07 07:07:39.129274,2025-09-07 07:07:39.129277
2960,Platycoryne guingangae (Rchb.f.) Rolfe,Platycoryne,guingangae Rchb.f.,,,,2025-09-07 07:07:39.168709,2025-09-07 07:07:39.168712
2961,Platycoryne isoetifolia P. J. Cribb,Platycoryne,isoetifolia P.,,,,2025-09-07 07:07:39.208911,2025-09-07 07:07:39.208914
2962,Platycoryne latipetala Summerh.,Platycoryne,latipetala Summerh.,,,,2025-09-07 07:07:39.252358,2025-09-07 07:07:39.252361
2963,Platycoryne latipetala Summerh. var. grandiflora (Summerh.) Geerinck,Platycoryne,latipetala Summerh.,,,,2025-09-07 07:07:39.297331,2025-09-07 07:07:39.297334
2964,Platycoryne lisowskiana Szlach. & Kras,Platycoryne,lisowskiana Szlach.,,,,2025-09-07 07:07:39.336722,2025-09-07 07:07:39.336725
2965,Platycoryne macroceras Summerh.,Platycoryne,macroceras Summerh.,,,,2025-09-07 07:07:39.375947,2025-09-07 07:07:39.375949
2966,Platycoryne mediocris Summerh.,Platycoryne,mediocris Summerh.,,,,2025-09-07 07:07:39.415375,2025-09-07 07:07:39.415378
2967,Platycoryne megalorrhyncha Summerh.,Platycoryne,megalorrhyncha Summerh.,,,,2025-09-07 07:07:39.455322,2025-09-07 07:07:39.455326
2968,Platycoryne micrantha Summerh.,Platycoryne,micrantha Summerh.,,,,2025-09-07 07:07:39.497013,2025-09-07 07:07:39.497017
2969,Platycoryne ochyrana Szlach.,Platycoryne,ochyrana Szlach.,,,,2025-09-07 07:07:39.536788,2025-09-07 07:07:39.536791
2970,Platycoryne paludosa (Lindl.) Rolfe,Platycoryne,paludosa Lindl.,,,,2025-09-07 07:07:39.575737,2025-09-07 07:07:39.57574
2971,Platycoryne pervillei Rchb.f.,Platycoryne,pervillei Rchb.f.,,,,2025-09-07 07:07:39.615909,2025-09-07 07:07:39.615912
2972,Platycoryne protearum (Rchb.f.) Rolfe,Platycoryne,protearum Rchb.f.,,,,2025-09-07 07:07:39.655563,2025-09-07 07:07:39.655567
2973,Platycoryne protearum (Rchb.f.) Rolfe var. recurvirostrum G. Will.,Platycoryne,protearum Rchb.f.,,,,2025-09-07 07:07:39.694886,2025-09-07 07:07:39.694889
2974,Aziza Farminhão & D'haijère,Aziza,Farminhão &,,,,2025-09-07 07:07:39.734492,2025-09-07 07:07:39.734495
2975,Aziza trilobata (Summerh.) Farminhão & D'haijère,Aziza,trilobata Summerh.,,,,2025-09-07 07:07:39.775165,2025-09-07 07:07:39.775169
2976,Megalorchis H. Perrier,Megalorchis,H. Perrier,,,,2025-09-07 07:07:39.814836,2025-09-07 07:07:39.814839
2977,Megalorchis regalis (Schltr.) H. Perrier,Megalorchis,regalis Schltr.,,,,2025-09-07 07:07:39.866317,2025-09-07 07:07:39.86632
2978,Diplomeris D. Don,Diplomeris,D. Don,,,,2025-09-07 07:07:39.908623,2025-09-07 07:07:39.908626
2979,Diplomeris hirsuta (Lindl.) Lindl.,Diplomeris,hirsuta Lindl.,,,,2025-09-07 07:07:39.951887,2025-09-07 07:07:39.95189
2980,Diplomeris josephi A. N. Rao & Swamin.,Diplomeris,josephi A.,,,,2025-09-07 07:07:39.995812,2025-09-07 07:07:39.995815
2981,Diplomeris pulchella D. Don,Diplomeris,pulchella D.,,,,2025-09-07 07:07:40.035395,2025-09-07 07:07:40.035397
2982,Roeperocharis Rchb.f.,Roeperocharis,Rchb.f.,,,,2025-09-07 07:07:40.074546,2025-09-07 07:07:40.074548
2983,Roeperocharis alcicornis Kraenzl.,Roeperocharis,alcicornis Kraenzl.,,,,2025-09-07 07:07:40.113622,2025-09-07 07:07:40.113625
2984,Roeperocharis bennettiana (Rchb.f.) Rchb.f.,Roeperocharis,bennettiana Rchb.f.,,,,2025-09-07 07:07:40.152712,2025-09-07 07:07:40.152713
2985,Roeperocharis maleveziana Geerinck,Roeperocharis,maleveziana Geerinck,,,,2025-09-07 07:07:40.191765,2025-09-07 07:07:40.191767
2986,Roeperocharis nigrescens (Summerh.) Szlach. & Olszewski,Roeperocharis,nigrescens Summerh.,,,,2025-09-07 07:07:40.230858,2025-09-07 07:07:40.23086
2987,Roeperocharis occidentalis Kraenzl.,Roeperocharis,occidentalis Kraenzl.,,,,2025-09-07 07:07:40.27038,2025-09-07 07:07:40.270383
2988,Roeperocharis urbaniana Kraenzl.,Roeperocharis,urbaniana Kraenzl.,,,,2025-09-07 07:07:40.312115,2025-09-07 07:07:40.312118
2989,Roeperocharis wentzeliana Kraenzl.,Roeperocharis,wentzeliana Kraenzl.,,,,2025-09-07 07:07:40.357427,2025-09-07 07:07:40.35743
2990,Holothrix Rich.,Holothrix,Rich.,,,,2025-09-07 07:07:40.396681,2025-09-07 07:07:40.396683
2991,Holothrix aphylla (Forssk.) Rchb.f.,Holothrix,aphylla Forssk.,,,,2025-09-07 07:07:40.435762,2025-09-07 07:07:40.435764
2992,Holothrix arachnoidea (A. Rich.) Rchb.f.,Holothrix,arachnoidea A.,,,,2025-09-07 07:07:40.474994,2025-09-07 07:07:40.474996
2993,Holothrix aspera (Lindl.) Rchb.f.,Holothrix,aspera Lindl.,,,,2025-09-07 07:07:40.514055,2025-09-07 07:07:40.514057
2994,Holothrix brevipetala Immelman & Schelpe,Holothrix,brevipetala Immelman,,,,2025-09-07 07:07:40.55318,2025-09-07 07:07:40.553181
2995,Holothrix brongniartiana Rchb.f.,Holothrix,brongniartiana Rchb.f.,,,,2025-09-07 07:07:40.592203,2025-09-07 07:07:40.592206
2996,Holothrix buchananii Schltr.,Holothrix,buchananii Schltr.,,,,2025-09-07 07:07:40.631443,2025-09-07 07:07:40.631446
2997,Holothrix burchellii (Lindl.) Rchb.f.,Holothrix,burchellii Lindl.,,,,2025-09-07 07:07:40.670201,2025-09-07 07:07:40.670203
2998,Holothrix burmanniana (L.) Le Péchon & Bytebier,Holothrix,burmanniana L.,,,,2025-09-07 07:07:40.709395,2025-09-07 07:07:40.709397
2999,Holothrix cernua (Burm.f.) Schelpe,Holothrix,cernua Burm.f.,,,,2025-09-07 07:07:40.749435,2025-09-07 07:07:40.749437
3000,Holothrix condensata Sond.,Holothrix,condensata Sond.,,,,2025-09-07 07:07:40.788693,2025-09-07 07:07:40.788695
3001,Holothrix culveri (Schltr.) Bolus,Holothrix,culveri Schltr.,,,,2025-09-07 07:07:40.828075,2025-09-07 07:07:40.828078
3002,Holothrix elgonensis Summerh.,Holothrix,elgonensis Summerh.,,,,2025-09-07 07:07:40.867463,2025-09-07 07:07:40.867465
3003,Holothrix etheliae (Bolus) Le Péchon & Bytebier,Holothrix,etheliae Bolus,,,,2025-09-07 07:07:40.906534,2025-09-07 07:07:40.906536
3004,Holothrix exilis Lindl.,Holothrix,exilis Lindl.,,,,2025-09-07 07:07:40.945589,2025-09-07 07:07:40.945591
3005,Holothrix filicornis Immelman & Schelpe,Holothrix,filicornis Immelman,,,,2025-09-07 07:07:40.984484,2025-09-07 07:07:40.984487
3006,Holothrix grandiflora (Sond.) Rchb.f.,Holothrix,grandiflora Sond.,,,,2025-09-07 07:07:41.02473,2025-09-07 07:07:41.024733
3007,Holothrix hydra P. J. Cribb,Holothrix,hydra P.,,,,2025-09-07 07:07:41.064447,2025-09-07 07:07:41.064449
3008,Holothrix incurva Lindl.,Holothrix,incurva Lindl.,,,,2025-09-07 07:07:41.108967,2025-09-07 07:07:41.108971
3009,Holothrix johnstonii Rolfe,Holothrix,johnstonii Rolfe,,,,2025-09-07 07:07:41.149581,2025-09-07 07:07:41.149583
3010,Holothrix klimkoana Szlach. & Marg.,Holothrix,klimkoana Szlach.,,,,2025-09-07 07:07:41.188824,2025-09-07 07:07:41.188826
3011,Holothrix longicornu G. J. Lewis,Holothrix,longicornu G.,,,,2025-09-07 07:07:41.227739,2025-09-07 07:07:41.227741
3012,Holothrix longiflora Rolfe,Holothrix,longiflora Rolfe,,,,2025-09-07 07:07:41.266361,2025-09-07 07:07:41.266362
3013,Holothrix macowaniana Rchb.f.,Holothrix,macowaniana Rchb.f.,,,,2025-09-07 07:07:41.305675,2025-09-07 07:07:41.305677
3014,Holothrix majubensis C. Archer & R. H. Archer,Holothrix,majubensis C.,,,,2025-09-07 07:07:41.347047,2025-09-07 07:07:41.34705
3015,Holothrix micrantha Schltr.,Holothrix,micrantha Schltr.,,,,2025-09-07 07:07:41.386588,2025-09-07 07:07:41.386591
3016,Holothrix mundii Sond.,Holothrix,mundii Sond.,,,,2025-09-07 07:07:41.426418,2025-09-07 07:07:41.426421
3017,Holothrix nyasae Rolfe,Holothrix,nyasae Rolfe,,,,2025-09-07 07:07:41.465495,2025-09-07 07:07:41.465497
3018,Holothrix orthoceras (Harv.) Rchb.f.,Holothrix,orthoceras Harv.,,,,2025-09-07 07:07:41.505244,2025-09-07 07:07:41.505248
3019,Holothrix papillosa Summerh.,Holothrix,papillosa Summerh.,,,,2025-09-07 07:07:41.545031,2025-09-07 07:07:41.545034
3020,Holothrix parviflora (Lindl.) Rchb.f.,Holothrix,parviflora Lindl.,,,,2025-09-07 07:07:41.584689,2025-09-07 07:07:41.584693
3021,Holothrix pentadactyla (Summerh.) Summerh.,Holothrix,pentadactyla Summerh.,,,,2025-09-07 07:07:41.624036,2025-09-07 07:07:41.624039
3022,Holothrix pilosa (Burch. ex Lindl.) Rchb.f.,Holothrix,pilosa Burch.,,,,2025-09-07 07:07:41.663678,2025-09-07 07:07:41.663681
3023,Holothrix pleistodactyla Kraenzl.,Holothrix,pleistodactyla Kraenzl.,,,,2025-09-07 07:07:41.703028,2025-09-07 07:07:41.70303
3024,Holothrix praecox Rchb.f.,Holothrix,praecox Rchb.f.,,,,2025-09-07 07:07:41.742047,2025-09-07 07:07:41.74205
3025,Holothrix randii Rendle,Holothrix,randii Rendle,,,,2025-09-07 07:07:41.781782,2025-09-07 07:07:41.781785
3026,Holothrix schimperi Rchb.f.,Holothrix,schimperi Rchb.f.,,,,2025-09-07 07:07:41.821193,2025-09-07 07:07:41.821196
3027,Holothrix schlechteriana Kraenzl. ex Schltr.,Holothrix,schlechteriana Kraenzl.,,,,2025-09-07 07:07:41.862268,2025-09-07 07:07:41.862271
3028,Holothrix scopularia (Lindl.) Rchb.f.,Holothrix,scopularia Lindl.,,,,2025-09-07 07:07:41.903932,2025-09-07 07:07:41.903934
3029,Holothrix secunda (Thunb.) Rchb.f.,Holothrix,secunda Thunb.,,,,2025-09-07 07:07:41.947483,2025-09-07 07:07:41.947485
3030,Holothrix socotrana Rolfe,Holothrix,socotrana Rolfe,,,,2025-09-07 07:07:41.987672,2025-09-07 07:07:41.987675
3031,Holothrix squammata (A. Rich.) Rchb.f.,Holothrix,squammata A.,,,,2025-09-07 07:07:42.027057,2025-09-07 07:07:42.02706
3032,Holothrix thodei Rolfe,Holothrix,thodei Rolfe,,,,2025-09-07 07:07:42.066794,2025-09-07 07:07:42.066798
3033,Holothrix tridactylites Summerh.,Holothrix,tridactylites Summerh.,,,,2025-09-07 07:07:42.107779,2025-09-07 07:07:42.107781
3034,Holothrix tridentata (Hook.f.) Rchb.f.,Holothrix,tridentata Hook.f.,,,,2025-09-07 07:07:42.147344,2025-09-07 07:07:42.147346
3035,Holothrix triloba (Rolfe) Kraenzl.,Holothrix,triloba Rolfe,,,,2025-09-07 07:07:42.186518,2025-09-07 07:07:42.18652
3036,Holothrix unifolia (Rchb.f.) Rchb.f.,Holothrix,unifolia Rchb.f.,,,,2025-09-07 07:07:42.225441,2025-09-07 07:07:42.225443
3037,Holothrix villosa Lindl.,Holothrix,villosa Lindl.,,,,2025-09-07 07:07:42.265103,2025-09-07 07:07:42.265106
3038,Brachycorythis Lindl.,Brachycorythis,Lindl.,,,,2025-09-07 07:07:42.304081,2025-09-07 07:07:42.304097
3039,Brachycorythis acuta (Rchb.f.) Summerh.,Brachycorythis,acuta Rchb.f.,,,,2025-09-07 07:07:42.343177,2025-09-07 07:07:42.34318
3040,Brachycorythis angolensis (Schltr.) Schltr.,Brachycorythis,angolensis Schltr.,,,,2025-09-07 07:07:42.38356,2025-09-07 07:07:42.383563
3041,Brachycorythis basifoliata Summerh.,Brachycorythis,basifoliata Summerh.,,,,2025-09-07 07:07:42.422967,2025-09-07 07:07:42.42297
3042,Brachycorythis brevicalcarata (Szlach. & Oledrz.) R. Kr. Singh & Sanjeet Kumar,Brachycorythis,brevicalcarata Szlach.,,,,2025-09-07 07:07:42.463001,2025-09-07 07:07:42.463005
3043,Brachycorythis buchananii (Schltr.) Rolfe,Brachycorythis,buchananii Schltr.,,,,2025-09-07 07:07:42.502711,2025-09-07 07:07:42.502714
3044,Brachycorythis congoensis Kraenzl.,Brachycorythis,congoensis Kraenzl.,,,,2025-09-07 07:07:42.541578,2025-09-07 07:07:42.54158
3045,Brachycorythis conica ssp. conica (Summerh.) Summerh.,Brachycorythis,conica ssp.,,,,2025-09-07 07:07:42.581823,2025-09-07 07:07:42.581826
3046,Brachycorythis conica ssp. longilabris Summerh.,Brachycorythis,conica ssp.,,,,2025-09-07 07:07:42.621663,2025-09-07 07:07:42.621667
3047,Brachycorythis conica ssp. transvaalensis Summerh.,Brachycorythis,conica ssp.,,,,2025-09-07 07:07:42.660753,2025-09-07 07:07:42.660755
3048,Brachycorythis disoides (Ridl.) Kraenzl.,Brachycorythis,disoides Ridl.,,,,2025-09-07 07:07:42.700116,2025-09-07 07:07:42.700118
3049,Brachycorythis friesii (Schltr.) Summerh.,Brachycorythis,friesii Schltr.,,,,2025-09-07 07:07:42.739306,2025-09-07 07:07:42.739309
3050,Brachycorythis galeandra (Rchb.f.) Summerh.,Brachycorythis,galeandra Rchb.f.,,,,2025-09-07 07:07:42.781493,2025-09-07 07:07:42.781496
3051,Brachycorythis helferi (Rchb.f.) Summerh.,Brachycorythis,helferi Rchb.f.,,,,2025-09-07 07:07:42.822424,2025-09-07 07:07:42.822427
3052,Brachycorythis henryi (Schltr.) Summerh.,Brachycorythis,henryi Schltr.,,,,2025-09-07 07:07:42.863134,2025-09-07 07:07:42.863136
3053,Brachycorythis iantha (Wight) Summerh.,Brachycorythis,iantha Wight,,,,2025-09-07 07:07:42.902394,2025-09-07 07:07:42.902397
3054,Brachycorythis inhambanensis (Schltr.) Schltr.,Brachycorythis,inhambanensis Schltr.,,,,2025-09-07 07:07:42.941474,2025-09-07 07:07:42.941476
3055,Brachycorythis kalbreyeri Rchb.f.,Brachycorythis,kalbreyeri Rchb.f.,,,,2025-09-07 07:07:42.981428,2025-09-07 07:07:42.981431
3056,Brachycorythis laotica (Gagnep.) Summerh.,Brachycorythis,laotica Gagnep.,,,,2025-09-07 07:07:43.020901,2025-09-07 07:07:43.020904
3057,Brachycorythis lastii Rolfe,Brachycorythis,lastii Rolfe,,,,2025-09-07 07:07:43.060011,2025-09-07 07:07:43.060014
3058,Brachycorythis macowaniana Rchb.f.,Brachycorythis,macowaniana Rchb.f.,,,,2025-09-07 07:07:43.099987,2025-09-07 07:07:43.09999
3059,Brachycorythis macrantha (Lindl.) Summerh.,Brachycorythis,macrantha Lindl.,,,,2025-09-07 07:07:43.140986,2025-09-07 07:07:43.140989
3060,Brachycorythis mixta Summerh.,Brachycorythis,mixta Summerh.,,,,2025-09-07 07:07:43.182695,2025-09-07 07:07:43.182699
3061,Brachycorythis neglecta H. A. Pedersen,Brachycorythis,neglecta H.,,,,2025-09-07 07:07:43.221966,2025-09-07 07:07:43.221967
3062,Brachycorythis obcordata (Lindl.) Summerh.,Brachycorythis,obcordata Lindl.,,,,2025-09-07 07:07:43.261483,2025-09-07 07:07:43.261486
3063,Brachycorythis ovata Lindl.,Brachycorythis,ovata Lindl.,,,,2025-09-07 07:07:43.300893,2025-09-07 07:07:43.300896
3187,Ophrys arachnitiformis Gren. & Philippe,Ophrys,arachnitiformis Gren.,,,,2025-09-07 07:07:48.327457,2025-09-07 07:07:48.32746
3064,Brachycorythis ovata Lindl. var. schweinfurthii (Rchb.f.) Szlach. & Olszewski,Brachycorythis,ovata Lindl.,,,,2025-09-07 07:07:43.340173,2025-09-07 07:07:43.340175
3065,Brachycorythis ovata Lindl. var. welwitschii (Rchb.f.) Szlach. & Olszewski,Brachycorythis,ovata Lindl.,,,,2025-09-07 07:07:43.379096,2025-09-07 07:07:43.379099
3066,Brachycorythis paucifolia Summerh.,Brachycorythis,paucifolia Summerh.,,,,2025-09-07 07:07:43.418207,2025-09-07 07:07:43.41821
3067,Brachycorythis peitawuensis T. P. Lin & W. M. Lin,Brachycorythis,peitawuensis T.,,,,2025-09-07 07:07:43.457749,2025-09-07 07:07:43.457753
3068,Brachycorythis pilosa Summerh.,Brachycorythis,pilosa Summerh.,,,,2025-09-07 07:07:43.536341,2025-09-07 07:07:43.536344
3069,Brachycorythis pleistophylla Rchb.f.,Brachycorythis,pleistophylla Rchb.f.,,,,2025-09-07 07:07:43.575667,2025-09-07 07:07:43.575671
3070,Brachycorythis pleistophylla Rchb.f. var. leopoldii (Kraenzl.) Geerinck,Brachycorythis,pleistophylla Rchb.f.,,,,2025-09-07 07:07:43.615023,2025-09-07 07:07:43.615025
3071,Brachycorythis pubescens Harv.,Brachycorythis,pubescens Harv.,,,,2025-09-07 07:07:43.655042,2025-09-07 07:07:43.655045
3072,Brachycorythis pumilio (Lindl.) Rchb.f.,Brachycorythis,pumilio Lindl.,,,,2025-09-07 07:07:43.698472,2025-09-07 07:07:43.698475
3073,Brachycorythis rhodostachys (Schltr.) Summerh.,Brachycorythis,rhodostachys Schltr.,,,,2025-09-07 07:07:43.741554,2025-09-07 07:07:43.741558
3074,Brachycorythis sceptrum Schltr.,Brachycorythis,sceptrum Schltr.,,,,2025-09-07 07:07:43.781856,2025-09-07 07:07:43.781858
3075,Brachycorythis seidenfadeniana (Szlach. & Oledrz.) R. Kr. Singh & Sanjeet Kumar,Brachycorythis,seidenfadeniana Szlach.,,,,2025-09-07 07:07:43.821236,2025-09-07 07:07:43.821238
3076,Brachycorythis siamensis (Szlach. & Oledrz.) R. Kr. Singh & Sanjeet Kumar,Brachycorythis,siamensis Szlach.,,,,2025-09-07 07:07:43.860586,2025-09-07 07:07:43.860589
3077,Brachycorythis splendida Summerh.,Brachycorythis,splendida Summerh.,,,,2025-09-07 07:07:43.900948,2025-09-07 07:07:43.90095
3078,Brachycorythis tanganyikensis Summerh.,Brachycorythis,tanganyikensis Summerh.,,,,2025-09-07 07:07:43.940687,2025-09-07 07:07:43.940689
3079,Brachycorythis tenuior Rchb.f.,Brachycorythis,tenuior Rchb.f.,,,,2025-09-07 07:07:43.97985,2025-09-07 07:07:43.979853
3080,Brachycorythis thorelii (Gagnep.) Summerh.,Brachycorythis,thorelii Gagnep.,,,,2025-09-07 07:07:44.019045,2025-09-07 07:07:44.019046
3081,Brachycorythis velutina Schltr.,Brachycorythis,velutina Schltr.,,,,2025-09-07 07:07:44.060846,2025-09-07 07:07:44.060849
3082,Brachycorythis wightii Summerh.,Brachycorythis,wightii Summerh.,,,,2025-09-07 07:07:44.100481,2025-09-07 07:07:44.100483
3083,Brachycorythis youngii (Szlach.,Brachycorythis,youngii Szlach.,,,,2025-09-07 07:07:44.140993,2025-09-07 07:07:44.140996
3084,Neobolusia Schltr.,Neobolusia,Schltr.,,,,2025-09-07 07:07:44.186301,2025-09-07 07:07:44.186304
3085,Neobolusia ciliata Summerh.,Neobolusia,ciliata Summerh.,,,,2025-09-07 07:07:44.225322,2025-09-07 07:07:44.225325
3086,Neobolusia stolzii Schltr.,Neobolusia,stolzii Schltr.,,,,2025-09-07 07:07:44.26445,2025-09-07 07:07:44.264453
3087,Neobolusia stolzii Schltr. var. bombyliiflora P. J. Cribb,Neobolusia,stolzii Schltr.,,,,2025-09-07 07:07:44.303705,2025-09-07 07:07:44.303709
3088,Neobolusia stolzii Schltr. var. glabripetala Summerh.,Neobolusia,stolzii Schltr.,,,,2025-09-07 07:07:44.343834,2025-09-07 07:07:44.343837
3089,Neobolusia tysonii (Bolus) Schltr.,Neobolusia,tysonii Bolus,,,,2025-09-07 07:07:44.383413,2025-09-07 07:07:44.383416
3090,Schizochilus Sond.,Schizochilus,Sond.,,,,2025-09-07 07:07:44.422574,2025-09-07 07:07:44.422577
3091,Schizochilus angustifolius Rolfe,Schizochilus,angustifolius Rolfe,,,,2025-09-07 07:07:44.462098,2025-09-07 07:07:44.462102
3092,Schizochilus bulbinella (Rchb.f.) Bolus,Schizochilus,bulbinella Rchb.f.,,,,2025-09-07 07:07:44.501518,2025-09-07 07:07:44.501521
3093,Schizochilus calcaratus P. J. Cribb & I. La Croix,Schizochilus,calcaratus P.,,,,2025-09-07 07:07:44.541444,2025-09-07 07:07:44.541447
3094,Schizochilus cecilii ssp. cecilii Rolfe,Schizochilus,cecilii ssp.,,,,2025-09-07 07:07:44.580831,2025-09-07 07:07:44.580834
3095,Schizochilus cecilii ssp. culveri (Schltr.) H. P. Linder,Schizochilus,cecilii ssp.,,,,2025-09-07 07:07:44.620771,2025-09-07 07:07:44.620774
3096,Schizochilus cecilii ssp. transvaalensis (Rolfe) H. P. Linder,Schizochilus,cecilii ssp.,,,,2025-09-07 07:07:44.660259,2025-09-07 07:07:44.660262
3097,Schizochilus crenulatus H. P. Linder,Schizochilus,crenulatus H.,,,,2025-09-07 07:07:44.699478,2025-09-07 07:07:44.699481
3098,Schizochilus flexuosus Harv. ex Rolfe,Schizochilus,flexuosus Harv.,,,,2025-09-07 07:07:44.747036,2025-09-07 07:07:44.747039
3099,Schizochilus gerrardii (Rchb.f.) Bolus,Schizochilus,gerrardii Rchb.f.,,,,2025-09-07 07:07:44.78654,2025-09-07 07:07:44.786543
3100,Schizochilus lepidus Summerh.,Schizochilus,lepidus Summerh.,,,,2025-09-07 07:07:44.826192,2025-09-07 07:07:44.826195
3101,Schizochilus lilacinus Schelpe ex H. P. Linder,Schizochilus,lilacinus Schelpe,,,,2025-09-07 07:07:44.865387,2025-09-07 07:07:44.865389
3102,Schizochilus sulphureus Schltr.,Schizochilus,sulphureus Schltr.,,,,2025-09-07 07:07:44.924582,2025-09-07 07:07:44.924584
3103,Schizochilus zeyheri Sond.,Schizochilus,zeyheri Sond.,,,,2025-09-07 07:07:44.96574,2025-09-07 07:07:44.965743
3104,Dracomonticola H. P. Linder & Kurzweil,Dracomonticola,H. P.,,,,2025-09-07 07:07:45.005123,2025-09-07 07:07:45.005126
3105,Dracomonticola virginea (Bolus) H. P. Linder & Kurzweil,Dracomonticola,virginea Bolus,,,,2025-09-07 07:07:45.044739,2025-09-07 07:07:45.044742
3106,Neotinea Rchb.f.,Neotinea,Rchb.f.,,,,2025-09-07 07:07:45.084043,2025-09-07 07:07:45.084046
3107,Neotinea conica (Willd.) R. M. Bateman,Neotinea,conica Willd.,,,,2025-09-07 07:07:45.125574,2025-09-07 07:07:45.125578
3108,Neotinea lactea (Poir.) R. M. Bateman,Neotinea,lactea Poir.,,,,2025-09-07 07:07:45.164791,2025-09-07 07:07:45.164793
3608,Ophrys x baeteniorum P. Delforge,Ophrys,x baeteniorum,,,,2025-09-07 07:08:05.244943,2025-09-07 07:08:05.244946
3110,Neotinea maculata (Desf.) Stearn,Neotinea,maculata Desf.,,,,2025-09-07 07:07:45.243282,2025-09-07 07:07:45.243286
3111,Neotinea tridentata (Scop.) R. M. Bateman,Neotinea,tridentata Scop.,,,,2025-09-07 07:07:45.282439,2025-09-07 07:07:45.282442
3659,Ophrys x castri-pontium G. B. Pau & Pessei,Ophrys,x castri-pontium,,,,2025-09-07 07:08:07.303369,2025-09-07 07:08:07.303371
3660,Ophrys x castroviejoi Serra & J. X. Soler,Ophrys,x castroviejoi,,,,2025-09-07 07:08:07.342521,2025-09-07 07:08:07.342524
3661,Ophrys x catalaunica O. Danesch & E. Danesch,Ophrys,x catalaunica,,,,2025-09-07 07:08:07.381691,2025-09-07 07:08:07.381694
3115,Neotinea ustulata (L.) R. M. Bateman,Neotinea,ustulata L.,,,,2025-09-07 07:07:45.43873,2025-09-07 07:07:45.438733
3662,Ophrys x cataldii Gölz,Ophrys,x cataldii,,,,2025-09-07 07:08:07.427364,2025-09-07 07:08:07.427367
3117,Neotinea x dietrichiana ssp. dietrichiana (Bogenh.) H. Kretzschmar,Neotinea,x dietrichiana,,,,2025-09-07 07:07:45.516532,2025-09-07 07:07:45.516535
3118,Neotinea x dietrichiana ssp. bugarachensis (J. Claess. & J.-M. Lewin) H. Kretzschmar,Neotinea,x dietrichiana,,,,2025-09-07 07:07:45.555872,2025-09-07 07:07:45.555874
3119,Chamorchis Rich.,Chamorchis,Rich.,,,,2025-09-07 07:07:45.594954,2025-09-07 07:07:45.594957
3120,Chamorchis alpina (L.) Rich.,Chamorchis,alpina L.,,,,2025-09-07 07:07:45.634356,2025-09-07 07:07:45.63436
3121,Steveniella Schltr.,Steveniella,Schltr.,,,,2025-09-07 07:07:45.677328,2025-09-07 07:07:45.677331
3122,Steveniella satyrioides (Spreng.) Schltr.,Steveniella,satyrioides Spreng.,,,,2025-09-07 07:07:45.717193,2025-09-07 07:07:45.717196
3123,Steveniella satyrioides (Spreng.) Schltr. var. iranica Kreutz,Steveniella,satyrioides Spreng.,,,,2025-09-07 07:07:45.756345,2025-09-07 07:07:45.756348
3124,Himantoglossum W. D. J. Koch,Himantoglossum,W. D.,,,,2025-09-07 07:07:45.796164,2025-09-07 07:07:45.796167
3125,Himantoglossum adriaticum H. Baumann,Himantoglossum,adriaticum H.,,,,2025-09-07 07:07:45.835373,2025-09-07 07:07:45.835375
3126,Himantoglossum calcaratum ssp. calcaratum (Beck) Schltr.,Himantoglossum,calcaratum ssp.,,,,2025-09-07 07:07:45.874532,2025-09-07 07:07:45.874534
3127,Himantoglossum calcaratum ssp. rumelicum (H. Baumann & R. Lorenz) Niketic & Djordjevic,Himantoglossum,calcaratum ssp.,,,,2025-09-07 07:07:45.91369,2025-09-07 07:07:45.913692
3128,Himantoglossum calcaratum var. robustissimum (Kreutz) R. M. Bateman,Himantoglossum,calcaratum,,,,2025-09-07 07:07:45.952815,2025-09-07 07:07:45.952817
3129,Himantoglossum caprinum ssp. caprinum (M. Bieb.) Spreng.,Himantoglossum,caprinum ssp.,,,,2025-09-07 07:07:45.991872,2025-09-07 07:07:45.991875
3130,Himantoglossum caprinum var. pseudocaprinum J. J. Wood,Himantoglossum,caprinum,,,,2025-09-07 07:07:46.031171,2025-09-07 07:07:46.031174
3131,Himantoglossum caprinum ssp. levantinum B. Baumann & H. Baumann,Himantoglossum,caprinum ssp.,,,,2025-09-07 07:07:46.07099,2025-09-07 07:07:46.070993
3132,Himantoglossum comperianum (Steven) P. Delforge,Himantoglossum,comperianum Steven,,,,2025-09-07 07:07:46.110191,2025-09-07 07:07:46.110194
3133,Himantoglossum formosum (Steven) K. Koch,Himantoglossum,formosum Steven,,,,2025-09-07 07:07:46.149617,2025-09-07 07:07:46.149619
3134,Himantoglossum hircinum (L.) Spreng.,Himantoglossum,hircinum L.,,,,2025-09-07 07:07:46.192345,2025-09-07 07:07:46.192347
3135,Himantoglossum hircinum (L.) Spreng. var. aestivalis Kreutz & Steinfeld,Himantoglossum,hircinum L.,,,,2025-09-07 07:07:46.231645,2025-09-07 07:07:46.231649
3136,Himantoglossum metlesicsianum (W. P. Teschner) P. Delforge,Himantoglossum,metlesicsianum W.,,,,2025-09-07 07:07:46.286987,2025-09-07 07:07:46.286989
3137,Himantoglossum montis-tauri Kreutz & W. Lüders,Himantoglossum,montis-tauri Kreutz,,,,2025-09-07 07:07:46.326492,2025-09-07 07:07:46.326495
3138,Himantoglossum robertianum (Loisel.) P. Delforge,Himantoglossum,robertianum Loisel.,,,,2025-09-07 07:07:46.365799,2025-09-07 07:07:46.365802
3139,Himantoglossum x agiasense (Karatzas) Deniz,Himantoglossum,x agiasense,,,,2025-09-07 07:07:46.405337,2025-09-07 07:07:46.40534
3140,Himantoglossum x ladikense Viewegh,Himantoglossum,x ladikense,,,,2025-09-07 07:07:46.444454,2025-09-07 07:07:46.444457
3141,Himantoglossum x samariense C. Alibertis & A. Alibertis,Himantoglossum,x samariense,,,,2025-09-07 07:07:46.483639,2025-09-07 07:07:46.483641
3142,Ophrys L.,Ophrys,L.,,,,2025-09-07 07:07:46.522516,2025-09-07 07:07:46.522517
3143,Ophrys aegaea Kalteisen & H. R. Reinhard,Ophrys,aegaea Kalteisen,,,,2025-09-07 07:07:46.561253,2025-09-07 07:07:46.561255
3144,Ophrys aeoli P. Delforge,Ophrys,aeoli P.,,,,2025-09-07 07:07:46.60041,2025-09-07 07:07:46.600414
3145,Ophrys aesculapii Renz,Ophrys,aesculapii Renz,,,,2025-09-07 07:07:46.639855,2025-09-07 07:07:46.639858
3146,Ophrys amanensis (Nelson ex Renz & Taubenheim) P. Delforge,Ophrys,amanensis Nelson,,,,2025-09-07 07:07:46.678998,2025-09-07 07:07:46.679
3147,Ophrys amanensis (Nelson ex Renz & Taubenheim) P. Delforge var. antalyensis (Kreutz & Seckel) comb. ined.,Ophrys,amanensis Nelson,,,,2025-09-07 07:07:46.718311,2025-09-07 07:07:46.718314
3148,Ophrys amanensis (Nelson ex Renz & Taubenheim) P. Delforge var. iceliensis (Kreutz) comb. ined.,Ophrys,amanensis Nelson,,,,2025-09-07 07:07:46.757556,2025-09-07 07:07:46.757559
3149,Ophrys andria P. Delforge,Ophrys,andria P.,,,,2025-09-07 07:07:46.797711,2025-09-07 07:07:46.797714
3150,Ophrys andria P. Delforge var. halkionis G. Kretzschmar & H. Kretzschmar,Ophrys,andria P.,,,,2025-09-07 07:07:46.837101,2025-09-07 07:07:46.837103
3151,Ophrys annae Devillers-Tersch. & Devillers,Ophrys,annae Devillers-Tersch.,,,,2025-09-07 07:07:46.876296,2025-09-07 07:07:46.876299
3152,Ophrys annae Devillers-Tersch. & Devillers var. aliceae (Argiolas) Hennecke,Ophrys,annae Devillers-Tersch.,,,,2025-09-07 07:07:46.915211,2025-09-07 07:07:46.915213
3153,Ophrys apifera Huds.,Ophrys,apifera Huds.,,,,2025-09-07 07:07:46.954118,2025-09-07 07:07:46.954121
3154,Ophrys apifera Huds. var. almaracensis Pérez-Chisc.,Ophrys,apifera Huds.,,,,2025-09-07 07:07:46.993311,2025-09-07 07:07:46.993314
3155,Ophrys apifera Huds. var. atrofusca J. Dierckx,Ophrys,apifera Huds.,,,,2025-09-07 07:07:47.032553,2025-09-07 07:07:47.032556
3156,Ophrys apifera Huds. var. aurita (Moggr.) Gremli,Ophrys,apifera Huds.,,,,2025-09-07 07:07:47.078463,2025-09-07 07:07:47.078467
3157,Ophrys apifera Huds. var. austriaca (Wiesb. ex Dichtl) Beck,Ophrys,apifera Huds.,,,,2025-09-07 07:07:47.117969,2025-09-07 07:07:47.117972
3158,Ophrys apifera Huds. var. austroalsatica (Sprunger & Rolf Kühn) Kreutz,Ophrys,apifera Huds.,,,,2025-09-07 07:07:47.157283,2025-09-07 07:07:47.157285
3159,Ophrys apifera Huds. var. badensis Lewis & Kreutz,Ophrys,apifera Huds.,,,,2025-09-07 07:07:47.196313,2025-09-07 07:07:47.196315
3160,Ophrys apifera Huds. var. basiliensis S. Schwegler & Matthies,Ophrys,apifera Huds.,,,,2025-09-07 07:07:47.237831,2025-09-07 07:07:47.237835
3161,Ophrys apifera Huds. var. belgarum Turner Ettl.,Ophrys,apifera Huds.,,,,2025-09-07 07:07:47.277056,2025-09-07 07:07:47.277059
3162,Ophrys apifera Huds. var. botteronii (Chodat) Brand,Ophrys,apifera Huds.,,,,2025-09-07 07:07:47.316466,2025-09-07 07:07:47.316469
3163,Ophrys apifera Huds. var. brevilabellata Kreutz,Ophrys,apifera Huds.,,,,2025-09-07 07:07:47.355706,2025-09-07 07:07:47.355709
3164,Ophrys apifera Huds. var. cambrensis M. J. Clark,Ophrys,apifera Huds.,,,,2025-09-07 07:07:47.395136,2025-09-07 07:07:47.395138
3165,Ophrys apifera Huds. var. chlorantha (Hegetschw.) Nyman,Ophrys,apifera Huds.,,,,2025-09-07 07:07:47.439722,2025-09-07 07:07:47.439725
3166,Ophrys apifera Huds. var. curviflora A. Soulié,Ophrys,apifera Huds.,,,,2025-09-07 07:07:47.478397,2025-09-07 07:07:47.478398
3167,Ophrys apifera Huds. var. emanuelae Benigni,Ophrys,apifera Huds.,,,,2025-09-07 07:07:47.517194,2025-09-07 07:07:47.517196
3168,Ophrys apifera Huds. var. fraternalis Robles,Ophrys,apifera Huds.,,,,2025-09-07 07:07:47.556559,2025-09-07 07:07:47.556561
3169,Ophrys apifera Huds. var. fulvofusca M. P. Grasso & Scrugli,Ophrys,apifera Huds.,,,,2025-09-07 07:07:47.595446,2025-09-07 07:07:47.595448
3170,Ophrys apifera Huds. var. immaculata Bréb.,Ophrys,apifera Huds.,,,,2025-09-07 07:07:47.636589,2025-09-07 07:07:47.636592
3171,Ophrys apifera Huds. var. jenensis Voelckel & E. Theel,Ophrys,apifera Huds.,,,,2025-09-07 07:07:47.676166,2025-09-07 07:07:47.676168
3172,Ophrys apifera Huds. var. jurana (Ruppert ex W. Zimmerm.) J. Schuster,Ophrys,apifera Huds.,,,,2025-09-07 07:07:47.730501,2025-09-07 07:07:47.730504
3173,Ophrys apifera Huds. var. laetitiae Klaver,Ophrys,apifera Huds.,,,,2025-09-07 07:07:47.769809,2025-09-07 07:07:47.769811
3174,Ophrys apifera Huds. var. libanotica Addam & Bou-Hamdan,Ophrys,apifera Huds.,,,,2025-09-07 07:07:47.809451,2025-09-07 07:07:47.809454
3175,Ophrys apifera Huds. var. maculata Jakely & Könighofer,Ophrys,apifera Huds.,,,,2025-09-07 07:07:47.848739,2025-09-07 07:07:47.848741
3176,Ophrys apifera Huds. var. patinata U. Grabner & Kreutz,Ophrys,apifera Huds.,,,,2025-09-07 07:07:47.890203,2025-09-07 07:07:47.890207
3177,Ophrys apifera Huds. var. patriciae Bocchini,Ophrys,apifera Huds.,,,,2025-09-07 07:07:47.929996,2025-09-07 07:07:47.929999
3178,Ophrys apifera Huds. var. punctata Jakely & Könighofer,Ophrys,apifera Huds.,,,,2025-09-07 07:07:47.968676,2025-09-07 07:07:47.968678
3179,Ophrys apifera Huds. var. purpurea (Tausch) Nyman,Ophrys,apifera Huds.,,,,2025-09-07 07:07:48.007324,2025-09-07 07:07:48.007326
3180,Ophrys apifera Huds. var. quintianensis Berzacola,Ophrys,apifera Huds.,,,,2025-09-07 07:07:48.046614,2025-09-07 07:07:48.046616
3181,Ophrys apifera Huds. var. renatae K. Barbieri,Ophrys,apifera Huds.,,,,2025-09-07 07:07:48.085779,2025-09-07 07:07:48.085783
3182,Ophrys apifera Huds. var. saraepontana (Ruppert) H. Baumgartner bis & Kreutz,Ophrys,apifera Huds.,,,,2025-09-07 07:07:48.125305,2025-09-07 07:07:48.125308
3183,Ophrys apifera Huds. var. tilaventina Nonis & Liverani,Ophrys,apifera Huds.,,,,2025-09-07 07:07:48.164901,2025-09-07 07:07:48.164905
3184,Ophrys apifera Huds. var. trollii (Hegetschw.) Rchb.f.,Ophrys,apifera Huds.,,,,2025-09-07 07:07:48.206743,2025-09-07 07:07:48.206746
3185,Ophrys apifera Huds. var. urbinensis Klaver,Ophrys,apifera Huds.,,,,2025-09-07 07:07:48.248366,2025-09-07 07:07:48.248368
3186,Ophrys apulica (O. Danesch & E. Danesch) O. Danesch & E. Danesch,Ophrys,apulica O.,,,,2025-09-07 07:07:48.287484,2025-09-07 07:07:48.287487
3188,Ophrys arachnitiformis Gren. & Philippe var. archipelagi (Gölz & H. R. Reinhard) comb. ined.,Ophrys,arachnitiformis Gren.,,,,2025-09-07 07:07:48.366349,2025-09-07 07:07:48.366351
3189,Ophrys arachnitiformis Gren. & Philippe var. castellana (Devillers-Tersch. & Devillers) comb. ined.,Ophrys,arachnitiformis Gren.,,,,2025-09-07 07:07:48.405534,2025-09-07 07:07:48.405536
3190,Ophrys arachnitiformis Gren. & Philippe var. cephalonica (B. Baumann & H. Baumann) comb. ined.,Ophrys,arachnitiformis Gren.,,,,2025-09-07 07:07:48.444592,2025-09-07 07:07:48.444595
3191,Ophrys arachnitiformis Gren. & Philippe var. cilentana (Devillers-Tersch. & Devillers) comb. ined.,Ophrys,arachnitiformis Gren.,,,,2025-09-07 07:07:48.484346,2025-09-07 07:07:48.484349
3192,Ophrys arachnitiformis Gren. & Philippe var. gallica (van Looken) comb. ined.,Ophrys,arachnitiformis Gren.,,,,2025-09-07 07:07:48.523896,2025-09-07 07:07:48.523898
3193,Ophrys arachnitiformis Gren. & Philippe var. marzuola (Geniez,Ophrys,arachnitiformis Gren.,,,,2025-09-07 07:07:48.563245,2025-09-07 07:07:48.563247
3194,Ophrys arachnitiformis Gren. & Philippe var. mateolana (Medagli,Ophrys,arachnitiformis Gren.,,,,2025-09-07 07:07:48.602233,2025-09-07 07:07:48.602234
3195,Ophrys arachnitiformis Gren. & Philippe var. occidentalis (Scappat.) P. Delforge,Ophrys,arachnitiformis Gren.,,,,2025-09-07 07:07:48.641062,2025-09-07 07:07:48.641064
3196,Ophrys arachnitiformis Gren. & Philippe var. pacis (Benigni,Ophrys,arachnitiformis Gren.,,,,2025-09-07 07:07:48.680381,2025-09-07 07:07:48.680384
3197,Ophrys arachnitiformis Gren. & Philippe var. splendida (Gölz & H. R. Reinhard) comb. ined.,Ophrys,arachnitiformis Gren.,,,,2025-09-07 07:07:48.719674,2025-09-07 07:07:48.719677
3198,Ophrys arachnitiformis Gren. & Philippe var. tyrrhena (Gölz & H. R. Reinhard) comb. ined.,Ophrys,arachnitiformis Gren.,,,,2025-09-07 07:07:48.758715,2025-09-07 07:07:48.758717
3199,Ophrys araneola Rchb.,Ophrys,araneola Rchb.,,,,2025-09-07 07:07:48.797966,2025-09-07 07:07:48.797969
3200,Ophrys araneola Rchb. var. argensonensis (Guérin & Merlet) comb. ined.,Ophrys,araneola Rchb.,,,,2025-09-07 07:07:48.838026,2025-09-07 07:07:48.838028
3201,Ophrys araneola Rchb. var. argentaria (Devillers-Tersch. & Devillers) Hennecke,Ophrys,araneola Rchb.,,,,2025-09-07 07:07:48.876939,2025-09-07 07:07:48.876942
3202,Ophrys araneola Rchb. var. ausonia (Devillers,Ophrys,araneola Rchb.,,,,2025-09-07 07:07:48.916546,2025-09-07 07:07:48.916549
3203,Ophrys araneola Rchb. var. classica (Devillers-Tersch. & Devillers) comb. ined.,Ophrys,araneola Rchb.,,,,2025-09-07 07:07:48.95676,2025-09-07 07:07:48.956763
3204,Ophrys araneola Rchb. var. gravinensis (D'Alonzo) comb. ined.,Ophrys,araneola Rchb.,,,,2025-09-07 07:07:48.995555,2025-09-07 07:07:48.995557
3205,Ophrys araneola Rchb. var. illyrica (S. Hertel & K. Hertel) comb. ined.,Ophrys,araneola Rchb.,,,,2025-09-07 07:07:49.03457,2025-09-07 07:07:49.034572
3206,Ophrys araneola Rchb. var. incantata (Devillers & Devillers-Tersch.) comb. ined.,Ophrys,araneola Rchb.,,,,2025-09-07 07:07:49.073597,2025-09-07 07:07:49.073599
3207,Ophrys araneola Rchb. var. massiliensis (Viglione & Véla) comb. ined.,Ophrys,araneola Rchb.,,,,2025-09-07 07:07:49.112403,2025-09-07 07:07:49.112405
3208,Ophrys araneola Rchb. var. metaurensis (Klaver & Kreutz) comb. ined.,Ophrys,araneola Rchb.,,,,2025-09-07 07:07:49.15138,2025-09-07 07:07:49.151383
3209,Ophrys araneola Rchb. var. minipassionis (Romolini & Soca) comb. ined.,Ophrys,araneola Rchb.,,,,2025-09-07 07:07:49.196549,2025-09-07 07:07:49.196552
3210,Ophrys araneola Rchb. var. riojana (C. E. Hermos.) comb. ined.,Ophrys,araneola Rchb.,,,,2025-09-07 07:07:49.235906,2025-09-07 07:07:49.23591
3211,Ophrys araneola Rchb. var. suboccidentalis (J.-P. Ring,Ophrys,araneola Rchb.,,,,2025-09-07 07:07:49.279773,2025-09-07 07:07:49.279776
3212,Ophrys araneola Rchb. var. virescens (Philippe ex Gren.) Hennecke,Ophrys,araneola Rchb.,,,,2025-09-07 07:07:49.31926,2025-09-07 07:07:49.319263
3213,Ophrys argolica H. Fleischm. ex Vierh.,Ophrys,argolica H.,,,,2025-09-07 07:07:49.35883,2025-09-07 07:07:49.358833
3214,Ophrys atlantica Munby,Ophrys,atlantica Munby,,,,2025-09-07 07:07:49.398305,2025-09-07 07:07:49.398307
3215,Ophrys aveyronensis ssp. aveyronensis (J. J. Wood) H. Baumann & Künkele,Ophrys,aveyronensis ssp.,,,,2025-09-07 07:07:49.437903,2025-09-07 07:07:49.437906
3216,Ophrys aveyronensis ssp. vitorica (Kreutz) Paulus,Ophrys,aveyronensis ssp.,,,,2025-09-07 07:07:49.476834,2025-09-07 07:07:49.476836
3217,Ophrys basilissa C. Alibertis,Ophrys,basilissa C.,,,,2025-09-07 07:07:49.515768,2025-09-07 07:07:49.515771
3218,Ophrys benacensis (Reisigl) O. Danesch,Ophrys,benacensis Reisigl,,,,2025-09-07 07:07:49.554937,2025-09-07 07:07:49.554941
3219,Ophrys bertolonii Moretti,Ophrys,bertolonii Moretti,,,,2025-09-07 07:07:49.594164,2025-09-07 07:07:49.594167
3220,Ophrys bertoloniiformis ssp. bertoloniiformis O. Danesch & E. Danesch,Ophrys,bertoloniiformis ssp.,,,,2025-09-07 07:07:49.633159,2025-09-07 07:07:49.633161
3221,Ophrys bertoloniiformis ssp. explanata (Lojac.) Hennecke & S. Munzinger,Ophrys,bertoloniiformis ssp.,,,,2025-09-07 07:07:49.671831,2025-09-07 07:07:49.671832
3222,Ophrys biancae (Tod.) Macch.,Ophrys,biancae Tod.,,,,2025-09-07 07:07:49.710812,2025-09-07 07:07:49.710814
3223,Ophrys bombyliflora Link,Ophrys,bombyliflora Link,,,,2025-09-07 07:07:49.749831,2025-09-07 07:07:49.749834
3224,Ophrys bombyliflora Link var. albarranii P. P. Ferrer,Ophrys,bombyliflora Link,,,,2025-09-07 07:07:49.788693,2025-09-07 07:07:49.788696
3225,Ophrys bombyliflora Link var. canariensis (G. Kunkel) Hennecke,Ophrys,bombyliflora Link,,,,2025-09-07 07:07:49.827605,2025-09-07 07:07:49.827607
3226,Ophrys bombyliflora Link var. parviflora (Mifsud) Mifsud,Ophrys,bombyliflora Link,,,,2025-09-07 07:07:49.867646,2025-09-07 07:07:49.867649
3227,Ophrys bornmuelleri M. Schultze,Ophrys,bornmuelleri M.,,,,2025-09-07 07:07:49.906863,2025-09-07 07:07:49.906865
3228,Ophrys bornmuelleri M. Schultze var. ampelaki (M. Hirth,Ophrys,bornmuelleri M.,,,,2025-09-07 07:07:49.945969,2025-09-07 07:07:49.945971
3229,Ophrys bornmuelleri M. Schultze var. aramaeorum (P. Delforge) comb. ined.,Ophrys,bornmuelleri M.,,,,2025-09-07 07:07:49.985054,2025-09-07 07:07:49.985057
3230,Ophrys bornmuelleri M. Schultze var. carduchorum (Renz & Taubenheim) comb. ined.,Ophrys,bornmuelleri M.,,,,2025-09-07 07:07:50.024578,2025-09-07 07:07:50.024581
3231,Ophrys bornmuelleri M. Schultze var. chiosica (P. Delforge,Ophrys,bornmuelleri M.,,,,2025-09-07 07:07:50.063646,2025-09-07 07:07:50.063648
3232,Ophrys bornmuelleri M. Schultze var. ethemeae (Kreutz) Hennecke,Ophrys,bornmuelleri M.,,,,2025-09-07 07:07:50.104717,2025-09-07 07:07:50.10472
3233,Ophrys bornmuelleri M. Schultze var. grandiflora (H. Fleischm. & Soó) Hennecke,Ophrys,bornmuelleri M.,,,,2025-09-07 07:07:50.143708,2025-09-07 07:07:50.143709
3234,Ophrys bornmuelleri M. Schultze var. halia (Paulus) Hennecke,Ophrys,bornmuelleri M.,,,,2025-09-07 07:07:50.18255,2025-09-07 07:07:50.182551
3235,Ophrys bornmuelleri M. Schultze var. heterochila (Renz & Taubenheim) Hennecke,Ophrys,bornmuelleri M.,,,,2025-09-07 07:07:50.221742,2025-09-07 07:07:50.221745
3236,Ophrys bornmuelleri M. Schultze var. kerkissoula (M. Hirth & Paulus) comb. ined.,Ophrys,bornmuelleri M.,,,,2025-09-07 07:07:50.26242,2025-09-07 07:07:50.262424
3237,Ophrys bornmuelleri M. Schultze var. mesopotamica (Kreutz & H. Baumgartner bis) Hennecke,Ophrys,bornmuelleri M.,,,,2025-09-07 07:07:50.305752,2025-09-07 07:07:50.305755
3238,Ophrys bornmuelleri M. Schultze var. oreas (Devillers & Devillers-Tersch.) comb. ined.,Ophrys,bornmuelleri M.,,,,2025-09-07 07:07:50.345167,2025-09-07 07:07:50.345171
3239,Ophrys bornmuelleri M. Schultze var. pallidiconi (Faurh.) Hennecke,Ophrys,bornmuelleri M.,,,,2025-09-07 07:07:50.384781,2025-09-07 07:07:50.384784
3240,Ophrys bornmuelleri M. Schultze var. taloniensis (Kreutz) Hennecke,Ophrys,bornmuelleri M.,,,,2025-09-07 07:07:50.424788,2025-09-07 07:07:50.424803
3241,Ophrys bornmuelleri M. Schultze var. toroslaria (Kreutz,Ophrys,bornmuelleri M.,,,,2025-09-07 07:07:50.464861,2025-09-07 07:07:50.464864
3296,Ophrys dyris Maire,Ophrys,dyris Maire,,,,2025-09-07 07:07:52.63792,2025-09-07 07:07:52.637922
3242,Ophrys bornmuelleri M. Schultze var. ziyaretiana (Kreutz & Ruedi Peter) Hennecke,Ophrys,bornmuelleri M.,,,,2025-09-07 07:07:50.504133,2025-09-07 07:07:50.504136
3243,Ophrys candica ssp. candica (E. Nelson ex Soó) H. Baumann & Künkele,Ophrys,candica ssp.,,,,2025-09-07 07:07:50.543069,2025-09-07 07:07:50.54307
3244,Ophrys candica var. cytherea (B. Baumann & H. Baumann) Hennecke,Ophrys,candica,,,,2025-09-07 07:07:50.582486,2025-09-07 07:07:50.582489
3245,Ophrys candica var. lacaena (P. Delforge) Hennecke,Ophrys,candica,,,,2025-09-07 07:07:50.622122,2025-09-07 07:07:50.622126
3246,Ophrys candica var. lyciensis (Paulus,Ophrys,candica,,,,2025-09-07 07:07:50.663047,2025-09-07 07:07:50.66305
3247,Ophrys candica var. minoa (C. Alibertis & A. Alibertis) Paulus,Ophrys,candica,,,,2025-09-07 07:07:50.702063,2025-09-07 07:07:50.702065
3248,Ophrys candica var. vanbruggeniana (J. Essink,Ophrys,candica,,,,2025-09-07 07:07:50.741149,2025-09-07 07:07:50.741151
3249,Ophrys candica ssp. calliantha (Bartolo & Pulv.) Kreutz,Ophrys,candica ssp.,,,,2025-09-07 07:07:50.780001,2025-09-07 07:07:50.780003
3250,Ophrys chestermanii (J. J. Wood) Gölz & H. R. Reinhard,Ophrys,chestermanii J.,,,,2025-09-07 07:07:50.819248,2025-09-07 07:07:50.819251
3251,Ophrys cilicica Schltr.,Ophrys,cilicica Schltr.,,,,2025-09-07 07:07:50.862147,2025-09-07 07:07:50.86215
3252,Ophrys cilicica Schltr. var. kurdistanica (Renz) comb. ined.,Ophrys,cilicica Schltr.,,,,2025-09-07 07:07:50.901013,2025-09-07 07:07:50.901016
3253,Ophrys cornuta Steven ex M. Bieb.,Ophrys,cornuta Steven,,,,2025-09-07 07:07:50.941004,2025-09-07 07:07:50.941008
3254,Ophrys cornuta Steven ex M. Bieb. var. akcakarae (Kreutz) Hennecke,Ophrys,cornuta Steven,,,,2025-09-07 07:07:50.979865,2025-09-07 07:07:50.979867
3255,Ophrys cornuta Steven ex M. Bieb. var. akcaliensis (Perschke) Hennecke,Ophrys,cornuta Steven,,,,2025-09-07 07:07:51.018999,2025-09-07 07:07:51.019003
3256,Ophrys cornuta Steven ex M. Bieb. var. balcanica (Soó) Hennecke,Ophrys,cornuta Steven,,,,2025-09-07 07:07:51.058409,2025-09-07 07:07:51.058412
3257,Ophrys cornuta Steven ex M. Bieb. var. bicornis (Sadl. ex Nendtv.) Hennecke,Ophrys,cornuta Steven,,,,2025-09-07 07:07:51.097472,2025-09-07 07:07:51.097475
3258,Ophrys cornuta Steven ex M. Bieb. var. bremifera (Steven) Hennecke,Ophrys,cornuta Steven,,,,2025-09-07 07:07:51.136325,2025-09-07 07:07:51.136327
3259,Ophrys cornuta Steven ex M. Bieb. var. cephaloniensis (Paulus) Hennecke,Ophrys,cornuta Steven,,,,2025-09-07 07:07:51.175226,2025-09-07 07:07:51.175227
3260,Ophrys cornuta Steven ex M. Bieb. var. ceto (Devillers,Ophrys,cornuta Steven,,,,2025-09-07 07:07:51.213996,2025-09-07 07:07:51.213998
3261,Ophrys cornuta Steven ex M. Bieb. var. cornutula (Paulus) Hennecke,Ophrys,cornuta Steven,,,,2025-09-07 07:07:51.253365,2025-09-07 07:07:51.253368
3262,Ophrys cornuta Steven ex M. Bieb. var. cysusana (Kreuz) comb. ined.,Ophrys,cornuta Steven,,,,2025-09-07 07:07:51.29258,2025-09-07 07:07:51.292584
3263,Ophrys cornuta Steven ex M. Bieb. var. dodekanensis (H. Kretzschmar & Kreutz) Hennecke,Ophrys,cornuta Steven,,,,2025-09-07 07:07:51.338676,2025-09-07 07:07:51.338679
3264,Ophrys cornuta Steven ex M. Bieb. var. elbursana (Kreutz) Hennecke,Ophrys,cornuta Steven,,,,2025-09-07 07:07:51.379183,2025-09-07 07:07:51.379186
3265,Ophrys cornuta Steven ex M. Bieb. var. grandiflora (B. Willing & E. Willing) Hennecke,Ophrys,cornuta Steven,,,,2025-09-07 07:07:51.418588,2025-09-07 07:07:51.41859
3266,Ophrys cornuta Steven ex M. Bieb. var. hippocratis (P. Delforge) Hennecke,Ophrys,cornuta Steven,,,,2025-09-07 07:07:51.458602,2025-09-07 07:07:51.458606
3267,Ophrys cornuta Steven ex M. Bieb. var. hygrophila (Gügel,Ophrys,cornuta Steven,,,,2025-09-07 07:07:51.497825,2025-09-07 07:07:51.497828
3268,Ophrys cornuta Steven ex M. Bieb. var. isaura (Renz & Taubenheim) Hennecke,Ophrys,cornuta Steven,,,,2025-09-07 07:07:51.536956,2025-09-07 07:07:51.536959
3269,Ophrys cornuta Steven ex M. Bieb. var. karadenizensis (M. Schönfelder & H. Schönfelder) Hennecke,Ophrys,cornuta Steven,,,,2025-09-07 07:07:51.576706,2025-09-07 07:07:51.576708
3270,Ophrys cornuta Steven ex M. Bieb. var. kassandra (Presser,Ophrys,cornuta Steven,,,,2025-09-07 07:07:51.615614,2025-09-07 07:07:51.615616
3271,Ophrys cornuta Steven ex M. Bieb. var. kreutzii (W. Hahn,Ophrys,cornuta Steven,,,,2025-09-07 07:07:51.654726,2025-09-07 07:07:51.654729
3272,Ophrys cornuta Steven ex M. Bieb. var. lemnosiana (B. Baumann & H. Baumann) Hennecke,Ophrys,cornuta Steven,,,,2025-09-07 07:07:51.693912,2025-09-07 07:07:51.693915
3273,Ophrys cornuta Steven ex M. Bieb. var. leptomera (P. Delforge) Hennecke,Ophrys,cornuta Steven,,,,2025-09-07 07:07:51.733054,2025-09-07 07:07:51.733056
3274,Ophrys cornuta Steven ex M. Bieb. var. masticorum (P. Delforge & Saliaris) Hennecke,Ophrys,cornuta Steven,,,,2025-09-07 07:07:51.771954,2025-09-07 07:07:51.771956
3275,Ophrys cornuta Steven ex M. Bieb. var. mattinatae (Medagli,Ophrys,cornuta Steven,,,,2025-09-07 07:07:51.810993,2025-09-07 07:07:51.810995
3276,Ophrys cornuta Steven ex M. Bieb. var. minuscula (G. Thiele & W. Thiele) Hennecke,Ophrys,cornuta Steven,,,,2025-09-07 07:07:51.850408,2025-09-07 07:07:51.850411
3277,Ophrys cornuta Steven ex M. Bieb. var. minutiflora (J. Essink,Ophrys,cornuta Steven,,,,2025-09-07 07:07:51.889667,2025-09-07 07:07:51.88967
3278,Ophrys cornuta Steven ex M. Bieb. var. minutula (Gölz & H. R. Reinhard) Hennecke,Ophrys,cornuta Steven,,,,2025-09-07 07:07:51.929469,2025-09-07 07:07:51.929471
3279,Ophrys cornuta Steven ex M. Bieb. var. montis-gargani (Van de Vijver & W. Van Looken) comb. ined.,Ophrys,cornuta Steven,,,,2025-09-07 07:07:51.968345,2025-09-07 07:07:51.968347
3280,Ophrys cornuta Steven ex M. Bieb. var. mycenensis (S. Hertel & Paulus) comb. ined.,Ophrys,cornuta Steven,,,,2025-09-07 07:07:52.007475,2025-09-07 07:07:52.007478
3281,Ophrys cornuta Steven ex M. Bieb. var. nestoris (A. Alibertis & Brütsch) Hennecke,Ophrys,cornuta Steven,,,,2025-09-07 07:07:52.046734,2025-09-07 07:07:52.046736
3282,Ophrys cornuta Steven ex M. Bieb. var. orientalis (Renz) Hennecke,Ophrys,cornuta Steven,,,,2025-09-07 07:07:52.085596,2025-09-07 07:07:52.085599
3283,Ophrys cornuta Steven ex M. Bieb. var. orphanidea (Saliaris & P. Delforge) Hennecke,Ophrys,cornuta Steven,,,,2025-09-07 07:07:52.12502,2025-09-07 07:07:52.125023
3284,Ophrys cornuta Steven ex M. Bieb. var. phrygia (H. Fleischm. & Bornm.) Hennecke,Ophrys,cornuta Steven,,,,2025-09-07 07:07:52.163746,2025-09-07 07:07:52.163748
3285,Ophrys cornuta Steven ex M. Bieb. var. rhodostephane (Devillers & Devillers-Tersch.) Hennecke,Ophrys,cornuta Steven,,,,2025-09-07 07:07:52.203706,2025-09-07 07:07:52.203708
3286,Ophrys cornuta Steven ex M. Bieb. var. sappho (Devillers-Tersch.,Ophrys,cornuta Steven,,,,2025-09-07 07:07:52.242479,2025-09-07 07:07:52.242481
3287,Ophrys cornuta Steven ex M. Bieb. var. stavri (Kalog.,Ophrys,cornuta Steven,,,,2025-09-07 07:07:52.281419,2025-09-07 07:07:52.281422
3288,Ophrys cornuta Steven ex M. Bieb. var. ulupinara (W. Hahn,Ophrys,cornuta Steven,,,,2025-09-07 07:07:52.32065,2025-09-07 07:07:52.320653
3289,Ophrys crabronifera Sebast. & Mauri,Ophrys,crabronifera Sebast.,,,,2025-09-07 07:07:52.360804,2025-09-07 07:07:52.360807
3290,Ophrys crabronifera Sebast. & Mauri var. biscutella (O. Danesch & E. Danesch) comb. ined.,Ophrys,crabronifera Sebast.,,,,2025-09-07 07:07:52.400167,2025-09-07 07:07:52.40017
3291,Ophrys crabronifera Sebast. & Mauri var. pollinensis (O. Danesch & E. Danesch) Hennecke,Ophrys,crabronifera Sebast.,,,,2025-09-07 07:07:52.439494,2025-09-07 07:07:52.439496
3292,Ophrys crabronifera Sebast. & Mauri var. venerabilis (Kreutz & Tenschert) comb. ined.,Ophrys,crabronifera Sebast.,,,,2025-09-07 07:07:52.478434,2025-09-07 07:07:52.478436
3293,Ophrys crabronifera Sebast. & Mauri var. virescens (Sommier) Hennecke,Ophrys,crabronifera Sebast.,,,,2025-09-07 07:07:52.517443,2025-09-07 07:07:52.517446
3294,Ophrys cretica (Vierh.) E. Nelson,Ophrys,cretica Vierh.,,,,2025-09-07 07:07:52.556595,2025-09-07 07:07:52.556598
3295,Ophrys cretica (Vierh.) E. Nelson var. ariadnae (Paulus) Hennecke,Ophrys,cretica Vierh.,,,,2025-09-07 07:07:52.595892,2025-09-07 07:07:52.595896
3297,Ophrys dyris Maire var. algarvensis (D. Tyteca,Ophrys,dyris Maire,,,,2025-09-07 07:07:52.677001,2025-09-07 07:07:52.677003
3298,Ophrys dyris Maire var. arxdominensis Robles,Ophrys,dyris Maire,,,,2025-09-07 07:07:52.716036,2025-09-07 07:07:52.716039
3299,Ophrys dyris Maire var. fontinalis (F. M. Vázquez) Hennecke,Ophrys,dyris Maire,,,,2025-09-07 07:07:52.755154,2025-09-07 07:07:52.755156
3300,Ophrys dyris Maire var. lenae (Lowe & D. Tyteca) Hennecke,Ophrys,dyris Maire,,,,2025-09-07 07:07:52.793766,2025-09-07 07:07:52.793768
3301,Ophrys dyris Maire var. maculata (F. M. Vázquez) Hennecke,Ophrys,dyris Maire,,,,2025-09-07 07:07:52.832807,2025-09-07 07:07:52.83281
3302,Ophrys dyris Maire var. majoricensis (Paulus,Ophrys,dyris Maire,,,,2025-09-07 07:07:52.871966,2025-09-07 07:07:52.87197
3303,Ophrys elegans (Renz) H. Baumann & Künkele,Ophrys,elegans Renz,,,,2025-09-07 07:07:52.910998,2025-09-07 07:07:52.910999
3304,Ophrys eleonorae ssp. eleonorae Devillers-Tersch. & Devillers,Ophrys,eleonorae ssp.,,,,2025-09-07 07:07:52.949818,2025-09-07 07:07:52.949819
3305,Ophrys eleonorae var. hospitalis (P. Delforge) Hennecke,Ophrys,eleonorae,,,,2025-09-07 07:07:52.989028,2025-09-07 07:07:52.98903
3306,Ophrys eleonorae var. lojaconoi (P. Delforge) Hennecke,Ophrys,eleonorae,,,,2025-09-07 07:07:53.028426,2025-09-07 07:07:53.028429
3307,Ophrys eleonorae var. tiaretiana (Kreutz,Ophrys,eleonorae,,,,2025-09-07 07:07:53.067939,2025-09-07 07:07:53.067942
3308,Ophrys eleonorae var. vallesiana (Devillers & Devillers-Tersch.) comb. ined.,Ophrys,eleonorae,,,,2025-09-07 07:07:53.106965,2025-09-07 07:07:53.106967
3309,Ophrys eleonorae ssp. limensis (F. M. Vázquez) Hennecke,Ophrys,eleonorae ssp.,,,,2025-09-07 07:07:53.14645,2025-09-07 07:07:53.146453
3310,Ophrys episcopalis Poir.,Ophrys,episcopalis Poir.,,,,2025-09-07 07:07:53.186013,2025-09-07 07:07:53.186015
3311,Ophrys episcopalis Poir. var. cerigona (B. Baumann & H. Baumann) Hennecke,Ophrys,episcopalis Poir.,,,,2025-09-07 07:07:53.224993,2025-09-07 07:07:53.224995
3312,Ophrys episcopalis Poir. var. colossaea (P. Delforge) comb. ined.,Ophrys,episcopalis Poir.,,,,2025-09-07 07:07:53.264061,2025-09-07 07:07:53.264063
3313,Ophrys episcopalis Poir. var. cyrenaica (Kreutz) Hennecke,Ophrys,episcopalis Poir.,,,,2025-09-07 07:07:53.303033,2025-09-07 07:07:53.303036
3314,Ophrys episcopalis Poir. var. helios (Kreutz) Hennecke,Ophrys,episcopalis Poir.,,,,2025-09-07 07:07:53.342014,2025-09-07 07:07:53.342017
3315,Ophrys episcopalis Poir. var. libanotica (H. Baumann & R. Lorenz) Hennecke,Ophrys,episcopalis Poir.,,,,2025-09-07 07:07:53.38128,2025-09-07 07:07:53.381283
3316,Ophrys episcopalis Poir. var. luminosa (Kreutz,Ophrys,episcopalis Poir.,,,,2025-09-07 07:07:53.42445,2025-09-07 07:07:53.424454
3317,Ophrys episcopalis Poir. var. malvasiana (S. Hertel & Weyland) comb. ined.,Ophrys,episcopalis Poir.,,,,2025-09-07 07:07:53.463819,2025-09-07 07:07:53.463822
3318,Ophrys episcopalis Poir. var. oblita (Kreutz,Ophrys,episcopalis Poir.,,,,2025-09-07 07:07:53.50342,2025-09-07 07:07:53.503423
3319,Ophrys episcopalis Poir. var. saliarisii (Paulus & Hirth) Hennecke,Ophrys,episcopalis Poir.,,,,2025-09-07 07:07:53.542223,2025-09-07 07:07:53.542225
3320,Ophrys episcopalis Poir. var. samia P. Delforge,Ophrys,episcopalis Poir.,,,,2025-09-07 07:07:53.581336,2025-09-07 07:07:53.581339
3321,Ophrys exaltata Ten.,Ophrys,exaltata Ten.,,,,2025-09-07 07:07:53.620996,2025-09-07 07:07:53.621
3322,Ophrys exaltata Ten. var. panormitana (Tod.) comb. ined.,Ophrys,exaltata Ten.,,,,2025-09-07 07:07:53.660327,2025-09-07 07:07:53.66033
3323,Ophrys exaltata Ten. var. praecox (Corrias) Hennecke,Ophrys,exaltata Ten.,,,,2025-09-07 07:07:53.699394,2025-09-07 07:07:53.699396
3324,Ophrys exaltata Ten. var. tarquinia (P. Delforge) comb. ined.,Ophrys,exaltata Ten.,,,,2025-09-07 07:07:53.73839,2025-09-07 07:07:53.738392
3325,Ophrys ferrum-equinum Desf.,Ophrys,ferrum-equinum Desf.,,,,2025-09-07 07:07:53.777341,2025-09-07 07:07:53.777343
3326,Ophrys ferrum-equinum Desf. var. anafiensis Biel,Ophrys,ferrum-equinum Desf.,,,,2025-09-07 07:07:53.816709,2025-09-07 07:07:53.816712
3327,Ophrys ferrum-equinum Desf. var. gottfriediana (Renz) Biel,Ophrys,ferrum-equinum Desf.,,,,2025-09-07 07:07:53.855538,2025-09-07 07:07:53.855541
3328,Ophrys ferrum-equinum Desf. var. labiosa (Kreutz) Hennecke,Ophrys,ferrum-equinum Desf.,,,,2025-09-07 07:07:53.894478,2025-09-07 07:07:53.89448
3329,Ophrys ferrum-equinum Desf. var. mavromata (A. Alibertis & Triantafyll.) Hennecke,Ophrys,ferrum-equinum Desf.,,,,2025-09-07 07:07:53.933736,2025-09-07 07:07:53.933739
3330,Ophrys ferrum-equinum Desf. var. minor Biel,Ophrys,ferrum-equinum Desf.,,,,2025-09-07 07:07:53.972847,2025-09-07 07:07:53.97285
3331,Ophrys ferrum-equinum Desf. var. parnassica (Vierh.) Kreutz,Ophrys,ferrum-equinum Desf.,,,,2025-09-07 07:07:54.011587,2025-09-07 07:07:54.011589
3332,Ophrys ferrum-equinum Desf. var. pseudogottfriediana Paulus,Ophrys,ferrum-equinum Desf.,,,,2025-09-07 07:07:54.053419,2025-09-07 07:07:54.053423
3333,Ophrys fleischmannii Hayek,Ophrys,fleischmannii Hayek,,,,2025-09-07 07:07:54.093877,2025-09-07 07:07:54.093881
3334,Ophrys funerea Viv.,Ophrys,funerea Viv.,,,,2025-09-07 07:07:54.134456,2025-09-07 07:07:54.13446
3335,Ophrys fusca Link,Ophrys,fusca Link,,,,2025-09-07 07:07:54.174483,2025-09-07 07:07:54.174487
3336,Ophrys fusca Link var. akhdarensis (B. Baumann & H. Baumann) comb. ined.,Ophrys,fusca Link,,,,2025-09-07 07:07:54.219319,2025-09-07 07:07:54.219323
3337,Ophrys fusca Link var. arnoldii (P. Delforge) comb. ined.,Ophrys,fusca Link,,,,2025-09-07 07:07:54.258639,2025-09-07 07:07:54.258641
3338,Ophrys fusca Link var. attaviria (D. Rückbr.,Ophrys,fusca Link,,,,2025-09-07 07:07:54.302335,2025-09-07 07:07:54.302339
3339,Ophrys fusca Link var. bilunulata (Risso) comb. ined.,Ophrys,fusca Link,,,,2025-09-07 07:07:54.34139,2025-09-07 07:07:54.341393
3340,Ophrys fusca Link var. blitopertha (Paulus & Gack) comb. ined.,Ophrys,fusca Link,,,,2025-09-07 07:07:54.380836,2025-09-07 07:07:54.380839
3341,Ophrys fusca Link var. calocaerina (Devillers-Tersch. & Devillers) comb. ined.,Ophrys,fusca Link,,,,2025-09-07 07:07:54.421245,2025-09-07 07:07:54.421248
3342,Ophrys fusca Link var. cesmeensis (Kreutz) Deniz,Ophrys,fusca Link,,,,2025-09-07 07:07:54.460624,2025-09-07 07:07:54.460627
3343,Ophrys fusca Link var. cinereophila (Paulus & Gack) comb. ined.,Ophrys,fusca Link,,,,2025-09-07 07:07:54.501895,2025-09-07 07:07:54.501899
3344,Ophrys fusca Link var. creberrima (Paulus) comb. ined.,Ophrys,fusca Link,,,,2025-09-07 07:07:54.544979,2025-09-07 07:07:54.544982
3345,Ophrys fusca Link var. cressa (Paulus) comb. ined.,Ophrys,fusca Link,,,,2025-09-07 07:07:54.584098,2025-09-07 07:07:54.584102
3346,Ophrys fusca Link var. creticola (Paulus) comb. ined.,Ophrys,fusca Link,,,,2025-09-07 07:07:54.623459,2025-09-07 07:07:54.623462
3347,Ophrys fusca Link var. delforgei (Devillers-Tersch. & Devillers) comb. ined.,Ophrys,fusca Link,,,,2025-09-07 07:07:54.662943,2025-09-07 07:07:54.662947
3348,Ophrys fusca Link var. distincta F. M. Vázquez,Ophrys,fusca Link,,,,2025-09-07 07:07:54.703837,2025-09-07 07:07:54.70384
3349,Ophrys fusca Link var. eivissa (Riech. & H. Kohlmüller) comb. ined.,Ophrys,fusca Link,,,,2025-09-07 07:07:54.743196,2025-09-07 07:07:54.743198
3350,Ophrys fusca Link var. eptapigiensis (Paulus) comb. ined.,Ophrys,fusca Link,,,,2025-09-07 07:07:54.782167,2025-09-07 07:07:54.782171
3351,Ophrys fusca Link var. fabrella (Paulus & Ayasse ex P. Delforge) comb. ined.,Ophrys,fusca Link,,,,2025-09-07 07:07:54.821428,2025-09-07 07:07:54.821431
3352,Ophrys fusca Link var. forestieri (Rchb.f.) comb. ined.,Ophrys,fusca Link,,,,2025-09-07 07:07:54.862353,2025-09-07 07:07:54.862356
3353,Ophrys fusca Link var. hespera (Devillers-Tersch. & Devillers) comb. ined.,Ophrys,fusca Link,,,,2025-09-07 07:07:54.901305,2025-09-07 07:07:54.901308
3354,Ophrys fusca Link var. japigiae (Turco,Ophrys,fusca Link,,,,2025-09-07 07:07:54.940511,2025-09-07 07:07:54.940514
3355,Ophrys fusca Link var. kalirachiensis (Paulus,Ophrys,fusca Link,,,,2025-09-07 07:07:54.979759,2025-09-07 07:07:54.979762
3356,Ophrys fusca Link var. leucadica (Renz) comb. ined.,Ophrys,fusca Link,,,,2025-09-07 07:07:55.020989,2025-09-07 07:07:55.020992
3357,Ophrys fusca Link var. lindia (Paulus) Deniz,Ophrys,fusca Link,,,,2025-09-07 07:07:55.062135,2025-09-07 07:07:55.062138
3358,Ophrys fusca Link var. lucana (P. Delforge,Ophrys,fusca Link,,,,2025-09-07 07:07:55.101888,2025-09-07 07:07:55.101891
3359,Ophrys fusca Link var. lucentina (P. Delforge) comb. ined.,Ophrys,fusca Link,,,,2025-09-07 07:07:55.144635,2025-09-07 07:07:55.144639
3360,Ophrys fusca Link var. lucifera (Devillers-Tersch. & Devillers) comb. ined.,Ophrys,fusca Link,,,,2025-09-07 07:07:55.18363,2025-09-07 07:07:55.183632
3361,Ophrys fusca Link var. lutescens F. M. Vázquez,Ophrys,fusca Link,,,,2025-09-07 07:07:55.222711,2025-09-07 07:07:55.222714
3362,Ophrys fusca Link var. maghrebiaca (Kreutz,Ophrys,fusca Link,,,,2025-09-07 07:07:55.268557,2025-09-07 07:07:55.268561
3363,Ophrys fusca Link var. malacitana (M. R. Lowe,Ophrys,fusca Link,,,,2025-09-07 07:07:55.308165,2025-09-07 07:07:55.308169
3364,Ophrys fusca Link var. marmorata (G. Foelsche & W. Foelsche) comb. ined.,Ophrys,fusca Link,,,,2025-09-07 07:07:55.34712,2025-09-07 07:07:55.347123
3365,Ophrys fusca Link var. migoutiana (M. Gay) comb. ined.,Ophrys,fusca Link,,,,2025-09-07 07:07:55.386221,2025-09-07 07:07:55.38623
3366,Ophrys fusca Link var. minima (Balayer) comb. ined.,Ophrys,fusca Link,,,,2025-09-07 07:07:55.425186,2025-09-07 07:07:55.425188
3367,Ophrys fusca Link var. obaesa (Lojac.) comb. ined.,Ophrys,fusca Link,,,,2025-09-07 07:07:55.46388,2025-09-07 07:07:55.463883
3368,Ophrys fusca Link var. ortuabis (M. P. Grasso & Manca) comb. ined.,Ophrys,fusca Link,,,,2025-09-07 07:07:55.502965,2025-09-07 07:07:55.502967
3369,Ophrys fusca Link var. parvula (Paulus) comb. ined.,Ophrys,fusca Link,,,,2025-09-07 07:07:55.542392,2025-09-07 07:07:55.542396
3370,Ophrys fusca Link var. pelinaea (P. Delforge) comb. ined.,Ophrys,fusca Link,,,,2025-09-07 07:07:55.581781,2025-09-07 07:07:55.581784
3371,Ophrys fusca Link var. peraiolae (G. Foelsche,Ophrys,fusca Link,,,,2025-09-07 07:07:55.620941,2025-09-07 07:07:55.620944
3372,Ophrys fusca Link var. perpusilla (Devillers-Tersch. & Devillers) comb. ined.,Ophrys,fusca Link,,,,2025-09-07 07:07:55.659989,2025-09-07 07:07:55.659991
3373,Ophrys fusca Link var. persephonae (Paulus) comb. ined.,Ophrys,fusca Link,,,,2025-09-07 07:07:55.69941,2025-09-07 07:07:55.699414
3374,Ophrys fusca Link var. phaseliana (D. Rückbr. & U. Rückbr.) comb. ined.,Ophrys,fusca Link,,,,2025-09-07 07:07:55.738848,2025-09-07 07:07:55.738851
3375,Ophrys fusca Link var. pintoi (Lowe & D. Tyteca) comb. ined.,Ophrys,fusca Link,,,,2025-09-07 07:07:55.77789,2025-09-07 07:07:55.777893
3376,Ophrys fusca Link var. pseudomigoutiana (R. Martin,Ophrys,fusca Link,,,,2025-09-07 07:07:55.816979,2025-09-07 07:07:55.816981
3377,Ophrys fusca Link var. punctulata (Renz) comb. ined.,Ophrys,fusca Link,,,,2025-09-07 07:07:55.856385,2025-09-07 07:07:55.856387
3378,Ophrys fusca Link var. rubescens Balayer,Ophrys,fusca Link,,,,2025-09-07 07:07:55.897816,2025-09-07 07:07:55.89782
3379,Ophrys fusca Link var. sabulosa (Paulus & Gack ex P. Delforge) comb. ined.,Ophrys,fusca Link,,,,2025-09-07 07:07:55.937571,2025-09-07 07:07:55.937575
3380,Ophrys fusca Link var. sancti-isidorii (A. Saliaris,Ophrys,fusca Link,,,,2025-09-07 07:07:55.976493,2025-09-07 07:07:55.976495
3381,Ophrys fusca Link var. thracica (Kreutz) comb. ined.,Ophrys,fusca Link,,,,2025-09-07 07:07:56.015553,2025-09-07 07:07:56.015555
3382,Ophrys fusca Link var. thriptiensis (Paulus) comb. ined.,Ophrys,fusca Link,,,,2025-09-07 07:07:56.054724,2025-09-07 07:07:56.054727
3383,Ophrys fusca Link var. vasconica (O. Danesch & E. Danesch) comb. ined.,Ophrys,fusca Link,,,,2025-09-07 07:07:56.093719,2025-09-07 07:07:56.093721
3384,Ophrys graeca (B. Baumann & H. Baumann) S. Hertel & H. Weyland,Ophrys,graeca B.,,,,2025-09-07 07:07:56.132815,2025-09-07 07:07:56.132817
3385,Ophrys heldreichii Schltr.,Ophrys,heldreichii Schltr.,,,,2025-09-07 07:07:56.171789,2025-09-07 07:07:56.171792
3386,Ophrys heldreichii Schltr. var. pharia (Devillers & Devillers-Tersch.) Hennecke,Ophrys,heldreichii Schltr.,,,,2025-09-07 07:07:56.210739,2025-09-07 07:07:56.210744
3387,Ophrys heldreichii Schltr. var. polyxo (J. Mast,Ophrys,heldreichii Schltr.,,,,2025-09-07 07:07:56.249838,2025-09-07 07:07:56.249839
3388,Ophrys heldreichii Schltr. var. pseudoapulica P. Delforge,Ophrys,heldreichii Schltr.,,,,2025-09-07 07:07:56.289235,2025-09-07 07:07:56.289238
3389,Ophrys heldreichii Schltr. var. pusilla (B. Baumann & H. Baumann) Hennecke,Ophrys,heldreichii Schltr.,,,,2025-09-07 07:07:56.328441,2025-09-07 07:07:56.328444
3390,Ophrys helenae Renz,Ophrys,helenae Renz,,,,2025-09-07 07:07:56.367741,2025-09-07 07:07:56.367743
3391,Ophrys holosericea (Burm.f.) Greuter,Ophrys,holosericea Burm.f.,,,,2025-09-07 07:07:56.407276,2025-09-07 07:07:56.407277
3392,Ophrys holosericea (Burm.f.) Greuter var. aegirtica (P. Delforge) comb. ined.,Ophrys,holosericea Burm.f.,,,,2025-09-07 07:07:56.446136,2025-09-07 07:07:56.446138
3393,Ophrys holosericea (Burm.f.) Greuter var. aestuariensis (J.-P. Ring,Ophrys,holosericea Burm.f.,,,,2025-09-07 07:07:56.493465,2025-09-07 07:07:56.493467
3394,Ophrys holosericea (Burm.f.) Greuter var. apennina (Romolini & Soca) comb. ined.,Ophrys,holosericea Burm.f.,,,,2025-09-07 07:07:56.532353,2025-09-07 07:07:56.532355
3395,Ophrys holosericea (Burm.f.) Greuter var. brachyotus (Rchb.) comb. ined.,Ophrys,holosericea Burm.f.,,,,2025-09-07 07:07:56.57137,2025-09-07 07:07:56.571373
3396,Ophrys holosericea (Burm.f.) Greuter var. cinnabarina (Romolini & Soca) comb. ined.,Ophrys,holosericea Burm.f.,,,,2025-09-07 07:07:56.613795,2025-09-07 07:07:56.613798
3397,Ophrys holosericea (Burm.f.) Greuter var. delfuocoi (D'Alonzo & Perilli) comb. ined.,Ophrys,holosericea Burm.f.,,,,2025-09-07 07:07:56.654625,2025-09-07 07:07:56.654628
3398,Ophrys holosericea (Burm.f.) Greuter var. dinarica (Kranjcev & P. Delforge) comb. ined.,Ophrys,holosericea Burm.f.,,,,2025-09-07 07:07:56.694669,2025-09-07 07:07:56.694673
3399,Ophrys holosericea (Burm.f.) Greuter var. druentica (P. Delforge & Viglione) comb. ined.,Ophrys,holosericea Burm.f.,,,,2025-09-07 07:07:56.73867,2025-09-07 07:07:56.738674
3400,Ophrys holosericea (Burm.f.) Greuter var. gracilis (Büel,Ophrys,holosericea Burm.f.,,,,2025-09-07 07:07:56.778365,2025-09-07 07:07:56.778368
3401,Ophrys holosericea (Burm.f.) Greuter var. linearis (Moggr.) comb. ined.,Ophrys,holosericea Burm.f.,,,,2025-09-07 07:07:56.818969,2025-09-07 07:07:56.818973
3402,Ophrys holosericea (Burm.f.) Greuter var. montiliensis (Aubenas & Scappat.) comb. ined.,Ophrys,holosericea Burm.f.,,,,2025-09-07 07:07:56.858147,2025-09-07 07:07:56.85815
3403,Ophrys holosericea (Burm.f.) Greuter var. montis-aviarii (O. Hirschy & L. Bennery) comb. ined.,Ophrys,holosericea Burm.f.,,,,2025-09-07 07:07:56.897016,2025-09-07 07:07:56.897019
3404,Ophrys holosericea (Burm.f.) Greuter var. paolina (Liverani & Romolini) comb. ined.,Ophrys,holosericea Burm.f.,,,,2025-09-07 07:07:56.939917,2025-09-07 07:07:56.93992
3405,Ophrys holosericea (Burm.f.) Greuter var. personata (P. Delforge) comb. ined.,Ophrys,holosericea Burm.f.,,,,2025-09-07 07:07:56.979073,2025-09-07 07:07:56.979076
3406,Ophrys holosericea (Burm.f.) Greuter var. pinguis (Romolini & Soca) comb. ined.,Ophrys,holosericea Burm.f.,,,,2025-09-07 07:07:57.019947,2025-09-07 07:07:57.01995
3407,Ophrys holosericea (Burm.f.) Greuter var. shoufensis (Addam & Bou-Hamdan) comb. ined.,Ophrys,holosericea Burm.f.,,,,2025-09-07 07:07:57.058941,2025-09-07 07:07:57.058944
3408,Ophrys icariensis M. Hirth & H. Spaeth,Ophrys,icariensis M.,,,,2025-09-07 07:07:57.09816,2025-09-07 07:07:57.098163
3409,Ophrys incubacea Bianca ex Tod.,Ophrys,incubacea Bianca,,,,2025-09-07 07:07:57.137435,2025-09-07 07:07:57.137438
3410,Ophrys incubacea Bianca ex Tod. var. brutia (P. Delforge) Hennecke,Ophrys,incubacea Bianca,,,,2025-09-07 07:07:57.176388,2025-09-07 07:07:57.17639
3411,Ophrys incubacea Bianca ex Tod. var. dianensis Perazza & Doro,Ophrys,incubacea Bianca,,,,2025-09-07 07:07:57.215142,2025-09-07 07:07:57.215145
3412,Ophrys incubacea Bianca ex Tod. var. fucifera (Rchb.f.) Hennecke,Ophrys,incubacea Bianca,,,,2025-09-07 07:07:57.254491,2025-09-07 07:07:57.254494
3413,Ophrys incubacea Bianca ex Tod. var. pacensis (F. M. Vázquez) Hennecke,Ophrys,incubacea Bianca,,,,2025-09-07 07:07:57.293638,2025-09-07 07:07:57.293642
3414,Ophrys incubacea Bianca ex Tod. var. rubriflora (Rivas Goday) F. M. Vázquez,Ophrys,incubacea Bianca,,,,2025-09-07 07:07:57.33285,2025-09-07 07:07:57.332853
3415,Ophrys incubacea Bianca ex Tod. var. septentrionalis Perazza & R. Lorenz,Ophrys,incubacea Bianca,,,,2025-09-07 07:07:57.372426,2025-09-07 07:07:57.372429
3416,Ophrys insectifera L.,Ophrys,insectifera L.,,,,2025-09-07 07:07:57.411571,2025-09-07 07:07:57.411574
3417,Ophrys insectifera L. var. aymoninii (Breistr.) Hennecke,Ophrys,insectifera L.,,,,2025-09-07 07:07:57.450631,2025-09-07 07:07:57.450633
3418,Ophrys insectifera L. var. subinsectifera (C. E. Hermos. & Sabando) comb. ined.,Ophrys,insectifera L.,,,,2025-09-07 07:07:57.489616,2025-09-07 07:07:57.489619
3419,Ophrys iricolor Desf.,Ophrys,iricolor Desf.,,,,2025-09-07 07:07:57.528952,2025-09-07 07:07:57.528954
3420,Ophrys iricolor Desf. var. astypalaeica (P. Delforge) Hennecke,Ophrys,iricolor Desf.,,,,2025-09-07 07:07:57.568269,2025-09-07 07:07:57.568272
3421,Ophrys iricolor Desf. var. mesaritica (Paulus,Ophrys,iricolor Desf.,,,,2025-09-07 07:07:57.607235,2025-09-07 07:07:57.607237
3422,Ophrys israelitica H. Baumann & Künkele,Ophrys,israelitica H.,,,,2025-09-07 07:07:57.646402,2025-09-07 07:07:57.646405
3423,Ophrys israelitica H. Baumann & Künkele var. gharifensis (Addam & Bou-Hamdam) Hennecke,Ophrys,israelitica H.,,,,2025-09-07 07:07:57.685561,2025-09-07 07:07:57.685564
3424,Ophrys kotschyi H. Fleischm. & Soó,Ophrys,kotschyi H.,,,,2025-09-07 07:07:57.725876,2025-09-07 07:07:57.72588
3425,Ophrys lacaitae Lojac.,Ophrys,lacaitae Lojac.,,,,2025-09-07 07:07:57.765067,2025-09-07 07:07:57.76507
3426,Ophrys lesbis Gölz & H. R. Reinhard,Ophrys,lesbis Gölz,,,,2025-09-07 07:07:57.804357,2025-09-07 07:07:57.80436
3427,Ophrys lesbis Gölz & H. R. Reinhard var. mandalyana (B. Baumann & H. Baumann) P. Delforge,Ophrys,lesbis Gölz,,,,2025-09-07 07:07:57.843456,2025-09-07 07:07:57.84346
3428,Ophrys lucis (Kalteisen & H. R. Reinhard) Paulus & Gack,Ophrys,lucis Kalteisen,,,,2025-09-07 07:07:57.882852,2025-09-07 07:07:57.882855
3429,Ophrys lucis (Kalteisen & H. R. Reinhard) Paulus & Gack var. atargatis (Kreutz) Hennecke,Ophrys,lucis Kalteisen,,,,2025-09-07 07:07:57.921956,2025-09-07 07:07:57.921959
3430,Ophrys lunulata Parl.,Ophrys,lunulata Parl.,,,,2025-09-07 07:07:57.961072,2025-09-07 07:07:57.961074
3431,Ophrys lutea (Gouan) Cav.,Ophrys,lutea Gouan,,,,2025-09-07 07:07:58.000039,2025-09-07 07:07:58.000042
3432,Ophrys lutea (Gouan) Cav. var. speculissima F. M. Vázquez,Ophrys,lutea Gouan,,,,2025-09-07 07:07:58.039069,2025-09-07 07:07:58.039072
3433,Ophrys mammosa ssp. mammosa Desf.,Ophrys,mammosa ssp.,,,,2025-09-07 07:07:58.080033,2025-09-07 07:07:58.080037
3434,Ophrys mammosa var. aegilica (Engelen) comb. ined.,Ophrys,mammosa,,,,2025-09-07 07:07:58.119064,2025-09-07 07:07:58.119067
3435,Ophrys mammosa var. catalcana (Kreutz) comb. ined.,Ophrys,mammosa,,,,2025-09-07 07:07:58.158197,2025-09-07 07:07:58.158201
3436,Ophrys mammosa var. ciliciana (Kreutz) comb. ined.,Ophrys,mammosa,,,,2025-09-07 07:07:58.197124,2025-09-07 07:07:58.197127
3437,Ophrys mammosa var. cretensis (H. Baumann & Künkele) Hennecke,Ophrys,mammosa,,,,2025-09-07 07:07:58.236186,2025-09-07 07:07:58.236188
3438,Ophrys mammosa var. doerfleri (H. Fleischm.) comb. ined.,Ophrys,mammosa,,,,2025-09-07 07:07:58.274998,2025-09-07 07:07:58.275
3439,Ophrys mammosa var. eretriae (M. Hirth & Paulus) comb. ined.,Ophrys,mammosa,,,,2025-09-07 07:07:58.314229,2025-09-07 07:07:58.314232
3440,Ophrys mammosa var. gortynia (H. Baumann & Künkele) comb. ined.,Ophrys,mammosa,,,,2025-09-07 07:07:58.353626,2025-09-07 07:07:58.35363
3441,Ophrys mammosa var. grammica (B. Willing & E. Willing) comb. ined.,Ophrys,mammosa,,,,2025-09-07 07:07:58.392963,2025-09-07 07:07:58.392966
3442,Ophrys mammosa var. hansreinhardii (M. Hirth) comb. ined.,Ophrys,mammosa,,,,2025-09-07 07:07:58.43226,2025-09-07 07:07:58.432263
3443,Ophrys mammosa var. hebes (Kalop.) comb. ined.,Ophrys,mammosa,,,,2025-09-07 07:07:58.471353,2025-09-07 07:07:58.471355
3444,Ophrys mammosa var. herae (M. Hirth & H. Spaeth) comb. ined.,Ophrys,mammosa,,,,2025-09-07 07:07:58.51012,2025-09-07 07:07:58.510122
3445,Ophrys mammosa var. hittitica (Kreutz & Ruedi Peter) comb. ined.,Ophrys,mammosa,,,,2025-09-07 07:07:58.764526,2025-09-07 07:07:58.764529
3446,Ophrys mammosa var. janrenzii (M. Hirth) comb. ined.,Ophrys,mammosa,,,,2025-09-07 07:07:58.804257,2025-09-07 07:07:58.80426
3447,Ophrys mammosa var. leucophthalma (Devillers-Tersch. & Devillers) comb. ined.,Ophrys,mammosa,,,,2025-09-07 07:07:58.843465,2025-09-07 07:07:58.843467
3448,Ophrys mammosa var. monolithia (Kreutz) comb. ined.,Ophrys,mammosa,,,,2025-09-07 07:07:58.883412,2025-09-07 07:07:58.883416
3449,Ophrys mammosa var. montenegrina (H. Baumann & Künkele) comb. ined.,Ophrys,mammosa,,,,2025-09-07 07:07:58.923471,2025-09-07 07:07:58.923474
3450,Ophrys mammosa var. negadensis (G. Thiele & W. Thiele) comb. ined.,Ophrys,mammosa,,,,2025-09-07 07:07:58.96357,2025-09-07 07:07:58.963572
3451,Ophrys mammosa var. osmaniaca (Kreutz) comb. ined.,Ophrys,mammosa,,,,2025-09-07 07:07:59.002455,2025-09-07 07:07:59.002458
3452,Ophrys mammosa var. paphlagonica (Kreutz) comb. ined.,Ophrys,mammosa,,,,2025-09-07 07:07:59.041315,2025-09-07 07:07:59.041318
3453,Ophrys mammosa var. parviflora (Kreutz & H. Heitz) comb. ined.,Ophrys,mammosa,,,,2025-09-07 07:07:59.08108,2025-09-07 07:07:59.081151
3454,Ophrys mammosa var. posteria (B. Baumann & H. Baumann) comb. ined.,Ophrys,mammosa,,,,2025-09-07 07:07:59.120481,2025-09-07 07:07:59.120483
3455,Ophrys mammosa var. prespaensis (M. Hirth & Paulus) comb. ined.,Ophrys,mammosa,,,,2025-09-07 07:07:59.1598,2025-09-07 07:07:59.159804
3456,Ophrys mammosa var. serotina (B. Willing & E. Willing) comb. ined.,Ophrys,mammosa,,,,2025-09-07 07:07:59.199551,2025-09-07 07:07:59.199554
3457,Ophrys mammosa var. tremoris (Gämperle & Gölz) comb. ined.,Ophrys,mammosa,,,,2025-09-07 07:07:59.23848,2025-09-07 07:07:59.238483
3458,Ophrys mammosa var. willingii (Paulus & M. Hirth) comb. ined.,Ophrys,mammosa,,,,2025-09-07 07:07:59.277179,2025-09-07 07:07:59.277181
3459,Ophrys mammosa var. zagrica (Gölz) comb. ined.,Ophrys,mammosa,,,,2025-09-07 07:07:59.315954,2025-09-07 07:07:59.315955
3460,Ophrys mammosa ssp. cyclocheila (Aver.) Baumann et al.,Ophrys,mammosa ssp.,,,,2025-09-07 07:07:59.355388,2025-09-07 07:07:59.355392
3461,Ophrys mammosa ssp. mouterdeana B. Baumann & H. Baumann,Ophrys,mammosa ssp.,,,,2025-09-07 07:07:59.395125,2025-09-07 07:07:59.395128
3462,Ophrys mammosa var. palaestinae (Kreutz & Shifman) comb. ined.,Ophrys,mammosa,,,,2025-09-07 07:07:59.433725,2025-09-07 07:07:59.433727
3463,Ophrys melitensis (Salk.) Devillers-Tersch. & Devillers,Ophrys,melitensis Salk.,,,,2025-09-07 07:07:59.472971,2025-09-07 07:07:59.472973
3464,Ophrys mirabilis Geniez & Melki,Ophrys,mirabilis Geniez,,,,2025-09-07 07:07:59.512215,2025-09-07 07:07:59.512218
3465,Ophrys morisii (Martelli) Cif. & Giacom.,Ophrys,morisii Martelli,,,,2025-09-07 07:07:59.550978,2025-09-07 07:07:59.55098
3466,Ophrys murbeckii H. Fleischm.,Ophrys,murbeckii H.,,,,2025-09-07 07:07:59.590525,2025-09-07 07:07:59.590527
3467,Ophrys murbeckii H. Fleischm. var. aspea (Devillers-Tersch. & Devillers) Hennecke,Ophrys,murbeckii H.,,,,2025-09-07 07:07:59.62961,2025-09-07 07:07:59.629612
3468,Ophrys murbeckii H. Fleischm. var. quarteirae (Kreutz,Ophrys,murbeckii H.,,,,2025-09-07 07:07:59.66847,2025-09-07 07:07:59.668471
3469,Ophrys omegaifera H. Fleischm.,Ophrys,omegaifera H.,,,,2025-09-07 07:07:59.707775,2025-09-07 07:07:59.707776
3470,Ophrys oxyrrhynchos Tod.,Ophrys,oxyrrhynchos Tod.,,,,2025-09-07 07:07:59.747288,2025-09-07 07:07:59.747291
3471,Ophrys oxyrrhynchos Tod. var. ingrassiae (Dura,Ophrys,oxyrrhynchos Tod.,,,,2025-09-07 07:07:59.786746,2025-09-07 07:07:59.786749
3472,Ophrys pallida Raf.,Ophrys,pallida Raf.,,,,2025-09-07 07:07:59.825744,2025-09-07 07:07:59.825747
3473,Ophrys parvimaculata (O. Danesch & E. Danesch) Paulus & Gack,Ophrys,parvimaculata O.,,,,2025-09-07 07:07:59.864911,2025-09-07 07:07:59.864914
3474,Ophrys parvimaculata (O. Danesch & E. Danesch) Paulus & Gack var. istriensis (S. Hertel,Ophrys,parvimaculata O.,,,,2025-09-07 07:07:59.903792,2025-09-07 07:07:59.903794
3475,Ophrys parvimaculata (O. Danesch & E. Danesch) Paulus & Gack var. peucetiae (Lozito,Ophrys,parvimaculata O.,,,,2025-09-07 07:07:59.946882,2025-09-07 07:07:59.946886
3476,Ophrys passionis Sennen,Ophrys,passionis Sennen,,,,2025-09-07 07:07:59.987858,2025-09-07 07:07:59.987861
3477,Ophrys passionis Sennen var. castri-caesaris (Looken) Hennecke,Ophrys,passionis Sennen,,,,2025-09-07 07:08:00.027873,2025-09-07 07:08:00.027875
3478,Ophrys passionis Sennen var. garganica (E. Nelson ex O. Danesch & E. Danesch) P. Delforge,Ophrys,passionis Sennen,,,,2025-09-07 07:08:00.06704,2025-09-07 07:08:00.067042
3479,Ophrys passionis Sennen var. majellensis (Herm. Daiss & Helga Daiss) Hennecke,Ophrys,passionis Sennen,,,,2025-09-07 07:08:00.106407,2025-09-07 07:08:00.10641
3480,Ophrys passionis Sennen var. pseudoatrata (S. Hertel & Presser) Hennecke,Ophrys,passionis Sennen,,,,2025-09-07 07:08:00.146827,2025-09-07 07:08:00.14683
3481,Ophrys phryganae Devillers-Tersch. & Devillers,Ophrys,phryganae Devillers-Tersch.,,,,2025-09-07 07:08:00.185946,2025-09-07 07:08:00.185949
3482,Ophrys phryganae Devillers-Tersch. & Devillers var. ambrae (Soca) Hennecke,Ophrys,phryganae Devillers-Tersch.,,,,2025-09-07 07:08:00.225229,2025-09-07 07:08:00.225232
3483,Ophrys phryganae Devillers-Tersch. & Devillers var. barbarae (Gennaio) Hennecke,Ophrys,phryganae Devillers-Tersch.,,,,2025-09-07 07:08:00.26407,2025-09-07 07:08:00.264073
3484,Ophrys phryganae Devillers-Tersch. & Devillers var. corsica (Soleirol ex G. & W. Foelsche) Hennecke,Ophrys,phryganae Devillers-Tersch.,,,,2025-09-07 07:08:00.303021,2025-09-07 07:08:00.303023
3485,Ophrys phryganae Devillers-Tersch. & Devillers var. hellenica (Devillers & Devillers-Tersch.) Hennecke,Ophrys,phryganae Devillers-Tersch.,,,,2025-09-07 07:08:00.341734,2025-09-07 07:08:00.341736
3486,Ophrys promontorii O. Danesch & E. Danesch,Ophrys,promontorii O.,,,,2025-09-07 07:08:00.380925,2025-09-07 07:08:00.380928
3487,Ophrys regis-ferdinandii (Acht. & Kellerer ex Kuzmanov) Buttler,Ophrys,regis-ferdinandii Acht.,,,,2025-09-07 07:08:00.423773,2025-09-07 07:08:00.423776
3488,Ophrys reinholdii Spruner ex H. Fleischm.,Ophrys,reinholdii Spruner,,,,2025-09-07 07:08:00.462845,2025-09-07 07:08:00.462848
3489,Ophrys reinholdii Spruner ex H. Fleischm. var. leucotaenia (Renz & Taubenheim) Deniz,Ophrys,reinholdii Spruner,,,,2025-09-07 07:08:00.501619,2025-09-07 07:08:00.501622
3490,Ophrys reinholdii Spruner ex H. Fleischm. var. reinhardiorum (Paulus) comb. ined.,Ophrys,reinholdii Spruner,,,,2025-09-07 07:08:00.540765,2025-09-07 07:08:00.540768
3491,Ophrys reinholdii Spruner ex H. Fleischm. var. straussii (H. Fleischm. & Bornm.) comb. ined.,Ophrys,reinholdii Spruner,,,,2025-09-07 07:08:00.57968,2025-09-07 07:08:00.579683
3492,Ophrys rhodia (H. Baumann & Künkele) P. Delforge,Ophrys,rhodia H.,,,,2025-09-07 07:08:00.61872,2025-09-07 07:08:00.618722
3493,Ophrys schulzei Bornm. & H. Fleischm.,Ophrys,schulzei Bornm.,,,,2025-09-07 07:08:00.657749,2025-09-07 07:08:00.65775
3494,Ophrys schulzei Bornm. & H. Fleischm. var. badinei (Kreutz,Ophrys,schulzei Bornm.,,,,2025-09-07 07:08:00.696456,2025-09-07 07:08:00.696458
3495,Ophrys scolopax Cav.,Ophrys,scolopax Cav.,,,,2025-09-07 07:08:00.739432,2025-09-07 07:08:00.739436
3496,Ophrys scolopax Cav. var. atropos Barla,Ophrys,scolopax Cav.,,,,2025-09-07 07:08:00.778666,2025-09-07 07:08:00.778669
3497,Ophrys scolopax Cav. var. beirana (D. Tyteca,Ophrys,scolopax Cav.,,,,2025-09-07 07:08:00.821389,2025-09-07 07:08:00.821391
3498,Ophrys scolopax Cav. var. chlorosepala (Thell.) Hervás,Ophrys,scolopax Cav.,,,,2025-09-07 07:08:00.861012,2025-09-07 07:08:00.861016
3499,Ophrys scolopax Cav. var. conradiae (Melki & Deschâtres) Hennecke,Ophrys,scolopax Cav.,,,,2025-09-07 07:08:00.901379,2025-09-07 07:08:00.901383
3500,Ophrys scolopax Cav. var. corbariensis (J. Samuel & J.-M. Lewin) Hennecke,Ophrys,scolopax Cav.,,,,2025-09-07 07:08:00.941006,2025-09-07 07:08:00.94101
3501,Ophrys scolopax Cav. var. jugurtha (R. Martin & Ouni) Hennecke,Ophrys,scolopax Cav.,,,,2025-09-07 07:08:00.980065,2025-09-07 07:08:00.980067
3502,Ophrys scolopax Cav. var. oceanica (Soca) comb. ined.,Ophrys,scolopax Cav.,,,,2025-09-07 07:08:01.019355,2025-09-07 07:08:01.019359
3503,Ophrys scolopax Cav. var. pantalarensis (V. Campo & Biagioli) comb. ined.,Ophrys,scolopax Cav.,,,,2025-09-07 07:08:01.058442,2025-09-07 07:08:01.058444
3504,Ophrys scolopax Cav. var. picta (Link) Rchb.f.,Ophrys,scolopax Cav.,,,,2025-09-07 07:08:01.097751,2025-09-07 07:08:01.097754
3505,Ophrys scolopax Cav. var. punica (Kreutz,Ophrys,scolopax Cav.,,,,2025-09-07 07:08:01.136545,2025-09-07 07:08:01.136546
3506,Ophrys scolopax Cav. var. querciphila (Nicole,Ophrys,scolopax Cav.,,,,2025-09-07 07:08:01.175443,2025-09-07 07:08:01.175446
3507,Ophrys scolopax Cav. var. santonica (J. M. Mathé & Melki) Hennecke,Ophrys,scolopax Cav.,,,,2025-09-07 07:08:01.216195,2025-09-07 07:08:01.216198
3508,Ophrys scolopax Cav. var. sardoa (H. Baumann,Ophrys,scolopax Cav.,,,,2025-09-07 07:08:01.255743,2025-09-07 07:08:01.255746
3509,Ophrys scolopax Cav. var. sphegifera (Willd.) comb. ined.,Ophrys,scolopax Cav.,,,,2025-09-07 07:08:01.294999,2025-09-07 07:08:01.295002
3510,Ophrys scolopax Cav. var. vetula (Risso) comb. ined.,Ophrys,scolopax Cav.,,,,2025-09-07 07:08:01.334719,2025-09-07 07:08:01.334721
3511,Ophrys sicula Tineo,Ophrys,sicula Tineo,,,,2025-09-07 07:08:01.373498,2025-09-07 07:08:01.3735
3512,Ophrys sicula Tineo var. archimedea (P. Delforge & M. Walravens) Hennecke,Ophrys,sicula Tineo,,,,2025-09-07 07:08:01.412734,2025-09-07 07:08:01.412735
3513,Ophrys sicula Tineo var. flammeola (P. Delforge) Hennecke,Ophrys,sicula Tineo,,,,2025-09-07 07:08:01.451883,2025-09-07 07:08:01.451886
3514,Ophrys sicula Tineo var. laurensis (Geniez & Melki) Hennecke,Ophrys,sicula Tineo,,,,2025-09-07 07:08:01.491366,2025-09-07 07:08:01.49137
3515,Ophrys sicula Tineo var. liveranii (Orrù & M. P. Grasso) Hennecke,Ophrys,sicula Tineo,,,,2025-09-07 07:08:01.53059,2025-09-07 07:08:01.530592
3516,Ophrys sicula Tineo var. penelopeae (Paulus) Hennecke,Ophrys,sicula Tineo,,,,2025-09-07 07:08:01.5771,2025-09-07 07:08:01.577104
3517,Ophrys sicula Tineo var. transadriatica Devillers & Devillers-Tersch.,Ophrys,sicula Tineo,,,,2025-09-07 07:08:01.62122,2025-09-07 07:08:01.621223
3518,Ophrys sicula Tineo var. urteae (Paulus) Hennecke,Ophrys,sicula Tineo,,,,2025-09-07 07:08:01.660199,2025-09-07 07:08:01.660202
3519,Ophrys sipontensis Gumpr. ex O. Danesch & E. Danesch,Ophrys,sipontensis Gumpr.,,,,2025-09-07 07:08:01.699499,2025-09-07 07:08:01.6995
3520,Ophrys sipontensis Gumpr. ex O. Danesch & E. Danesch var. murgiana (Cillo,Ophrys,sipontensis Gumpr.,,,,2025-09-07 07:08:01.738177,2025-09-07 07:08:01.738179
3521,Ophrys speculum Link,Ophrys,speculum Link,,,,2025-09-07 07:08:01.776639,2025-09-07 07:08:01.776641
3522,Ophrys speculum Link var. lusitanica (O. Danesch & E. Danesch) Hennecke,Ophrys,speculum Link,,,,2025-09-07 07:08:01.815598,2025-09-07 07:08:01.815601
3523,Ophrys speculum Link var. orientalis (Paulus) Kreutz,Ophrys,speculum Link,,,,2025-09-07 07:08:01.854737,2025-09-07 07:08:01.85474
3524,Ophrys sphegodes Mill.,Ophrys,sphegodes Mill.,,,,2025-09-07 07:08:01.894188,2025-09-07 07:08:01.894191
3525,Ophrys sphegodes Mill. var. garganicoides Balayer,Ophrys,sphegodes Mill.,,,,2025-09-07 07:08:01.933444,2025-09-07 07:08:01.933447
3526,Ophrys sphegodes Mill. var. grassoana (Cristaudo,Ophrys,sphegodes Mill.,,,,2025-09-07 07:08:01.972976,2025-09-07 07:08:01.97298
3527,Ophrys sphegodes Mill. var. liburnica (Devillers & Devillers-Tersch.) comb. ined.,Ophrys,sphegodes Mill.,,,,2025-09-07 07:08:02.011865,2025-09-07 07:08:02.011866
3528,Ophrys sphegodes Mill. var. molisana (P. Delforge) comb. ined.,Ophrys,sphegodes Mill.,,,,2025-09-07 07:08:02.051193,2025-09-07 07:08:02.051196
3529,Ophrys sphegodes Mill. var. provincialis (H. Baumann & Künkele) P. J. Cribb,Ophrys,sphegodes Mill.,,,,2025-09-07 07:08:02.092531,2025-09-07 07:08:02.092534
3530,Ophrys spruneri Nyman,Ophrys,spruneri Nyman,,,,2025-09-07 07:08:02.132216,2025-09-07 07:08:02.132218
3531,Ophrys spruneri Nyman var. grigoriana (G. Kretzschmar & H. Kretzschmar) Hennecke,Ophrys,spruneri Nyman,,,,2025-09-07 07:08:02.171565,2025-09-07 07:08:02.171567
3532,Ophrys subfusca (Rchb.f.) Hausskn.,Ophrys,subfusca Rchb.f.,,,,2025-09-07 07:08:02.210753,2025-09-07 07:08:02.210755
3533,Ophrys tarentina Gölz & H. R. Reinhard,Ophrys,tarentina Gölz,,,,2025-09-07 07:08:02.250297,2025-09-07 07:08:02.2503
3534,Ophrys tenthredinifera Willd.,Ophrys,tenthredinifera Willd.,,,,2025-09-07 07:08:02.289625,2025-09-07 07:08:02.289628
3535,Ophrys tenthredinifera Willd. var. aprilia (Devillers & Devillers-Tersch.) Hennecke,Ophrys,tenthredinifera Willd.,,,,2025-09-07 07:08:02.328924,2025-09-07 07:08:02.328927
3536,Ophrys tenthredinifera Willd. var. dictynnae (P. Delforge) Hennecke,Ophrys,tenthredinifera Willd.,,,,2025-09-07 07:08:02.368481,2025-09-07 07:08:02.368485
3537,Ophrys tenthredinifera Willd. var. dimidiata (Rakosy,Ophrys,tenthredinifera Willd.,,,,2025-09-07 07:08:02.408206,2025-09-07 07:08:02.408209
3538,Ophrys tenthredinifera Willd. var. expansa Lumare & Medagli,Ophrys,tenthredinifera Willd.,,,,2025-09-07 07:08:02.447379,2025-09-07 07:08:02.447382
3539,Ophrys tenthredinifera Willd. var. ficalhoana (J. A. Guim.) F. M. Vázquez,Ophrys,tenthredinifera Willd.,,,,2025-09-07 07:08:02.486387,2025-09-07 07:08:02.486389
3540,Ophrys tenthredinifera Willd. var. glabrescens F. M. Vázquez,Ophrys,tenthredinifera Willd.,,,,2025-09-07 07:08:02.525579,2025-09-07 07:08:02.525592
3541,Ophrys tenthredinifera Willd. var. grandiflora (Ten.) Hennecke,Ophrys,tenthredinifera Willd.,,,,2025-09-07 07:08:02.56475,2025-09-07 07:08:02.564753
3542,Ophrys tenthredinifera Willd. var. guimaraesii (D. Tyteca) Kreutz,Ophrys,tenthredinifera Willd.,,,,2025-09-07 07:08:02.603752,2025-09-07 07:08:02.603754
3543,Ophrys tenthredinifera Willd. var. korae (M. Hirth & Paulus) Galanos & Hennecke,Ophrys,tenthredinifera Willd.,,,,2025-09-07 07:08:02.642719,2025-09-07 07:08:02.642722
3544,Ophrys tenthredinifera Willd. var. leochroma (P. Delforge) Galanos & Hennecke,Ophrys,tenthredinifera Willd.,,,,2025-09-07 07:08:02.681639,2025-09-07 07:08:02.681642
3545,Ophrys tenthredinifera Willd. var. lychnitis (Paulus & Hirth) comb. ined.,Ophrys,tenthredinifera Willd.,,,,2025-09-07 07:08:02.720619,2025-09-07 07:08:02.720621
3546,Ophrys tenthredinifera Willd. var. lycomedis (P.Delforge) Hennecke,Ophrys,tenthredinifera Willd.,,,,2025-09-07 07:08:02.759456,2025-09-07 07:08:02.759458
3547,Ophrys tenthredinifera Willd. var. neglecta (Parl.) P. Fournier,Ophrys,tenthredinifera Willd.,,,,2025-09-07 07:08:02.798439,2025-09-07 07:08:02.798441
3548,Ophrys tenthredinifera Willd. var. riphaea (F. M. Vázquez) Hennecke,Ophrys,tenthredinifera Willd.,,,,2025-09-07 07:08:02.837351,2025-09-07 07:08:02.837353
3549,Ophrys tenthredinifera Willd. var. sanctae-marcellae (Saliaris,Ophrys,tenthredinifera Willd.,,,,2025-09-07 07:08:02.876205,2025-09-07 07:08:02.876208
3550,Ophrys tenthredinifera Willd. var. spectabilis (Kreutz & Zelesny) Hennecke,Ophrys,tenthredinifera Willd.,,,,2025-09-07 07:08:02.915308,2025-09-07 07:08:02.915311
3551,Ophrys tenthredinifera Willd. var. tingurtiae (Kreutz,Ophrys,tenthredinifera Willd.,,,,2025-09-07 07:08:02.954463,2025-09-07 07:08:02.954466
3552,Ophrys tenthredinifera Willd. var. ulyssea (P.Delforge) Hennecke,Ophrys,tenthredinifera Willd.,,,,2025-09-07 07:08:02.993614,2025-09-07 07:08:02.993617
3553,Ophrys tenthredinifera Willd. var. villosa (Desf.) Galanos & Hennecke,Ophrys,tenthredinifera Willd.,,,,2025-09-07 07:08:03.033026,2025-09-07 07:08:03.033029
3554,Ophrys tetraloniae W. P. Teschner,Ophrys,tetraloniae W.,,,,2025-09-07 07:08:03.072423,2025-09-07 07:08:03.072425
3555,Ophrys tetraloniae W. P. Teschner var. elatior (Gumpr.) Hennecke,Ophrys,tetraloniae W.,,,,2025-09-07 07:08:03.111917,2025-09-07 07:08:03.11192
3556,Ophrys tetraloniae W. P. Teschner var. gresivaudanica (O. Gerbaud) Hennecke,Ophrys,tetraloniae W.,,,,2025-09-07 07:08:03.159387,2025-09-07 07:08:03.15939
3557,Ophrys tetraloniae W. P. Teschner var. laxiflora (Zelesny & Kreutz) comb. ined.,Ophrys,tetraloniae W.,,,,2025-09-07 07:08:03.202452,2025-09-07 07:08:03.202455
3558,Ophrys tetraloniae W. P. Teschner var. posidonia (P. Delforge) Hennecke,Ophrys,tetraloniae W.,,,,2025-09-07 07:08:03.241633,2025-09-07 07:08:03.241636
3559,Ophrys transhyrcana Czerniak.,Ophrys,transhyrcana Czerniak.,,,,2025-09-07 07:08:03.280699,2025-09-07 07:08:03.280703
3560,Ophrys transhyrcana Czerniak. var. kojurensis (Gölz) Hennecke,Ophrys,transhyrcana Czerniak.,,,,2025-09-07 07:08:03.320203,2025-09-07 07:08:03.320206
3561,Ophrys transhyrcana Czerniak. var. sintenisii (H. Fleischm. & Bornm.) comb. ined.,Ophrys,transhyrcana Czerniak.,,,,2025-09-07 07:08:03.360607,2025-09-07 07:08:03.36061
3562,Ophrys transhyrcana Czerniak. var. morio (Paulus & Kreutz) comb. ined.,Ophrys,transhyrcana Czerniak.,,,,2025-09-07 07:08:03.400034,2025-09-07 07:08:03.400038
3563,Ophrys transhyrcana Czerniak. var. turcomanica (Renz) Hennecke,Ophrys,transhyrcana Czerniak.,,,,2025-09-07 07:08:03.43924,2025-09-07 07:08:03.439243
3564,Ophrys umbilicata Desf.,Ophrys,umbilicata Desf.,,,,2025-09-07 07:08:03.478296,2025-09-07 07:08:03.478298
3565,Ophrys umbilicata Desf. var. abchasica (Kümpel) Hennecke,Ophrys,umbilicata Desf.,,,,2025-09-07 07:08:03.518725,2025-09-07 07:08:03.518728
3566,Ophrys umbilicata Desf. var. astarte (Devillers & Devillers-Tersch.) comb. ined.,Ophrys,umbilicata Desf.,,,,2025-09-07 07:08:03.557834,2025-09-07 07:08:03.557836
3567,Ophrys umbilicata Desf. var. attica (Boiss. & Orph.) Hennecke,Ophrys,umbilicata Desf.,,,,2025-09-07 07:08:03.599766,2025-09-07 07:08:03.599769
3568,Ophrys umbilicata Desf. var. beerii (Shifman) Hennecke,Ophrys,umbilicata Desf.,,,,2025-09-07 07:08:03.638895,2025-09-07 07:08:03.638898
3569,Ophrys umbilicata Desf. var. bucephala (Gölz & H. R. Reinhard) Hennecke,Ophrys,umbilicata Desf.,,,,2025-09-07 07:08:03.677904,2025-09-07 07:08:03.677907
3570,Ophrys umbilicata Desf. var. calycadniensis (Perschke) Hennecke,Ophrys,umbilicata Desf.,,,,2025-09-07 07:08:03.717313,2025-09-07 07:08:03.717315
3571,Ophrys umbilicata Desf. var. carmeli (H. Fleischm. & Bornm.) comb. ined.,Ophrys,umbilicata Desf.,,,,2025-09-07 07:08:03.756439,2025-09-07 07:08:03.756441
3572,Ophrys umbilicata Desf. var. khuzestanica (Renz & Taubenheim) Hennecke,Ophrys,umbilicata Desf.,,,,2025-09-07 07:08:03.795384,2025-09-07 07:08:03.795386
3573,Ophrys umbilicata Desf. var. lapethica (Gölz & H. R. Reinhard) Hennecke,Ophrys,umbilicata Desf.,,,,2025-09-07 07:08:03.834249,2025-09-07 07:08:03.834251
3574,Ophrys umbilicata Desf. var. latakiana (M. Schönfelder & H. Schönfelder) Hennecke,Ophrys,umbilicata Desf.,,,,2025-09-07 07:08:03.873324,2025-09-07 07:08:03.873326
3575,Ophrys umbilicata Desf. var. latilabris (B. Baumann & H. Baumann) comb. ined.,Ophrys,umbilicata Desf.,,,,2025-09-07 07:08:03.912783,2025-09-07 07:08:03.912785
3576,Ophrys umbilicata Desf. var. pamphylica (Kreutz) comb. ined.,Ophrys,umbilicata Desf.,,,,2025-09-07 07:08:03.952362,2025-09-07 07:08:03.952365
3577,Ophrys zeusii Hirth,Ophrys,zeusii Hirth,,,,2025-09-07 07:08:03.991678,2025-09-07 07:08:03.99168
3578,Ophrys x abdita C. E. Hermos.,Ophrys,x abdita,,,,2025-09-07 07:08:04.032298,2025-09-07 07:08:04.032301
3579,Ophrys x aghemanii Renz,Ophrys,x aghemanii,,,,2025-09-07 07:08:04.072465,2025-09-07 07:08:04.072469
3580,Ophrys x agustinii Kreutz,Ophrys,x agustinii,,,,2025-09-07 07:08:04.111859,2025-09-07 07:08:04.111862
3581,Ophrys x alariensis S. Serafino,Ophrys,x alariensis,,,,2025-09-07 07:08:04.151051,2025-09-07 07:08:04.151054
3582,Ophrys x alasiatica Kreutz,Ophrys,x alasiatica,,,,2025-09-07 07:08:04.191653,2025-09-07 07:08:04.191664
3583,Ophrys x alberobellensis H. Baumann & Künkele,Ophrys,x alberobellensis,,,,2025-09-07 07:08:04.231524,2025-09-07 07:08:04.231527
3584,Ophrys x albertiana E. G. Camus,Ophrys,x albertiana,,,,2025-09-07 07:08:04.271453,2025-09-07 07:08:04.271456
3585,Ophrys x alejandrei Benito,Ophrys,x alejandrei,,,,2025-09-07 07:08:04.310898,2025-09-07 07:08:04.310901
3586,Ophrys x algeriensis Kreutz & L. Lewis,Ophrys,x algeriensis,,,,2025-09-07 07:08:04.355036,2025-09-07 07:08:04.35504
3587,Ophrys x alibertiana C. Alibertis & A. Alibertis,Ophrys,x alibertiana,,,,2025-09-07 07:08:04.394777,2025-09-07 07:08:04.394781
3588,Ophrys x amatoi Silletti & Medagli,Ophrys,x amatoi,,,,2025-09-07 07:08:04.43472,2025-09-07 07:08:04.434724
3589,Ophrys x ambigua Galesi,Ophrys,x ambigua,,,,2025-09-07 07:08:04.474631,2025-09-07 07:08:04.474634
3590,Ophrys x angelarum Gennaio,Ophrys,x angelarum,,,,2025-09-07 07:08:04.51401,2025-09-07 07:08:04.514013
3591,Ophrys x angelensis H. Baumann & Künkele,Ophrys,x angelensis,,,,2025-09-07 07:08:04.553792,2025-09-07 07:08:04.553796
3592,Ophrys x angelii Soca,Ophrys,x angelii,,,,2025-09-07 07:08:04.594266,2025-09-07 07:08:04.594269
3593,Ophrys x angiullii D'Alonzo,Ophrys,x angiullii,,,,2025-09-07 07:08:04.634181,2025-09-07 07:08:04.634185
3594,Ophrys x anomala Renz,Ophrys,x anomala,,,,2025-09-07 07:08:04.67375,2025-09-07 07:08:04.673754
3595,Ophrys x ansedoniensis Soca,Ophrys,x ansedoniensis,,,,2025-09-07 07:08:04.713428,2025-09-07 07:08:04.713432
3596,Ophrys x antiochiana H. Baumann & Künkele,Ophrys,x antiochiana,,,,2025-09-07 07:08:04.753896,2025-09-07 07:08:04.753899
3597,Ophrys x antiskariensis (C. Alibertis & A. Alibertis) Soca,Ophrys,x antiskariensis,,,,2025-09-07 07:08:04.79324,2025-09-07 07:08:04.793244
3598,Ophrys x anxatina Congedo,Ophrys,x anxatina,,,,2025-09-07 07:08:04.832761,2025-09-07 07:08:04.832764
3599,Ophrys x apicula J. C. Schmidt ex Rchb.f.,Ophrys,x apicula,,,,2025-09-07 07:08:04.871693,2025-09-07 07:08:04.871696
3600,Ophrys x apolloniensis H. Baumann & Künkele,Ophrys,x apolloniensis,,,,2025-09-07 07:08:04.913471,2025-09-07 07:08:04.913474
3601,Ophrys x aquilana H. Baumann & Künkele,Ophrys,x aquilana,,,,2025-09-07 07:08:04.956353,2025-09-07 07:08:04.956357
3602,Ophrys x argentariensis Ruppert,Ophrys,x argentariensis,,,,2025-09-07 07:08:04.995986,2025-09-07 07:08:04.99599
3603,Ophrys x armentariae Ferrández,Ophrys,x armentariae,,,,2025-09-07 07:08:05.036877,2025-09-07 07:08:05.036881
3604,Ophrys x asterusica C. Alibertis & A. Alibertis,Ophrys,x asterusica,,,,2025-09-07 07:08:05.076304,2025-09-07 07:08:05.076307
3605,Ophrys x auroi Benigni,Ophrys,x auroi,,,,2025-09-07 07:08:05.11693,2025-09-07 07:08:05.116933
3606,Ophrys x ayusoi C. E. Hermos. & Soca,Ophrys,x ayusoi,,,,2025-09-07 07:08:05.166242,2025-09-07 07:08:05.166246
3607,Ophrys x azurea H. Baumann & Künkele,Ophrys,x azurea,,,,2025-09-07 07:08:05.205715,2025-09-07 07:08:05.205718
3609,Ophrys x baldensis P. Delforge,Ophrys,x baldensis,,,,2025-09-07 07:08:05.290468,2025-09-07 07:08:05.290471
3610,Ophrys x balearica P. Delforge,Ophrys,x balearica,,,,2025-09-07 07:08:05.329671,2025-09-07 07:08:05.329674
3611,Ophrys x ballerinii D'Alonzo & Perilli,Ophrys,x ballerinii,,,,2025-09-07 07:08:05.368952,2025-09-07 07:08:05.368955
3612,Ophrys x barbaricina M. Allard & M. P. Grasso,Ophrys,x barbaricina,,,,2025-09-07 07:08:05.408389,2025-09-07 07:08:05.408392
3613,Ophrys x barlae E. G. Camus,Ophrys,x barlae,,,,2025-09-07 07:08:05.451671,2025-09-07 07:08:05.451674
3614,Ophrys x bastianii Soca,Ophrys,x bastianii,,,,2025-09-07 07:08:05.490727,2025-09-07 07:08:05.49073
3615,Ophrys x battandieri E. G. Camus,Ophrys,x battandieri,,,,2025-09-07 07:08:05.529881,2025-09-07 07:08:05.529884
3616,Ophrys x baumanniana Soó,Ophrys,x baumanniana,,,,2025-09-07 07:08:05.569068,2025-09-07 07:08:05.56907
3617,Ophrys x bayeri H. Baumann,Ophrys,x bayeri,,,,2025-09-07 07:08:05.608285,2025-09-07 07:08:05.608288
3618,Ophrys x bazzarae D'Alonzo & Perilli,Ophrys,x bazzarae,,,,2025-09-07 07:08:05.647392,2025-09-07 07:08:05.647394
3619,Ophrys x benoitiana Tineo ex Lojac.,Ophrys,x benoitiana,,,,2025-09-07 07:08:05.6867,2025-09-07 07:08:05.686703
3620,Ophrys x bernardii Looken,Ophrys,x bernardii,,,,2025-09-07 07:08:05.727784,2025-09-07 07:08:05.727787
3621,Ophrys x biagiolii Lumare & Medagli,Ophrys,x biagiolii,,,,2025-09-07 07:08:05.767009,2025-09-07 07:08:05.767012
3622,Ophrys x biancoae Medagli,Ophrys,x biancoae,,,,2025-09-07 07:08:05.816944,2025-09-07 07:08:05.816948
3623,Ophrys x bibbiensis Soca,Ophrys,x bibbiensis,,,,2025-09-07 07:08:05.856812,2025-09-07 07:08:05.856815
3624,Ophrys x bilineata (Barla) Fiori,Ophrys,x bilineata,,,,2025-09-07 07:08:05.896487,2025-09-07 07:08:05.89649
3625,Ophrys x borakisiana P. Delforge & C. Delforge,Ophrys,x borakisiana,,,,2025-09-07 07:08:05.935978,2025-09-07 07:08:05.935981
3626,Ophrys x borgersiae P. Delforge,Ophrys,x borgersiae,,,,2025-09-07 07:08:05.97502,2025-09-07 07:08:05.975023
3627,Ophrys x boscocuturiensis Lumare,Ophrys,x boscocuturiensis,,,,2025-09-07 07:08:06.014378,2025-09-07 07:08:06.014381
3628,Ophrys x boscoquartensis O. Danesch & E. Danesch,Ophrys,x boscoquartensis,,,,2025-09-07 07:08:06.053942,2025-09-07 07:08:06.053945
3629,Ophrys x bourlieri Maire,Ophrys,x bourlieri,,,,2025-09-07 07:08:06.093548,2025-09-07 07:08:06.093551
3630,Ophrys x braun-blanquetiana Soó,Ophrys,x braun-blanquetiana,,,,2025-09-07 07:08:06.132971,2025-09-07 07:08:06.132973
3631,Ophrys x breieri Wallenwein & Saad,Ophrys,x breieri,,,,2025-09-07 07:08:06.172328,2025-09-07 07:08:06.172331
3632,Ophrys x breuerorum P. Delforge,Ophrys,x breuerorum,,,,2025-09-07 07:08:06.213951,2025-09-07 07:08:06.213954
3633,Ophrys x brigittae H. Baumann,Ophrys,x brigittae,,,,2025-09-07 07:08:06.254065,2025-09-07 07:08:06.254068
3634,Ophrys x brigodeana P. Delforge,Ophrys,x brigodeana,,,,2025-09-07 07:08:06.293798,2025-09-07 07:08:06.293802
3635,Ophrys x broeckii A. Camus,Ophrys,x broeckii,,,,2025-09-07 07:08:06.333766,2025-09-07 07:08:06.333769
3636,Ophrys x brunamontei Soca,Ophrys,x brunamontei,,,,2025-09-07 07:08:06.372955,2025-09-07 07:08:06.372958
3637,Ophrys x buffaloriae Romolini & Soca,Ophrys,x buffaloriae,,,,2025-09-07 07:08:06.413597,2025-09-07 07:08:06.413599
3638,Ophrys x buttleri (H. Baumann & Künkele) Hennecke,Ophrys,x buttleri,,,,2025-09-07 07:08:06.452957,2025-09-07 07:08:06.452961
3639,Ophrys x caballeroi C. E. Hermos.,Ophrys,x caballeroi,,,,2025-09-07 07:08:06.492485,2025-09-07 07:08:06.492489
3640,Ophrys x cailliauana P. Delforge,Ophrys,x cailliauana,,,,2025-09-07 07:08:06.532221,2025-09-07 07:08:06.532223
3641,Ophrys x calabrica H. Baumann & Künkele,Ophrys,x calabrica,,,,2025-09-07 07:08:06.571888,2025-09-07 07:08:06.571891
3642,Ophrys x calchasii Romolini & Soca,Ophrys,x calchasii,,,,2025-09-07 07:08:06.619039,2025-09-07 07:08:06.619041
3643,Ophrys x calenae (O. Danesch & E. Danesch) H. Baumann & Künkele,Ophrys,x calenae,,,,2025-09-07 07:08:06.658293,2025-09-07 07:08:06.658296
3644,Ophrys x caliandri O. Danesch & E. Danesch,Ophrys,x caliandri,,,,2025-09-07 07:08:06.697305,2025-09-07 07:08:06.697308
3645,Ophrys x calypsus M. Hirth & H. Spaeth,Ophrys,x calypsus,,,,2025-09-07 07:08:06.736255,2025-09-07 07:08:06.736258
3646,Ophrys x camarinana H. Baumann & Künkele,Ophrys,x camarinana,,,,2025-09-07 07:08:06.775197,2025-09-07 07:08:06.7752
3647,Ophrys x campoi Soca,Ophrys,x campoi,,,,2025-09-07 07:08:06.829332,2025-09-07 07:08:06.829334
3648,Ophrys x campolati O. Danesch & E. Danesch,Ophrys,x campolati,,,,2025-09-07 07:08:06.872218,2025-09-07 07:08:06.872221
3649,Ophrys x camusii Cortesi,Ophrys,x camusii,,,,2025-09-07 07:08:06.911187,2025-09-07 07:08:06.91119
3650,Ophrys x cantalupoi Soca,Ophrys,x cantalupoi,,,,2025-09-07 07:08:06.950156,2025-09-07 07:08:06.950159
3651,Ophrys x capellae-pacis G. Kretzschmar & H. Kretzschmar,Ophrys,x capellae-pacis,,,,2025-09-07 07:08:06.988985,2025-09-07 07:08:06.988987
3652,Ophrys x capracottae Romolini & Soca,Ophrys,x capracottae,,,,2025-09-07 07:08:07.027688,2025-09-07 07:08:07.02769
3653,Ophrys x carduccii Romolini & Soca,Ophrys,x carduccii,,,,2025-09-07 07:08:07.067959,2025-09-07 07:08:07.067961
3654,Ophrys x carica H. Baumann & Künkele,Ophrys,x carica,,,,2025-09-07 07:08:07.107061,2025-09-07 07:08:07.107064
3655,Ophrys x carnazzae Galesi,Ophrys,x carnazzae,,,,2025-09-07 07:08:07.146149,2025-09-07 07:08:07.146152
3656,Ophrys x carpinensis O. Danesch & E. Danesch,Ophrys,x carpinensis,,,,2025-09-07 07:08:07.185234,2025-09-07 07:08:07.185236
3657,Ophrys x carquierannensis E. G. Camus,Ophrys,x carquierannensis,,,,2025-09-07 07:08:07.223986,2025-09-07 07:08:07.223988
3658,Ophrys x castellerana P. Delforge & C. Delforge,Ophrys,x castellerana,,,,2025-09-07 07:08:07.264321,2025-09-07 07:08:07.264324
3663,Ophrys x celani O. Danesch & E. Danesch,Ophrys,x celani,,,,2025-09-07 07:08:07.466475,2025-09-07 07:08:07.466478
3664,Ophrys x celiensis (O. Danesch & E. Danesch) P. Delforge,Ophrys,x celiensis,,,,2025-09-07 07:08:07.505403,2025-09-07 07:08:07.505405
3665,Ophrys x chalkae M. Hirth & H. Spaeth,Ophrys,x chalkae,,,,2025-09-07 07:08:07.544399,2025-09-07 07:08:07.544403
3666,Ophrys x chettae Perilli & Biagioli,Ophrys,x chettae,,,,2025-09-07 07:08:07.585151,2025-09-07 07:08:07.585154
3667,Ophrys x chimaera W. Rossi & Contorni,Ophrys,x chimaera,,,,2025-09-07 07:08:07.625929,2025-09-07 07:08:07.625933
3668,Ophrys x chobautii G. Keller ex B. D. Tyteca & D. Tyteca,Ophrys,x chobautii,,,,2025-09-07 07:08:07.664746,2025-09-07 07:08:07.664749
3669,Ophrys x cicmiriana P. Delforge,Ophrys,x cicmiriana,,,,2025-09-07 07:08:07.703576,2025-09-07 07:08:07.703578
3670,Ophrys x circae W. Rossi & Prola,Ophrys,x circae,,,,2025-09-07 07:08:07.742406,2025-09-07 07:08:07.742409
3671,Ophrys x clapensis Balayer,Ophrys,x clapensis,,,,2025-09-07 07:08:07.78137,2025-09-07 07:08:07.781373
3672,Ophrys x climacis Heimeier & Perschke,Ophrys,x climacis,,,,2025-09-07 07:08:07.820325,2025-09-07 07:08:07.820328
3673,Ophrys x colin-tocainae Soulie & Soca,Ophrys,x colin-tocainae,,,,2025-09-07 07:08:07.859714,2025-09-07 07:08:07.859718
3674,Ophrys x colonnae D'Alonzo & Perilli,Ophrys,x colonnae,,,,2025-09-07 07:08:07.898929,2025-09-07 07:08:07.898932
3675,Ophrys x congedoi Lumare,Ophrys,x congedoi,,,,2025-09-07 07:08:07.938508,2025-09-07 07:08:07.938511
3676,Ophrys x corcyrensis Renz,Ophrys,x corcyrensis,,,,2025-09-07 07:08:07.977291,2025-09-07 07:08:07.977293
3677,Ophrys x cornelli O. Danesch & E. Danesch,Ophrys,x cornelli,,,,2025-09-07 07:08:08.016359,2025-09-07 07:08:08.016361
3678,Ophrys x cortesii A. Camus,Ophrys,x cortesii,,,,2025-09-07 07:08:08.055875,2025-09-07 07:08:08.055877
3679,Ophrys x corvey-bironii J.-M. Lewin,Ophrys,x corvey-bironii,,,,2025-09-07 07:08:08.095257,2025-09-07 07:08:08.095259
3680,Ophrys x cosana H. Baumann & Künkele,Ophrys,x cosana,,,,2025-09-07 07:08:08.13423,2025-09-07 07:08:08.134231
3681,Ophrys x cosentiana H. Baumann & Künkele,Ophrys,x cosentiana,,,,2025-09-07 07:08:08.174042,2025-09-07 07:08:08.174046
3682,Ophrys x costei Looken,Ophrys,x costei,,,,2025-09-07 07:08:08.220612,2025-09-07 07:08:08.220615
3683,Ophrys x coturii Romolini & Soca,Ophrys,x coturii,,,,2025-09-07 07:08:08.259569,2025-09-07 07:08:08.259571
3684,Ophrys x couloniana P. Delforge & C. Delforge,Ophrys,x couloniana,,,,2025-09-07 07:08:08.299422,2025-09-07 07:08:08.299426
3685,Ophrys x coulotii Soca,Ophrys,x coulotii,,,,2025-09-07 07:08:08.339267,2025-09-07 07:08:08.339271
3686,Ophrys x cranbrookeana Godfery,Ophrys,x cranbrookeana,,,,2025-09-07 07:08:08.38106,2025-09-07 07:08:08.381063
3687,Ophrys x creutzburgii H. Baumann & Künkele,Ophrys,x creutzburgii,,,,2025-09-07 07:08:08.422225,2025-09-07 07:08:08.422227
3688,Ophrys x cugniensis Soca,Ophrys,x cugniensis,,,,2025-09-07 07:08:08.465392,2025-09-07 07:08:08.465395
3689,Ophrys x daissiorum (H. Baumann et al.) P. Delforge,Ophrys,x daissiorum,,,,2025-09-07 07:08:08.516871,2025-09-07 07:08:08.516874
3690,Ophrys x damilanoi Romolini & Soca,Ophrys,x damilanoi,,,,2025-09-07 07:08:08.556035,2025-09-07 07:08:08.556037
3691,Ophrys x daneschiana W. J. Schrenk,Ophrys,x daneschiana,,,,2025-09-07 07:08:08.595387,2025-09-07 07:08:08.59539
3692,Ophrys x daunia H. Baumann & Künkele,Ophrys,x daunia,,,,2025-09-07 07:08:08.635094,2025-09-07 07:08:08.635098
3693,Ophrys x degiorgii Ruggiero,Ophrys,x degiorgii,,,,2025-09-07 07:08:08.674765,2025-09-07 07:08:08.674769
3694,Ophrys x deheyniana P. Delforge,Ophrys,x deheyniana,,,,2025-09-07 07:08:08.713823,2025-09-07 07:08:08.713826
3695,Ophrys x delargeana P. Delforge,Ophrys,x delargeana,,,,2025-09-07 07:08:08.75313,2025-09-07 07:08:08.753132
3696,Ophrys x delphinensis O. Danesch & E. Danesch,Ophrys,x delphinensis,,,,2025-09-07 07:08:08.792226,2025-09-07 07:08:08.792227
3697,Ophrys x delvauxiorum P. Delforge,Ophrys,x delvauxiorum,,,,2025-09-07 07:08:08.831226,2025-09-07 07:08:08.831228
3698,Ophrys x demangeana P. Delforge,Ophrys,x demangeana,,,,2025-09-07 07:08:08.870815,2025-09-07 07:08:08.870817
3699,Ophrys x denglerensis Riech.,Ophrys,x denglerensis,,,,2025-09-07 07:08:08.910352,2025-09-07 07:08:08.910355
3700,Ophrys x denisiana H. Baumann,Ophrys,x denisiana,,,,2025-09-07 07:08:08.949566,2025-09-07 07:08:08.94957
3701,Ophrys x dessartiana P. Delforge,Ophrys,x dessartiana,,,,2025-09-07 07:08:08.988832,2025-09-07 07:08:08.988835
3702,Ophrys x devenensis Rchb.f.,Ophrys,x devenensis,,,,2025-09-07 07:08:09.0282,2025-09-07 07:08:09.028202
3703,Ophrys x diakoptensis M. Bayer,Ophrys,x diakoptensis,,,,2025-09-07 07:08:09.067558,2025-09-07 07:08:09.067561
3704,Ophrys x dianae Licheri,Ophrys,x dianae,,,,2025-09-07 07:08:09.106583,2025-09-07 07:08:09.106586
3705,Ophrys x difesagrandeana D'Alonzo,Ophrys,x difesagrandeana,,,,2025-09-07 07:08:09.145697,2025-09-07 07:08:09.145699
3706,Ophrys x difonzoi D'Alonzo & Perilli,Ophrys,x difonzoi,,,,2025-09-07 07:08:09.184721,2025-09-07 07:08:09.184722
3707,Ophrys x dinovellae Romolini & Soca,Ophrys,x dinovellae,,,,2025-09-07 07:08:09.223769,2025-09-07 07:08:09.223772
3708,Ophrys x disabatoi D'Alonzo & Perilli,Ophrys,x disabatoi,,,,2025-09-07 07:08:09.263687,2025-09-07 07:08:09.263691
3709,Ophrys x di-stefani Lojac.,Ophrys,x di-stefani,,,,2025-09-07 07:08:09.303021,2025-09-07 07:08:09.303024
3710,Ophrys x dodonica B. Willing & E. Willing,Ophrys,x dodonica,,,,2025-09-07 07:08:09.342354,2025-09-07 07:08:09.342357
3711,Ophrys x domitia Del Prete,Ophrys,x domitia,,,,2025-09-07 07:08:09.383508,2025-09-07 07:08:09.383511
3712,Ophrys x domus-maria M. P. Grasso,Ophrys,x domus-maria,,,,2025-09-07 07:08:09.423628,2025-09-07 07:08:09.423631
3713,Ophrys x duchateauana P. Delforge,Ophrys,x duchateauana,,,,2025-09-07 07:08:09.462692,2025-09-07 07:08:09.462695
3714,Ophrys x duvigneaudiana P. Delforge & C. Delforge,Ophrys,x duvigneaudiana,,,,2025-09-07 07:08:09.502194,2025-09-07 07:08:09.502208
3715,Ophrys x egeae Robles,Ophrys,x egeae,,,,2025-09-07 07:08:09.541911,2025-09-07 07:08:09.541914
3716,Ophrys x eliasii Sennen ex E. G. Camus & A. Camus,Ophrys,x eliasii,,,,2025-09-07 07:08:09.581362,2025-09-07 07:08:09.581365
3717,Ophrys x emmae G. Keller ex H. Wettst.,Ophrys,x emmae,,,,2025-09-07 07:08:09.620448,2025-09-07 07:08:09.620451
3718,Ophrys x enobarbia Del Prete & Tosi,Ophrys,x enobarbia,,,,2025-09-07 07:08:09.66007,2025-09-07 07:08:09.660074
3719,Ophrys x epidavrensis Eberle,Ophrys,x epidavrensis,,,,2025-09-07 07:08:09.700124,2025-09-07 07:08:09.700127
3720,Ophrys x epirotica (Renz) Devillers-Tersch. & Devillers,Ophrys,x epirotica,,,,2025-09-07 07:08:09.73941,2025-09-07 07:08:09.739413
3721,Ophrys x eruhensis Deniz,Ophrys,x eruhensis,,,,2025-09-07 07:08:09.778761,2025-09-07 07:08:09.778765
3722,Ophrys x estacensis Soca,Ophrys,x estacensis,,,,2025-09-07 07:08:09.817874,2025-09-07 07:08:09.817877
3723,Ophrys x etrusca (Asch. & Graebn.) E. G. Camus,Ophrys,x etrusca,,,,2025-09-07 07:08:09.857449,2025-09-07 07:08:09.857452
3724,Ophrys x ettlingeriana P. Delforge,Ophrys,x ettlingeriana,,,,2025-09-07 07:08:09.896598,2025-09-07 07:08:09.896601
3725,Ophrys x evvia Riech.,Ophrys,x evvia,,,,2025-09-07 07:08:09.93592,2025-09-07 07:08:09.935923
3726,Ophrys x extorris Soó,Ophrys,x extorris,,,,2025-09-07 07:08:09.974976,2025-09-07 07:08:09.974979
3727,Ophrys x ezcaraiensis C. E. Hermos. & Soca,Ophrys,x ezcaraiensis,,,,2025-09-07 07:08:10.014468,2025-09-07 07:08:10.014471
3728,Ophrys x feldwegiana B. Baumann & H. Baumann,Ophrys,x feldwegiana,,,,2025-09-07 07:08:10.053621,2025-09-07 07:08:10.053624
3729,Ophrys x fenarolii Ferlan,Ophrys,x fenarolii,,,,2025-09-07 07:08:10.096222,2025-09-07 07:08:10.096225
3730,Ophrys x ferliana Bartolo & Pulv.,Ophrys,x ferliana,,,,2025-09-07 07:08:10.13518,2025-09-07 07:08:10.135181
3731,Ophrys x fernandii Rolfe,Ophrys,x fernandii,,,,2025-09-07 07:08:10.174126,2025-09-07 07:08:10.174128
3732,Ophrys x ferruginea W. Rossi & Liuti,Ophrys,x ferruginea,,,,2025-09-07 07:08:10.212998,2025-09-07 07:08:10.213
3733,Ophrys x ficuzzana H. Baumann & Künkele,Ophrys,x ficuzzana,,,,2025-09-07 07:08:10.251937,2025-09-07 07:08:10.251939
3734,Ophrys x filomenoi D'Alonzo & Perilli,Ophrys,x filomenoi,,,,2025-09-07 07:08:10.291538,2025-09-07 07:08:10.291541
3735,Ophrys x flavicans Vis.,Ophrys,x flavicans,,,,2025-09-07 07:08:10.331548,2025-09-07 07:08:10.331552
3736,Ophrys x flavomarginata (Renz) H. Baumann & Künkele,Ophrys,x flavomarginata,,,,2025-09-07 07:08:10.371799,2025-09-07 07:08:10.371802
3737,Ophrys x floreannae (Licheri & Pani) Soca,Ophrys,x floreannae,,,,2025-09-07 07:08:10.411305,2025-09-07 07:08:10.411308
3738,Ophrys x fluminensis (Licheri & A. S. Loi) Soca,Ophrys,x fluminensis,,,,2025-09-07 07:08:10.454467,2025-09-07 07:08:10.45447
3739,Ophrys x fonsaudiensis Soca,Ophrys,x fonsaudiensis,,,,2025-09-07 07:08:10.495375,2025-09-07 07:08:10.495379
3740,Ophrys x fontechensis C. E. Hermos.,Ophrys,x fontechensis,,,,2025-09-07 07:08:10.535195,2025-09-07 07:08:10.535198
3741,Ophrys x fortosica B. Willing & E. Willing,Ophrys,x fortosica,,,,2025-09-07 07:08:10.574521,2025-09-07 07:08:10.574525
3742,Ophrys x franciniae Bianco,Ophrys,x franciniae,,,,2025-09-07 07:08:10.614171,2025-09-07 07:08:10.614174
3743,Ophrys x franginii Romolini & Soca,Ophrys,x franginii,,,,2025-09-07 07:08:10.654003,2025-09-07 07:08:10.654006
3744,Ophrys x frascae Galesi,Ophrys,x frascae,,,,2025-09-07 07:08:10.693583,2025-09-07 07:08:10.693586
3745,Ophrys x friderici D'Alonzo & Perilli,Ophrys,x friderici,,,,2025-09-07 07:08:10.732995,2025-09-07 07:08:10.732998
3746,Ophrys x galesii Soca,Ophrys,x galesii,,,,2025-09-07 07:08:10.772431,2025-09-07 07:08:10.772434
3747,Ophrys x galtelliensis Doneddu & Orru,Ophrys,x galtelliensis,,,,2025-09-07 07:08:10.82205,2025-09-07 07:08:10.822053
3748,Ophrys x gambettae Silletti & Medagli,Ophrys,x gambettae,,,,2025-09-07 07:08:10.86149,2025-09-07 07:08:10.861492
3749,Ophrys x garnierae P. Delforge,Ophrys,x garnierae,,,,2025-09-07 07:08:10.900194,2025-09-07 07:08:10.900196
3750,Ophrys x gaulosana Mifsud,Ophrys,x gaulosana,,,,2025-09-07 07:08:10.93923,2025-09-07 07:08:10.939233
3751,Ophrys x gauthieri Lièvre,Ophrys,x gauthieri,,,,2025-09-07 07:08:10.978557,2025-09-07 07:08:10.978559
3752,Ophrys x geerinckiana P. Delforge,Ophrys,x geerinckiana,,,,2025-09-07 07:08:11.017911,2025-09-07 07:08:11.017913
3753,Ophrys x gelana H. Baumann & Künkele,Ophrys,x gelana,,,,2025-09-07 07:08:11.057221,2025-09-07 07:08:11.057223
3754,Ophrys x gelmii Murr,Ophrys,x gelmii,,,,2025-09-07 07:08:11.096441,2025-09-07 07:08:11.096444
3755,Ophrys x gembardtii Soca,Ophrys,x gembardtii,,,,2025-09-07 07:08:11.136204,2025-09-07 07:08:11.136206
3756,Ophrys x giardinae Cristaudo,Ophrys,x giardinae,,,,2025-09-07 07:08:11.175342,2025-09-07 07:08:11.175344
3757,Ophrys x ginevrae Benigni,Ophrys,x ginevrae,,,,2025-09-07 07:08:11.214412,2025-09-07 07:08:11.214413
3758,Ophrys x godferyana A. Camus,Ophrys,x godferyana,,,,2025-09-07 07:08:11.254694,2025-09-07 07:08:11.254696
3759,Ophrys x goelziana H. Baumann & Künkele,Ophrys,x goelziana,,,,2025-09-07 07:08:11.293826,2025-09-07 07:08:11.293828
3760,Ophrys x goiranii Cif. & Giacom.,Ophrys,x goiranii,,,,2025-09-07 07:08:11.333009,2025-09-07 07:08:11.333012
3761,Ophrys x grafiana Soó,Ophrys,x grafiana,,,,2025-09-07 07:08:11.373449,2025-09-07 07:08:11.373453
3762,Ophrys x grampinii Cortesi,Ophrys,x grampinii,,,,2025-09-07 07:08:11.412933,2025-09-07 07:08:11.412936
3763,Ophrys x grinincensis P. Delforge,Ophrys,x grinincensis,,,,2025-09-07 07:08:11.452196,2025-09-07 07:08:11.452198
3764,Ophrys x grottagliensis P. Delforge & C. Delforge,Ophrys,x grottagliensis,,,,2025-09-07 07:08:11.491441,2025-09-07 07:08:11.491443
3765,Ophrys x grovesii (Gennaio,Ophrys,x grovesii,,,,2025-09-07 07:08:11.531483,2025-09-07 07:08:11.531486
3766,Ophrys x gumprechtiana Soó,Ophrys,x gumprechtiana,,,,2025-09-07 07:08:11.570402,2025-09-07 07:08:11.570406
3767,Ophrys x gumprechtii O. Danesch & E. Danesch,Ophrys,x gumprechtii,,,,2025-09-07 07:08:11.609688,2025-09-07 07:08:11.609691
3768,Ophrys x heraultii G. Keller ex Schrenk,Ophrys,x heraultii,,,,2025-09-07 07:08:11.656708,2025-09-07 07:08:11.656711
3769,Ophrys x hermosillae Soca & Benito,Ophrys,x hermosillae,,,,2025-09-07 07:08:11.695772,2025-09-07 07:08:11.695774
3770,Ophrys x hernandesii A. González & F. M. Vázquez,Ophrys,x hernandesii,,,,2025-09-07 07:08:11.734873,2025-09-07 07:08:11.734875
3771,Ophrys x hoeppneri Ruppert,Ophrys,x hoeppneri,,,,2025-09-07 07:08:11.773778,2025-09-07 07:08:11.773781
3772,Ophrys x holubyana András.,Ophrys,x holubyana,,,,2025-09-07 07:08:11.813048,2025-09-07 07:08:11.813052
3773,Ophrys x hybrida Pokorny ex Rchb.f.,Ophrys,x hybrida,,,,2025-09-07 07:08:11.85231,2025-09-07 07:08:11.852312
3774,Ophrys x hydruntensis O. Danesch & E. Danesch,Ophrys,x hydruntensis,,,,2025-09-07 07:08:11.890937,2025-09-07 07:08:11.890939
3775,Ophrys x incomparabilis G. Keller,Ophrys,x incomparabilis,,,,2025-09-07 07:08:11.9298,2025-09-07 07:08:11.929802
3776,Ophrys x ingaranensis Soca,Ophrys,x ingaranensis,,,,2025-09-07 07:08:11.968331,2025-09-07 07:08:11.968334
3777,Ophrys x insengae (Tod.) Nyman,Ophrys,x insengae,,,,2025-09-07 07:08:12.007218,2025-09-07 07:08:12.007222
3778,Ophrys x ioanninensis B. Willing & E. Willing,Ophrys,x ioanninensis,,,,2025-09-07 07:08:12.047258,2025-09-07 07:08:12.047261
3779,Ophrys x jacquetii Soca,Ophrys,x jacquetii,,,,2025-09-07 07:08:12.086259,2025-09-07 07:08:12.086261
3780,Ophrys x jansenii P. Delforge,Ophrys,x jansenii,,,,2025-09-07 07:08:12.125281,2025-09-07 07:08:12.125284
3781,Ophrys x japygia R. Lorenz & Gembardt,Ophrys,x japygia,,,,2025-09-07 07:08:12.164383,2025-09-07 07:08:12.164386
3782,Ophrys x jeanpertii E. G. Camus,Ophrys,x jeanpertii,,,,2025-09-07 07:08:12.203718,2025-09-07 07:08:12.203722
3783,Ophrys x joannae Maire,Ophrys,x joannae,,,,2025-09-07 07:08:12.24294,2025-09-07 07:08:12.242942
3784,Ophrys x kalteiseniana B. Baumann & H. Baumann,Ophrys,x kalteiseniana,,,,2025-09-07 07:08:12.282025,2025-09-07 07:08:12.282026
3785,Ophrys x kattaviensis Riech. & Schöb.,Ophrys,x kattaviensis,,,,2025-09-07 07:08:12.321078,2025-09-07 07:08:12.32108
3786,Ophrys x kelleri Godfery,Ophrys,x kelleri,,,,2025-09-07 07:08:12.360299,2025-09-07 07:08:12.360301
3787,Ophrys x keramesis E. Klein,Ophrys,x keramesis,,,,2025-09-07 07:08:12.399183,2025-09-07 07:08:12.399185
3788,Ophrys x kiparissensis B. Willing & E. Willing,Ophrys,x kiparissensis,,,,2025-09-07 07:08:12.438752,2025-09-07 07:08:12.438756
3789,Ophrys x kohlmuellerorum Soca,Ophrys,x kohlmuellerorum,,,,2025-09-07 07:08:12.478215,2025-09-07 07:08:12.478217
3790,Ophrys x konyana Kreutz & Ruedi Peter,Ophrys,x konyana,,,,2025-09-07 07:08:12.51745,2025-09-07 07:08:12.517452
3791,Ophrys x koseciorum Cicmir,Ophrys,x koseciorum,,,,2025-09-07 07:08:12.565417,2025-09-07 07:08:12.56542
3792,Ophrys x kozanica B. Willing & E. Willing,Ophrys,x kozanica,,,,2025-09-07 07:08:12.605925,2025-09-07 07:08:12.605928
3793,Ophrys x kreutziana P. Delforge,Ophrys,x kreutziana,,,,2025-09-07 07:08:12.646328,2025-09-07 07:08:12.646331
3794,Ophrys x kulpensis Kreutz,Ophrys,x kulpensis,,,,2025-09-07 07:08:12.685484,2025-09-07 07:08:12.685487
3795,Ophrys x kurzeorum H. Baumann,Ophrys,x kurzeorum,,,,2025-09-07 07:08:12.725419,2025-09-07 07:08:12.725423
3796,Ophrys x laconensis Scrugli & M. P. Grasso,Ophrys,x laconensis,,,,2025-09-07 07:08:12.764831,2025-09-07 07:08:12.764835
3797,Ophrys x laconica H. Baumann & Künkele,Ophrys,x laconica,,,,2025-09-07 07:08:12.804074,2025-09-07 07:08:12.804076
3798,Ophrys x larissae Benigni,Ophrys,x larissae,,,,2025-09-07 07:08:12.855427,2025-09-07 07:08:12.85543
3799,Ophrys x laureantis Galesi,Ophrys,x laureantis,,,,2025-09-07 07:08:12.894877,2025-09-07 07:08:12.89488
3800,Ophrys x laurentii (O. Danesch & E. Danesch) Soca,Ophrys,x laurentii,,,,2025-09-07 07:08:12.93424,2025-09-07 07:08:12.934242
3801,Ophrys x lebeaultii J. F. Perrin & Soca,Ophrys,x lebeaultii,,,,2025-09-07 07:08:12.972928,2025-09-07 07:08:12.972929
3802,Ophrys x lefevreana P. Delforge,Ophrys,x lefevreana,,,,2025-09-07 07:08:13.012669,2025-09-07 07:08:13.012673
3803,Ophrys x lefkarensis Segers & Walraven,Ophrys,x lefkarensis,,,,2025-09-07 07:08:13.054053,2025-09-07 07:08:13.054056
3804,Ophrys x leguerrierae P. Delforge,Ophrys,x leguerrierae,,,,2025-09-07 07:08:13.094894,2025-09-07 07:08:13.094898
3805,Ophrys x lewinii Soca,Ophrys,x lewinii,,,,2025-09-07 07:08:13.134403,2025-09-07 07:08:13.134406
3806,Ophrys x liberationis Antonetti,Ophrys,x liberationis,,,,2025-09-07 07:08:13.173673,2025-09-07 07:08:13.173675
3807,Ophrys x lievreae Maire,Ophrys,x lievreae,,,,2025-09-07 07:08:13.213057,2025-09-07 07:08:13.21306
3808,Ophrys x lioniana P. Delforge,Ophrys,x lioniana,,,,2025-09-07 07:08:13.255271,2025-09-07 07:08:13.255274
3809,Ophrys x lithinensis C. Alibertis & A. Alibertis,Ophrys,x lithinensis,,,,2025-09-07 07:08:13.294847,2025-09-07 07:08:13.29485
3810,Ophrys x littoralis J. & M. Baláz,Ophrys,x littoralis,,,,2025-09-07 07:08:13.333779,2025-09-07 07:08:13.333782
3811,Ophrys x lizzaensis Lumare,Ophrys,x lizzaensis,,,,2025-09-07 07:08:13.372948,2025-09-07 07:08:13.372951
3812,Ophrys x llenasii Sennen,Ophrys,x llenasii,,,,2025-09-07 07:08:13.412434,2025-09-07 07:08:13.412436
3813,Ophrys x loneuxiana P. Delforge,Ophrys,x loneuxiana,,,,2025-09-07 07:08:13.451384,2025-09-07 07:08:13.451386
3814,Ophrys x luciae Bisceglia & Benigni,Ophrys,x luciae,,,,2025-09-07 07:08:13.493043,2025-09-07 07:08:13.493045
3815,Ophrys x lucianiorum D'Alonzo & Perilli,Ophrys,x lucianiorum,,,,2025-09-07 07:08:13.53202,2025-09-07 07:08:13.532023
3816,Ophrys x luisae (Licheri & Napoli) Soca,Ophrys,x luisae,,,,2025-09-07 07:08:13.570806,2025-09-07 07:08:13.570808
3817,Ophrys x luizetii E. G. Camus,Ophrys,x luizetii,,,,2025-09-07 07:08:13.613305,2025-09-07 07:08:13.613308
3818,Ophrys x lumenii Soca,Ophrys,x lumenii,,,,2025-09-07 07:08:13.652852,2025-09-07 07:08:13.652854
3819,Ophrys x lupiae O. Danesch & E. Danesch,Ophrys,x lupiae,,,,2025-09-07 07:08:13.692166,2025-09-07 07:08:13.692169
3820,Ophrys x lupoi Soca,Ophrys,x lupoi,,,,2025-09-07 07:08:13.731455,2025-09-07 07:08:13.731459
3821,Ophrys x lycia Renz & Taubenheim,Ophrys,x lycia,,,,2025-09-07 07:08:13.770718,2025-09-07 07:08:13.770722
3822,Ophrys x lydia H. Baumann & Künkele,Ophrys,x lydia,,,,2025-09-07 07:08:13.81038,2025-09-07 07:08:13.810383
3823,Ophrys x macchiatii E. G. Camus,Ophrys,x macchiatii,,,,2025-09-07 07:08:13.850787,2025-09-07 07:08:13.85079
3824,Ophrys x macrostachys Renz & Taubenheim,Ophrys,x macrostachys,,,,2025-09-07 07:08:13.890499,2025-09-07 07:08:13.890502
3825,Ophrys x mahilloniana P. Delforge,Ophrys,x mahilloniana,,,,2025-09-07 07:08:13.929646,2025-09-07 07:08:13.92965
3826,Ophrys x maladroxiensis Scrugli,Ophrys,x maladroxiensis,,,,2025-09-07 07:08:13.969184,2025-09-07 07:08:13.969187
3827,Ophrys x manacorensis H. Baumann & Künkele,Ophrys,x manacorensis,,,,2025-09-07 07:08:14.007986,2025-09-07 07:08:14.007987
3828,Ophrys x manfredoniae O. Danesch & E. Danesch,Ophrys,x manfredoniae,,,,2025-09-07 07:08:14.047453,2025-09-07 07:08:14.047456
3829,Ophrys x manganaroi Soca,Ophrys,x manganaroi,,,,2025-09-07 07:08:14.086768,2025-09-07 07:08:14.086771
3830,Ophrys x mangiagessoi Cataldo & Giardina,Ophrys,x mangiagessoi,,,,2025-09-07 07:08:14.126387,2025-09-07 07:08:14.12639
3831,Ophrys x mannarica P. Delforge & C. Delforge,Ophrys,x mannarica,,,,2025-09-07 07:08:14.165748,2025-09-07 07:08:14.165751
3832,Ophrys x maremmae O. Danesch & E. Danesch,Ophrys,x maremmae,,,,2025-09-07 07:08:14.20519,2025-09-07 07:08:14.205192
3833,Ophrys x marganaiensis Licheri & Rodi,Ophrys,x marganaiensis,,,,2025-09-07 07:08:14.244303,2025-09-07 07:08:14.244306
3834,Ophrys x margheritae Silletti & Medagli,Ophrys,x margheritae,,,,2025-09-07 07:08:14.283867,2025-09-07 07:08:14.28387
3835,Ophrys x mariae F. Fohringer,Ophrys,x mariae,,,,2025-09-07 07:08:14.33541,2025-09-07 07:08:14.335413
3836,Ophrys x marialuizae D'Alonzo & Perilli,Ophrys,x marialuizae,,,,2025-09-07 07:08:14.374686,2025-09-07 07:08:14.374688
3837,Ophrys x marinoscii Ruggiero,Ophrys,x marinoscii,,,,2025-09-07 07:08:14.414144,2025-09-07 07:08:14.414147
3838,Ophrys x marmarensis H. Baumann & Künkele,Ophrys,x marmarensis,,,,2025-09-07 07:08:14.454409,2025-09-07 07:08:14.454411
3839,Ophrys x marsianii Galesi,Ophrys,x marsianii,,,,2025-09-07 07:08:14.493846,2025-09-07 07:08:14.493849
3840,Ophrys x martinae O. Gerbaud,Ophrys,x martinae,,,,2025-09-07 07:08:14.534045,2025-09-07 07:08:14.534048
3841,Ophrys x martinii O. Danesch & E. Danesch,Ophrys,x martinii,,,,2025-09-07 07:08:14.573655,2025-09-07 07:08:14.573658
3842,Ophrys x martorinae Galesi,Ophrys,x martorinae,,,,2025-09-07 07:08:14.61303,2025-09-07 07:08:14.613033
3843,Ophrys x marzensis Soca,Ophrys,x marzensis,,,,2025-09-07 07:08:14.653645,2025-09-07 07:08:14.653648
3844,Ophrys x mastii P. Delforge,Ophrys,x mastii,,,,2025-09-07 07:08:14.696208,2025-09-07 07:08:14.696211
3845,Ophrys x mattinatellae (Kohlmüller) F. M. Vázquez & A. González,Ophrys,x mattinatellae,,,,2025-09-07 07:08:14.73638,2025-09-07 07:08:14.736383
3846,Ophrys x maurensis (O. Danesch & E. Danesch) Soca,Ophrys,x maurensis,,,,2025-09-07 07:08:14.77591,2025-09-07 07:08:14.775913
3847,Ophrys x mazzolana Falci,Ophrys,x mazzolana,,,,2025-09-07 07:08:14.817597,2025-09-07 07:08:14.817601
3848,Ophrys x meanaensis Casula & Licheri,Ophrys,x meanaensis,,,,2025-09-07 07:08:14.859349,2025-09-07 07:08:14.859353
3849,Ophrys x medaglii Turco,Ophrys,x medaglii,,,,2025-09-07 07:08:14.903651,2025-09-07 07:08:14.903654
3850,Ophrys x melena (Renz) Paulus & Gack,Ophrys,x melena,,,,2025-09-07 07:08:14.943177,2025-09-07 07:08:14.94318
3851,Ophrys x messeniensis H. Baumann & Künkele,Ophrys,x messeniensis,,,,2025-09-07 07:08:14.982496,2025-09-07 07:08:14.9825
3852,Ophrys x methonensis H. Baumann & Künkele,Ophrys,x methonensis,,,,2025-09-07 07:08:15.024548,2025-09-07 07:08:15.024552
3853,Ophrys x michelae D'Alonzo,Ophrys,x michelae,,,,2025-09-07 07:08:15.065045,2025-09-07 07:08:15.065049
3854,Ophrys x minuticauda Duffort,Ophrys,x minuticauda,,,,2025-09-07 07:08:15.104402,2025-09-07 07:08:15.104405
3855,Ophrys x monachorum O. Danesch & E. Danesch,Ophrys,x monachorum,,,,2025-09-07 07:08:15.143586,2025-09-07 07:08:15.143589
3856,Ophrys x monicae La Spina,Ophrys,x monicae,,,,2025-09-07 07:08:15.184947,2025-09-07 07:08:15.18495
3857,Ophrys x monopolitana H. Baumann & Künkele,Ophrys,x monopolitana,,,,2025-09-07 07:08:15.227605,2025-09-07 07:08:15.227608
3858,Ophrys x montis-angeli O. Danesch & E. Danesch,Ophrys,x montis-angeli,,,,2025-09-07 07:08:15.267124,2025-09-07 07:08:15.267127
3859,Ophrys x montisciana J. E. Arnold,Ophrys,x montisciana,,,,2025-09-07 07:08:15.306258,2025-09-07 07:08:15.306262
3860,Ophrys x montis-brioni Perazza & Chini,Ophrys,x montis-brioni,,,,2025-09-07 07:08:15.346063,2025-09-07 07:08:15.346067
3861,Ophrys x montis-grossi Kohlmüller,Ophrys,x montis-grossi,,,,2025-09-07 07:08:15.385491,2025-09-07 07:08:15.385494
3862,Ophrys x montis-lorae Giotta & Piccitto,Ophrys,x montis-lorae,,,,2025-09-07 07:08:15.424984,2025-09-07 07:08:15.424987
3863,Ophrys x montserratensis Cadevall,Ophrys,x montserratensis,,,,2025-09-07 07:08:15.464293,2025-09-07 07:08:15.464296
3864,Ophrys x moreana H. Baumann & Künkele,Ophrys,x moreana,,,,2025-09-07 07:08:15.50357,2025-09-07 07:08:15.503574
3865,Ophrys x morellensis O. Danesch & E. Danesch,Ophrys,x morellensis,,,,2025-09-07 07:08:15.542885,2025-09-07 07:08:15.542889
3866,Ophrys x morensis Giotta & Piccitto,Ophrys,x morensis,,,,2025-09-07 07:08:15.582343,2025-09-07 07:08:15.582346
3867,Ophrys x moscardiniorum Battagl.,Ophrys,x moscardiniorum,,,,2025-09-07 07:08:15.625398,2025-09-07 07:08:15.625402
3868,Ophrys x moscatoi Benigni,Ophrys,x moscatoi,,,,2025-09-07 07:08:15.66466,2025-09-07 07:08:15.664668
3869,Ophrys x motolesensis Soca,Ophrys,x motolesensis,,,,2025-09-07 07:08:15.703527,2025-09-07 07:08:15.70353
3870,Ophrys x muellneri H. Fleischm.,Ophrys,x muellneri,,,,2025-09-07 07:08:15.742461,2025-09-07 07:08:15.742463
3871,Ophrys x murgettensis (Soca) Soca,Ophrys,x murgettensis,,,,2025-09-07 07:08:15.785834,2025-09-07 07:08:15.785837
3872,Ophrys x nardonei Lumare,Ophrys,x nardonei,,,,2025-09-07 07:08:15.824853,2025-09-07 07:08:15.824857
3873,Ophrys x necropolitana H. Baumann & Künkele,Ophrys,x necropolitana,,,,2025-09-07 07:08:15.864067,2025-09-07 07:08:15.86407
3874,Ophrys x nelsonii Contré & Delamain,Ophrys,x nelsonii,,,,2025-09-07 07:08:15.905162,2025-09-07 07:08:15.905167
3875,Ophrys x nemorosa Gölz,Ophrys,x nemorosa,,,,2025-09-07 07:08:15.944922,2025-09-07 07:08:15.944925
3876,Ophrys x neocamusii Godfery,Ophrys,x neocamusii,,,,2025-09-07 07:08:15.984509,2025-09-07 07:08:15.984512
3877,Ophrys x neowalteri A. Camus,Ophrys,x neowalteri,,,,2025-09-07 07:08:16.024319,2025-09-07 07:08:16.024322
3878,Ophrys x nicolae Q. G. Manni,Ophrys,x nicolae,,,,2025-09-07 07:08:16.066715,2025-09-07 07:08:16.066719
3879,Ophrys x nicosiana H. Baumann & Künkele,Ophrys,x nicosiana,,,,2025-09-07 07:08:16.11239,2025-09-07 07:08:16.112393
3880,Ophrys x nittiana Perilli & Biagioli,Ophrys,x nittiana,,,,2025-09-07 07:08:16.151484,2025-09-07 07:08:16.151488
3881,Ophrys x nociana (H. Baumann & Künkele) Soca,Ophrys,x nociana,,,,2025-09-07 07:08:16.190982,2025-09-07 07:08:16.190986
3882,Ophrys x normanii J. J. Wood,Ophrys,x normanii,,,,2025-09-07 07:08:16.23136,2025-09-07 07:08:16.231363
3883,Ophrys x notabilis Renz & Taubenheim,Ophrys,x notabilis,,,,2025-09-07 07:08:16.271141,2025-09-07 07:08:16.271144
3884,Ophrys x nouletii E. G. Camus,Ophrys,x nouletii,,,,2025-09-07 07:08:16.310727,2025-09-07 07:08:16.31073
3885,Ophrys x olbiensis E. G. Camus,Ophrys,x olbiensis,,,,2025-09-07 07:08:16.35042,2025-09-07 07:08:16.350423
3886,Ophrys x olostensis O. Danesch & E. Danesch,Ophrys,x olostensis,,,,2025-09-07 07:08:16.389903,2025-09-07 07:08:16.389906
3887,Ophrys x onckelinxiae P. Delforge,Ophrys,x onckelinxiae,,,,2025-09-07 07:08:16.431405,2025-09-07 07:08:16.431408
3888,Ophrys x orestei Pacifico,Ophrys,x orestei,,,,2025-09-07 07:08:16.47053,2025-09-07 07:08:16.470533
3889,Ophrys x orrui Licheri,Ophrys,x orrui,,,,2025-09-07 07:08:16.509293,2025-09-07 07:08:16.509295
3890,Ophrys x ozantina Gennaio,Ophrys,x ozantina,,,,2025-09-07 07:08:16.548828,2025-09-07 07:08:16.548829
3891,Ophrys x pagliae Perilli,Ophrys,x pagliae,,,,2025-09-07 07:08:16.587622,2025-09-07 07:08:16.587623
3892,Ophrys x painiana P. Delforge,Ophrys,x painiana,,,,2025-09-07 07:08:16.626675,2025-09-07 07:08:16.626677
3893,Ophrys x palladinoi Soca,Ophrys,x palladinoi,,,,2025-09-07 07:08:16.675275,2025-09-07 07:08:16.675278
3894,Ophrys x panattensis Scrugli,Ophrys,x panattensis,,,,2025-09-07 07:08:16.714601,2025-09-07 07:08:16.714603
3895,Ophrys x pano-lefkaron Bourdon,Ophrys,x pano-lefkaron,,,,2025-09-07 07:08:16.754066,2025-09-07 07:08:16.754068
3896,Ophrys x pantalicae Bartolo & Pulv.,Ophrys,x pantalicae,,,,2025-09-07 07:08:16.793971,2025-09-07 07:08:16.793975
3897,Ophrys x pantaliciensis Kohlmüller,Ophrys,x pantaliciensis,,,,2025-09-07 07:08:16.834813,2025-09-07 07:08:16.834817
3898,Ophrys x pantarosae Silletti & Medagli,Ophrys,x pantarosae,,,,2025-09-07 07:08:16.87477,2025-09-07 07:08:16.874773
3899,Ophrys x paphosiana H. Baumann & Künkele,Ophrys,x paphosiana,,,,2025-09-07 07:08:16.913655,2025-09-07 07:08:16.913658
3900,Ophrys x pardui Giotta & Piccitto,Ophrys,x pardui,,,,2025-09-07 07:08:16.952895,2025-09-07 07:08:16.952899
3901,Ophrys x parenzani Medagli,Ophrys,x parenzani,,,,2025-09-07 07:08:16.992459,2025-09-07 07:08:16.992462
3902,Ophrys x paringianensis Licheri & Napoli,Ophrys,x paringianensis,,,,2025-09-07 07:08:17.031653,2025-09-07 07:08:17.031656
3903,Ophrys x passalacquae Silletti & Medagli,Ophrys,x passalacquae,,,,2025-09-07 07:08:17.07845,2025-09-07 07:08:17.078454
3904,Ophrys x pauliana C. Alibertis & A. Alibertis,Ophrys,x pauliana,,,,2025-09-07 07:08:17.117601,2025-09-07 07:08:17.117605
3905,Ophrys x pavonei D'Alonzo & Perilli,Ophrys,x pavonei,,,,2025-09-07 07:08:17.157569,2025-09-07 07:08:17.157572
3906,Ophrys x peloponnesiaca O. Danesch & E. Danesch,Ophrys,x peloponnesiaca,,,,2025-09-07 07:08:17.196402,2025-09-07 07:08:17.196404
3907,Ophrys x peltieri Maire,Ophrys,x peltieri,,,,2025-09-07 07:08:17.237442,2025-09-07 07:08:17.237445
3908,Ophrys x perillii Romolini & Soca,Ophrys,x perillii,,,,2025-09-07 07:08:17.276832,2025-09-07 07:08:17.276836
3909,Ophrys x permutata O. Danesch & E. Danesch,Ophrys,x permutata,,,,2025-09-07 07:08:17.318462,2025-09-07 07:08:17.318466
3910,Ophrys x personei Cortesi,Ophrys,x personei,,,,2025-09-07 07:08:17.357752,2025-09-07 07:08:17.357754
3911,Ophrys x perspicua Renz & Taubenheim,Ophrys,x perspicua,,,,2025-09-07 07:08:17.396927,2025-09-07 07:08:17.39693
3912,Ophrys x pescolusae Gennaio & Medagli,Ophrys,x pescolusae,,,,2025-09-07 07:08:17.437741,2025-09-07 07:08:17.437744
3913,Ophrys x pesseiae P. Delforge,Ophrys,x pesseiae,,,,2025-09-07 07:08:17.476834,2025-09-07 07:08:17.476836
3914,Ophrys x peteri Steffan,Ophrys,x peteri,,,,2025-09-07 07:08:17.515862,2025-09-07 07:08:17.515864
3915,Ophrys x petrettii (D'Alonzo & Perilli) Soca,Ophrys,x petrettii,,,,2025-09-07 07:08:17.554843,2025-09-07 07:08:17.554845
3916,Ophrys x philippi Gren.,Ophrys,x philippi,,,,2025-09-07 07:08:17.593739,2025-09-07 07:08:17.59374
3917,Ophrys x pietzschii Kümpel ex Rumsey & H. J. Crouch,Ophrys,x pietzschii,,,,2025-09-07 07:08:17.632923,2025-09-07 07:08:17.632925
3918,Ophrys x piscinica P. Delforge & C. Delforge,Ophrys,x piscinica,,,,2025-09-07 07:08:17.671627,2025-09-07 07:08:17.671628
3919,Ophrys x pizzigalloi D'Alonzo & Perilli,Ophrys,x pizzigalloi,,,,2025-09-07 07:08:17.710622,2025-09-07 07:08:17.710624
3920,Ophrys x pizzulensis Soca,Ophrys,x pizzulensis,,,,2025-09-07 07:08:17.749637,2025-09-07 07:08:17.74964
3921,Ophrys x placotica B. Willing & E. Willing,Ophrys,x placotica,,,,2025-09-07 07:08:17.788236,2025-09-07 07:08:17.788237
3922,Ophrys x plorae C. Alibertis & A. Alibertis,Ophrys,x plorae,,,,2025-09-07 07:08:17.826844,2025-09-07 07:08:17.826846
3923,Ophrys x poisnelae Menos,Ophrys,x poisnelae,,,,2025-09-07 07:08:17.865737,2025-09-07 07:08:17.86574
3924,Ophrys x pourteiniae J. M. Mathé,Ophrys,x pourteiniae,,,,2025-09-07 07:08:17.905771,2025-09-07 07:08:17.905774
3925,Ophrys x pouyannei Maire,Ophrys,x pouyannei,,,,2025-09-07 07:08:17.944682,2025-09-07 07:08:17.944684
3926,Ophrys x praemelena S. Hertel & Presser,Ophrys,x praemelena,,,,2025-09-07 07:08:17.983437,2025-09-07 07:08:17.98344
3927,Ophrys x pseudaranifera Murr,Ophrys,x pseudaranifera,,,,2025-09-07 07:08:18.022526,2025-09-07 07:08:18.022529
3928,Ophrys x pseudoapifera Caldesi,Ophrys,x pseudoapifera,,,,2025-09-07 07:08:18.061982,2025-09-07 07:08:18.061984
3929,Ophrys x pseudobertolonii Murr,Ophrys,x pseudobertolonii,,,,2025-09-07 07:08:18.101216,2025-09-07 07:08:18.101219
3930,Ophrys x pseudofusca Albert & E. G. Camus,Ophrys,x pseudofusca,,,,2025-09-07 07:08:18.143746,2025-09-07 07:08:18.143749
3931,Ophrys x pseudomammosa Renz,Ophrys,x pseudomammosa,,,,2025-09-07 07:08:18.183406,2025-09-07 07:08:18.18341
3932,Ophrys x pseudoquadriloba Renz,Ophrys,x pseudoquadriloba,,,,2025-09-07 07:08:18.22314,2025-09-07 07:08:18.223142
3933,Ophrys x pseudospeculum DC.,Ophrys,x pseudospeculum,,,,2025-09-07 07:08:18.262328,2025-09-07 07:08:18.26233
3934,Ophrys x pugliana H. Baumann & Künkele,Ophrys,x pugliana,,,,2025-09-07 07:08:18.30187,2025-09-07 07:08:18.301873
3935,Ophrys x pulcherrima Lumare,Ophrys,x pulcherrima,,,,2025-09-07 07:08:18.34348,2025-09-07 07:08:18.343483
3936,Ophrys x pulchra E. G. Camus,Ophrys,x pulchra,,,,2025-09-07 07:08:18.385987,2025-09-07 07:08:18.38599
3937,Ophrys x quadriloba (Rchb.f.) E. G. Camus,Ophrys,x quadriloba,,,,2025-09-07 07:08:18.425254,2025-09-07 07:08:18.425256
3938,Ophrys x quintartiana P. Delforge,Ophrys,x quintartiana,,,,2025-09-07 07:08:18.464438,2025-09-07 07:08:18.464441
3939,Ophrys x rabautei Soca,Ophrys,x rabautei,,,,2025-09-07 07:08:18.506763,2025-09-07 07:08:18.506766
3940,Ophrys x ragonesii (Galesi & R. Lorenz) Soca,Ophrys,x ragonesii,,,,2025-09-07 07:08:18.546137,2025-09-07 07:08:18.54614
3941,Ophrys x ragusana H. Baumann & Künkele,Ophrys,x ragusana,,,,2025-09-07 07:08:18.585371,2025-09-07 07:08:18.585373
3942,Ophrys x raimbaultii Soca,Ophrys,x raimbaultii,,,,2025-09-07 07:08:18.624601,2025-09-07 07:08:18.624604
3943,Ophrys x rainei Albert & Jahand.,Ophrys,x rainei,,,,2025-09-07 07:08:18.663827,2025-09-07 07:08:18.66383
3944,Ophrys x rasbachii Eberle,Ophrys,x rasbachii,,,,2025-09-07 07:08:18.702831,2025-09-07 07:08:18.702834
3945,Ophrys x rasettii W. Rossi & Minut.,Ophrys,x rasettii,,,,2025-09-07 07:08:18.742258,2025-09-07 07:08:18.742261
3946,Ophrys x raynaudii P. Delforge,Ophrys,x raynaudii,,,,2025-09-07 07:08:18.782595,2025-09-07 07:08:18.782598
3947,Ophrys x rechingeri Soó,Ophrys,x rechingeri,,,,2025-09-07 07:08:18.840857,2025-09-07 07:08:18.840859
3948,Ophrys x redliorum F. Fohringer,Ophrys,x redliorum,,,,2025-09-07 07:08:18.885513,2025-09-07 07:08:18.885515
3949,Ophrys x regis-minois Halx,Ophrys,x regis-minois,,,,2025-09-07 07:08:18.927804,2025-09-07 07:08:18.927807
3950,Ophrys x reinhardiana H. Baumann & Künkele,Ophrys,x reinhardiana,,,,2025-09-07 07:08:18.971418,2025-09-07 07:08:18.971422
3951,Ophrys x renatafontae (Gennaio,Ophrys,x renatafontae,,,,2025-09-07 07:08:19.011339,2025-09-07 07:08:19.011342
3952,Ophrys x resurrecta O. Danesch & E. Danesch,Ophrys,x resurrecta,,,,2025-09-07 07:08:19.051241,2025-09-07 07:08:19.051244
3953,Ophrys x rhenana H. Baumann,Ophrys,x rhenana,,,,2025-09-07 07:08:19.09159,2025-09-07 07:08:19.091592
3954,Ophrys x rhodi G. Frey & G. Keller,Ophrys,x rhodi,,,,2025-09-07 07:08:19.136624,2025-09-07 07:08:19.136627
3955,Ophrys x robertidarum (D'Alonzo & Perilli) Soca,Ophrys,x robertidarum,,,,2025-09-07 07:08:19.177047,2025-09-07 07:08:19.17705
3956,Ophrys x rodii Licheri & Napoli,Ophrys,x rodii,,,,2025-09-07 07:08:19.225173,2025-09-07 07:08:19.225176
3957,Ophrys x romanoi D'Alonzo & Perilli,Ophrys,x romanoi,,,,2025-09-07 07:08:19.266046,2025-09-07 07:08:19.26605
3958,Ophrys x rossiniae Medagli & Turco,Ophrys,x rossiniae,,,,2025-09-07 07:08:19.308517,2025-09-07 07:08:19.30852
3959,Ophrys x royanensis M. Gerbaud,Ophrys,x royanensis,,,,2025-09-07 07:08:19.348194,2025-09-07 07:08:19.348197
3960,Ophrys x russonensis H. Baumann & Künkele,Ophrys,x russonensis,,,,2025-09-07 07:08:19.387245,2025-09-07 07:08:19.387247
3961,Ophrys x saintenoy-simoniana P. Delforge,Ophrys,x saintenoy-simoniana,,,,2025-09-07 07:08:19.436107,2025-09-07 07:08:19.436111
3962,Ophrys x salapiensis Serafino,Ophrys,x salapiensis,,,,2025-09-07 07:08:19.475339,2025-09-07 07:08:19.475342
3963,Ophrys x salentina O. Danesch & E. Danesch,Ophrys,x salentina,,,,2025-09-07 07:08:19.514864,2025-09-07 07:08:19.514867
3964,Ophrys x salvatoris O. Danesch & E. Danesch,Ophrys,x salvatoris,,,,2025-09-07 07:08:19.555241,2025-09-07 07:08:19.555244
3965,Ophrys x sanconoensis M. Peterek & Vollmar,Ophrys,x sanconoensis,,,,2025-09-07 07:08:19.594812,2025-09-07 07:08:19.594815
3966,Ophrys x sanctae-sofiae M. P. Grasso & Liverani,Ophrys,x sanctae-sofiae,,,,2025-09-07 07:08:19.633895,2025-09-07 07:08:19.633897
3967,Ophrys x sancti-leonardi O. Danesch & E. Danesch,Ophrys,x sancti-leonardi,,,,2025-09-07 07:08:19.672863,2025-09-07 07:08:19.672865
3968,Ophrys x sancti-ligorii S. Serafino,Ophrys,x sancti-ligorii,,,,2025-09-07 07:08:19.711696,2025-09-07 07:08:19.711698
3969,Ophrys x sanctimarci Perilli,Ophrys,x sanctimarci,,,,2025-09-07 07:08:19.750588,2025-09-07 07:08:19.750591
3970,Ophrys x sandrae Sardu,Ophrys,x sandrae,,,,2025-09-07 07:08:19.791577,2025-09-07 07:08:19.791589
3971,Ophrys x sansimonensis Soca,Ophrys,x sansimonensis,,,,2025-09-07 07:08:19.836217,2025-09-07 07:08:19.83622
3972,Ophrys x santeliana Benigni,Ophrys,x santeliana,,,,2025-09-07 07:08:19.875252,2025-09-07 07:08:19.875254
3973,Ophrys x santeramana Silletti & Medagli,Ophrys,x santeramana,,,,2025-09-07 07:08:19.914338,2025-09-07 07:08:19.91434
3974,Ophrys x saratoi E. G. Camus,Ophrys,x saratoi,,,,2025-09-07 07:08:19.952975,2025-09-07 07:08:19.952977
3975,Ophrys x sardicola Soca,Ophrys,x sardicola,,,,2025-09-07 07:08:19.992607,2025-09-07 07:08:19.99261
3976,Ophrys x sardoa (Licheri) comb. ined.,Ophrys,x sardoa,,,,2025-09-07 07:08:20.033298,2025-09-07 07:08:20.033301
3977,Ophrys x saskiana (Läpple) comb. ined.,Ophrys,x saskiana,,,,2025-09-07 07:08:20.07373,2025-09-07 07:08:20.073734
3978,Ophrys x sassettae Romolini & Soca,Ophrys,x sassettae,,,,2025-09-07 07:08:20.112727,2025-09-07 07:08:20.112729
3979,Ophrys x scheriana Riech.,Ophrys,x scheriana,,,,2025-09-07 07:08:20.153393,2025-09-07 07:08:20.153396
3980,Ophrys x schlechteriana Soó,Ophrys,x schlechteriana,,,,2025-09-07 07:08:20.195042,2025-09-07 07:08:20.195045
3981,Ophrys x scontusiana Licheri & Biagioli,Ophrys,x scontusiana,,,,2025-09-07 07:08:20.234524,2025-09-07 07:08:20.234527
3982,Ophrys x selinensis Blatt & Hertel,Ophrys,x selinensis,,,,2025-09-07 07:08:20.27406,2025-09-07 07:08:20.274063
3983,Ophrys x semibombyliflora Bergon & E. G. Camus,Ophrys,x semibombyliflora,,,,2025-09-07 07:08:20.317461,2025-09-07 07:08:20.317464
3984,Ophrys x sherdaniana Licheri & Biagioli,Ophrys,x sherdaniana,,,,2025-09-07 07:08:20.356879,2025-09-07 07:08:20.356883
3985,Ophrys x sicana H. Baumann & Künkele,Ophrys,x sicana,,,,2025-09-07 07:08:20.396472,2025-09-07 07:08:20.396475
3986,Ophrys x sienaertiana P. Delforge,Ophrys,x sienaertiana,,,,2025-09-07 07:08:20.435988,2025-09-07 07:08:20.43599
3987,Ophrys x silvanae Lumare & Medagli,Ophrys,x silvanae,,,,2025-09-07 07:08:20.475409,2025-09-07 07:08:20.475412
3988,Ophrys x simica C. Keitel & W. Remm,Ophrys,x simica,,,,2025-09-07 07:08:20.516382,2025-09-07 07:08:20.516385
3989,Ophrys x sini-leonis Licheri & Biagioli,Ophrys,x sini-leonis,,,,2025-09-07 07:08:20.555845,2025-09-07 07:08:20.555847
3990,Ophrys x sitiaca Paulus,Ophrys,x sitiaca,,,,2025-09-07 07:08:20.59518,2025-09-07 07:08:20.595184
3991,Ophrys x sivana H. Baumann & Künkele,Ophrys,x sivana,,,,2025-09-07 07:08:20.640323,2025-09-07 07:08:20.640326
3992,Ophrys x skopelii Renz,Ophrys,x skopelii,,,,2025-09-07 07:08:20.680142,2025-09-07 07:08:20.680145
3993,Ophrys x soller M. Henkel,Ophrys,x soller,,,,2025-09-07 07:08:20.719823,2025-09-07 07:08:20.719826
3994,Ophrys x sommieri E. G. Camus,Ophrys,x sommieri,,,,2025-09-07 07:08:20.760019,2025-09-07 07:08:20.760022
3995,Ophrys x sooi A. Fuchs,Ophrys,x sooi,,,,2025-09-07 07:08:20.799267,2025-09-07 07:08:20.799271
3996,Ophrys x sorrentinoi Lojac.,Ophrys,x sorrentinoi,,,,2025-09-07 07:08:20.840673,2025-09-07 07:08:20.840675
3997,Ophrys x souchei (R. Martin & Véla) P. Delforge,Ophrys,x souchei,,,,2025-09-07 07:08:20.880988,2025-09-07 07:08:20.880992
3998,Ophrys x souliei Soca,Ophrys,x souliei,,,,2025-09-07 07:08:20.923184,2025-09-07 07:08:20.923187
3999,Ophrys x spanui P. Delforge,Ophrys,x spanui,,,,2025-09-07 07:08:20.962637,2025-09-07 07:08:20.962639
4000,Ophrys x sphaciotica H. Fleischm.,Ophrys,x sphaciotica,,,,2025-09-07 07:08:21.001808,2025-09-07 07:08:21.001811
4001,Ophrys x spuria G. Keller ex Reinhard,Ophrys,x spuria,,,,2025-09-07 07:08:21.041415,2025-09-07 07:08:21.041418
4002,Ophrys x staraleana (D'Alonzo & Perilli) Soca,Ophrys,x staraleana,,,,2025-09-07 07:08:21.094713,2025-09-07 07:08:21.094715
4003,Ophrys x stefaniae G. Kretzschmar & H. Kretzschmar,Ophrys,x stefaniae,,,,2025-09-07 07:08:21.143034,2025-09-07 07:08:21.143047
4004,Ophrys x sterzae Romolini & Soca,Ophrys,x sterzae,,,,2025-09-07 07:08:21.182332,2025-09-07 07:08:21.182335
4005,Ophrys x subertana Battagl.,Ophrys,x subertana,,,,2025-09-07 07:08:21.223755,2025-09-07 07:08:21.223758
4006,Ophrys x sulcitana Scrugli,Ophrys,x sulcitana,,,,2025-09-07 07:08:21.267449,2025-09-07 07:08:21.267452
4007,Ophrys x sulphurea Gennaio & Medagli,Ophrys,x sulphurea,,,,2025-09-07 07:08:21.307676,2025-09-07 07:08:21.307678
4008,Ophrys x sundermanniana O. Danesch & E. Danesch,Ophrys,x sundermanniana,,,,2025-09-07 07:08:21.349725,2025-09-07 07:08:21.349728
4009,Ophrys x surdi O. Danesch & E. Danesch,Ophrys,x surdi,,,,2025-09-07 07:08:21.393426,2025-09-07 07:08:21.39343
4010,Ophrys x syracusana O. Danesch & E. Danesch,Ophrys,x syracusana,,,,2025-09-07 07:08:21.436251,2025-09-07 07:08:21.436254
4011,Ophrys x tardans O. Danesch & E. Danesch,Ophrys,x tardans,,,,2025-09-07 07:08:21.475811,2025-09-07 07:08:21.475813
4012,Ophrys x tavignanensis H. Mathé,Ophrys,x tavignanensis,,,,2025-09-07 07:08:21.515353,2025-09-07 07:08:21.515356
4013,Ophrys x telchinensis Riech.,Ophrys,x telchinensis,,,,2025-09-07 07:08:21.555057,2025-09-07 07:08:21.555061
4014,Ophrys x teresae Soca,Ophrys,x teresae,,,,2025-09-07 07:08:21.59432,2025-09-07 07:08:21.594322
4015,Ophrys x terrae-laboris W. Rossi & Minut.,Ophrys,x terrae-laboris,,,,2025-09-07 07:08:21.633875,2025-09-07 07:08:21.633878
4016,Ophrys x tisserandii Lamaurt,Ophrys,x tisserandii,,,,2025-09-07 07:08:21.677857,2025-09-07 07:08:21.67786
4017,Ophrys x todaroana Macch.,Ophrys,x todaroana,,,,2025-09-07 07:08:21.718312,2025-09-07 07:08:21.718316
4018,Ophrys x torcalensis Ballerini,Ophrys,x torcalensis,,,,2025-09-07 07:08:21.757729,2025-09-07 07:08:21.757732
4019,Ophrys x toussaintiana P. Delforge,Ophrys,x toussaintiana,,,,2025-09-07 07:08:21.797016,2025-09-07 07:08:21.797019
4020,Ophrys x triadensis G. Kretzschmar & H. Kretzschmar,Ophrys,x triadensis,,,,2025-09-07 07:08:21.836503,2025-09-07 07:08:21.836507
4021,Ophrys x triquetra Soca,Ophrys,x triquetra,,,,2025-09-07 07:08:21.878013,2025-09-07 07:08:21.878016
4022,Ophrys x trullana H. Baumann & Künkele,Ophrys,x trullana,,,,2025-09-07 07:08:21.917187,2025-09-07 07:08:21.917191
4023,Ophrys x tumentia Mifsud,Ophrys,x tumentia,,,,2025-09-07 07:08:21.956281,2025-09-07 07:08:21.956285
4024,Ophrys x turcoi Silletti & Medagli,Ophrys,x turcoi,,,,2025-09-07 07:08:21.995968,2025-09-07 07:08:21.99597
4025,Ophrys x turiana J. E. Arnold,Ophrys,x turiana,,,,2025-09-07 07:08:22.035404,2025-09-07 07:08:22.035407
4026,Ophrys x turrica R. Lorenz & Gembardt,Ophrys,x turrica,,,,2025-09-07 07:08:22.085419,2025-09-07 07:08:22.085422
4027,Ophrys x turris-veneris S. Serafino,Ophrys,x turris-veneris,,,,2025-09-07 07:08:22.124837,2025-09-07 07:08:22.124841
4028,Ophrys x turrium Kohlmüller,Ophrys,x turrium,,,,2025-09-07 07:08:22.165257,2025-09-07 07:08:22.165261
4029,Ophrys x valdevariabilis O. Danesch & E. Danesch,Ophrys,x valdevariabilis,,,,2025-09-07 07:08:22.205346,2025-09-07 07:08:22.205349
4030,Ophrys x vallis-costae Kümpel,Ophrys,x vallis-costae,,,,2025-09-07 07:08:22.244619,2025-09-07 07:08:22.244621
4031,Ophrys x valparmensis J. J. Wood,Ophrys,x valparmensis,,,,2025-09-07 07:08:22.284284,2025-09-07 07:08:22.284287
4032,Ophrys x vamvakiae Kohlmüller,Ophrys,x vamvakiae,,,,2025-09-07 07:08:22.323998,2025-09-07 07:08:22.324001
4033,Ophrys x vanlookeniana P. Delforge,Ophrys,x vanlookeniana,,,,2025-09-07 07:08:22.363374,2025-09-07 07:08:22.363376
4034,Ophrys x varolae Lumare,Ophrys,x varolae,,,,2025-09-07 07:08:22.403005,2025-09-07 07:08:22.403007
4035,Ophrys x varvarae Faller & Kreutz,Ophrys,x varvarae,,,,2025-09-07 07:08:22.442339,2025-09-07 07:08:22.442342
4036,Ophrys x venusiana H. Baumann & Künkele,Ophrys,x venusiana,,,,2025-09-07 07:08:22.485245,2025-09-07 07:08:22.485259
4037,Ophrys x vereeckeniana P. Delforge,Ophrys,x vereeckeniana,,,,2025-09-07 07:08:22.525352,2025-09-07 07:08:22.525355
4038,Ophrys x vernonensis O. Danesch & E. Danesch,Ophrys,x vernonensis,,,,2025-09-07 07:08:22.569897,2025-09-07 07:08:22.5699
4039,Ophrys x vespertilio W. Rossi & Contorni,Ophrys,x vespertilio,,,,2025-09-07 07:08:22.610693,2025-09-07 07:08:22.610697
4040,Ophrys x vicina ssp. vicina Duffort,Ophrys,x vicina,,,,2025-09-07 07:08:22.650066,2025-09-07 07:08:22.650069
4041,Ophrys x vicina ssp. corriasiana H. Baumann,Ophrys,x vicina,,,,2025-09-07 07:08:22.689435,2025-09-07 07:08:22.689438
4042,Ophrys x viglioneorum P. Delforge,Ophrys,x viglioneorum,,,,2025-09-07 07:08:22.728969,2025-09-07 07:08:22.728973
4043,Ophrys x vittoriana H. Baumann & Künkele,Ophrys,x vittoriana,,,,2025-09-07 07:08:22.768195,2025-09-07 07:08:22.768197
4044,Ophrys x vogatsica B. Willing & E. Willing,Ophrys,x vogatsica,,,,2025-09-07 07:08:22.806959,2025-09-07 07:08:22.80696
4045,Ophrys x waldmanniana Soó,Ophrys,x waldmanniana,,,,2025-09-07 07:08:22.846248,2025-09-07 07:08:22.846251
4046,Ophrys x warwarensis H. Baumann & Künkele,Ophrys,x warwarensis,,,,2025-09-07 07:08:22.885589,2025-09-07 07:08:22.885591
4047,Ophrys x yvonnae H. Dekker,Ophrys,x yvonnae,,,,2025-09-07 07:08:22.924517,2025-09-07 07:08:22.924519
4048,Ophrys x zeresiorum (D'Alonzo & Perilli) Soca,Ophrys,x zeresiorum,,,,2025-09-07 07:08:22.963521,2025-09-07 07:08:22.963523
4049,Serapias L.,Serapias,L.,,,,2025-09-07 07:08:23.003558,2025-09-07 07:08:23.003561
4050,Serapias bergonii E. G. Camus,Serapias,bergonii E.,,,,2025-09-07 07:08:23.043751,2025-09-07 07:08:23.043754
4051,Serapias cordigera ssp. cordigera L.,Serapias,cordigera ssp.,,,,2025-09-07 07:08:23.082932,2025-09-07 07:08:23.082935
4052,Serapias cordigera ssp. azorica (Schltr.) Soó,Serapias,cordigera ssp.,,,,2025-09-07 07:08:23.121596,2025-09-07 07:08:23.121597
4053,Serapias cordigera ssp. cossyrensis (B. Baumann & H. Baumann) Kreutz,Serapias,cordigera ssp.,,,,2025-09-07 07:08:23.160299,2025-09-07 07:08:23.160301
4054,Serapias cordigera ssp. cretica B. Baumann & H. Baumann,Serapias,cordigera ssp.,,,,2025-09-07 07:08:23.199512,2025-09-07 07:08:23.199515
4055,Serapias cordigera ssp. gentilii C. Venhuis,Serapias,cordigera ssp.,,,,2025-09-07 07:08:23.240447,2025-09-07 07:08:23.240451
4056,Serapias cordigera ssp. lorenziana (H. Baumann & Künkele) Kreutz,Serapias,cordigera ssp.,,,,2025-09-07 07:08:23.280266,2025-09-07 07:08:23.280271
4057,Serapias cordigera ssp. lucana R. Lorenz & V. A. Romano,Serapias,cordigera ssp.,,,,2025-09-07 07:08:23.319312,2025-09-07 07:08:23.319315
4058,Serapias cordigera ssp. occidentalis (C. Venhuis & P. Venhuis) comb. ined.,Serapias,cordigera ssp.,,,,2025-09-07 07:08:23.358745,2025-09-07 07:08:23.358749
4059,Serapias lingua ssp. lingua L.,Serapias,lingua ssp.,,,,2025-09-07 07:08:23.398028,2025-09-07 07:08:23.398031
4060,Serapias lingua ssp. oranensis Kreutz,Serapias,lingua ssp.,,,,2025-09-07 07:08:23.436891,2025-09-07 07:08:23.436893
4061,Serapias lingua ssp. stenopetala (Maire & T. Stephenson) Maire & A. Weiller,Serapias,lingua ssp.,,,,2025-09-07 07:08:23.475832,2025-09-07 07:08:23.475834
4062,Serapias lingua ssp. tunetana B. Baumann & H. Baumann,Serapias,lingua ssp.,,,,2025-09-07 07:08:23.514981,2025-09-07 07:08:23.514984
4063,Serapias neglecta ssp. neglecta De Not.,Serapias,neglecta ssp.,,,,2025-09-07 07:08:23.555164,2025-09-07 07:08:23.555168
4064,Serapias neglecta ssp. ionica E. Nelson,Serapias,neglecta ssp.,,,,2025-09-07 07:08:23.595789,2025-09-07 07:08:23.595793
4065,Serapias neglecta ssp. istriaca (Perko) H. Baumann & R. Lorenz,Serapias,neglecta ssp.,,,,2025-09-07 07:08:23.635001,2025-09-07 07:08:23.635003
4066,Serapias nurrica Corrias,Serapias,nurrica Corrias,,,,2025-09-07 07:08:23.674389,2025-09-07 07:08:23.674392
4067,Serapias nurrica Corrias var. santuingensis Senis,Serapias,nurrica Corrias,,,,2025-09-07 07:08:23.71359,2025-09-07 07:08:23.713593
4068,Serapias olbia Verg.,Serapias,olbia Verg.,,,,2025-09-07 07:08:23.752379,2025-09-07 07:08:23.752381
4069,Serapias olbia Verg. var. gregaria (Godfery) E. Nelson,Serapias,olbia Verg.,,,,2025-09-07 07:08:23.799997,2025-09-07 07:08:23.800001
4070,Serapias orientalis ssp. orientalis (Greuter) H. Baumann & Künkele,Serapias,orientalis ssp.,,,,2025-09-07 07:08:23.842422,2025-09-07 07:08:23.842425
4071,Serapias orientalis var. spaethiae P. Delforge,Serapias,orientalis,,,,2025-09-07 07:08:23.883438,2025-09-07 07:08:23.88344
4072,Serapias orientalis var. patmia (M. Hirth & H. Spaeth) comb. ined.,Serapias,orientalis,,,,2025-09-07 07:08:23.92246,2025-09-07 07:08:23.922463
4073,Serapias orientalis ssp. apulica H. Baumann & Künkele,Serapias,orientalis ssp.,,,,2025-09-07 07:08:23.961482,2025-09-07 07:08:23.961484
4074,Serapias orientalis var. siciliensis (Bartolo & Pulv.) P. Delforge,Serapias,orientalis,,,,2025-09-07 07:08:24.000318,2025-09-07 07:08:24.000321
4075,Serapias orientalis ssp. carica H. Baumann & Künkele,Serapias,orientalis ssp.,,,,2025-09-07 07:08:24.039564,2025-09-07 07:08:24.039566
4076,Serapias orientalis ssp. cycladum (H. Baumann & Künkele) Kreutz,Serapias,orientalis ssp.,,,,2025-09-07 07:08:24.080959,2025-09-07 07:08:24.080962
4077,Serapias orientalis ssp. dafnii (B. Baumann & H. Baumann) Kreutz,Serapias,orientalis ssp.,,,,2025-09-07 07:08:24.120029,2025-09-07 07:08:24.120031
4078,Serapias orientalis ssp. feldwegiana (H. Baumann & Künkele) Kreutz,Serapias,orientalis ssp.,,,,2025-09-07 07:08:24.158879,2025-09-07 07:08:24.158881
4079,Serapias orientalis ssp. levantina (H. Baumann & Künkele) Kreutz,Serapias,orientalis ssp.,,,,2025-09-07 07:08:24.198483,2025-09-07 07:08:24.198485
4080,Serapias orientalis ssp. moreana H. Baumann & R. Lorenz,Serapias,orientalis ssp.,,,,2025-09-07 07:08:24.237802,2025-09-07 07:08:24.237805
4081,Serapias parviflora ssp. parviflora Parl.,Serapias,parviflora ssp.,,,,2025-09-07 07:08:24.279968,2025-09-07 07:08:24.279971
4082,Serapias parviflora var. ausoniae (Gennaio & Pellegrino) Kreutz,Serapias,parviflora,,,,2025-09-07 07:08:24.320001,2025-09-07 07:08:24.320005
4083,Serapias parviflora ssp. mascaensis (H. Kretzschmar,Serapias,parviflora ssp.,,,,2025-09-07 07:08:24.35944,2025-09-07 07:08:24.359443
4084,Serapias perez-chiscanoi Acedo,Serapias,perez-chiscanoi Acedo,,,,2025-09-07 07:08:24.398891,2025-09-07 07:08:24.398894
4085,Serapias strictiflora Welw. ex Veiga,Serapias,strictiflora Welw.,,,,2025-09-07 07:08:24.438033,2025-09-07 07:08:24.438036
4086,Serapias strictiflora Welw. ex Veiga var. elsae (P. Delforge) C. Venhuis & P. Venhuis ex Kreutz,Serapias,strictiflora Welw.,,,,2025-09-07 07:08:24.477502,2025-09-07 07:08:24.477504
4087,Serapias strictiflora Welw. ex Veiga var. francavillae (Cristaudo,Serapias,strictiflora Welw.,,,,2025-09-07 07:08:24.516991,2025-09-07 07:08:24.516994
4088,Serapias vomeracea (Burm.f.) Briq.,Serapias,vomeracea Burm.f.,,,,2025-09-07 07:08:24.556607,2025-09-07 07:08:24.55661
4089,Serapias vomeracea (Burm.f.) Briq. var. guadarramica (Kreutz) P. Delforge,Serapias,vomeracea Burm.f.,,,,2025-09-07 07:08:24.59645,2025-09-07 07:08:24.596452
4090,Serapias vomeracea (Burm.f.) Briq. var. joaninae (Reumaux ex Kreutz) comb. ined.,Serapias,vomeracea Burm.f.,,,,2025-09-07 07:08:24.638734,2025-09-07 07:08:24.638736
4091,Serapias vomeracea (Burm.f.) Briq. var. longipetala (Ten.) Kreutz,Serapias,vomeracea Burm.f.,,,,2025-09-07 07:08:24.677764,2025-09-07 07:08:24.677766
4092,Serapias x alberti E. G. Camus,Serapias,x alberti,,,,2025-09-07 07:08:24.717047,2025-09-07 07:08:24.71705
4093,Serapias x ambigua ssp. ambigua Rouy & E. G. Camus,Serapias,x ambigua,,,,2025-09-07 07:08:24.75666,2025-09-07 07:08:24.756662
4094,Serapias x ambigua ssp. panormosana B. Baumann & H. Baumann,Serapias,x ambigua,,,,2025-09-07 07:08:24.795486,2025-09-07 07:08:24.795488
4095,Serapias x ambigua ssp. sallentina Lumare & Medagli,Serapias,x ambigua,,,,2025-09-07 07:08:24.83505,2025-09-07 07:08:24.835053
4096,Serapias x athwaghlisia Kreutz & Rebbas,Serapias,x athwaghlisia,,,,2025-09-07 07:08:24.874127,2025-09-07 07:08:24.87413
4097,Serapias x barsellae Lumare & Medagli,Serapias,x barsellae,,,,2025-09-07 07:08:24.913122,2025-09-07 07:08:24.913124
4098,Serapias x broeckii A. Camus,Serapias,x broeckii,,,,2025-09-07 07:08:24.951823,2025-09-07 07:08:24.951826
4099,Serapias x carluccioi Lumare & Medagli,Serapias,x carluccioi,,,,2025-09-07 07:08:24.990775,2025-09-07 07:08:24.990776
4100,Serapias x cortoghianae M. P. Grasso,Serapias,x cortoghianae,,,,2025-09-07 07:08:25.029951,2025-09-07 07:08:25.029952
4101,Serapias x cypria H. Baumann & Künkele,Serapias,x cypria,,,,2025-09-07 07:08:25.068858,2025-09-07 07:08:25.06886
4102,Serapias x debelairii El Mokni,Serapias,x debelairii,,,,2025-09-07 07:08:25.108023,2025-09-07 07:08:25.108026
4103,Serapias x demadesii Renz,Serapias,x demadesii,,,,2025-09-07 07:08:25.147098,2025-09-07 07:08:25.147101
4104,Serapias x euxina H. Baumann & Künkele,Serapias,x euxina,,,,2025-09-07 07:08:25.185857,2025-09-07 07:08:25.185859
4105,Serapias x garganica H. Baumann & Künkele,Serapias,x garganica,,,,2025-09-07 07:08:25.224536,2025-09-07 07:08:25.224537
4106,Serapias x godferyi A. Camus ssp. godferyi A. Camus,Serapias,x godferyi,,,,2025-09-07 07:08:25.263191,2025-09-07 07:08:25.263193
4107,Serapias x godferyi A. Camus ssp. gennaioi (Turco & Medagli) J. M. H. Shaw,Serapias,x godferyi,,,,2025-09-07 07:08:25.302703,2025-09-07 07:08:25.302706
4108,Serapias x guadinae Lumare,Serapias,x guadinae,,,,2025-09-07 07:08:25.344904,2025-09-07 07:08:25.344907
4109,Serapias x gussonei Lumare & Medagli,Serapias,x gussonei,,,,2025-09-07 07:08:25.384484,2025-09-07 07:08:25.384487
4110,Serapias x halacsyana Soó,Serapias,x halacsyana,,,,2025-09-07 07:08:25.424532,2025-09-07 07:08:25.424535
4111,Serapias x hildae-margaritae G. Keller,Serapias,x hildae-margaritae,,,,2025-09-07 07:08:25.463857,2025-09-07 07:08:25.46386
4112,Serapias x intermedia Forest. ex F. W. Schultz,Serapias,x intermedia,,,,2025-09-07 07:08:25.503331,2025-09-07 07:08:25.503334
4113,Serapias x kelleri A. Camus,Serapias,x kelleri,,,,2025-09-07 07:08:25.542335,2025-09-07 07:08:25.542337
4114,Serapias x liana F. M. Vázquez,Serapias,x liana,,,,2025-09-07 07:08:25.581332,2025-09-07 07:08:25.581333
4115,Serapias x lupiensis Medagli,Serapias,x lupiensis,,,,2025-09-07 07:08:25.620635,2025-09-07 07:08:25.620638
4116,Serapias x manfredoniae Lumare & Medagli,Serapias,x manfredoniae,,,,2025-09-07 07:08:25.663686,2025-09-07 07:08:25.663689
4117,Serapias x marchiorii Turco & Medagli,Serapias,x marchiorii,,,,2025-09-07 07:08:25.703408,2025-09-07 07:08:25.703411
4118,Serapias x oulmesiana H. Baumann & Künkele,Serapias,x oulmesiana,,,,2025-09-07 07:08:25.7423,2025-09-07 07:08:25.742302
4119,Serapias x oxyglottis Willd.,Serapias,x oxyglottis,,,,2025-09-07 07:08:25.781452,2025-09-07 07:08:25.781454
4120,Serapias x politisii Renz,Serapias,x politisii,,,,2025-09-07 07:08:25.820449,2025-09-07 07:08:25.820452
4121,Serapias x provincialis H. Baumann & Künkele,Serapias,x provincialis,,,,2025-09-07 07:08:25.859604,2025-09-07 07:08:25.859606
4122,Serapias x pulae Perko,Serapias,x pulae,,,,2025-09-07 07:08:25.899099,2025-09-07 07:08:25.899101
4123,Serapias x rainei E. G. Camus,Serapias,x rainei,,,,2025-09-07 07:08:25.938462,2025-09-07 07:08:25.938464
4124,Serapias x sitiae ssp. sitiae Renz,Serapias,x sitiae,,,,2025-09-07 07:08:25.977191,2025-09-07 07:08:25.977192
4125,Serapias x sitiae ssp. aquatinae Lumare & Medagli,Serapias,x sitiae,,,,2025-09-07 07:08:26.016003,2025-09-07 07:08:26.016004
4126,Serapias x sooi Renz,Serapias,x sooi,,,,2025-09-07 07:08:26.054919,2025-09-07 07:08:26.054921
4127,Serapias x todaroi Tineo,Serapias,x todaroi,,,,2025-09-07 07:08:26.094033,2025-09-07 07:08:26.094037
4128,Serapias x venhuisia F. M. Vázquez,Serapias,x venhuisia,,,,2025-09-07 07:08:26.133422,2025-09-07 07:08:26.133425
4129,Serapias x walravensiana P. Delforge,Serapias,x walravensiana,,,,2025-09-07 07:08:26.172955,2025-09-07 07:08:26.172957
4130,Serapias x watersii Gennaio,Serapias,x watersii,,,,2025-09-07 07:08:26.212428,2025-09-07 07:08:26.212431
4131,Serapias x wettsteinii ssp. wettsteinii H. Fleischm.,Serapias,x wettsteinii,,,,2025-09-07 07:08:26.251759,2025-09-07 07:08:26.251761
4132,Serapias x wettsteinii ssp. frigolae Lumare & Medagli,Serapias,x wettsteinii,,,,2025-09-07 07:08:26.291683,2025-09-07 07:08:26.291685
4133,Serapias x wettsteinii ssp. halicarnassia H. Baumann & Künkele,Serapias,x wettsteinii,,,,2025-09-07 07:08:26.331336,2025-09-07 07:08:26.331338
4134,Anacamptis Rich.,Anacamptis,Rich.,,,,2025-09-07 07:08:26.370604,2025-09-07 07:08:26.370606
4135,Anacamptis berica Doro,Anacamptis,berica Doro,,,,2025-09-07 07:08:26.410105,2025-09-07 07:08:26.410109
4136,Anacamptis boryi (Rchb.f.) R. M. Bateman,Anacamptis,boryi Rchb.f.,,,,2025-09-07 07:08:26.449955,2025-09-07 07:08:26.449958
4137,Anacamptis champagneuxii ssp. champagneuxii (Barnéoud) R. M. Bateman,Anacamptis,champagneuxii ssp.,,,,2025-09-07 07:08:26.48985,2025-09-07 07:08:26.489853
4138,Anacamptis champagneuxii var. mesomelana (Rchb.f.) F. M. Vázquez,Anacamptis,champagneuxii,,,,2025-09-07 07:08:26.529078,2025-09-07 07:08:26.52908
4139,Anacamptis champagneuxii ssp. tlemcenensis (Batt.) F. M. Vázquez,Anacamptis,champagneuxii ssp.,,,,2025-09-07 07:08:26.568351,2025-09-07 07:08:26.568354
4140,Anacamptis collina (Banks & Sol. ex Russell) R. M. Bateman,Anacamptis,collina Banks,,,,2025-09-07 07:08:26.607351,2025-09-07 07:08:26.607352
4141,Anacamptis coriophora (L.) R. M. Bateman,Anacamptis,coriophora L.,,,,2025-09-07 07:08:26.646359,2025-09-07 07:08:26.646361
6614,Pterostylis valida (Nicholls) D. L. Jones,Pterostylis,valida Nicholls,,,,2025-09-07 07:10:05.266869,2025-09-07 07:10:05.266871
6659,Microchilus austrobrasiliensis (Porsch) Ormerod,Microchilus,austrobrasiliensis Porsch,,,,2025-09-07 07:10:07.098999,2025-09-07 07:10:07.099001
4144,Anacamptis cyrenaica (E. A. Durand & Barratte) H. Kretzschmar,Anacamptis,cyrenaica E.,,,,2025-09-07 07:08:26.764,2025-09-07 07:08:26.764003
4145,Anacamptis fragrans (Pollini) R. M. Bateman,Anacamptis,fragrans Pollini,,,,2025-09-07 07:08:26.803229,2025-09-07 07:08:26.803232
4146,Anacamptis israelitica (H. Baumann & Dafni) R. M. Bateman,Anacamptis,israelitica H.,,,,2025-09-07 07:08:26.842785,2025-09-07 07:08:26.842788
4147,Anacamptis laxiflora ssp. laxiflora (Lam.) R. M. Bateman,Anacamptis,laxiflora ssp.,,,,2025-09-07 07:08:26.885366,2025-09-07 07:08:26.885369
4148,Anacamptis laxiflora ssp. dielsiana (Soó) H. Kretzschmar,Anacamptis,laxiflora ssp.,,,,2025-09-07 07:08:26.925198,2025-09-07 07:08:26.925202
4149,Anacamptis laxiflora ssp. dinsmorei (Schltr.) H. Kretzschmar,Anacamptis,laxiflora ssp.,,,,2025-09-07 07:08:26.964431,2025-09-07 07:08:26.964434
4150,Anacamptis longicornu (Poir.) R. M. Bateman,Anacamptis,longicornu Poir.,,,,2025-09-07 07:08:27.003374,2025-09-07 07:08:27.003376
4151,Anacamptis morio ssp. morio (L.) R. M. Bateman,Anacamptis,morio ssp.,,,,2025-09-07 07:08:27.043391,2025-09-07 07:08:27.043392
4152,Anacamptis morio ssp. albanica (Gölz & H. R. Reinhard) Kreutz,Anacamptis,morio ssp.,,,,2025-09-07 07:08:27.082475,2025-09-07 07:08:27.082476
4153,Anacamptis morio ssp. caucasica (K. Koch) H. Kretzschmar,Anacamptis,morio ssp.,,,,2025-09-07 07:08:27.122322,2025-09-07 07:08:27.122323
4154,Anacamptis morio ssp. heraclea (Verg.) F. M. Vázquez,Anacamptis,morio ssp.,,,,2025-09-07 07:08:27.161684,2025-09-07 07:08:27.161686
4155,Anacamptis morio ssp. picta (Loisel.) Jacquet & Scappat.,Anacamptis,morio ssp.,,,,2025-09-07 07:08:27.200514,2025-09-07 07:08:27.200516
4156,Anacamptis morio ssp. romerae (Hervás) F. M. Vázquez,Anacamptis,morio ssp.,,,,2025-09-07 07:08:27.239478,2025-09-07 07:08:27.239482
4157,Anacamptis morio ssp. syriaca (E. G. Camus) H. Kretzschmar,Anacamptis,morio ssp.,,,,2025-09-07 07:08:27.278533,2025-09-07 07:08:27.278535
4158,Anacamptis palustris ssp. palustris (Jacq.) R. M. Bateman,Anacamptis,palustris ssp.,,,,2025-09-07 07:08:27.317366,2025-09-07 07:08:27.317367
4159,Anacamptis palustris ssp. elegans (Heuff.) R. M. Bateman,Anacamptis,palustris ssp.,,,,2025-09-07 07:08:27.356394,2025-09-07 07:08:27.356398
4160,Anacamptis palustris ssp. robusta (T. Stephenson) R. M. Bateman,Anacamptis,palustris ssp.,,,,2025-09-07 07:08:27.395804,2025-09-07 07:08:27.395806
4161,Anacamptis papilionacea ssp. papilionacea (L.) R. M. Bateman,Anacamptis,papilionacea ssp.,,,,2025-09-07 07:08:27.434799,2025-09-07 07:08:27.4348
4162,Anacamptis papilionacea var. alibertis (G. Kretzschmar & H. Kretzschmar) comb. ined.,Anacamptis,papilionacea,,,,2025-09-07 07:08:27.484639,2025-09-07 07:08:27.484643
4163,Anacamptis papilionacea var. balcanica (H. Baumann & R. Lorenz) Kreutz,Anacamptis,papilionacea,,,,2025-09-07 07:08:27.524374,2025-09-07 07:08:27.524377
4164,Anacamptis papilionacea var. expansa (Ten.) V. Campo & El Mokni,Anacamptis,papilionacea,,,,2025-09-07 07:08:27.563537,2025-09-07 07:08:27.56354
4165,Anacamptis papilionacea var. grandiflora (Boiss.) Romolini & Biagioli,Anacamptis,papilionacea,,,,2025-09-07 07:08:27.602529,2025-09-07 07:08:27.602532
4166,Anacamptis papilionacea var. rubra (Jacq.) Campo & Montoleone,Anacamptis,papilionacea,,,,2025-09-07 07:08:27.641987,2025-09-07 07:08:27.64199
4167,Anacamptis papilionacea var. septentrionalis (Kreutz) comb. ined.,Anacamptis,papilionacea,,,,2025-09-07 07:08:27.681286,2025-09-07 07:08:27.681287
4168,Anacamptis papilionacea var. vexillifera (Terraciano) Romolini & Biagioli,Anacamptis,papilionacea,,,,2025-09-07 07:08:27.720321,2025-09-07 07:08:27.720323
4169,Anacamptis papilionacea ssp. heroica (E. D. Clarke) Kreutz,Anacamptis,papilionacea ssp.,,,,2025-09-07 07:08:27.7596,2025-09-07 07:08:27.759604
4170,Anacamptis papilionacea var. messenica (Renz) comb. ined.,Anacamptis,papilionacea,,,,2025-09-07 07:08:27.801406,2025-09-07 07:08:27.801409
4171,Anacamptis papilionacea var. thaliae (Kreutz,Anacamptis,papilionacea,,,,2025-09-07 07:08:27.841224,2025-09-07 07:08:27.841228
4172,Anacamptis papilionacea ssp. palaestina (H. Baumann & R. Lorenz) H. Kretzschmar,Anacamptis,papilionacea ssp.,,,,2025-09-07 07:08:27.88072,2025-09-07 07:08:27.880724
4173,Anacamptis papilionacea ssp. schirwanica (Woronow) H. Kretzschmar,Anacamptis,papilionacea ssp.,,,,2025-09-07 07:08:27.919856,2025-09-07 07:08:27.919859
4174,Anacamptis pyramidalis (L.) Rich.,Anacamptis,pyramidalis L.,,,,2025-09-07 07:08:27.958695,2025-09-07 07:08:27.958697
4175,Anacamptis pyramidalis (L.) Rich. var. balearica (Kreutz,Anacamptis,pyramidalis L.,,,,2025-09-07 07:08:27.997622,2025-09-07 07:08:27.997624
4176,Anacamptis pyramidalis (L.) Rich. var. brachystachys (d'Urv.) Boiss.,Anacamptis,pyramidalis L.,,,,2025-09-07 07:08:28.037622,2025-09-07 07:08:28.037625
4177,Anacamptis pyramidalis (L.) Rich. var. cerigensis P. Delforge,Anacamptis,pyramidalis L.,,,,2025-09-07 07:08:28.076685,2025-09-07 07:08:28.076687
4178,Anacamptis pyramidalis (L.) Rich. var. dunensis Londo,Anacamptis,pyramidalis L.,,,,2025-09-07 07:08:28.115564,2025-09-07 07:08:28.115566
4179,Anacamptis pyramidalis (L.) Rich. var. nivea P. Delforge,Anacamptis,pyramidalis L.,,,,2025-09-07 07:08:28.154325,2025-09-07 07:08:28.154326
4180,Anacamptis pyramidalis (L.) Rich. var. orientalis Kreutz,Anacamptis,pyramidalis L.,,,,2025-09-07 07:08:28.192948,2025-09-07 07:08:28.19295
4181,Anacamptis pyramidalis (L.) Rich. var. purpuralis Lachmair,Anacamptis,pyramidalis L.,,,,2025-09-07 07:08:28.231824,2025-09-07 07:08:28.231826
4182,Anacamptis pyramidalis (L.) Rich. var. sanguinea (Druce) Kreutz,Anacamptis,pyramidalis L.,,,,2025-09-07 07:08:28.270664,2025-09-07 07:08:28.270667
4183,Anacamptis pyramidalis (L.) Rich. var. serotina (Presser) Kreutz,Anacamptis,pyramidalis L.,,,,2025-09-07 07:08:28.310138,2025-09-07 07:08:28.310142
4184,Anacamptis pyramidalis (L.) Rich. var. tanayensis Chenevard,Anacamptis,pyramidalis L.,,,,2025-09-07 07:08:28.349152,2025-09-07 07:08:28.349155
4185,Anacamptis pyramidalis (L.) Rich. var. urvilleana (Sommier & Caruana) Schltr.,Anacamptis,pyramidalis L.,,,,2025-09-07 07:08:28.388191,2025-09-07 07:08:28.388193
4186,Anacamptis sancta (L.) R. M. Bateman,Anacamptis,sancta L.,,,,2025-09-07 07:08:28.427059,2025-09-07 07:08:28.42706
4187,Anacamptis x alata ssp. alata (Fleury) H. Kretzschmar,Anacamptis,x alata,,,,2025-09-07 07:08:28.466072,2025-09-07 07:08:28.466074
4188,Anacamptis x alata ssp. apolonana (B. Baumann & H. Baumann) H. Kretzschmar,Anacamptis,x alata,,,,2025-09-07 07:08:28.505295,2025-09-07 07:08:28.505299
4189,Anacamptis x alatoides (Gadeceau) H. Kretzschmar,Anacamptis,x alatoides,,,,2025-09-07 07:08:28.545019,2025-09-07 07:08:28.545023
4190,Anacamptis x barlae (E. G. Camus) Biagioli,Anacamptis,x barlae,,,,2025-09-07 07:08:28.584954,2025-09-07 07:08:28.584958
4191,Anacamptis x bornemanniae (Asch.) B. Bock,Anacamptis,x bornemanniae,,,,2025-09-07 07:08:28.624367,2025-09-07 07:08:28.624369
4192,Anacamptis x caccabaria (Verg.) H. Kretzschmar,Anacamptis,x caccabaria,,,,2025-09-07 07:08:28.66351,2025-09-07 07:08:28.663513
4193,Anacamptis x cortesii ssp. cortesii (E. G. Camus & A. Camus) B. Bock,Anacamptis,x cortesii,,,,2025-09-07 07:08:28.702268,2025-09-07 07:08:28.70227
4194,Anacamptis x cortesii ssp. litardierei (Ruppert & Lebrun) comb. ined.,Anacamptis,x cortesii,,,,2025-09-07 07:08:28.741098,2025-09-07 07:08:28.741101
4195,Anacamptis x dulukae (Hautz.) B. Bock,Anacamptis,x dulukae,,,,2025-09-07 07:08:28.779679,2025-09-07 07:08:28.779681
4196,Anacamptis x duquesneyi (Rchb.f.) J. M. H. Shaw,Anacamptis,x duquesneyi,,,,2025-09-07 07:08:28.818594,2025-09-07 07:08:28.818596
4197,Anacamptis x eccarii H. Kretzschmar & G. Kretzschmar,Anacamptis,x eccarii,,,,2025-09-07 07:08:28.858472,2025-09-07 07:08:28.858475
4198,Anacamptis x feinbruniae (H. Baumann & Dafni) H. Kretzschmar,Anacamptis,x feinbruniae,,,,2025-09-07 07:08:28.897908,2025-09-07 07:08:28.89791
4199,Anacamptis x genevensis (Chenevard) H. Kretzschmar,Anacamptis,x genevensis,,,,2025-09-07 07:08:28.937566,2025-09-07 07:08:28.937569
4200,Anacamptis x gennarii (Rchb.f.) Nazzaro & la Valva ssp. gennarii (Rchb.f.) Nazzaro & la Valva,Anacamptis,x gennarii,,,,2025-09-07 07:08:28.977933,2025-09-07 07:08:28.977936
4201,Anacamptis x gennarii (Rchb.f.) Nazzaro & la Valva ssp. choirokitiana (Kreutz & Scraton) H. Kretzschmar,Anacamptis,x gennarii,,,,2025-09-07 07:08:29.016736,2025-09-07 07:08:29.016738
4202,Anacamptis x gennarii (Rchb.f.) Nazzaro & la Valva ssp. istriaca (B. Baumann & H. Baumann) comb. ined.,Anacamptis,x gennarii,,,,2025-09-07 07:08:29.05585,2025-09-07 07:08:29.055852
4203,Anacamptis x gennarii (Rchb.f.) Nazzaro & la Valva ssp. kusadasiensis (B. Baumann & H. Baumann) H. Kretzschmar,Anacamptis,x gennarii,,,,2025-09-07 07:08:29.095469,2025-09-07 07:08:29.095472
4265,Orchis punctulata Steven ex Lindl.,Orchis,punctulata Steven,,,,2025-09-07 07:08:31.57561,2025-09-07 07:08:31.575614
4204,Anacamptis x gennarii (Rchb.f.) Nazzaro & la Valva ssp. meknesiana (B. Baumann & H. Baumann) comb. ined.,Anacamptis,x gennarii,,,,2025-09-07 07:08:29.135108,2025-09-07 07:08:29.13511
4205,Anacamptis x gennarii (Rchb.f.) Nazzaro & la Valva ssp. orientecaucasica (B. Baumann,Anacamptis,x gennarii,,,,2025-09-07 07:08:29.175265,2025-09-07 07:08:29.175267
4206,Anacamptis x gennarii (Rchb.f.) Nazzaro & la Valva ssp. rebbasii Babali,Anacamptis,x gennarii,,,,2025-09-07 07:08:29.214039,2025-09-07 07:08:29.214041
4207,Anacamptis x gerakarionis (Faller & Kreutz) H. Kretzschmar,Anacamptis,x gerakarionis,,,,2025-09-07 07:08:29.252734,2025-09-07 07:08:29.252736
4208,Anacamptis x kallithea E. Klein & Güler,Anacamptis,x kallithea,,,,2025-09-07 07:08:29.291672,2025-09-07 07:08:29.291674
4209,Anacamptis x laniccae ssp. laniccae (Braun-Blanq.) H. Kretzschmar,Anacamptis,x laniccae,,,,2025-09-07 07:08:29.331286,2025-09-07 07:08:29.331289
4210,Anacamptis x laniccae ssp. galloprovinciana (B. Baumann & H. Baumann) H. Kretzschmar,Anacamptis,x laniccae,,,,2025-09-07 07:08:29.370716,2025-09-07 07:08:29.37072
4211,Anacamptis x larzacensis (H. Kurze & O. Kurze) H. Kretzschmar,Anacamptis,x larzacensis,,,,2025-09-07 07:08:29.409883,2025-09-07 07:08:29.409886
4212,Anacamptis x lasithica (Renz) H. Kretzschmar,Anacamptis,x lasithica,,,,2025-09-07 07:08:29.449019,2025-09-07 07:08:29.449021
4213,Anacamptis x lesbiensis (Biel) H. Kretzschmar,Anacamptis,x lesbiensis,,,,2025-09-07 07:08:29.487606,2025-09-07 07:08:29.487608
4214,Anacamptis x lloydiana (Rouy) H. Kretzschmar,Anacamptis,x lloydiana,,,,2025-09-07 07:08:29.526436,2025-09-07 07:08:29.526438
4215,Anacamptis x menosii (C. Bernard & G. Fabre) H. Kretzschmar,Anacamptis,x menosii,,,,2025-09-07 07:08:29.565435,2025-09-07 07:08:29.565438
4216,Anacamptis x murgiana (Medagli,Anacamptis,x murgiana,,,,2025-09-07 07:08:29.604611,2025-09-07 07:08:29.604615
4217,Anacamptis x nicodemi ssp. nicodemi (Cirillo ex Ten.) B. Bock,Anacamptis,x nicodemi,,,,2025-09-07 07:08:29.648994,2025-09-07 07:08:29.648997
4218,Anacamptis x nicodemi ssp. caucasica Anghelescu,Anacamptis,x nicodemi,,,,2025-09-07 07:08:29.689586,2025-09-07 07:08:29.68959
4219,Anacamptis x nicodemi ssp. yvesii (Verg.) J. M. H. Shaw,Anacamptis,x nicodemi,,,,2025-09-07 07:08:29.729646,2025-09-07 07:08:29.729648
4220,Anacamptis x olida ssp. olida (Bréb.) H. Kretzschmar,Anacamptis,x olida,,,,2025-09-07 07:08:29.768899,2025-09-07 07:08:29.768901
4221,Anacamptis x olida ssp. darcissii (Murr ex Dalla Torre & Sarnth.) J. M. H. Shaw,Anacamptis,x olida,,,,2025-09-07 07:08:29.807513,2025-09-07 07:08:29.807514
4222,Anacamptis x olida ssp. paparistoi (Gölz & H. R. Reinhard) H. Kretzschmar,Anacamptis,x olida,,,,2025-09-07 07:08:29.846722,2025-09-07 07:08:29.846724
4223,Anacamptis x olida ssp. pauliana (Malinv.) H. Kretzschmar,Anacamptis,x olida,,,,2025-09-07 07:08:29.885792,2025-09-07 07:08:29.885795
4224,Anacamptis x parviflora ssp. parviflora (Chaub.) H. Kretzschmar,Anacamptis,x parviflora,,,,2025-09-07 07:08:29.924863,2025-09-07 07:08:29.924865
4225,Anacamptis x parviflora ssp. bicknellii (E. G. Camus) H. Kretzschmar,Anacamptis,x parviflora,,,,2025-09-07 07:08:29.964196,2025-09-07 07:08:29.964199
4226,Anacamptis x santamariotae (Galesi & M. P. Grasso) B. Bock,Anacamptis,x santamariotae,,,,2025-09-07 07:08:30.003025,2025-09-07 07:08:30.003028
4227,Anacamptis x sarcidani (Scrugli & M. P. Grasso) B. Bock,Anacamptis,x sarcidani,,,,2025-09-07 07:08:30.042673,2025-09-07 07:08:30.042675
4228,Anacamptis x sciathia (Biel) H. Kretzschmar,Anacamptis,x sciathia,,,,2025-09-07 07:08:30.081691,2025-09-07 07:08:30.081693
4229,Anacamptis x semisaccata (E. G. Camus) H. Kretzschmar,Anacamptis,x semisaccata,,,,2025-09-07 07:08:30.121206,2025-09-07 07:08:30.12121
4230,Anacamptis x simorrensis (E. G. Camus) H. Kretzschmar,Anacamptis,x simorrensis,,,,2025-09-07 07:08:30.160275,2025-09-07 07:08:30.160278
4231,Anacamptis x subpapilionacea (R. Lopes) F. M. Vázquez,Anacamptis,x subpapilionacea,,,,2025-09-07 07:08:30.199565,2025-09-07 07:08:30.199568
4232,Anacamptis x timbali ssp. timbali (Velen.) H. Kretzschmar,Anacamptis,x timbali,,,,2025-09-07 07:08:30.238619,2025-09-07 07:08:30.238622
4233,Anacamptis x timbali ssp. albuferensis (R. M. Bateman) H. Kretzschmar,Anacamptis,x timbali,,,,2025-09-07 07:08:30.277829,2025-09-07 07:08:30.277831
4234,Anacamptis x timbali ssp. barlae (E. G. Camus) H. Kretzschmar,Anacamptis,x timbali,,,,2025-09-07 07:08:30.316844,2025-09-07 07:08:30.316846
4235,Anacamptis x timbali ssp. reinhardii (Ugr. ex E. G. Camus) H. Kretzschmar,Anacamptis,x timbali,,,,2025-09-07 07:08:30.356025,2025-09-07 07:08:30.356028
4236,Anacamptis x vanlookenii (C. Bernard & G. Fabre) H. Kretzschmar,Anacamptis,x vanlookenii,,,,2025-09-07 07:08:30.395812,2025-09-07 07:08:30.395815
4237,Orchis Tourn. ex L.,Orchis,Tourn. ex,,,,2025-09-07 07:08:30.435438,2025-09-07 07:08:30.435441
4238,Orchis adenocheila Czerniak.,Orchis,adenocheila Czerniak.,,,,2025-09-07 07:08:30.474759,2025-09-07 07:08:30.474762
4239,Orchis anatolica ssp. anatolica Boiss.,Orchis,anatolica ssp.,,,,2025-09-07 07:08:30.513784,2025-09-07 07:08:30.513786
4240,Orchis anatolica ssp. troodi (Renz) Renz,Orchis,anatolica ssp.,,,,2025-09-07 07:08:30.552725,2025-09-07 07:08:30.552728
4241,Orchis anthropophora (L.) All.,Orchis,anthropophora L.,,,,2025-09-07 07:08:30.591479,2025-09-07 07:08:30.591481
4242,Orchis brancifortii Biv.,Orchis,brancifortii Biv.,,,,2025-09-07 07:08:30.630428,2025-09-07 07:08:30.630431
4243,Orchis canariensis Lindl.,Orchis,canariensis Lindl.,,,,2025-09-07 07:08:30.669874,2025-09-07 07:08:30.669876
4244,Orchis galilaea (Bornm. & M. Schultze) Schltr.,Orchis,galilaea Bornm.,,,,2025-09-07 07:08:30.711372,2025-09-07 07:08:30.711375
4245,Orchis italica Poir.,Orchis,italica Poir.,,,,2025-09-07 07:08:30.750902,2025-09-07 07:08:30.750905
4246,Orchis laeta Steinh.,Orchis,laeta Steinh.,,,,2025-09-07 07:08:30.799985,2025-09-07 07:08:30.799989
4247,Orchis langei Lange ex K. Richt.,Orchis,langei Lange,,,,2025-09-07 07:08:30.838968,2025-09-07 07:08:30.838971
4248,Orchis mascula ssp. mascula (L.) L.,Orchis,mascula ssp.,,,,2025-09-07 07:08:30.878078,2025-09-07 07:08:30.87808
4249,Orchis mascula ssp. ichnusae Corrias,Orchis,mascula ssp.,,,,2025-09-07 07:08:30.91718,2025-09-07 07:08:30.917183
4250,Orchis mascula ssp. lapalmensis Leibbach & Ruedi Peter,Orchis,mascula ssp.,,,,2025-09-07 07:08:30.956466,2025-09-07 07:08:30.956469
4251,Orchis mascula ssp. longicalcarata Akhalk.,Orchis,mascula ssp.,,,,2025-09-07 07:08:31.002711,2025-09-07 07:08:31.002715
4252,Orchis mascula ssp. maghrebiana B. Baumann & H. Baumann,Orchis,mascula ssp.,,,,2025-09-07 07:08:31.042766,2025-09-07 07:08:31.04277
4253,Orchis mascula ssp. pinetorum (Boiss. & Kotschy) E. G. Camus,Orchis,mascula ssp.,,,,2025-09-07 07:08:31.08257,2025-09-07 07:08:31.082572
4254,Orchis mascula ssp. scopulorum (Summerh.) H. Sund. ex H. Kretzschmar,Orchis,mascula ssp.,,,,2025-09-07 07:08:31.121925,2025-09-07 07:08:31.121928
4255,Orchis mascula ssp. speciosa (Mutel) Hegi,Orchis,mascula ssp.,,,,2025-09-07 07:08:31.16151,2025-09-07 07:08:31.161512
4256,Orchis mascula ssp. tenera (Landwehr) Del Prete,Orchis,mascula ssp.,,,,2025-09-07 07:08:31.201495,2025-09-07 07:08:31.201499
4257,Orchis militaris ssp. militaris L.,Orchis,militaris ssp.,,,,2025-09-07 07:08:31.253838,2025-09-07 07:08:31.25384
4258,Orchis militaris ssp. stevenii (Rchb.f.) B. Baumann,Orchis,militaris ssp.,,,,2025-09-07 07:08:31.293527,2025-09-07 07:08:31.29353
4259,Orchis olbiensis Reut. ex Gren.,Orchis,olbiensis Reut.,,,,2025-09-07 07:08:31.332953,2025-09-07 07:08:31.332956
4260,Orchis pallens L.,Orchis,pallens L.,,,,2025-09-07 07:08:31.372924,2025-09-07 07:08:31.372929
4261,Orchis patens ssp. patens Desf.,Orchis,patens ssp.,,,,2025-09-07 07:08:31.412448,2025-09-07 07:08:31.412451
4262,Orchis patens ssp. brevicornis (Viv.) K. Richt.,Orchis,patens ssp.,,,,2025-09-07 07:08:31.451853,2025-09-07 07:08:31.451857
4263,Orchis pauciflora Ten.,Orchis,pauciflora Ten.,,,,2025-09-07 07:08:31.497038,2025-09-07 07:08:31.497041
4264,Orchis provincialis Balb. ex Lam. & DC.,Orchis,provincialis Balb.,,,,2025-09-07 07:08:31.536286,2025-09-07 07:08:31.536289
4266,Orchis punctulata Steven ex Lindl. var. schelkownikowii (Woronow) Soó,Orchis,punctulata Steven,,,,2025-09-07 07:08:31.625884,2025-09-07 07:08:31.625886
4267,Orchis punctulata Steven ex Lindl. var. sepulchralis (Boiss. & Heldr.) Kreutz,Orchis,punctulata Steven,,,,2025-09-07 07:08:31.665604,2025-09-07 07:08:31.665607
4268,Orchis purpurea ssp. purpurea Huds.,Orchis,purpurea ssp.,,,,2025-09-07 07:08:31.704916,2025-09-07 07:08:31.70492
4269,Orchis purpurea var. lokiana (H. Baumann) Kreutz,Orchis,purpurea,,,,2025-09-07 07:08:31.745602,2025-09-07 07:08:31.745605
4270,Orchis purpurea ssp. caucasica (Regel) B. Baumann & H. Baumann,Orchis,purpurea ssp.,,,,2025-09-07 07:08:31.788078,2025-09-07 07:08:31.788121
4271,Orchis quadripunctata Cirillo ex Ten.,Orchis,quadripunctata Cirillo,,,,2025-09-07 07:08:31.831511,2025-09-07 07:08:31.831515
4272,Orchis simia ssp. simia Lam.,Orchis,simia ssp.,,,,2025-09-07 07:08:31.870773,2025-09-07 07:08:31.870776
4273,Orchis simia ssp. taubertiana (B. Baumann & H. Baumann) Kreutz,Orchis,simia ssp.,,,,2025-09-07 07:08:31.910223,2025-09-07 07:08:31.910226
4274,Orchis sitiaca (Renz) P. Delforge,Orchis,sitiaca Renz,,,,2025-09-07 07:08:31.949758,2025-09-07 07:08:31.949761
4275,Orchis spitzelii ssp. spitzelii Saut. ex W. D. J. Koch,Orchis,spitzelii ssp.,,,,2025-09-07 07:08:31.992379,2025-09-07 07:08:31.992382
4276,Orchis spitzelii var. gotlandica B. Pett.,Orchis,spitzelii,,,,2025-09-07 07:08:32.031907,2025-09-07 07:08:32.031912
4277,Orchis spitzelii var. sendtneri Rchb.f.,Orchis,spitzelii,,,,2025-09-07 07:08:32.075693,2025-09-07 07:08:32.075697
4278,Orchis spitzelii ssp. cazorlensis (Lacaita) D. Rivera & López Vélez,Orchis,spitzelii ssp.,,,,2025-09-07 07:08:32.116258,2025-09-07 07:08:32.116262
4279,Orchis spitzelii ssp. latiflora B. Baumann & H. Baumann,Orchis,spitzelii ssp.,,,,2025-09-07 07:08:32.155955,2025-09-07 07:08:32.155958
4280,Orchis spitzelii ssp. nitidifolia (W. P. Teschner) Soó,Orchis,spitzelii ssp.,,,,2025-09-07 07:08:32.195262,2025-09-07 07:08:32.195266
4281,Orchis spitzelii ssp. teschneriana B. Baumann & H. Baumann,Orchis,spitzelii ssp.,,,,2025-09-07 07:08:32.234457,2025-09-07 07:08:32.23446
4282,Orchis spitzelii var. atlantica (Batt. & Trab.) Kreutz,Orchis,spitzelii,,,,2025-09-07 07:08:32.273973,2025-09-07 07:08:32.273976
4283,Orchis x algeriensis B. Baumann & H. Baumann,Orchis,x algeriensis,,,,2025-09-07 07:08:32.314348,2025-09-07 07:08:32.314351
4284,Orchis x angusticruris ssp. angusticruris Franch.,Orchis,x angusticruris,,,,2025-09-07 07:08:32.35353,2025-09-07 07:08:32.353532
4285,Orchis x angusticruris ssp. transcaucasica Baumann et al.,Orchis,x angusticruris,,,,2025-09-07 07:08:32.392325,2025-09-07 07:08:32.392327
4286,Orchis x apollinaris W. Rossi,Orchis,x apollinaris,,,,2025-09-07 07:08:32.431251,2025-09-07 07:08:32.431253
4287,Orchis x aurunca W. Rossi & F. Minutillo,Orchis,x aurunca,,,,2025-09-07 07:08:32.470064,2025-09-07 07:08:32.470065
4288,Orchis x bergonii Nanteuil,Orchis,x bergonii,,,,2025-09-07 07:08:32.508913,2025-09-07 07:08:32.508915
4289,Orchis x beyrichii ssp. beyrichii (Rchb.f.) A. Kern.,Orchis,x beyrichii,,,,2025-09-07 07:08:32.548304,2025-09-07 07:08:32.548308
4290,Orchis x beyrichii ssp. golestanica (Renz) H. Kretzschmar,Orchis,x beyrichii,,,,2025-09-07 07:08:32.589835,2025-09-07 07:08:32.589838
4291,Orchis x bispurium (G. Keller) H. Kretzschmar,Orchis,x bispurium,,,,2025-09-07 07:08:32.628572,2025-09-07 07:08:32.628575
4292,Orchis x bivonae Tod.,Orchis,x bivonae,,,,2025-09-07 07:08:32.669607,2025-09-07 07:08:32.66961
4293,Orchis x blidana B. Baumann & H. Baumann,Orchis,x blidana,,,,2025-09-07 07:08:32.708802,2025-09-07 07:08:32.708804
4294,Orchis x buelii Wildh.,Orchis,x buelii,,,,2025-09-07 07:08:32.748991,2025-09-07 07:08:32.748994
4295,Orchis x caesii De Angelis & Fumanti,Orchis,x caesii,,,,2025-09-07 07:08:32.787836,2025-09-07 07:08:32.787839
4296,Orchis x calliantha Renz & Taubenheim,Orchis,x calliantha,,,,2025-09-07 07:08:32.827297,2025-09-07 07:08:32.827301
4297,Orchis x chabalensis B. Baumann,Orchis,x chabalensis,,,,2025-09-07 07:08:32.867405,2025-09-07 07:08:32.867409
4298,Orchis x colemanii ssp. colemanii Cortesi,Orchis,x colemanii,,,,2025-09-07 07:08:32.90876,2025-09-07 07:08:32.908764
4299,Orchis x colemanii ssp. koenighoferae (W. Foelsche & Jakely) W. Foelsche & Jakely,Orchis,x colemanii,,,,2025-09-07 07:08:32.94777,2025-09-07 07:08:32.947772
4300,Orchis x deuterodelamainii J. M. H. Shaw,Orchis,x deuterodelamainii,,,,2025-09-07 07:08:32.986695,2025-09-07 07:08:32.986697
4301,Orchis x ehdenica Kreutz,Orchis,x ehdenica,,,,2025-09-07 07:08:33.025733,2025-09-07 07:08:33.025735
4302,Orchis x fallax De Not. ex Willk. & Lange,Orchis,x fallax,,,,2025-09-07 07:08:33.065143,2025-09-07 07:08:33.065145
4303,Orchis x fitzii Hautz.,Orchis,x fitzii,,,,2025-09-07 07:08:33.1046,2025-09-07 07:08:33.104603
4304,Orchis x hybrida Boenn. ex Rchb.,Orchis,x hybrida,,,,2025-09-07 07:08:33.153166,2025-09-07 07:08:33.15317
4305,Orchis x incantata P. Delforge,Orchis,x incantata,,,,2025-09-07 07:08:33.195638,2025-09-07 07:08:33.195641
4306,Orchis x klopfensteiniae P. Delforge,Orchis,x klopfensteiniae,,,,2025-09-07 07:08:33.234956,2025-09-07 07:08:33.234959
4307,Orchis x kretzschmariorum B. Baumann & H. Baumann,Orchis,x kretzschmariorum,,,,2025-09-07 07:08:33.273771,2025-09-07 07:08:33.273773
4308,Orchis x ligustica Ruppert,Orchis,x ligustica,,,,2025-09-07 07:08:33.313408,2025-09-07 07:08:33.313411
4309,Orchis x loreziana ssp. loreziana Brügger,Orchis,x loreziana,,,,2025-09-07 07:08:33.353391,2025-09-07 07:08:33.353394
4310,Orchis x loreziana ssp. kisslingii (Beck) Potucek,Orchis,x loreziana,,,,2025-09-07 07:08:33.393654,2025-09-07 07:08:33.393658
4311,Orchis x lucensis Antonetti & Bertolini,Orchis,x lucensis,,,,2025-09-07 07:08:33.432707,2025-09-07 07:08:33.43271
4312,Orchis x macra Lindl.,Orchis,x macra,,,,2025-09-07 07:08:33.471769,2025-09-07 07:08:33.471771
4313,Orchis x navarrensis Amard.,Orchis,x navarrensis,,,,2025-09-07 07:08:33.510655,2025-09-07 07:08:33.510657
4314,Orchis x orphanidesii (E. G. Camus) B. Bock,Orchis,x orphanidesii,,,,2025-09-07 07:08:33.549378,2025-09-07 07:08:33.54938
4315,Orchis x palanchonii G. Foelsche & W. Foelsche,Orchis,x palanchonii,,,,2025-09-07 07:08:33.588835,2025-09-07 07:08:33.588838
4316,Orchis x penzigiana ssp. penzigiana A. Camus,Orchis,x penzigiana,,,,2025-09-07 07:08:33.628761,2025-09-07 07:08:33.628764
4317,Orchis x penzigiana ssp. jailae (Soó) H. Kretzschmar,Orchis,x penzigiana,,,,2025-09-07 07:08:33.668396,2025-09-07 07:08:33.668398
4318,Orchis x penzigiana ssp. sardoa Scrugli & M. P. Grasso,Orchis,x penzigiana,,,,2025-09-07 07:08:33.707907,2025-09-07 07:08:33.70791
4319,Orchis x permixta Soó,Orchis,x permixta,,,,2025-09-07 07:08:33.746996,2025-09-07 07:08:33.746998
4320,Orchis x petterssonii G. Keller ex B. Pett.,Orchis,x petterssonii,,,,2025-09-07 07:08:33.786175,2025-09-07 07:08:33.786178
4321,Orchis x plessidiaca Renz,Orchis,x plessidiaca,,,,2025-09-07 07:08:33.824934,2025-09-07 07:08:33.824936
4322,Orchis x pseudoanatolica H. Fleischm.,Orchis,x pseudoanatolica,,,,2025-09-07 07:08:33.863807,2025-09-07 07:08:33.86381
4323,Orchis x reginae Leibbach & Ruedi Peter,Orchis,x reginae,,,,2025-09-07 07:08:33.902728,2025-09-07 07:08:33.902731
4324,Orchis x schebestae Griebl,Orchis,x schebestae,,,,2025-09-07 07:08:33.941693,2025-09-07 07:08:33.941696
4325,Orchis x serraniana P. Delforge,Orchis,x serraniana,,,,2025-09-07 07:08:33.982997,2025-09-07 07:08:33.983
4326,Orchis x sezikiana B. Baumann & H. Baumann,Orchis,x sezikiana,,,,2025-09-07 07:08:34.022063,2025-09-07 07:08:34.022065
4327,Orchis x spuria Rchb.f.,Orchis,x spuria,,,,2025-09-07 07:08:34.061154,2025-09-07 07:08:34.061156
4328,Orchis x thriftiensis Renz,Orchis,x thriftiensis,,,,2025-09-07 07:08:34.100359,2025-09-07 07:08:34.100361
4329,Orchis x tingitania Hautz.,Orchis,x tingitania,,,,2025-09-07 07:08:34.139158,2025-09-07 07:08:34.13916
4330,Orchis x tochniana Kreutz & Scraton,Orchis,x tochniana,,,,2025-09-07 07:08:34.178532,2025-09-07 07:08:34.178535
4331,Orchis x willingiorum B. Baumann & H. Baumann,Orchis,x willingiorum,,,,2025-09-07 07:08:34.230103,2025-09-07 07:08:34.230106
4332,Orchis x wulffiana ssp. wulffiana Soó,Orchis,x wulffiana,,,,2025-09-07 07:08:34.270013,2025-09-07 07:08:34.270017
4333,Orchis x wulffiana ssp. suckowii (Kümpel) Baumann et al.,Orchis,x wulffiana,,,,2025-09-07 07:08:34.308992,2025-09-07 07:08:34.308995
4334,Traunsteinera Rchb.,Traunsteinera,Rchb.,,,,2025-09-07 07:08:34.347871,2025-09-07 07:08:34.347872
4335,Traunsteinera globosa (L.) Rchb.,Traunsteinera,globosa L.,,,,2025-09-07 07:08:34.386963,2025-09-07 07:08:34.386966
4336,Traunsteinera sphaerica (M. Bieb.) Schltr.,Traunsteinera,sphaerica M.,,,,2025-09-07 07:08:34.426395,2025-09-07 07:08:34.426398
4337,Pseudorchis Ség.,Pseudorchis,Ség.,,,,2025-09-07 07:08:34.468021,2025-09-07 07:08:34.468024
4338,Pseudorchis albida ssp. albida (L.) Á. Löve & D. Löve,Pseudorchis,albida ssp.,,,,2025-09-07 07:08:34.507726,2025-09-07 07:08:34.507728
4339,Pseudorchis albida var. tricuspis (Beck) Kreutz,Pseudorchis,albida,,,,2025-09-07 07:08:34.546676,2025-09-07 07:08:34.546678
4340,Pseudorchis albida ssp. straminea (Fernald) Á. Löve & D. Löve,Pseudorchis,albida ssp.,,,,2025-09-07 07:08:34.585609,2025-09-07 07:08:34.58561
4341,Platanthera Rich.,Platanthera,Rich.,,,,2025-09-07 07:08:34.624568,2025-09-07 07:08:34.62457
4342,Platanthera algeriensis Batt. & Trab.,Platanthera,algeriensis Batt.,,,,2025-09-07 07:08:34.665413,2025-09-07 07:08:34.665417
4343,Platanthera amabilis Koidz.,Platanthera,amabilis Koidz.,,,,2025-09-07 07:08:34.704923,2025-09-07 07:08:34.704926
4344,Platanthera anatina Ormerod,Platanthera,anatina Ormerod,,,,2025-09-07 07:08:34.744328,2025-09-07 07:08:34.744331
4345,Platanthera angustata (Blume) Lindl.,Platanthera,angustata Blume,,,,2025-09-07 07:08:34.783879,2025-09-07 07:08:34.783882
4346,Platanthera angustata (Blume) Lindl. var. singgalangensis J. J. Sm.,Platanthera,angustata Blume,,,,2025-09-07 07:08:34.823365,2025-09-07 07:08:34.823368
4347,Platanthera angustilabris Seidenf.,Platanthera,angustilabris Seidenf.,,,,2025-09-07 07:08:34.862609,2025-09-07 07:08:34.862611
4348,Platanthera aquilonis Sheviak,Platanthera,aquilonis Sheviak,,,,2025-09-07 07:08:34.901501,2025-09-07 07:08:34.901503
4349,Platanthera azorica Schltr.,Platanthera,azorica Schltr.,,,,2025-09-07 07:08:34.944994,2025-09-07 07:08:34.944997
4350,Platanthera bakeriana (King & Pantl.) Kraenzl.,Platanthera,bakeriana King,,,,2025-09-07 07:08:34.983909,2025-09-07 07:08:34.983912
4351,Platanthera bhutanica K. Inoue,Platanthera,bhutanica K.,,,,2025-09-07 07:08:35.025107,2025-09-07 07:08:35.02511
4352,Platanthera bifolia ssp. bifolia (L.) Rich.,Platanthera,bifolia ssp.,,,,2025-09-07 07:08:35.064594,2025-09-07 07:08:35.064596
4353,Platanthera bifolia var. subalpina (Brügger) Chenevard,Platanthera,bifolia,,,,2025-09-07 07:08:35.104563,2025-09-07 07:08:35.104565
4354,Platanthera bifolia ssp. atropatenica B. Baumann & H. Baumann,Platanthera,bifolia ssp.,,,,2025-09-07 07:08:35.143392,2025-09-07 07:08:35.143394
4355,Platanthera bifolia ssp. osca R. Lorenz,Platanthera,bifolia ssp.,,,,2025-09-07 07:08:35.182225,2025-09-07 07:08:35.182227
4356,Platanthera blephariglottis (Willd.) Lindl.,Platanthera,blephariglottis Willd.,,,,2025-09-07 07:08:35.221453,2025-09-07 07:08:35.221456
4357,Platanthera blephariglottis (Willd.) Lindl. var. conspicua (Nash) Luer,Platanthera,blephariglottis Willd.,,,,2025-09-07 07:08:35.260707,2025-09-07 07:08:35.26071
4358,Platanthera blumei Lindl.,Platanthera,blumei Lindl.,,,,2025-09-07 07:08:35.303304,2025-09-07 07:08:35.303308
4359,Platanthera boninensis Koidz.,Platanthera,boninensis Koidz.,,,,2025-09-07 07:08:35.342443,2025-09-07 07:08:35.342446
4360,Platanthera borneensis (Ridl.) J. J. Wood,Platanthera,borneensis Ridl.,,,,2025-09-07 07:08:35.381538,2025-09-07 07:08:35.381541
4361,Platanthera brevicalcarata Hayata,Platanthera,brevicalcarata Hayata,,,,2025-09-07 07:08:35.420517,2025-09-07 07:08:35.42052
4362,Platanthera brevifolia (Greene) Kraenzl.,Platanthera,brevifolia Greene,,,,2025-09-07 07:08:35.460241,2025-09-07 07:08:35.460245
4363,Platanthera calceoliformis (W. W. Sm.) X. H. Jin,Platanthera,calceoliformis W.,,,,2025-09-07 07:08:35.499836,2025-09-07 07:08:35.499838
4364,Platanthera calderoniae A. R. López Ferrari & Espejo,Platanthera,calderoniae A.,,,,2025-09-07 07:08:35.538872,2025-09-07 07:08:35.538873
4365,Platanthera carnosilabris (Tang & F. T. Wang) X. H. Jin,Platanthera,carnosilabris Tang,,,,2025-09-07 07:08:35.577961,2025-09-07 07:08:35.577963
4366,Platanthera chapmanii (Small) Luer,Platanthera,chapmanii Small,,,,2025-09-07 07:08:35.617042,2025-09-07 07:08:35.617044
4367,Platanthera chlorantha (Custer) Rchb.,Platanthera,chlorantha Custer,,,,2025-09-07 07:08:35.65604,2025-09-07 07:08:35.656042
4368,Platanthera chorisiana (Cham.) Rchb.f.,Platanthera,chorisiana Cham.,,,,2025-09-07 07:08:35.695622,2025-09-07 07:08:35.695625
4369,Platanthera ciliaris (L.) Lindl.,Platanthera,ciliaris L.,,,,2025-09-07 07:08:35.734887,2025-09-07 07:08:35.734891
4370,Platanthera clavellata (Michx.) Luer,Platanthera,clavellata Michx.,,,,2025-09-07 07:08:35.773871,2025-09-07 07:08:35.773872
4371,Platanthera colemanii (Rand. Morgan & Glic.) R. M. Bateman,Platanthera,colemanii Rand.,,,,2025-09-07 07:08:35.818509,2025-09-07 07:08:35.818511
4372,Platanthera concinna (Hook.f.) Kraenzl.,Platanthera,concinna Hook.f.,,,,2025-09-07 07:08:35.857712,2025-09-07 07:08:35.857716
4373,Platanthera contigua Tang & F. T. Wang,Platanthera,contigua Tang,,,,2025-09-07 07:08:35.897006,2025-09-07 07:08:35.897009
4374,Platanthera convallariifolia (Fisch. ex Lindl.) Lindl.,Platanthera,convallariifolia Fisch.,,,,2025-09-07 07:08:35.935967,2025-09-07 07:08:35.935968
4375,Platanthera cooperi (S. Watson) R. M. Bateman,Platanthera,cooperi S.,,,,2025-09-07 07:08:35.976378,2025-09-07 07:08:35.976381
4376,Platanthera cristata (Michx.) Lindl.,Platanthera,cristata Michx.,,,,2025-09-07 07:08:36.015511,2025-09-07 07:08:36.015514
4377,Platanthera dambungensis K. Prasad,Platanthera,dambungensis K.,,,,2025-09-07 07:08:36.054777,2025-09-07 07:08:36.054779
4378,Platanthera deergongensis X. H. Jin,Platanthera,deergongensis X.,,,,2025-09-07 07:08:36.104612,2025-09-07 07:08:36.104617
4379,Platanthera deflexilabella K. Y. Lang,Platanthera,deflexilabella K.,,,,2025-09-07 07:08:36.149954,2025-09-07 07:08:36.149957
4380,Platanthera densa ssp. densa Freyn,Platanthera,densa ssp.,,,,2025-09-07 07:08:36.189295,2025-09-07 07:08:36.189297
4381,Platanthera densa ssp. orientalis (Schltr.) Efimov,Platanthera,densa ssp.,,,,2025-09-07 07:08:36.229047,2025-09-07 07:08:36.22905
4382,Platanthera devolii (T. P. Lin & T. W. Hu) T. P. Lin & K. Inoue,Platanthera,devolii T.,,,,2025-09-07 07:08:36.268516,2025-09-07 07:08:36.268519
4383,Platanthera dilatata (Pursh) Lindl. ex L. C. Beck,Platanthera,dilatata Pursh,,,,2025-09-07 07:08:36.320271,2025-09-07 07:08:36.320274
4384,Platanthera dilatata (Pursh) Lindl. ex L. C. Beck var. albiflora (Cham.) Ledeb.,Platanthera,dilatata Pursh,,,,2025-09-07 07:08:36.363592,2025-09-07 07:08:36.363595
4385,Platanthera dilatata (Pursh) Lindl. ex L. C. Beck var. leucostachys (Lindl.) Hultén,Platanthera,dilatata Pursh,,,,2025-09-07 07:08:36.40353,2025-09-07 07:08:36.403532
4386,Platanthera dulongensis X. H. Jin & Efimov,Platanthera,dulongensis X.,,,,2025-09-07 07:08:36.442647,2025-09-07 07:08:36.44265
4387,Platanthera elegans ssp. elegans Lindl.,Platanthera,elegans ssp.,,,,2025-09-07 07:08:36.482057,2025-09-07 07:08:36.48206
4388,Platanthera elegans ssp. decurtata (Rand. Morgan & Glic.) R. M. Bateman,Platanthera,elegans ssp.,,,,2025-09-07 07:08:36.521498,2025-09-07 07:08:36.521501
4389,Platanthera elliptica J. J. Sm.,Platanthera,elliptica J.,,,,2025-09-07 07:08:36.56135,2025-09-07 07:08:36.561352
4390,Platanthera elmeri (Ames) Schltr.,Platanthera,elmeri Ames,,,,2025-09-07 07:08:36.600343,2025-09-07 07:08:36.600345
4391,Platanthera elongata (Rydb.) R. M. Bateman,Platanthera,elongata Rydb.,,,,2025-09-07 07:08:36.639562,2025-09-07 07:08:36.639564
4392,Platanthera ephemerantha R. M. Bateman,Platanthera,ephemerantha R.,,,,2025-09-07 07:08:36.678807,2025-09-07 07:08:36.67881
4393,Platanthera epiphytica Aver. & Efimov,Platanthera,epiphytica Aver.,,,,2025-09-07 07:08:36.718003,2025-09-07 07:08:36.718005
4394,Platanthera finetiana Schltr.,Platanthera,finetiana Schltr.,,,,2025-09-07 07:08:36.75733,2025-09-07 07:08:36.757334
4395,Platanthera flava (L.) Lindl.,Platanthera,flava L.,,,,2025-09-07 07:08:36.796703,2025-09-07 07:08:36.796705
4396,Platanthera flava (L.) Lindl. var. herbiola (R. Br.) Luer,Platanthera,flava L.,,,,2025-09-07 07:08:36.835986,2025-09-07 07:08:36.835987
4397,Platanthera florentii Franch. & Sav.,Platanthera,florentii Franch.,,,,2025-09-07 07:08:36.875518,2025-09-07 07:08:36.87552
4398,Platanthera fujianensis B. H. Chen & X. H. Jin,Platanthera,fujianensis B.,,,,2025-09-07 07:08:36.915429,2025-09-07 07:08:36.915432
4399,Platanthera fuscescens (L.) Kraenzl.,Platanthera,fuscescens L.,,,,2025-09-07 07:08:36.961363,2025-09-07 07:08:36.961366
4400,Platanthera gonggana (Ormerod) Efimov,Platanthera,gonggana Ormerod,,,,2025-09-07 07:08:37.000883,2025-09-07 07:08:37.000886
4401,Platanthera grandiflora (Bigelow) Lindl.,Platanthera,grandiflora Bigelow,,,,2025-09-07 07:08:37.040037,2025-09-07 07:08:37.04004
4402,Platanthera guangdongensis Y. F. Li,Platanthera,guangdongensis Y.,,,,2025-09-07 07:08:37.079441,2025-09-07 07:08:37.079444
4403,Platanthera guatemalensis Schltr.,Platanthera,guatemalensis Schltr.,,,,2025-09-07 07:08:37.118717,2025-09-07 07:08:37.118719
4404,Platanthera hachijoensis Honda,Platanthera,hachijoensis Honda,,,,2025-09-07 07:08:37.159278,2025-09-07 07:08:37.159281
4405,Platanthera halconensis (Ames) Schltr.,Platanthera,halconensis Ames,,,,2025-09-07 07:08:37.198701,2025-09-07 07:08:37.198705
4406,Platanthera handel-mazzettii K. Inoue,Platanthera,handel-mazzettii K.,,,,2025-09-07 07:08:37.237527,2025-09-07 07:08:37.23753
4407,Platanthera holmboei H. Lindb.,Platanthera,holmboei H.,,,,2025-09-07 07:08:37.276637,2025-09-07 07:08:37.276639
4408,Platanthera holmboei H. Lindb. var. lesbiaca (Devillers-Tersch.,Platanthera,holmboei H.,,,,2025-09-07 07:08:37.31613,2025-09-07 07:08:37.316132
4409,Platanthera hologlottis Maxim.,Platanthera,hologlottis Maxim.,,,,2025-09-07 07:08:37.355382,2025-09-07 07:08:37.355385
4410,Platanthera hondoensis (Ohwi) K. Inoue,Platanthera,hondoensis Ohwi,,,,2025-09-07 07:08:37.394549,2025-09-07 07:08:37.394552
4411,Platanthera hookeri (Torr. ex A. Gray) Lindl.,Platanthera,hookeri Torr.,,,,2025-09-07 07:08:37.436865,2025-09-07 07:08:37.436869
4412,Platanthera huronensis (Nutt.) Lindl.,Platanthera,huronensis Nutt.,,,,2025-09-07 07:08:37.476697,2025-09-07 07:08:37.476701
4413,Platanthera hyperborea (L.) Lindl.,Platanthera,hyperborea L.,,,,2025-09-07 07:08:37.516039,2025-09-07 07:08:37.516041
4414,Platanthera iinumae Makino,Platanthera,iinumae Makino,,,,2025-09-07 07:08:37.555506,2025-09-07 07:08:37.55551
4415,Platanthera integra (Nutt.) A. Gray ex L. C. Beck,Platanthera,integra Nutt.,,,,2025-09-07 07:08:37.594499,2025-09-07 07:08:37.594502
4416,Platanthera integrilabia (Correll) Luer,Platanthera,integrilabia Correll,,,,2025-09-07 07:08:37.633905,2025-09-07 07:08:37.633907
4417,Platanthera japonica (Thunb.) Lindl.,Platanthera,japonica Thunb.,,,,2025-09-07 07:08:37.672541,2025-09-07 07:08:37.672543
4418,Platanthera jiuwanshanensis Ying Qin & Yan Liu,Platanthera,jiuwanshanensis Ying,,,,2025-09-07 07:08:37.711884,2025-09-07 07:08:37.711887
4419,Platanthera kinabaluensis Kraenzl. ex Rolfe,Platanthera,kinabaluensis Kraenzl.,,,,2025-09-07 07:08:37.750843,2025-09-07 07:08:37.750846
4420,Platanthera klossii (Ridl.) Efimov,Platanthera,klossii Ridl.,,,,2025-09-07 07:08:37.790506,2025-09-07 07:08:37.790511
4421,Platanthera klossii (Ridl.) Efimov var. elatior (J. J. Sm.) S.Nowak & Efimov,Platanthera,klossii Ridl.,,,,2025-09-07 07:08:37.830176,2025-09-07 07:08:37.830179
4422,Platanthera klossii (Ridl.) Efimov var. longicalcarata (J. J. Sm.) Efimov,Platanthera,klossii Ridl.,,,,2025-09-07 07:08:37.869432,2025-09-07 07:08:37.869435
4423,Platanthera komarovii Schltr.,Platanthera,komarovii Schltr.,,,,2025-09-07 07:08:37.9087,2025-09-07 07:08:37.908701
4424,Platanthera kuenkelei H. Baumann,Platanthera,kuenkelei H.,,,,2025-09-07 07:08:37.947741,2025-09-07 07:08:37.947744
4425,Platanthera kuenkelei H. Baumann var. sardoa R. Lorenz,Platanthera,kuenkelei H.,,,,2025-09-07 07:08:37.986918,2025-09-07 07:08:37.986921
4426,Platanthera kwangsiensis K. Y. Lang,Platanthera,kwangsiensis K.,,,,2025-09-07 07:08:38.029595,2025-09-07 07:08:38.029596
4427,Platanthera lacera (Michx.) G. Don,Platanthera,lacera Michx.,,,,2025-09-07 07:08:38.068944,2025-09-07 07:08:38.068947
4428,Platanthera lachungensis K. Prasad,Platanthera,lachungensis K.,,,,2025-09-07 07:08:38.108449,2025-09-07 07:08:38.108452
4429,Platanthera leptocaulon (Hook.f.) Soó,Platanthera,leptocaulon Hook.f.,,,,2025-09-07 07:08:38.147841,2025-09-07 07:08:38.147843
4430,Platanthera leptopetala (Rydb.) R. M. Bateman,Platanthera,leptopetala Rydb.,,,,2025-09-07 07:08:38.187326,2025-09-07 07:08:38.187329
4431,Platanthera leucophaea (Nutt.) Lindl.,Platanthera,leucophaea Nutt.,,,,2025-09-07 07:08:38.227706,2025-09-07 07:08:38.227709
4432,Platanthera linearifolia (Ohwi) Efimov,Platanthera,linearifolia Ohwi,,,,2025-09-07 07:08:38.269463,2025-09-07 07:08:38.269466
4433,Platanthera linzhiensis X. H. Jin,Platanthera,linzhiensis X.,,,,2025-09-07 07:08:38.309162,2025-09-07 07:08:38.309166
4434,Platanthera longibracteata Lindl.,Platanthera,longibracteata Lindl.,,,,2025-09-07 07:08:38.348388,2025-09-07 07:08:38.34839
4435,Platanthera longicalcarata Hayata,Platanthera,longicalcarata Hayata,,,,2025-09-07 07:08:38.387602,2025-09-07 07:08:38.387604
4436,Platanthera longifolia A. Rich. & Galeotti,Platanthera,longifolia A.,,,,2025-09-07 07:08:38.428146,2025-09-07 07:08:38.428148
4437,Platanthera mandarinorum ssp. mandarinorum Rchb.f.,Platanthera,mandarinorum ssp.,,,,2025-09-07 07:08:38.467815,2025-09-07 07:08:38.467818
4438,Platanthera mandarinorum var. ophrydioides (F. Schmidt) Finet,Platanthera,mandarinorum,,,,2025-09-07 07:08:38.507194,2025-09-07 07:08:38.507197
4439,Platanthera mandarinorum ssp. pachyglossa (Hayata) T. P. Lin & K. Inoue,Platanthera,mandarinorum ssp.,,,,2025-09-07 07:08:38.547138,2025-09-07 07:08:38.547141
4440,Platanthera maximowicziana Schltr.,Platanthera,maximowicziana Schltr.,,,,2025-09-07 07:08:38.586806,2025-09-07 07:08:38.586809
4441,Platanthera mearnsii (Ames) Schltr.,Platanthera,mearnsii Ames,,,,2025-09-07 07:08:38.625856,2025-09-07 07:08:38.625858
4442,Platanthera medogensis X. H. Jin & D. L. Lin,Platanthera,medogensis X.,,,,2025-09-07 07:08:38.665213,2025-09-07 07:08:38.665216
4443,Platanthera metabifolia F. Maek.,Platanthera,metabifolia F.,,,,2025-09-07 07:08:38.70429,2025-09-07 07:08:38.704292
4444,Platanthera michaelii (Greene) R. M. Bateman,Platanthera,michaelii Greene,,,,2025-09-07 07:08:38.743611,2025-09-07 07:08:38.743613
4445,Platanthera micrantha (Hochst.) Schltr.,Platanthera,micrantha Hochst.,,,,2025-09-07 07:08:38.783945,2025-09-07 07:08:38.783947
4446,Platanthera milinensis X. H. Jin,Platanthera,milinensis X.,,,,2025-09-07 07:08:38.823203,2025-09-07 07:08:38.823205
4447,Platanthera miniangustata Efimov,Platanthera,miniangustata Efimov,,,,2025-09-07 07:08:38.86291,2025-09-07 07:08:38.862913
4448,Platanthera minor (Miq.) Rchb.f.,Platanthera,minor Miq.,,,,2025-09-07 07:08:38.9027,2025-09-07 07:08:38.902703
4449,Platanthera minutiflora Schltr.,Platanthera,minutiflora Schltr.,,,,2025-09-07 07:08:38.941728,2025-09-07 07:08:38.94173
4450,Platanthera nanlingensis X. H. Jin & W. T. Jin,Platanthera,nanlingensis X.,,,,2025-09-07 07:08:38.981347,2025-09-07 07:08:38.981349
4451,Platanthera nantousylvatica T. P. Lin,Platanthera,nantousylvatica T.,,,,2025-09-07 07:08:39.020429,2025-09-07 07:08:39.020431
4452,Platanthera neglecta Schltr.,Platanthera,neglecta Schltr.,,,,2025-09-07 07:08:39.059561,2025-09-07 07:08:39.059563
4453,Platanthera nematocaulon (Hook.f.) Kraenzl.,Platanthera,nematocaulon Hook.f.,,,,2025-09-07 07:08:39.098667,2025-09-07 07:08:39.098669
4454,Platanthera nipponica Makino,Platanthera,nipponica Makino,,,,2025-09-07 07:08:39.138033,2025-09-07 07:08:39.138036
4455,Platanthera nivea (Nutt.) Luer,Platanthera,nivea Nutt.,,,,2025-09-07 07:08:39.177444,2025-09-07 07:08:39.177447
4456,Platanthera nubigena A. Rich. & Galeotti,Platanthera,nubigena A.,,,,2025-09-07 07:08:39.216878,2025-09-07 07:08:39.216881
4457,Platanthera obtusata (Banks ex Pursh) Lindl.,Platanthera,obtusata Banks,,,,2025-09-07 07:08:39.256504,2025-09-07 07:08:39.256508
4458,Platanthera okuboi Makino,Platanthera,okuboi Makino,,,,2025-09-07 07:08:39.296779,2025-09-07 07:08:39.296782
4459,Platanthera oligantha Turcz.,Platanthera,oligantha Turcz.,,,,2025-09-07 07:08:39.337253,2025-09-07 07:08:39.337255
4460,Platanthera orbicularis (Hook.f.) X. H. Jin,Platanthera,orbicularis Hook.f.,,,,2025-09-07 07:08:39.37853,2025-09-07 07:08:39.378533
4461,Platanthera orbiculata (Pursh) Lindl.,Platanthera,orbiculata Pursh,,,,2025-09-07 07:08:39.418126,2025-09-07 07:08:39.418128
4462,Platanthera orbiculata (Pursh) Lindl. var. macrophylla (Goldie) Luer,Platanthera,orbiculata Pursh,,,,2025-09-07 07:08:39.45789,2025-09-07 07:08:39.457894
4463,Platanthera oreades Franch. & Sav.,Platanthera,oreades Franch.,,,,2025-09-07 07:08:39.497578,2025-09-07 07:08:39.497581
4464,Platanthera oreophila (W. W. Sm.) Schltr.,Platanthera,oreophila W.,,,,2025-09-07 07:08:39.536939,2025-09-07 07:08:39.536943
4465,Platanthera ovatilabris X. H. Jin & Efimov,Platanthera,ovatilabris X.,,,,2025-09-07 07:08:39.577565,2025-09-07 07:08:39.577568
4466,Platanthera pachycaulon (Hook.f.) Soó,Platanthera,pachycaulon Hook.f.,,,,2025-09-07 07:08:39.617441,2025-09-07 07:08:39.617444
4467,Platanthera pallida P. M. Br.,Platanthera,pallida P.,,,,2025-09-07 07:08:39.65735,2025-09-07 07:08:39.657353
4468,Platanthera papuana Schltr.,Platanthera,papuana Schltr.,,,,2025-09-07 07:08:39.697517,2025-09-07 07:08:39.69752
4469,Platanthera peramoena (A. Gray) A. Gray,Platanthera,peramoena A.,,,,2025-09-07 07:08:39.7365,2025-09-07 07:08:39.736503
4470,Platanthera pervia Peterm.,Platanthera,pervia Peterm.,,,,2025-09-07 07:08:39.775555,2025-09-07 07:08:39.775557
4471,Platanthera pollostantha R. M. Bateman & M. Moura,Platanthera,pollostantha R.,,,,2025-09-07 07:08:39.814566,2025-09-07 07:08:39.814569
4472,Platanthera praeclara Sheviak & M. L. Bowles,Platanthera,praeclara Sheviak,,,,2025-09-07 07:08:39.853741,2025-09-07 07:08:39.853744
4473,Platanthera psycodes (L.) Lindl.,Platanthera,psycodes L.,,,,2025-09-07 07:08:39.892858,2025-09-07 07:08:39.892861
4474,Platanthera purpurascens (Rydb.) Sheviak & W. F. Jenn.,Platanthera,purpurascens Rydb.,,,,2025-09-07 07:08:39.931918,2025-09-07 07:08:39.931922
4475,Platanthera quadricalcarata T. P. Lin,Platanthera,quadricalcarata T.,,,,2025-09-07 07:08:39.971636,2025-09-07 07:08:39.971639
4476,Platanthera replicata (A. Rich.) Ackerman,Platanthera,replicata A.,,,,2025-09-07 07:08:40.010838,2025-09-07 07:08:40.010839
4477,Platanthera roseotincta (W. W. Sm.) Tang & F. T. Wang,Platanthera,roseotincta W.,,,,2025-09-07 07:08:40.04993,2025-09-07 07:08:40.049933
4478,Platanthera sachalinensis F. Schmidt,Platanthera,sachalinensis F.,,,,2025-09-07 07:08:40.089252,2025-09-07 07:08:40.089255
4479,Platanthera saprophytica J. J. Sm.,Platanthera,saprophytica J.,,,,2025-09-07 07:08:40.128352,2025-09-07 07:08:40.128353
4480,Platanthera shriveri P. M. Br.,Platanthera,shriveri P.,,,,2025-09-07 07:08:40.168073,2025-09-07 07:08:40.168076
4481,Platanthera sikkimensis (Hook.f.) Kraenzl.,Platanthera,sikkimensis Hook.f.,,,,2025-09-07 07:08:40.20783,2025-09-07 07:08:40.207833
4482,Platanthera sonoharae Masam.,Platanthera,sonoharae Masam.,,,,2025-09-07 07:08:40.250441,2025-09-07 07:08:40.250444
4483,Platanthera sparsiflora (S. Watson) Schltr.,Platanthera,sparsiflora S.,,,,2025-09-07 07:08:40.29034,2025-09-07 07:08:40.290343
4484,Platanthera stapfii Kraenzl. ex Rolfe,Platanthera,stapfii Kraenzl.,,,,2025-09-07 07:08:40.329766,2025-09-07 07:08:40.32977
4485,Platanthera stenantha (Hook.f.) Soó,Platanthera,stenantha Hook.f.,,,,2025-09-07 07:08:40.369258,2025-09-07 07:08:40.369262
4486,Platanthera stenochila X. H. Jin,Platanthera,stenochila X.,,,,2025-09-07 07:08:40.408574,2025-09-07 07:08:40.408577
4487,Platanthera stenoglossa Hayata,Platanthera,stenoglossa Hayata,,,,2025-09-07 07:08:40.449217,2025-09-07 07:08:40.44922
4488,Platanthera stenophylla Tang & F. T. Wang,Platanthera,stenophylla Tang,,,,2025-09-07 07:08:40.489058,2025-09-07 07:08:40.489061
4489,Platanthera stricta Lindl.,Platanthera,stricta Lindl.,,,,2025-09-07 07:08:40.528443,2025-09-07 07:08:40.528445
4490,Platanthera superantha (J. J. Wood) X. H. Jin,Platanthera,superantha J.,,,,2025-09-07 07:08:40.567722,2025-09-07 07:08:40.567725
4491,Platanthera taiwanensis (S. S. Ying) S. C. Chen,Platanthera,taiwanensis S.,,,,2025-09-07 07:08:40.607616,2025-09-07 07:08:40.607619
4492,Platanthera takedae ssp. takedae Makino,Platanthera,takedae ssp.,,,,2025-09-07 07:08:40.64719,2025-09-07 07:08:40.647193
4493,Platanthera takedae ssp. uzenensis (Ohwi) K. Inoue,Platanthera,takedae ssp.,,,,2025-09-07 07:08:40.68739,2025-09-07 07:08:40.687394
4494,Platanthera tescamnis Sheviak & W. F. Jenn.,Platanthera,tescamnis Sheviak,,,,2025-09-07 07:08:40.726839,2025-09-07 07:08:40.726842
4495,Platanthera tipuloides (L.f.) Lindl.,Platanthera,tipuloides L.f.,,,,2025-09-07 07:08:40.765935,2025-09-07 07:08:40.765936
4496,Platanthera tipuloides (L.f.) Lindl. var. behringiana (Rydb.) Hultén,Platanthera,tipuloides L.f.,,,,2025-09-07 07:08:40.805067,2025-09-07 07:08:40.80507
4497,Platanthera transnokoensis Ohwi & Fukuy.,Platanthera,transnokoensis Ohwi,,,,2025-09-07 07:08:40.844024,2025-09-07 07:08:40.844026
4498,Platanthera transversa (Suksd.) R. M. Bateman,Platanthera,transversa Suksd.,,,,2025-09-07 07:08:40.883485,2025-09-07 07:08:40.883487
4499,Platanthera unalaschkensis (Spreng.) Kraenzl.,Platanthera,unalaschkensis Spreng.,,,,2025-09-07 07:08:40.922402,2025-09-07 07:08:40.922403
4500,Platanthera uniformis Tang & F. T. Wang,Platanthera,uniformis Tang,,,,2025-09-07 07:08:40.961901,2025-09-07 07:08:40.96191
4501,Platanthera urceolata (Hook.f.) R. M. Bateman,Platanthera,urceolata Hook.f.,,,,2025-09-07 07:08:41.006952,2025-09-07 07:08:41.006955
4502,Platanthera ussuriensis (Regel) Maxim.,Platanthera,ussuriensis Regel,,,,2025-09-07 07:08:41.046577,2025-09-07 07:08:41.04658
4503,Platanthera valkenburgii S.Nowak,Platanthera,valkenburgii S.Nowak,,,,2025-09-07 07:08:41.085583,2025-09-07 07:08:41.085587
4504,Platanthera whangshanensis (S. S. Chien) Efimov,Platanthera,whangshanensis S.,,,,2025-09-07 07:08:41.127996,2025-09-07 07:08:41.128
4505,Platanthera x andrewsii (M. White) Luer,Platanthera,x andrewsii,,,,2025-09-07 07:08:41.167606,2025-09-07 07:08:41.16761
4506,Platanthera x apalachicola P. M. Br. & S. L. Stewart,Platanthera,x apalachicola,,,,2025-09-07 07:08:41.208616,2025-09-07 07:08:41.20862
4507,Platanthera x beckneri P. M. Br.,Platanthera,x beckneri,,,,2025-09-07 07:08:41.249904,2025-09-07 07:08:41.249907
4508,Platanthera x bicolor (Raf.) Luer,Platanthera,x bicolor,,,,2025-09-07 07:08:41.290011,2025-09-07 07:08:41.290014
4509,Platanthera x canbyi (Ames) Luer,Platanthera,x canbyi,,,,2025-09-07 07:08:41.329508,2025-09-07 07:08:41.329512
4510,Platanthera x channellii Folsom,Platanthera,x channellii,,,,2025-09-07 07:08:41.368982,2025-09-07 07:08:41.368985
4511,Platanthera x colwelliae P. M. Br.,Platanthera,x colwelliae,,,,2025-09-07 07:08:41.429022,2025-09-07 07:08:41.429026
4512,Platanthera x corderorum P. M. Br.,Platanthera,x corderorum,,,,2025-09-07 07:08:41.470152,2025-09-07 07:08:41.470155
4513,Platanthera x correllii W. J. Schrenk,Platanthera,x correllii,,,,2025-09-07 07:08:41.50939,2025-09-07 07:08:41.509394
4514,Platanthera x dulcis P. M. Br.,Platanthera,x dulcis,,,,2025-09-07 07:08:41.548907,2025-09-07 07:08:41.54891
4515,Platanthera x enigma P. M. Br.,Platanthera,x enigma,,,,2025-09-07 07:08:41.588075,2025-09-07 07:08:41.588078
4516,Platanthera x estesii W. J. Schrenk,Platanthera,x estesii,,,,2025-09-07 07:08:41.630728,2025-09-07 07:08:41.630731
4517,Platanthera x evansiana P. M. Br.,Platanthera,x evansiana,,,,2025-09-07 07:08:41.673699,2025-09-07 07:08:41.673703
4518,Platanthera x folsomii P. M. Br.,Platanthera,x folsomii,,,,2025-09-07 07:08:41.714269,2025-09-07 07:08:41.714272
4519,Platanthera x gracilis Lindl.,Platanthera,x gracilis,,,,2025-09-07 07:08:41.756187,2025-09-07 07:08:41.756189
4520,Platanthera x graebneri (M. Schulze) Domin,Platanthera,x graebneri,,,,2025-09-07 07:08:41.797951,2025-09-07 07:08:41.797955
4521,Platanthera x hollandiae Catling & Brownell,Platanthera,x hollandiae,,,,2025-09-07 07:08:41.837108,2025-09-07 07:08:41.837112
4522,Platanthera x inouei Efimov,Platanthera,x inouei,,,,2025-09-07 07:08:41.876578,2025-09-07 07:08:41.876581
4523,Platanthera x keenanii P. M. Br.,Platanthera,x keenanii,,,,2025-09-07 07:08:41.916409,2025-09-07 07:08:41.916412
4524,Platanthera x kelleyi P. M. Br.,Platanthera,x kelleyi,,,,2025-09-07 07:08:41.955688,2025-09-07 07:08:41.955691
4525,Platanthera x lassenii W. J. Schrenk,Platanthera,x lassenii,,,,2025-09-07 07:08:41.994877,2025-09-07 07:08:41.99488
4526,Platanthera x lueri P. M. Br.,Platanthera,x lueri,,,,2025-09-07 07:08:42.03428,2025-09-07 07:08:42.034284
4527,Platanthera x mixta Efimov,Platanthera,x mixta,,,,2025-09-07 07:08:42.074005,2025-09-07 07:08:42.074008
4528,Platanthera x okubohachijoensis K. Inoue,Platanthera,x okubohachijoensis,,,,2025-09-07 07:08:42.113221,2025-09-07 07:08:42.113223
4529,Platanthera x ophryotipuloides K. Inoue,Platanthera,x ophryotipuloides,,,,2025-09-07 07:08:42.155841,2025-09-07 07:08:42.155844
4530,Platanthera x osceola P. M. Br. & S. L. Stewart,Platanthera,x osceola,,,,2025-09-07 07:08:42.195518,2025-09-07 07:08:42.195523
4531,Platanthera x reznicekii Catling,Platanthera,x reznicekii,,,,2025-09-07 07:08:42.234898,2025-09-07 07:08:42.234902
4532,Platanthera x smithii P. M. Br.,Platanthera,x smithii,,,,2025-09-07 07:08:42.27399,2025-09-07 07:08:42.273993
4533,Platanthera x vossii Case,Platanthera,x vossii,,,,2025-09-07 07:08:42.313827,2025-09-07 07:08:42.31383
4534,Platanthera xizangensis X. H. Jin,Platanthera,xizangensis X.,,,,2025-09-07 07:08:42.353142,2025-09-07 07:08:42.353145
4535,Platanthera yadongensis X. H. Jin & W. T. Jin,Platanthera,yadongensis X.,,,,2025-09-07 07:08:42.393894,2025-09-07 07:08:42.393896
4536,Platanthera yadonii (Rand. Morgan & Ackerman) R. M. Bateman,Platanthera,yadonii Rand.,,,,2025-09-07 07:08:42.433229,2025-09-07 07:08:42.433233
4537,Platanthera yosemitensis Colwell,Platanthera,yosemitensis Colwell,,,,2025-09-07 07:08:42.472602,2025-09-07 07:08:42.472604
4538,Platanthera zhelesnajae Stepanov,Platanthera,zhelesnajae Stepanov,,,,2025-09-07 07:08:42.512343,2025-09-07 07:08:42.512346
4539,Platanthera zijinensis Q. L. Ye,Platanthera,zijinensis Q.,,,,2025-09-07 07:08:42.551681,2025-09-07 07:08:42.551684
4540,Platanthera zothecina (L. C. Higgins & S. L. Welsh) Kartesz & Gandhi,Platanthera,zothecina L.,,,,2025-09-07 07:08:42.590973,2025-09-07 07:08:42.590977
4541,Coenoemersa R. González & Lizb. Hern.,Coenoemersa,R. González,,,,2025-09-07 07:08:42.630325,2025-09-07 07:08:42.630327
4542,Coenoemersa cualensis R. González & Lizb. Hern.,Coenoemersa,cualensis R.,,,,2025-09-07 07:08:42.66954,2025-09-07 07:08:42.669542
4543,Coenoemersa limosa (Lindl.) R. González & Lizb. Hern.,Coenoemersa,limosa Lindl.,,,,2025-09-07 07:08:42.708872,2025-09-07 07:08:42.708875
4544,Coenoemersa volcanica (Lindl.) R. González & Lizb. Hern.,Coenoemersa,volcanica Lindl.,,,,2025-09-07 07:08:42.7483,2025-09-07 07:08:42.748303
4545,Galearis Raf.,Galearis,Raf.,,,,2025-09-07 07:08:42.788558,2025-09-07 07:08:42.788562
4546,Galearis camtschatica (Cham. & Schltdl.) X. H. Jin,Galearis,camtschatica Cham.,,,,2025-09-07 07:08:42.828318,2025-09-07 07:08:42.828321
4547,Galearis cyclochila (Franch. & Sav.) Soó,Galearis,cyclochila Franch.,,,,2025-09-07 07:08:42.867937,2025-09-07 07:08:42.86794
4548,Galearis fauriei (Finet) P. F. Hunt,Galearis,fauriei Finet,,,,2025-09-07 07:08:42.907103,2025-09-07 07:08:42.907105
4549,Galearis huanglongensis Q. W. Meng & Y. B. Luo,Galearis,huanglongensis Q.,,,,2025-09-07 07:08:42.94641,2025-09-07 07:08:42.946412
4550,Galearis roborovskii (Maxim.) S. C. Chen,Galearis,roborovskii Maxim.,,,,2025-09-07 07:08:42.985729,2025-09-07 07:08:42.985733
4551,Galearis rotundifolia (Banks ex Pursh) R. M. Bateman,Galearis,rotundifolia Banks,,,,2025-09-07 07:08:43.025028,2025-09-07 07:08:43.025031
4552,Galearis spathulata (Lindl.) P. F. Hunt,Galearis,spathulata Lindl.,,,,2025-09-07 07:08:43.064561,2025-09-07 07:08:43.064564
4553,Galearis spectabilis (L.) Raf.,Galearis,spectabilis L.,,,,2025-09-07 07:08:43.10402,2025-09-07 07:08:43.104024
4554,Galearis tschiliensis (Schltr.) P. J. Cribb,Galearis,tschiliensis Schltr.,,,,2025-09-07 07:08:43.143933,2025-09-07 07:08:43.143936
4555,Galearis wardii (W. W. Sm.) P. F. Hunt,Galearis,wardii W.,,,,2025-09-07 07:08:43.18366,2025-09-07 07:08:43.183668
4556,Dactylorhiza Neck. ex Nevski,Dactylorhiza,Neck. ex,,,,2025-09-07 07:08:43.222834,2025-09-07 07:08:43.222837
4557,Dactylorhiza aristata (Fisch. ex Lindl.) Soó,Dactylorhiza,aristata Fisch.,,,,2025-09-07 07:08:43.263478,2025-09-07 07:08:43.26348
4558,Dactylorhiza armeniaca Hedrén,Dactylorhiza,armeniaca Hedrén,,,,2025-09-07 07:08:43.307021,2025-09-07 07:08:43.307023
4559,Dactylorhiza baumanniana ssp. baumanniana J. Hölz. & Künkele,Dactylorhiza,baumanniana ssp.,,,,2025-09-07 07:08:43.346375,2025-09-07 07:08:43.346378
4560,Dactylorhiza baumanniana ssp. smolikana (B. Willing & E. Willing) H. Baumann & R. Lorenz,Dactylorhiza,baumanniana ssp.,,,,2025-09-07 07:08:43.385818,2025-09-07 07:08:43.385821
4561,Dactylorhiza cantabrica H. A. Pedersen,Dactylorhiza,cantabrica H.,,,,2025-09-07 07:08:43.42489,2025-09-07 07:08:43.424892
4562,Dactylorhiza cordigera ssp. cordigera (Fr.) Soó,Dactylorhiza,cordigera ssp.,,,,2025-09-07 07:08:43.463943,2025-09-07 07:08:43.463947
4563,Dactylorhiza cordigera ssp. bosniaca (Beck) Soó,Dactylorhiza,cordigera ssp.,,,,2025-09-07 07:08:43.503197,2025-09-07 07:08:43.503199
4564,Dactylorhiza cordigera ssp. graeca (H. Baumann) Kreutz,Dactylorhiza,cordigera ssp.,,,,2025-09-07 07:08:43.542616,2025-09-07 07:08:43.542618
4565,Dactylorhiza cordigera ssp. pindica (B. Willing & E. Willing) H. Baumann & R. Lorenz,Dactylorhiza,cordigera ssp.,,,,2025-09-07 07:08:43.582241,2025-09-07 07:08:43.582245
4566,Dactylorhiza cordigera ssp. siculorum (Soó) Soó,Dactylorhiza,cordigera ssp.,,,,2025-09-07 07:08:43.624711,2025-09-07 07:08:43.624714
4567,Dactylorhiza elata (Poir.) Soó,Dactylorhiza,elata Poir.,,,,2025-09-07 07:08:43.664143,2025-09-07 07:08:43.664145
4568,Dactylorhiza elata (Poir.) Soó var. atlantica (Kreutz & Vlaciha) comb. ined.,Dactylorhiza,elata Poir.,,,,2025-09-07 07:08:43.703223,2025-09-07 07:08:43.703225
4569,Dactylorhiza elata (Poir.) Soó var. durandii (Boiss. & Reut.) Landwehr,Dactylorhiza,elata Poir.,,,,2025-09-07 07:08:43.742615,2025-09-07 07:08:43.742619
4570,Dactylorhiza elata (Poir.) Soó var. elongata (Maire) Maire,Dactylorhiza,elata Poir.,,,,2025-09-07 07:08:43.795891,2025-09-07 07:08:43.795895
4571,Dactylorhiza elata (Poir.) Soó var. iberica (T. Stephenson) Soó,Dactylorhiza,elata Poir.,,,,2025-09-07 07:08:43.835606,2025-09-07 07:08:43.835609
4572,Dactylorhiza elata (Poir.) Soó var. kabyliensis (G. Keller) comb. ined.,Dactylorhiza,elata Poir.,,,,2025-09-07 07:08:43.876611,2025-09-07 07:08:43.876615
4573,Dactylorhiza elata (Poir.) Soó var. mauritanica (B. Baumann & H. Baumann) comb. ined.,Dactylorhiza,elata Poir.,,,,2025-09-07 07:08:43.918014,2025-09-07 07:08:43.918016
4574,Dactylorhiza elata (Poir.) Soó var. munbyana (Boiss. & Reut.) Soó,Dactylorhiza,elata Poir.,,,,2025-09-07 07:08:43.957414,2025-09-07 07:08:43.957417
4575,Dactylorhiza elata (Poir.) Soó var. occitanica (Geniez,Dactylorhiza,elata Poir.,,,,2025-09-07 07:08:43.996307,2025-09-07 07:08:43.996309
4576,Dactylorhiza elata (Poir.) Soó var. sesquipedalis (Willd.) Landwehr,Dactylorhiza,elata Poir.,,,,2025-09-07 07:08:44.035418,2025-09-07 07:08:44.03542
4577,Dactylorhiza euxina (Nevski) Czerep.,Dactylorhiza,euxina Nevski,,,,2025-09-07 07:08:44.074179,2025-09-07 07:08:44.074182
4578,Dactylorhiza euxina (Nevski) Czerep. var. markowitschii (Soó) Renz & Taubenheim,Dactylorhiza,euxina Nevski,,,,2025-09-07 07:08:44.113208,2025-09-07 07:08:44.113211
4579,Dactylorhiza foliosa (Rchb.f.) Soó,Dactylorhiza,foliosa Rchb.f.,,,,2025-09-07 07:08:44.155522,2025-09-07 07:08:44.155525
4580,Dactylorhiza fuchsii ssp. fuchsii (Druce) Soó,Dactylorhiza,fuchsii ssp.,,,,2025-09-07 07:08:44.195293,2025-09-07 07:08:44.195296
4581,Dactylorhiza fuchsii var. maculatensis Lachmair,Dactylorhiza,fuchsii,,,,2025-09-07 07:08:44.234777,2025-09-07 07:08:44.234779
4582,Dactylorhiza fuchsii var. sacciferoides (Klinge) Landwehr,Dactylorhiza,fuchsii,,,,2025-09-07 07:08:44.274277,2025-09-07 07:08:44.27428
4583,Dactylorhiza fuchsii var. punicea (J. Essink,Dactylorhiza,fuchsii,,,,2025-09-07 07:08:44.31516,2025-09-07 07:08:44.315164
4584,Dactylorhiza fuchsii var. sooana (Borsos) Kreutz,Dactylorhiza,fuchsii,,,,2025-09-07 07:08:44.354704,2025-09-07 07:08:44.354707
4585,Dactylorhiza fuchsii ssp. carpatica (Batousek & Kreutz) Kreutz,Dactylorhiza,fuchsii ssp.,,,,2025-09-07 07:08:44.395226,2025-09-07 07:08:44.39523
4586,Dactylorhiza fuchsii ssp. hebridensis (Wilmott) Soó,Dactylorhiza,fuchsii ssp.,,,,2025-09-07 07:08:44.436803,2025-09-07 07:08:44.436806
4587,Dactylorhiza fuchsii ssp. okellyi (Druce) Soó,Dactylorhiza,fuchsii ssp.,,,,2025-09-07 07:08:44.476395,2025-09-07 07:08:44.476399
4588,Dactylorhiza fuchsii ssp. psychrophila (Schltr.) Holub,Dactylorhiza,fuchsii ssp.,,,,2025-09-07 07:08:44.516667,2025-09-07 07:08:44.516671
4589,Dactylorhiza fuchsii ssp. sudetica (Poech ex Rchb.f.) Verm.,Dactylorhiza,fuchsii ssp.,,,,2025-09-07 07:08:44.556447,2025-09-07 07:08:44.556451
4590,Dactylorhiza hatagirea (D. Don) Soó,Dactylorhiza,hatagirea D.,,,,2025-09-07 07:08:44.596292,2025-09-07 07:08:44.596295
4591,Dactylorhiza iberica (M. Bieb. ex Willd.) Soó,Dactylorhiza,iberica M.,,,,2025-09-07 07:08:44.636672,2025-09-07 07:08:44.636675
4592,Dactylorhiza incarnata ssp. incarnata (L.) Soó,Dactylorhiza,incarnata ssp.,,,,2025-09-07 07:08:44.677059,2025-09-07 07:08:44.677062
4593,Dactylorhiza incarnata var. baumgartneriana (B. Baumann,Dactylorhiza,incarnata,,,,2025-09-07 07:08:44.716487,2025-09-07 07:08:44.716491
4594,Dactylorhiza incarnata var. borealis (Neuman) Hyl.,Dactylorhiza,incarnata,,,,2025-09-07 07:08:44.756076,2025-09-07 07:08:44.756078
4595,Dactylorhiza incarnata var. cungsii (Kreutz) comb. ined.,Dactylorhiza,incarnata,,,,2025-09-07 07:08:44.795187,2025-09-07 07:08:44.79519
4596,Dactylorhiza incarnata var. dunensis (Druce) Hyl.,Dactylorhiza,incarnata,,,,2025-09-07 07:08:44.840642,2025-09-07 07:08:44.840645
4597,Dactylorhiza incarnata var. haematodes (Rchb.) Verm.,Dactylorhiza,incarnata,,,,2025-09-07 07:08:44.883014,2025-09-07 07:08:44.883017
4598,Dactylorhiza incarnata var. hyphaematodes (Neuman) Løjtnant,Dactylorhiza,incarnata,,,,2025-09-07 07:08:44.922074,2025-09-07 07:08:44.922078
4599,Dactylorhiza incarnata var. immaculata Romolini & Sodi,Dactylorhiza,incarnata,,,,2025-09-07 07:08:44.971076,2025-09-07 07:08:44.97108
4600,Dactylorhiza incarnata var. jugicrucis (Akhalk.,Dactylorhiza,incarnata,,,,2025-09-07 07:08:45.010322,2025-09-07 07:08:45.010324
4601,Dactylorhiza incarnata var. latissima (Zapal.) Verm.,Dactylorhiza,incarnata,,,,2025-09-07 07:08:45.0493,2025-09-07 07:08:45.049302
4602,Dactylorhiza incarnata var. lobelii Verm.,Dactylorhiza,incarnata,,,,2025-09-07 07:08:45.088103,2025-09-07 07:08:45.088105
4603,Dactylorhiza incarnata ssp. coccinea (Pugsley) Soó,Dactylorhiza,incarnata ssp.,,,,2025-09-07 07:08:45.127169,2025-09-07 07:08:45.12717
4604,Dactylorhiza incarnata ssp. cruenta (O. F. Müll.) P. D. Sell,Dactylorhiza,incarnata ssp.,,,,2025-09-07 07:08:45.166042,2025-09-07 07:08:45.166045
4605,Dactylorhiza incarnata ssp. krylovii (Soó) M. H. J. van der Meer,Dactylorhiza,incarnata ssp.,,,,2025-09-07 07:08:45.205429,2025-09-07 07:08:45.205432
4606,Dactylorhiza incarnata ssp. ochroleuca (Wüstnei ex Boll) P. F. Hunt & Summerh.,Dactylorhiza,incarnata ssp.,,,,2025-09-07 07:08:45.244678,2025-09-07 07:08:45.244681
4607,Dactylorhiza incarnata ssp. pulchella (Druce) Hesl.-Harr.f.,Dactylorhiza,incarnata ssp.,,,,2025-09-07 07:08:45.284172,2025-09-07 07:08:45.284174
4608,Dactylorhiza incarnata ssp. serotina (Hausskn. ex M. Schulze) Soó & D. M. Moore,Dactylorhiza,incarnata ssp.,,,,2025-09-07 07:08:45.323549,2025-09-07 07:08:45.323552
4609,Dactylorhiza incarnata ssp. versicolor (J. C. Schmidt ex Lüscher) Potucek,Dactylorhiza,incarnata ssp.,,,,2025-09-07 07:08:45.363571,2025-09-07 07:08:45.363574
4610,Dactylorhiza insularis (Sommier) Landwehr,Dactylorhiza,insularis Sommier,,,,2025-09-07 07:08:45.403695,2025-09-07 07:08:45.403699
4611,Dactylorhiza kafiriana Renz,Dactylorhiza,kafiriana Renz,,,,2025-09-07 07:08:45.443188,2025-09-07 07:08:45.443191
4612,Dactylorhiza kerryensis (Wilmott) P. F. Hunt & Summerh.,Dactylorhiza,kerryensis Wilmott,,,,2025-09-07 07:08:45.482805,2025-09-07 07:08:45.482808
4613,Dactylorhiza kerryensis (Wilmott) P. F. Hunt & Summerh. var. occidentalis (Pugsley) Jebb,Dactylorhiza,kerryensis Wilmott,,,,2025-09-07 07:08:45.532446,2025-09-07 07:08:45.532449
4614,Dactylorhiza lapponica (Laest. ex Hartm.) Soó,Dactylorhiza,lapponica Laest.,,,,2025-09-07 07:08:45.571614,2025-09-07 07:08:45.571617
4615,Dactylorhiza maculata ssp. maculata (L.) Soó,Dactylorhiza,maculata ssp.,,,,2025-09-07 07:08:45.610864,2025-09-07 07:08:45.610866
4616,Dactylorhiza maculata var. arduennensis (Zadoks) Kreutz,Dactylorhiza,maculata,,,,2025-09-07 07:08:45.651733,2025-09-07 07:08:45.651735
4617,Dactylorhiza maculata var. averyanovii Jagiello,Dactylorhiza,maculata,,,,2025-09-07 07:08:45.691724,2025-09-07 07:08:45.691728
4618,Dactylorhiza maculata var. bucovina (Kreutz,Dactylorhiza,maculata,,,,2025-09-07 07:08:45.731055,2025-09-07 07:08:45.731057
4619,Dactylorhiza maculata var. nummularia Pikner,Dactylorhiza,maculata,,,,2025-09-07 07:08:45.772827,2025-09-07 07:08:45.77283
4620,Dactylorhiza maculata ssp. arcana Trávn.,Dactylorhiza,maculata ssp.,,,,2025-09-07 07:08:45.811976,2025-09-07 07:08:45.811978
4621,Dactylorhiza maculata ssp. caramulensis Verm.,Dactylorhiza,maculata ssp.,,,,2025-09-07 07:08:45.851361,2025-09-07 07:08:45.851364
4622,Dactylorhiza maculata ssp. elodes (Griseb.) Soó,Dactylorhiza,maculata ssp.,,,,2025-09-07 07:08:45.890575,2025-09-07 07:08:45.890577
4623,Dactylorhiza maculata ssp. ericetorum (E. F. Linton) P. F. Hunt & Summerh.,Dactylorhiza,maculata ssp.,,,,2025-09-07 07:08:45.930249,2025-09-07 07:08:45.930252
4624,Dactylorhiza maculata var. terschellingensis (Verm.) comb. ined.,Dactylorhiza,maculata,,,,2025-09-07 07:08:45.969442,2025-09-07 07:08:45.969445
4625,Dactylorhiza maculata ssp. islandica (Á. Löve & D. Löve) Soó,Dactylorhiza,maculata ssp.,,,,2025-09-07 07:08:46.008525,2025-09-07 07:08:46.008529
4626,Dactylorhiza maculata ssp. kolaensis (Montell) Kreutz,Dactylorhiza,maculata ssp.,,,,2025-09-07 07:08:46.047692,2025-09-07 07:08:46.047696
4627,Dactylorhiza maculata ssp. pyrenaica Kreutz,Dactylorhiza,maculata ssp.,,,,2025-09-07 07:08:46.08702,2025-09-07 07:08:46.087022
4628,Dactylorhiza maculata ssp. savogiensis (D. Tyteca & Gathoye) Kreutz,Dactylorhiza,maculata ssp.,,,,2025-09-07 07:08:46.126298,2025-09-07 07:08:46.1263
4629,Dactylorhiza maculata ssp. schurii (Klinge) Soó,Dactylorhiza,maculata ssp.,,,,2025-09-07 07:08:46.164819,2025-09-07 07:08:46.16482
4630,Dactylorhiza maculata ssp. sooana Borsos ex Batousek,Dactylorhiza,maculata ssp.,,,,2025-09-07 07:08:46.203621,2025-09-07 07:08:46.203622
4631,Dactylorhiza maculata ssp. transsilvanica (Schur) Soó,Dactylorhiza,maculata ssp.,,,,2025-09-07 07:08:46.243106,2025-09-07 07:08:46.243109
4632,Dactylorhiza magna ssp. magna (Czerniak.) Ikonn.,Dactylorhiza,magna ssp.,,,,2025-09-07 07:08:46.282327,2025-09-07 07:08:46.282331
4633,Dactylorhiza magna ssp. czerniakowskae (Aver.) Eccarius,Dactylorhiza,magna ssp.,,,,2025-09-07 07:08:46.322408,2025-09-07 07:08:46.322411
4634,Dactylorhiza magna ssp. kulikalonica (Chernyak.) Eccarius,Dactylorhiza,magna ssp.,,,,2025-09-07 07:08:46.361475,2025-09-07 07:08:46.361478
4635,Dactylorhiza majalis ssp. majalis (Rchb.) P. F. Hunt & Summerh.,Dactylorhiza,majalis ssp.,,,,2025-09-07 07:08:46.400275,2025-09-07 07:08:46.400278
4636,Dactylorhiza majalis var. alpestris (Pugsley) Wucherpf.,Dactylorhiza,majalis,,,,2025-09-07 07:08:46.439024,2025-09-07 07:08:46.439025
4637,Dactylorhiza majalis var. brevifolia (Rchb.f.) Kreutz,Dactylorhiza,majalis,,,,2025-09-07 07:08:46.478109,2025-09-07 07:08:46.478112
4638,Dactylorhiza majalis var. parvimajalis (D. Tyteca & Gathoye) comb. ined.,Dactylorhiza,majalis,,,,2025-09-07 07:08:46.535459,2025-09-07 07:08:46.535462
4639,Dactylorhiza majalis ssp. baltica (Klinge) Senghas,Dactylorhiza,majalis ssp.,,,,2025-09-07 07:08:46.574977,2025-09-07 07:08:46.57498
4640,Dactylorhiza majalis ssp. brennensis (E. Nelson) D. Tyteca & M. Hedrèn,Dactylorhiza,majalis ssp.,,,,2025-09-07 07:08:46.614628,2025-09-07 07:08:46.614631
4641,Dactylorhiza majalis ssp. elatior (Fr.) M. Hedrén & H. A. Pedersen,Dactylorhiza,majalis ssp.,,,,2025-09-07 07:08:46.653894,2025-09-07 07:08:46.653897
4815,Gymnadenia conopsea (L.) R. Br. var. alpina Rchb.f.,Gymnadenia,conopsea L.,,,,2025-09-07 07:08:53.596445,2025-09-07 07:08:53.596446
4642,Dactylorhiza majalis ssp. kalopissii (E. Nelson) H. A. Pedersen,Dactylorhiza,majalis ssp.,,,,2025-09-07 07:08:46.692983,2025-09-07 07:08:46.692985
4643,Dactylorhiza majalis ssp. macedonica (J. Hölz. & Künkele) H. A. Pedersen,Dactylorhiza,majalis ssp.,,,,2025-09-07 07:08:46.732629,2025-09-07 07:08:46.732632
4644,Dactylorhiza majalis ssp. pythagorae (Gölz & H. R. Reinhard) H. A. Pedersen,Dactylorhiza,majalis ssp.,,,,2025-09-07 07:08:46.784219,2025-09-07 07:08:46.784222
4645,Dactylorhiza majalis ssp. ruthei (M. Schultze ex R. Ruthe) H. Kretzschmar,Dactylorhiza,majalis ssp.,,,,2025-09-07 07:08:46.824016,2025-09-07 07:08:46.824019
4646,Dactylorhiza maurusia (Em. & Maire) Holub,Dactylorhiza,maurusia Em.,,,,2025-09-07 07:08:46.863286,2025-09-07 07:08:46.863289
4647,Dactylorhiza nieschalkiorum H. Baumann & Künkele,Dactylorhiza,nieschalkiorum H.,,,,2025-09-07 07:08:46.902286,2025-09-07 07:08:46.902288
4648,Dactylorhiza osmanica (Klinge) Soó,Dactylorhiza,osmanica Klinge,,,,2025-09-07 07:08:46.941366,2025-09-07 07:08:46.941369
4649,Dactylorhiza osmanica (Klinge) Soó var. anatolica (E. Nelson) Renz & Taubenheim,Dactylorhiza,osmanica Klinge,,,,2025-09-07 07:08:46.98085,2025-09-07 07:08:46.980854
4650,Dactylorhiza praetermissa ssp. praetermissa (Druce) Soó,Dactylorhiza,praetermissa ssp.,,,,2025-09-07 07:08:47.020913,2025-09-07 07:08:47.020923
4651,Dactylorhiza praetermissa var. integrata (E. G. Camus ex Fourcy) D. Tyteca & Gathoye,Dactylorhiza,praetermissa,,,,2025-09-07 07:08:47.061519,2025-09-07 07:08:47.061522
4652,Dactylorhiza praetermissa var. junialis (Verm.) Senghas,Dactylorhiza,praetermissa,,,,2025-09-07 07:08:47.102455,2025-09-07 07:08:47.102459
4653,Dactylorhiza praetermissa var. maculosa D. Tyteca & Gathoye,Dactylorhiza,praetermissa,,,,2025-09-07 07:08:47.14251,2025-09-07 07:08:47.142514
4654,Dactylorhiza praetermissa ssp. schoenophila R. M. Bateman & Denholm,Dactylorhiza,praetermissa ssp.,,,,2025-09-07 07:08:47.181578,2025-09-07 07:08:47.181581
4655,Dactylorhiza purpurella (T. Stephenson & T. A. Stephenson) Soó,Dactylorhiza,purpurella T.,,,,2025-09-07 07:08:47.220468,2025-09-07 07:08:47.22047
4656,Dactylorhiza purpurella (T. Stephenson & T. A. Stephenson) Soó var. atrata (A. J. Richards) A. J. Richards & L. Lewis,Dactylorhiza,purpurella T.,,,,2025-09-07 07:08:47.259916,2025-09-07 07:08:47.259919
4657,Dactylorhiza purpurella (T. Stephenson & T. A. Stephenson) Soó var. cambrensis (R. H. Roberts) R. M. Bateman & Denholm,Dactylorhiza,purpurella T.,,,,2025-09-07 07:08:47.299601,2025-09-07 07:08:47.299604
4658,Dactylorhiza purpurella (T. Stephenson & T. A. Stephenson) Soó var. crassifolia (T. Stephenson & T. A. Stephenson) Landwehr,Dactylorhiza,purpurella T.,,,,2025-09-07 07:08:47.339156,2025-09-07 07:08:47.339159
4659,Dactylorhiza purpurella (T. Stephenson & T. A. Stephenson) Soó var. maculosa (T. Stephenson & T. A. Stephenson) Kreutz,Dactylorhiza,purpurella T.,,,,2025-09-07 07:08:47.378308,2025-09-07 07:08:47.378311
4660,Dactylorhiza purpurella (T. Stephenson & T. A. Stephenson) Soó var. majaliformis (E. Nelson) Kreutz,Dactylorhiza,purpurella T.,,,,2025-09-07 07:08:47.417348,2025-09-07 07:08:47.417351
4661,Dactylorhiza purpurella (T. Stephenson & T. A. Stephenson) Soó var. vadorum (Kreutz & H. Dekker) comb. ined.,Dactylorhiza,purpurella T.,,,,2025-09-07 07:08:47.458096,2025-09-07 07:08:47.458099
4662,Dactylorhiza romana ssp. romana (Sebast.) Soó,Dactylorhiza,romana ssp.,,,,2025-09-07 07:08:47.497679,2025-09-07 07:08:47.497681
4663,Dactylorhiza romana ssp. georgica (Klotzsch) Soó ex Renz & Taubenheim,Dactylorhiza,romana ssp.,,,,2025-09-07 07:08:47.536992,2025-09-07 07:08:47.536996
4664,Dactylorhiza romana ssp. guimaraesii (E. G. Camus) H. A. Pedersen,Dactylorhiza,romana ssp.,,,,2025-09-07 07:08:47.576887,2025-09-07 07:08:47.57689
4665,Dactylorhiza romana ssp. libanotica (Mouterde) Kreutz,Dactylorhiza,romana ssp.,,,,2025-09-07 07:08:47.616289,2025-09-07 07:08:47.616291
4666,Dactylorhiza romana ssp. markusii (Tineo) Holub,Dactylorhiza,romana ssp.,,,,2025-09-07 07:08:47.656029,2025-09-07 07:08:47.656031
4667,Dactylorhiza saccifera ssp. saccifera (Brongn.) Soó,Dactylorhiza,saccifera ssp.,,,,2025-09-07 07:08:47.695634,2025-09-07 07:08:47.695637
4668,Dactylorhiza saccifera ssp. cyrnea (Foelsche & Cord-Landwehr) comb. ined.,Dactylorhiza,saccifera ssp.,,,,2025-09-07 07:08:47.735449,2025-09-07 07:08:47.735451
4669,Dactylorhiza saccifera ssp. gervasiana (Tod.) Kreutz,Dactylorhiza,saccifera ssp.,,,,2025-09-07 07:08:47.774774,2025-09-07 07:08:47.774776
4670,Dactylorhiza saccifera ssp. taurica Kreutz & Isler,Dactylorhiza,saccifera ssp.,,,,2025-09-07 07:08:47.814299,2025-09-07 07:08:47.814301
4671,Dactylorhiza sajanensis Stepanov,Dactylorhiza,sajanensis Stepanov,,,,2025-09-07 07:08:47.855225,2025-09-07 07:08:47.855229
4672,Dactylorhiza salina (Turcz. ex Lindl.) Soó,Dactylorhiza,salina Turcz.,,,,2025-09-07 07:08:47.898489,2025-09-07 07:08:47.898492
4673,Dactylorhiza sambucina (L.) Soó,Dactylorhiza,sambucina L.,,,,2025-09-07 07:08:47.940806,2025-09-07 07:08:47.940809
4674,Dactylorhiza sibirica Efimov,Dactylorhiza,sibirica Efimov,,,,2025-09-07 07:08:47.980129,2025-09-07 07:08:47.980132
4675,Dactylorhiza sphagnicola (Höppner ex Soó) Aver.,Dactylorhiza,sphagnicola Höppner,,,,2025-09-07 07:08:48.019711,2025-09-07 07:08:48.019714
4676,Dactylorhiza sphagnicola (Höppner ex Soó) Aver. var. deweveri (Verm.) Kreutz,Dactylorhiza,sphagnicola Höppner,,,,2025-09-07 07:08:48.05897,2025-09-07 07:08:48.058973
4677,Dactylorhiza sphagnicola (Höppner ex Soó) Aver. var. hoeppneri (A. Fuchs) Kreutz,Dactylorhiza,sphagnicola Höppner,,,,2025-09-07 07:08:48.098265,2025-09-07 07:08:48.098268
4678,Dactylorhiza sphagnicola (Höppner ex Soó) Aver. var. wirtgenii (Höppner) comb. ined.,Dactylorhiza,sphagnicola Höppner,,,,2025-09-07 07:08:48.138938,2025-09-07 07:08:48.138941
4679,Dactylorhiza stortonii Benigni,Dactylorhiza,stortonii Benigni,,,,2025-09-07 07:08:48.178775,2025-09-07 07:08:48.178778
4680,Dactylorhiza traunsteineri ssp. traunsteineri (Saut. ex Rchb.) Soó,Dactylorhiza,traunsteineri ssp.,,,,2025-09-07 07:08:48.218204,2025-09-07 07:08:48.218207
4681,Dactylorhiza traunsteineri var. vosagiaca (Kreutz & P. Wolff) Sonnb.,Dactylorhiza,traunsteineri,,,,2025-09-07 07:08:48.257826,2025-09-07 07:08:48.257829
4682,Dactylorhiza traunsteineri ssp. bohemica (Businský) Kreutz & Sczep.,Dactylorhiza,traunsteineri ssp.,,,,2025-09-07 07:08:48.296858,2025-09-07 07:08:48.296861
4683,Dactylorhiza traunsteineri ssp. irenica (F. M. Vázquez) Kreutz,Dactylorhiza,traunsteineri ssp.,,,,2025-09-07 07:08:48.335843,2025-09-07 07:08:48.335845
4684,Dactylorhiza traunsteineri ssp. rhaetica (H. Baumann & R. Lorenz) F. Benoît,Dactylorhiza,traunsteineri ssp.,,,,2025-09-07 07:08:48.375063,2025-09-07 07:08:48.375066
4685,Dactylorhiza traunsteineri ssp. russowii (Klinge) Soó,Dactylorhiza,traunsteineri ssp.,,,,2025-09-07 07:08:48.414449,2025-09-07 07:08:48.414452
4686,Dactylorhiza traunsteineri ssp. turfosa (F. Proch.) Kreutz,Dactylorhiza,traunsteineri ssp.,,,,2025-09-07 07:08:48.453701,2025-09-07 07:08:48.453703
4687,Dactylorhiza traunsteinerioides (Pugsley) R. M. Bateman & Denholm,Dactylorhiza,traunsteinerioides Pugsley,,,,2025-09-07 07:08:48.493332,2025-09-07 07:08:48.493334
4688,Dactylorhiza traunsteinerioides (Pugsley) R. M. Bateman & Denholm var. ebudensis (Wief. ex R. M. Bateman & Denholm) R. M. Bateman & Denholm,Dactylorhiza,traunsteinerioides Pugsley,,,,2025-09-07 07:08:48.532601,2025-09-07 07:08:48.532603
4689,Dactylorhiza traunsteinerioides (Pugsley) R. M. Bateman & Denholm var. francis-drucei (Wilmott) F. M. Vázquez,Dactylorhiza,traunsteinerioides Pugsley,,,,2025-09-07 07:08:48.571879,2025-09-07 07:08:48.571881
4690,Dactylorhiza umbrosa (Kar. & Kir.) Nevski,Dactylorhiza,umbrosa Kar.,,,,2025-09-07 07:08:48.611033,2025-09-07 07:08:48.611035
4691,Dactylorhiza urvilleana ssp. urvilleana (Steud.) H. Baumann & Künkele,Dactylorhiza,urvilleana ssp.,,,,2025-09-07 07:08:48.650916,2025-09-07 07:08:48.650919
4692,Dactylorhiza urvilleana ssp. bithynica (H. Baumann) H. Baumann & R. Lorenz,Dactylorhiza,urvilleana ssp.,,,,2025-09-07 07:08:48.691531,2025-09-07 07:08:48.691534
4693,Dactylorhiza urvilleana ssp. ilgazica (Kreutz) Kreutz,Dactylorhiza,urvilleana ssp.,,,,2025-09-07 07:08:48.731104,2025-09-07 07:08:48.731107
4694,Dactylorhiza urvilleana ssp. phoenissa B. Baumann & H. Baumann,Dactylorhiza,urvilleana ssp.,,,,2025-09-07 07:08:48.770155,2025-09-07 07:08:48.770158
4695,Dactylorhiza viridis (L.) R. M. Bateman,Dactylorhiza,viridis L.,,,,2025-09-07 07:08:48.809913,2025-09-07 07:08:48.809915
6615,Pterostylis venosa Colenso,Pterostylis,venosa Colenso,,,,2025-09-07 07:10:05.310561,2025-09-07 07:10:05.310565
4697,Dactylorhiza x abantiana H. Baumann & Künkele,Dactylorhiza,x abantiana,,,,2025-09-07 07:08:48.888488,2025-09-07 07:08:48.888491
4698,Dactylorhiza x abeliana (Klotzsch) Peitz,Dactylorhiza,x abeliana,,,,2025-09-07 07:08:48.930457,2025-09-07 07:08:48.93046
4699,Dactylorhiza x aldenii H. Baumann,Dactylorhiza,x aldenii,,,,2025-09-07 07:08:48.970616,2025-09-07 07:08:48.970619
4700,Dactylorhiza x altobracensis (Coste & Soulié) Soó,Dactylorhiza,x altobracensis,,,,2025-09-07 07:08:49.009689,2025-09-07 07:08:49.009691
4701,Dactylorhiza x alutiiqorum (A. Baum & H. Baum) J. M. H. Shaw,Dactylorhiza,x alutiiqorum,,,,2025-09-07 07:08:49.049178,2025-09-07 07:08:49.049181
4702,Dactylorhiza x aschersoniana ssp. aschersoniana (Hausskn.) Borsos & Soó,Dactylorhiza,x aschersoniana,,,,2025-09-07 07:08:49.088761,2025-09-07 07:08:49.088765
4703,Dactylorhiza x aschersoniana var. mulignensis (Gsell) Kümpel,Dactylorhiza,x aschersoniana,,,,2025-09-07 07:08:49.128838,2025-09-07 07:08:49.128841
4704,Dactylorhiza x aschersoniana var. uliginosa Kümpel,Dactylorhiza,x aschersoniana,,,,2025-09-07 07:08:49.168359,2025-09-07 07:08:49.168362
4705,Dactylorhiza x aschersoniana var. wisniewskii (Hemke) Gathoye & D. Tyteca,Dactylorhiza,x aschersoniana,,,,2025-09-07 07:08:49.208449,2025-09-07 07:08:49.208452
4706,Dactylorhiza x aschersoniana ssp. hochreutineriana (K. Hellm.) Gathoye & D. Tyteca,Dactylorhiza,x aschersoniana,,,,2025-09-07 07:08:49.247776,2025-09-07 07:08:49.24778
4707,Dactylorhiza x aschersoniana ssp. ishorica (Aver.) Eccarius,Dactylorhiza,x aschersoniana,,,,2025-09-07 07:08:49.28839,2025-09-07 07:08:49.288392
4708,Dactylorhiza x aschersoniana ssp. templinensis (Potucek) H. Kretzschmar,Dactylorhiza,x aschersoniana,,,,2025-09-07 07:08:49.327402,2025-09-07 07:08:49.327404
4709,Dactylorhiza x baicalica Aver.,Dactylorhiza,x baicalica,,,,2025-09-07 07:08:49.366407,2025-09-07 07:08:49.366408
4710,Dactylorhiza x balabaniana H. Baumann,Dactylorhiza,x balabaniana,,,,2025-09-07 07:08:49.405619,2025-09-07 07:08:49.405622
4711,Dactylorhiza x bayburtiana H. Baumann,Dactylorhiza,x bayburtiana,,,,2025-09-07 07:08:49.44618,2025-09-07 07:08:49.446182
4712,Dactylorhiza x beckeriana (Höppner) Soó,Dactylorhiza,x beckeriana,,,,2025-09-07 07:08:49.485366,2025-09-07 07:08:49.485369
4713,Dactylorhiza x boluiana H. Baumann,Dactylorhiza,x boluiana,,,,2025-09-07 07:08:49.528375,2025-09-07 07:08:49.528378
4714,Dactylorhiza x braunii ssp. braunii (Halácsy) Borsos & Soó,Dactylorhiza,x braunii,,,,2025-09-07 07:08:49.56758,2025-09-07 07:08:49.567583
4715,Dactylorhiza x braunii ssp. lilacina F. Proch.,Dactylorhiza,x braunii,,,,2025-09-07 07:08:49.606517,2025-09-07 07:08:49.606519
4716,Dactylorhiza x braunii ssp. monticola Potucek,Dactylorhiza,x braunii,,,,2025-09-07 07:08:49.646759,2025-09-07 07:08:49.646761
4717,Dactylorhiza x braunii ssp. smitakii Batousek,Dactylorhiza,x braunii,,,,2025-09-07 07:08:49.686302,2025-09-07 07:08:49.686305
4718,Dactylorhiza x breviceras Renz & Taubenheim,Dactylorhiza,x breviceras,,,,2025-09-07 07:08:49.725473,2025-09-07 07:08:49.725475
4719,Dactylorhiza x carnea Soó,Dactylorhiza,x carnea,,,,2025-09-07 07:08:49.764724,2025-09-07 07:08:49.764727
4720,Dactylorhiza x carpathiana Soó,Dactylorhiza,x carpathiana,,,,2025-09-07 07:08:49.8039,2025-09-07 07:08:49.803902
4721,Dactylorhiza x conigera (Norman) B. Bock,Dactylorhiza,x conigera,,,,2025-09-07 07:08:49.842993,2025-09-07 07:08:49.842995
4722,Dactylorhiza x csatoi (Soó) Soó,Dactylorhiza,x csatoi,,,,2025-09-07 07:08:49.88259,2025-09-07 07:08:49.882592
4723,Dactylorhiza x daunia W. Rossi,Dactylorhiza,x daunia,,,,2025-09-07 07:08:49.921769,2025-09-07 07:08:49.921772
4724,Dactylorhiza x delamainii (G. Keller ex T. Stephenson) Soó,Dactylorhiza,x delamainii,,,,2025-09-07 07:08:49.960969,2025-09-07 07:08:49.960973
4725,Dactylorhiza x dinglensis ssp. dinglensis (Wilmott) Soó,Dactylorhiza,x dinglensis,,,,2025-09-07 07:08:50.000799,2025-09-07 07:08:50.000801
4726,Dactylorhiza x dinglensis ssp. robertsii F. Horsman,Dactylorhiza,x dinglensis,,,,2025-09-07 07:08:50.039881,2025-09-07 07:08:50.039884
4727,Dactylorhiza x drucei (A. Camus) Eccarius,Dactylorhiza,x drucei,,,,2025-09-07 07:08:50.079936,2025-09-07 07:08:50.07994
4728,Dactylorhiza x dubreuilhii (G. Keller & Jeanj.) Soó,Dactylorhiza,x dubreuilhii,,,,2025-09-07 07:08:50.119405,2025-09-07 07:08:50.119408
4729,Dactylorhiza x dufftii ssp. dufftii (Hausskn.) Peitz,Dactylorhiza,x dufftii,,,,2025-09-07 07:08:50.15852,2025-09-07 07:08:50.158523
4730,Dactylorhiza x dufftii ssp. gotlandica (Kreutz) Oddone,Dactylorhiza,x dufftii,,,,2025-09-07 07:08:50.197889,2025-09-07 07:08:50.197892
4731,Dactylorhiza x elcitoi Benigni,Dactylorhiza,x elcitoi,,,,2025-09-07 07:08:50.236954,2025-09-07 07:08:50.236957
4732,Dactylorhiza x erdingeri (A. Kern.) B. Bock,Dactylorhiza,x erdingeri,,,,2025-09-07 07:08:50.27612,2025-09-07 07:08:50.276123
4733,Dactylorhiza x estonica (Klinge) Jagiello & Kuusk,Dactylorhiza,x estonica,,,,2025-09-07 07:08:50.315445,2025-09-07 07:08:50.315448
4734,Dactylorhiza x flixensis (Gsell) Soó,Dactylorhiza,x flixensis,,,,2025-09-07 07:08:50.35488,2025-09-07 07:08:50.354883
4735,Dactylorhiza x formosa (T. Stephenson & T. A. Stephenson) Soó,Dactylorhiza,x formosa,,,,2025-09-07 07:08:50.394175,2025-09-07 07:08:50.394178
4736,Dactylorhiza x fourkensis B. Willing & E. Willing,Dactylorhiza,x fourkensis,,,,2025-09-07 07:08:50.433101,2025-09-07 07:08:50.433105
4737,Dactylorhiza x gabretana (A. Fuchs) Soó,Dactylorhiza,x gabretana,,,,2025-09-07 07:08:50.472499,2025-09-07 07:08:50.472503
4738,Dactylorhiza x godferyana (Soó) Peitz,Dactylorhiza,x godferyana,,,,2025-09-07 07:08:50.512036,2025-09-07 07:08:50.512039
4739,Dactylorhiza x grandis (Druce) P. F. Hunt,Dactylorhiza,x grandis,,,,2025-09-07 07:08:50.550953,2025-09-07 07:08:50.550956
4740,Dactylorhiza x grandis (Druce) P. F. Hunt var. montis-mosae (Druce) comb. ined.,Dactylorhiza,x grandis,,,,2025-09-07 07:08:50.590132,2025-09-07 07:08:50.590134
4741,Dactylorhiza x guilhotii (E. G. Camus) B. Bock,Dactylorhiza,x guilhotii,,,,2025-09-07 07:08:50.628959,2025-09-07 07:08:50.628962
4742,Dactylorhiza x guillaumeae C. Bernard,Dactylorhiza,x guillaumeae,,,,2025-09-07 07:08:50.668161,2025-09-07 07:08:50.668163
4743,Dactylorhiza x gustavssonii H. Baumann,Dactylorhiza,x gustavssonii,,,,2025-09-07 07:08:50.706937,2025-09-07 07:08:50.706939
4744,Dactylorhiza x hallii ssp. hallii (Druce) Soó,Dactylorhiza,x hallii,,,,2025-09-07 07:08:50.745932,2025-09-07 07:08:50.745935
4745,Dactylorhiza x hallii ssp. nummiana (P. Fourn.) Gathoye & D. Tyteca,Dactylorhiza,x hallii,,,,2025-09-07 07:08:50.785167,2025-09-07 07:08:50.78517
4746,Dactylorhiza x hepburnii (Druce) Soó,Dactylorhiza,x hepburnii,,,,2025-09-07 07:08:50.824063,2025-09-07 07:08:50.824065
4747,Dactylorhiza x insignis (T. Stephenson & T. A. Stephenson) Soó,Dactylorhiza,x insignis,,,,2025-09-07 07:08:50.863275,2025-09-07 07:08:50.863277
4748,Dactylorhiza x isculana Seiser,Dactylorhiza,x isculana,,,,2025-09-07 07:08:50.90235,2025-09-07 07:08:50.902352
4749,Dactylorhiza x jenensis (Brand) Soó,Dactylorhiza,x jenensis,,,,2025-09-07 07:08:50.941309,2025-09-07 07:08:50.941312
4750,Dactylorhiza x jestrebiensis Businsky,Dactylorhiza,x jestrebiensis,,,,2025-09-07 07:08:50.9805,2025-09-07 07:08:50.980503
4751,Dactylorhiza x juennensis Perko,Dactylorhiza,x juennensis,,,,2025-09-07 07:08:51.019842,2025-09-07 07:08:51.019845
4752,Dactylorhiza x katarana H. Baumann,Dactylorhiza,x katarana,,,,2025-09-07 07:08:51.059369,2025-09-07 07:08:51.059372
4753,Dactylorhiza x kelleriana (Cif. & Giacom.) Soó,Dactylorhiza,x kelleriana,,,,2025-09-07 07:08:51.09848,2025-09-07 07:08:51.098483
4754,Dactylorhiza x kernerorum ssp. kernerorum (Soó) Soó,Dactylorhiza,x kernerorum,,,,2025-09-07 07:08:51.137712,2025-09-07 07:08:51.137715
4755,Dactylorhiza x kernerorum ssp. ampolai (Hautz.) Eccarius,Dactylorhiza,x kernerorum,,,,2025-09-07 07:08:51.177018,2025-09-07 07:08:51.177021
4756,Dactylorhiza x kernerorum ssp. lillsundica (Kreutz) Oddone,Dactylorhiza,x kernerorum,,,,2025-09-07 07:08:51.216271,2025-09-07 07:08:51.216273
4757,Dactylorhiza x kernerorum ssp. variabilis (Hesl.-Harr.) P. D. Sell,Dactylorhiza,x kernerorum,,,,2025-09-07 07:08:51.256957,2025-09-07 07:08:51.25696
4758,Dactylorhiza x komiensis Aver.,Dactylorhiza,x komiensis,,,,2025-09-07 07:08:51.296363,2025-09-07 07:08:51.296366
4759,Dactylorhiza x kopdagiana H. Baumann,Dactylorhiza,x kopdagiana,,,,2025-09-07 07:08:51.335864,2025-09-07 07:08:51.335867
4760,Dactylorhiza x koutsourana B. Willing & E. Willing,Dactylorhiza,x koutsourana,,,,2025-09-07 07:08:51.375079,2025-09-07 07:08:51.375098
4761,Dactylorhiza x kuehnensis Presser & Riech.,Dactylorhiza,x kuehnensis,,,,2025-09-07 07:08:51.414472,2025-09-07 07:08:51.414475
4762,Dactylorhiza x kuuskiae E. Breiner & R. Breiner,Dactylorhiza,x kuuskiae,,,,2025-09-07 07:08:51.454398,2025-09-07 07:08:51.454401
4763,Dactylorhiza x latirella (P. M. Hall) Soó,Dactylorhiza,x latirella,,,,2025-09-07 07:08:51.493613,2025-09-07 07:08:51.493616
4764,Dactylorhiza x maculatiformis (Rouy) Borsos & Soó,Dactylorhiza,x maculatiformis,,,,2025-09-07 07:08:51.53454,2025-09-07 07:08:51.534543
4765,Dactylorhiza x megapolitana (Bisse) Soó,Dactylorhiza,x megapolitana,,,,2025-09-07 07:08:51.574115,2025-09-07 07:08:51.574119
4766,Dactylorhiza x metsowonensis B. Baumann & H. Baumann,Dactylorhiza,x metsowonensis,,,,2025-09-07 07:08:51.614819,2025-09-07 07:08:51.614822
4767,Dactylorhiza x mixta (Asch. & Graebn.) B. Bock,Dactylorhiza,x mixta,,,,2025-09-07 07:08:51.654407,2025-09-07 07:08:51.65441
4768,Dactylorhiza x mortonii (Druce) Soó,Dactylorhiza,x mortonii,,,,2025-09-07 07:08:51.693892,2025-09-07 07:08:51.693894
4769,Dactylorhiza x nevskii H. Baumann & Künkele,Dactylorhiza,x nevskii,,,,2025-09-07 07:08:51.733218,2025-09-07 07:08:51.733221
4770,Dactylorhiza x ornonensis (G. Keller & Jeanj.) Soó,Dactylorhiza,x ornonensis,,,,2025-09-07 07:08:51.772498,2025-09-07 07:08:51.772502
4771,Dactylorhiza x panoramica Willing,Dactylorhiza,x panoramica,,,,2025-09-07 07:08:51.812386,2025-09-07 07:08:51.812389
4772,Dactylorhiza x paridaeniana Kreutz,Dactylorhiza,x paridaeniana,,,,2025-09-07 07:08:51.852765,2025-09-07 07:08:51.852768
4773,Dactylorhiza x perez-chiscanoi F. M. Vázquez,Dactylorhiza,x perez-chiscanoi,,,,2025-09-07 07:08:51.891924,2025-09-07 07:08:51.891927
4774,Dactylorhiza x predaensis (Gsell) Soó ex Rauschert,Dactylorhiza,x predaensis,,,,2025-09-07 07:08:51.931617,2025-09-07 07:08:51.93162
4775,Dactylorhiza x prochazkana Businsky,Dactylorhiza,x prochazkana,,,,2025-09-07 07:08:51.971313,2025-09-07 07:08:51.971316
4776,Dactylorhiza x reitaluae Hennecke,Dactylorhiza,x reitaluae,,,,2025-09-07 07:08:52.013787,2025-09-07 07:08:52.01379
4777,Dactylorhiza x renzii H. Baumann & Künkele,Dactylorhiza,x renzii,,,,2025-09-07 07:08:52.054725,2025-09-07 07:08:52.054729
4778,Dactylorhiza x rizeana Renz & Taubenheim,Dactylorhiza,x rizeana,,,,2025-09-07 07:08:52.09518,2025-09-07 07:08:52.095184
4779,Dactylorhiza x rombucina (Cif. & Giacom.) Soó,Dactylorhiza,x rombucina,,,,2025-09-07 07:08:52.141817,2025-09-07 07:08:52.141821
4780,Dactylorhiza x ruppertii (M. Schultze) Borsos & Soó,Dactylorhiza,x ruppertii,,,,2025-09-07 07:08:52.181794,2025-09-07 07:08:52.181797
4781,Dactylorhiza x salictina B. Willing & E. Willing,Dactylorhiza,x salictina,,,,2025-09-07 07:08:52.222733,2025-09-07 07:08:52.222736
4782,Dactylorhiza x samnaunensis (Gsell) Soó,Dactylorhiza,x samnaunensis,,,,2025-09-07 07:08:52.262207,2025-09-07 07:08:52.26221
4783,Dactylorhiza x serbica (H. Fleischm.) Soó,Dactylorhiza,x serbica,,,,2025-09-07 07:08:52.304132,2025-09-07 07:08:52.304136
4784,Dactylorhiza x serreana H. Baumann,Dactylorhiza,x serreana,,,,2025-09-07 07:08:52.343671,2025-09-07 07:08:52.343675
4785,Dactylorhiza x sivasiana Baumann & Künkele ex Renz & Taubenheim,Dactylorhiza,x sivasiana,,,,2025-09-07 07:08:52.383307,2025-09-07 07:08:52.383311
4786,Dactylorhiza x sooi (Ruppert ex Soó) Soó,Dactylorhiza,x sooi,,,,2025-09-07 07:08:52.423223,2025-09-07 07:08:52.423226
4787,Dactylorhiza x souflikensis B. Willing & E. Willing,Dactylorhiza,x souflikensis,,,,2025-09-07 07:08:52.463248,2025-09-07 07:08:52.463254
4788,Dactylorhiza x stagni-novi D. Tyteca & Gathoye,Dactylorhiza,x stagni-novi,,,,2025-09-07 07:08:52.507664,2025-09-07 07:08:52.507667
4789,Dactylorhiza x stenostachys ssp. stenostachys (Murr) Rauschert,Dactylorhiza,x stenostachys,,,,2025-09-07 07:08:52.546905,2025-09-07 07:08:52.546908
4790,Dactylorhiza x stenostachys ssp. lehmannii (Klinge) Eccarius,Dactylorhiza,x stenostachys,,,,2025-09-07 07:08:52.586589,2025-09-07 07:08:52.586593
4791,Dactylorhiza x stenostachys ssp. stenkyrkae (Hautz.) Eccarius,Dactylorhiza,x stenostachys,,,,2025-09-07 07:08:52.631382,2025-09-07 07:08:52.631384
4792,Dactylorhiza x subalpina Anghelescu,Dactylorhiza,x subalpina,,,,2025-09-07 07:08:52.672205,2025-09-07 07:08:52.672208
4793,Dactylorhiza x surensis (Gsell) Soó,Dactylorhiza,x surensis,,,,2025-09-07 07:08:52.711511,2025-09-07 07:08:52.711514
4794,Dactylorhiza x szaboiana (Soó) Soó,Dactylorhiza,x szaboiana,,,,2025-09-07 07:08:52.750501,2025-09-07 07:08:52.750503
4795,Dactylorhiza x transiens ssp. transiens (Druce) Soó,Dactylorhiza,x transiens,,,,2025-09-07 07:08:52.789135,2025-09-07 07:08:52.789137
4796,Dactylorhiza x transiens ssp. corylensis (Hesl.-Harr.) P. D. Sell,Dactylorhiza,x transiens,,,,2025-09-07 07:08:52.828007,2025-09-07 07:08:52.828009
4797,Dactylorhiza x turcestanica (G. Keller & Soó) Oddone,Dactylorhiza,x turcestanica,,,,2025-09-07 07:08:52.867145,2025-09-07 07:08:52.867147
4798,Dactylorhiza x vallis-peenae Kümpel,Dactylorhiza,x vallis-peenae,,,,2025-09-07 07:08:52.905828,2025-09-07 07:08:52.90583
4799,Dactylorhiza x venusta ssp. venusta (T. Stephenson & T. A. Stephenson) Soó,Dactylorhiza,x venusta,,,,2025-09-07 07:08:52.945393,2025-09-07 07:08:52.945397
4800,Dactylorhiza x venusta ssp. hebridella (Wilmott) P. D. Sell,Dactylorhiza,x venusta,,,,2025-09-07 07:08:52.985985,2025-09-07 07:08:52.985988
4801,Dactylorhiza x vermeuleniana Soó,Dactylorhiza,x vermeuleniana,,,,2025-09-07 07:08:53.025769,2025-09-07 07:08:53.025772
4802,Dactylorhiza x vermeuleniana Soó var. senayi (Alleiz.) Kümpel,Dactylorhiza,x vermeuleniana,,,,2025-09-07 07:08:53.066766,2025-09-07 07:08:53.066769
4803,Dactylorhiza x vermeuleniana Soó var. townsendiana (Rouy) Kümpel,Dactylorhiza,x vermeuleniana,,,,2025-09-07 07:08:53.106776,2025-09-07 07:08:53.106778
4804,Dactylorhiza x viridella (Hesl.-Harr.) Oddone,Dactylorhiza,x viridella,,,,2025-09-07 07:08:53.147064,2025-09-07 07:08:53.147067
4805,Dactylorhiza x vitosana H. Baumann,Dactylorhiza,x vitosana,,,,2025-09-07 07:08:53.190039,2025-09-07 07:08:53.190041
4806,Dactylorhiza x vogtiana H. Baumann,Dactylorhiza,x vogtiana,,,,2025-09-07 07:08:53.229167,2025-09-07 07:08:53.22917
4807,Dactylorhiza x vorasica B. Willing & E. Willing,Dactylorhiza,x vorasica,,,,2025-09-07 07:08:53.268599,2025-09-07 07:08:53.268603
4808,Dactylorhiza x weissenbachiana Perko,Dactylorhiza,x weissenbachiana,,,,2025-09-07 07:08:53.307967,2025-09-07 07:08:53.30797
4809,Dactylorhiza x wiefelspuetziana D. Tyteca,Dactylorhiza,x wiefelspuetziana,,,,2025-09-07 07:08:53.348433,2025-09-07 07:08:53.348436
4810,Gymnadenia R. Br.,Gymnadenia,R. Br.,,,,2025-09-07 07:08:53.387521,2025-09-07 07:08:53.387524
4811,Gymnadenia bicornis Tang & K. Y. Lang,Gymnadenia,bicornis Tang,,,,2025-09-07 07:08:53.427502,2025-09-07 07:08:53.427504
4812,Gymnadenia borealis (Druce) R. M. Bateman,Gymnadenia,borealis Druce,,,,2025-09-07 07:08:53.467078,2025-09-07 07:08:53.467104
4813,Gymnadenia conopsea (L.) R. Br.,Gymnadenia,conopsea L.,,,,2025-09-07 07:08:53.508801,2025-09-07 07:08:53.508803
4814,Gymnadenia conopsea (L.) R. Br. var. aestivalis W. Foelsche,Gymnadenia,conopsea L.,,,,2025-09-07 07:08:53.557035,2025-09-07 07:08:53.557037
4816,Gymnadenia conopsea (L.) R. Br. var. euroalpina W. Foelsche,Gymnadenia,conopsea L.,,,,2025-09-07 07:08:53.635647,2025-09-07 07:08:53.635649
4817,Gymnadenia conopsea (L.) R. Br. var. graminea (Dworschak) Kreutz,Gymnadenia,conopsea L.,,,,2025-09-07 07:08:53.67521,2025-09-07 07:08:53.675212
4818,Gymnadenia conopsea (L.) R. Br. var. serotina Schönh.,Gymnadenia,conopsea L.,,,,2025-09-07 07:08:53.714614,2025-09-07 07:08:53.714617
4819,Gymnadenia crassinervis Finet,Gymnadenia,crassinervis Finet,,,,2025-09-07 07:08:53.753615,2025-09-07 07:08:53.753618
4820,Gymnadenia densiflora ssp. densiflora (Wahlenb.) A. Dietr.,Gymnadenia,densiflora ssp.,,,,2025-09-07 07:08:53.792354,2025-09-07 07:08:53.792356
4821,Gymnadenia densiflora var. montana (Bisse) Kreutz,Gymnadenia,densiflora,,,,2025-09-07 07:08:53.831064,2025-09-07 07:08:53.831067
4822,Gymnadenia densiflora var. neglecta (Vöth) Kreutz,Gymnadenia,densiflora,,,,2025-09-07 07:08:53.870434,2025-09-07 07:08:53.870437
4823,Gymnadenia densiflora var. splendida (Dworschak) comb. ined.,Gymnadenia,densiflora,,,,2025-09-07 07:08:53.910992,2025-09-07 07:08:53.910995
4824,Gymnadenia densiflora var. odorata (Dworschak) comb. ined.,Gymnadenia,densiflora,,,,2025-09-07 07:08:53.949811,2025-09-07 07:08:53.949814
4825,Gymnadenia densiflora ssp. friesica (Schltr.) R. M. Bateman & Denholm,Gymnadenia,densiflora ssp.,,,,2025-09-07 07:08:53.988826,2025-09-07 07:08:53.988829
4826,Gymnadenia emeiensis K. Y. Lang,Gymnadenia,emeiensis K.,,,,2025-09-07 07:08:54.027293,2025-09-07 07:08:54.027295
4827,Gymnadenia frivaldii Hampe ex Griseb.,Gymnadenia,frivaldii Hampe,,,,2025-09-07 07:08:54.066538,2025-09-07 07:08:54.066541
4828,Gymnadenia odoratissima (L.) Rich.,Gymnadenia,odoratissima L.,,,,2025-09-07 07:08:54.10582,2025-09-07 07:08:54.105823
4829,Gymnadenia odoratissima (L.) Rich. var. idae Goiran,Gymnadenia,odoratissima L.,,,,2025-09-07 07:08:54.145127,2025-09-07 07:08:54.14513
4830,Gymnadenia odoratissima (L.) Rich. var. longicalcarata (C. E. Hermos. & Sabando) Kreutz,Gymnadenia,odoratissima L.,,,,2025-09-07 07:08:54.183969,2025-09-07 07:08:54.183971
4831,Gymnadenia odoratissima (L.) Rich. var. pyrenaica (Philippe) P. Delforge,Gymnadenia,odoratissima L.,,,,2025-09-07 07:08:54.222976,2025-09-07 07:08:54.222978
4832,Gymnadenia orchidis Lindl.,Gymnadenia,orchidis Lindl.,,,,2025-09-07 07:08:54.263584,2025-09-07 07:08:54.263587
4833,Gymnadenia x intermedia Peterm.,Gymnadenia,x intermedia,,,,2025-09-07 07:08:54.302921,2025-09-07 07:08:54.302923
4834,Nigritella Rich.,Nigritella,Rich.,,,,2025-09-07 07:08:54.342214,2025-09-07 07:08:54.342217
4835,Nigritella bicolor W. Foelsche,Nigritella,bicolor W.,,,,2025-09-07 07:08:54.385268,2025-09-07 07:08:54.38527
4836,Nigritella carniolica W. Foelsche,Nigritella,carniolica W.,,,,2025-09-07 07:08:54.42677,2025-09-07 07:08:54.426774
4837,Nigritella corneliana Beauverd,Nigritella,corneliana Beauverd,,,,2025-09-07 07:08:54.466158,2025-09-07 07:08:54.466162
4838,Nigritella corneliana Beauverd var. bourneriasii (E. Breiner & R. Breiner) E. Klein,Nigritella,corneliana Beauverd,,,,2025-09-07 07:08:54.505195,2025-09-07 07:08:54.505198
4839,Nigritella dulnigiana W. Foelsche,Nigritella,dulnigiana W.,,,,2025-09-07 07:08:54.544033,2025-09-07 07:08:54.544036
4840,Nigritella graciliflora W. Foelsche,Nigritella,graciliflora W.,,,,2025-09-07 07:08:54.584602,2025-09-07 07:08:54.584606
4841,Nigritella karawankarum W. Foelsche,Nigritella,karawankarum W.,,,,2025-09-07 07:08:54.623624,2025-09-07 07:08:54.623626
4842,Nigritella kossutensis W. Foelsche,Nigritella,kossutensis W.,,,,2025-09-07 07:08:54.662627,2025-09-07 07:08:54.662629
4843,Nigritella mauriennsis W. Foelsche,Nigritella,mauriennsis W.,,,,2025-09-07 07:08:54.701822,2025-09-07 07:08:54.701825
4844,Nigritella nigra ssp. nigra (L.) Rchb.f.,Nigritella,nigra ssp.,,,,2025-09-07 07:08:54.741604,2025-09-07 07:08:54.741606
4845,Nigritella nigra ssp. austriaca Teppner & E. Klein,Nigritella,nigra ssp.,,,,2025-09-07 07:08:54.780617,2025-09-07 07:08:54.78062
4846,Nigritella nigra ssp. bucegiana Hedrén,Nigritella,nigra ssp.,,,,2025-09-07 07:08:54.819239,2025-09-07 07:08:54.819241
4847,Nigritella nigra ssp. carpatica (Zapal.) H. Baumann & R. Lorenz,Nigritella,nigra ssp.,,,,2025-09-07 07:08:54.858308,2025-09-07 07:08:54.85831
4848,Nigritella nigra ssp. gallica E. Breiner & R. Breiner,Nigritella,nigra ssp.,,,,2025-09-07 07:08:54.897178,2025-09-07 07:08:54.89718
4849,Nigritella nigra ssp. iberica Teppner & E. Klein,Nigritella,nigra ssp.,,,,2025-09-07 07:08:54.936159,2025-09-07 07:08:54.936161
4850,Nigritella nigra ssp. lithopolitanica (Ravnik) H. Baumann & R. Lorenz,Nigritella,nigra ssp.,,,,2025-09-07 07:08:54.975735,2025-09-07 07:08:54.975738
4851,Nigritella ravnikii W. Foelsche,Nigritella,ravnikii W.,,,,2025-09-07 07:08:55.014818,2025-09-07 07:08:55.01482
4852,Nigritella rhellicani ssp. rhellicani Teppner & E. Klein,Nigritella,rhellicani ssp.,,,,2025-09-07 07:08:55.053578,2025-09-07 07:08:55.05358
4853,Nigritella rhellicani ssp. cenisia (G. Foelsche,Nigritella,rhellicani ssp.,,,,2025-09-07 07:08:55.092495,2025-09-07 07:08:55.092497
4854,Nigritella rhellicani ssp. gabasiana (Teppner & E. Klein) Kreutz,Nigritella,rhellicani ssp.,,,,2025-09-07 07:08:55.13133,2025-09-07 07:08:55.131332
4855,Nigritella rubra ssp. rubra (Wettst.) K. Richt.,Nigritella,rubra ssp.,,,,2025-09-07 07:08:55.17046,2025-09-07 07:08:55.170463
4856,Nigritella rubra var. minor (W. Foelsche & Zernig) H. Kretzschmar,Nigritella,rubra,,,,2025-09-07 07:08:55.209809,2025-09-07 07:08:55.209811
4857,Nigritella rubra ssp. buschmanniae (Teppner & Ster) H. Baumann & R. Lorenz,Nigritella,rubra ssp.,,,,2025-09-07 07:08:55.24923,2025-09-07 07:08:55.249233
4858,Nigritella rubra ssp. dolomitensis (Teppner & E. Klein) D. Wenker & S. Wenker,Nigritella,rubra ssp.,,,,2025-09-07 07:08:55.289756,2025-09-07 07:08:55.289759
4859,Nigritella rubra ssp. archiducis-johannis (Teppner & E. Klein) H. Baumann & R. Lorenz,Nigritella,rubra ssp.,,,,2025-09-07 07:08:55.329336,2025-09-07 07:08:55.329338
4860,Nigritella rubra ssp. hygrophila (W. Foelsche & Heidtke) comb. ined.,Nigritella,rubra ssp.,,,,2025-09-07 07:08:55.368044,2025-09-07 07:08:55.368047
4861,Nigritella rubra ssp. stiriaca (Rech.) H. Baumann & R. Lorenz,Nigritella,rubra ssp.,,,,2025-09-07 07:08:55.407468,2025-09-07 07:08:55.407472
4862,Nigritella savogiensis W. Foelsche,Nigritella,savogiensis W.,,,,2025-09-07 07:08:55.447041,2025-09-07 07:08:55.447044
4863,Nigritella sulzeri W. Foelsche,Nigritella,sulzeri W.,,,,2025-09-07 07:08:55.486788,2025-09-07 07:08:55.486792
4864,Nigritella widderi Teppner & E. Klein,Nigritella,widderi Teppner,,,,2025-09-07 07:08:55.526649,2025-09-07 07:08:55.526652
4865,Nigritella suceveana Kreutz,Nigritella,suceveana Kreutz,,,,2025-09-07 07:08:55.566024,2025-09-07 07:08:55.566027
4866,Nigritella x eggeriana (O. Gerbaud) W. Foelsche,Nigritella,x eggeriana,,,,2025-09-07 07:08:55.60541,2025-09-07 07:08:55.605413
4867,Nigritella x foelscheana R. Wüest,Nigritella,x foelscheana,,,,2025-09-07 07:08:55.645709,2025-09-07 07:08:55.645712
4868,Nigritella x fohringeri Griebl,Nigritella,x fohringeri,,,,2025-09-07 07:08:55.684973,2025-09-07 07:08:55.684975
4869,Nigritella x hennigsiana R. Wüest,Nigritella,x hennigsiana,,,,2025-09-07 07:08:55.725676,2025-09-07 07:08:55.725681
4870,Nigritella x petzenensis F. Fohringer & Redl,Nigritella,x petzenensis,,,,2025-09-07 07:08:55.770381,2025-09-07 07:08:55.770385
4871,Nigritella x robatschiana (O. Gerbaud & W. Foelsche) W. Foelsche,Nigritella,x robatschiana,,,,2025-09-07 07:08:55.811314,2025-09-07 07:08:55.811317
4872,Nigritella x teppneri W. Foelsche,Nigritella,x teppneri,,,,2025-09-07 07:08:55.850352,2025-09-07 07:08:55.850355
4873,Nigritella x wettsteiniana (O. Abel) Asch. & Graebn.,Nigritella,x wettsteiniana,,,,2025-09-07 07:08:55.889807,2025-09-07 07:08:55.889809
4874,Nigritella x wulfeniana M.Gerbaud & O.Gerbaud,Nigritella,x wulfeniana,,,,2025-09-07 07:08:55.928653,2025-09-07 07:08:55.928655
4875,Sirindhornia H. A. Pedersen & Suksathan,Sirindhornia,H. A.,,,,2025-09-07 07:08:55.968758,2025-09-07 07:08:55.968761
4876,Sirindhornia mirabilis H. A. Pedersen & Suksathan,Sirindhornia,mirabilis H.,,,,2025-09-07 07:08:56.008543,2025-09-07 07:08:56.008547
4877,Sirindhornia monophylla (Collett & Hemsl.) H. A. Pedersen & Suksathan,Sirindhornia,monophylla Collett,,,,2025-09-07 07:08:56.047923,2025-09-07 07:08:56.047926
4878,Sirindhornia pulchella H. A. Pedersen & Indham.,Sirindhornia,pulchella H.,,,,2025-09-07 07:08:56.087214,2025-09-07 07:08:56.087216
4879,Sirindhornia x khaohuamotensis J. M. H. Shaw,Sirindhornia,x khaohuamotensis,,,,2025-09-07 07:08:56.126253,2025-09-07 07:08:56.126255
4880,Hemipilia Lindl.,Hemipilia,Lindl.,,,,2025-09-07 07:08:56.165063,2025-09-07 07:08:56.165066
4881,Hemipilia alpestris (Fukuy.) Y. Tang & H. Peng,Hemipilia,alpestris Fukuy.,,,,2025-09-07 07:08:56.205918,2025-09-07 07:08:56.205921
4882,Hemipilia amplexifolia (Tang & F. T. Wang) Y. Tang & H. Peng,Hemipilia,amplexifolia Tang,,,,2025-09-07 07:08:56.244755,2025-09-07 07:08:56.244758
4883,Hemipilia avisoides Y. Tang,Hemipilia,avisoides Y.,,,,2025-09-07 07:08:56.284198,2025-09-07 07:08:56.284202
4884,Hemipilia basifoliata (Finet) Y. Tang & H. Peng,Hemipilia,basifoliata Finet,,,,2025-09-07 07:08:56.332506,2025-09-07 07:08:56.332509
4885,Hemipilia bidupense Aver.,Hemipilia,bidupense Aver.,,,,2025-09-07 07:08:56.371705,2025-09-07 07:08:56.371708
4886,Hemipilia bifoliata (Tang & F. T. Wang) Y. Tang & H. Peng,Hemipilia,bifoliata Tang,,,,2025-09-07 07:08:56.410484,2025-09-07 07:08:56.410487
4887,Hemipilia brevicalcarata Finet,Hemipilia,brevicalcarata Finet,,,,2025-09-07 07:08:56.449412,2025-09-07 07:08:56.449415
4888,Hemipilia calcicola (W. W. Sm.) Y. Tang & H. Peng,Hemipilia,calcicola W.,,,,2025-09-07 07:08:56.48862,2025-09-07 07:08:56.488623
4889,Hemipilia calophylla C. S. P. Parish & Rchb.f.,Hemipilia,calophylla C.,,,,2025-09-07 07:08:56.527672,2025-09-07 07:08:56.527674
4890,Hemipilia camptoceras (Rolfe ex Hemsl.) Y. Tang & H. Peng,Hemipilia,camptoceras Rolfe,,,,2025-09-07 07:08:56.580342,2025-09-07 07:08:56.580344
4891,Hemipilia capitata (Tang & F. T. Wang) Y. Tang & H. Peng,Hemipilia,capitata Tang,,,,2025-09-07 07:08:56.619446,2025-09-07 07:08:56.619448
4892,Hemipilia chidori (Makino) Y. Tang,Hemipilia,chidori Makino,,,,2025-09-07 07:08:56.659303,2025-09-07 07:08:56.659306
4893,Hemipilia chusua (D. Don) Y. Tang & H. Peng,Hemipilia,chusua D.,,,,2025-09-07 07:08:56.702873,2025-09-07 07:08:56.702876
4894,Hemipilia compacta (Schltr.) Y. Tang & H. Peng,Hemipilia,compacta Schltr.,,,,2025-09-07 07:08:56.743957,2025-09-07 07:08:56.743961
4895,Hemipilia cordifolia (Lindl. ex Wall.) Lindl.,Hemipilia,cordifolia Lindl.,,,,2025-09-07 07:08:56.783397,2025-09-07 07:08:56.7834
4896,Hemipilia crassicalcarata Chien,Hemipilia,crassicalcarata Chien,,,,2025-09-07 07:08:56.824008,2025-09-07 07:08:56.824011
4897,Hemipilia crenulata (Soó) Y. Tang & H. Peng,Hemipilia,crenulata Soó,,,,2025-09-07 07:08:56.863736,2025-09-07 07:08:56.863739
4898,Hemipilia cucullata (L.) Y. Tang,Hemipilia,cucullata L.,,,,2025-09-07 07:08:56.902887,2025-09-07 07:08:56.902889
4899,Hemipilia discolor Aver. & Averyanova,Hemipilia,discolor Aver.,,,,2025-09-07 07:08:56.942309,2025-09-07 07:08:56.942313
4900,Hemipilia dolichocentra (Tang,Hemipilia,dolichocentra Tang,,,,2025-09-07 07:08:56.981974,2025-09-07 07:08:56.981977
4901,Hemipilia exilis (Ames & Schltr.) Y. Tang & H. Peng,Hemipilia,exilis Ames,,,,2025-09-07 07:08:57.024728,2025-09-07 07:08:57.024731
4902,Hemipilia faberi (Rolfe) Y. Tang & H. Peng,Hemipilia,faberi Rolfe,,,,2025-09-07 07:08:57.064754,2025-09-07 07:08:57.064757
4903,Hemipilia farreri (Schltr.) Y. Tang & H. Peng,Hemipilia,farreri Schltr.,,,,2025-09-07 07:08:57.103961,2025-09-07 07:08:57.103963
4904,Hemipilia flabellata Bureau & Franch.,Hemipilia,flabellata Bureau,,,,2025-09-07 07:08:57.143162,2025-09-07 07:08:57.143164
4905,Hemipilia forrestii Rolfe,Hemipilia,forrestii Rolfe,,,,2025-09-07 07:08:57.181989,2025-09-07 07:08:57.181991
4906,Hemipilia fujisanensis (Sugim.) Y. Tang,Hemipilia,fujisanensis Sugim.,,,,2025-09-07 07:08:57.224192,2025-09-07 07:08:57.224195
4907,Hemipilia galeata Ying Tang,Hemipilia,galeata Ying,,,,2025-09-07 07:08:57.263124,2025-09-07 07:08:57.263127
4908,Hemipilia gonggashanica (K. Y. Lang) Y. Tang & H. Peng,Hemipilia,gonggashanica K.,,,,2025-09-07 07:08:57.302389,2025-09-07 07:08:57.302392
4909,Hemipilia gongshanensis (X. H. Jin,Hemipilia,gongshanensis X.,,,,2025-09-07 07:08:57.341501,2025-09-07 07:08:57.341503
4910,Hemipilia gracilis (Blume) Y. Tang,Hemipilia,gracilis Blume,,,,2025-09-07 07:08:57.385326,2025-09-07 07:08:57.385329
4911,Hemipilia graminifolia (Rchb.f.) Y. Tang,Hemipilia,graminifolia Rchb.f.,,,,2025-09-07 07:08:57.424971,2025-09-07 07:08:57.424974
6616,Pterostylis ventricosa (D. L. Jones) G. N. Backh.,Pterostylis,ventricosa D.,,,,2025-09-07 07:10:05.349754,2025-09-07 07:10:05.349756
4913,Hemipilia hemipilioides (Finet) Y. Tang & H. Peng,Hemipilia,hemipilioides Finet,,,,2025-09-07 07:08:57.504736,2025-09-07 07:08:57.504739
4914,Hemipilia henryi Rolfe,Hemipilia,henryi Rolfe,,,,2025-09-07 07:08:57.546873,2025-09-07 07:08:57.546877
4915,Hemipilia hui (Tang & F. T. Wang) Schuit.,Hemipilia,hui Tang,,,,2025-09-07 07:08:57.585871,2025-09-07 07:08:57.585875
4916,Hemipilia joo-iokiana (Makino) Y. Tang,Hemipilia,joo-iokiana Makino,,,,2025-09-07 07:08:57.62921,2025-09-07 07:08:57.629213
4917,Hemipilia kaiyangense (S. Z. He & Yong Wang) R. Kr. Singh & Sanjeet Kumar,Hemipilia,kaiyangense S.,,,,2025-09-07 07:08:57.670485,2025-09-07 07:08:57.670488
4918,Hemipilia keiskei (Finet) Y. Tang,Hemipilia,keiskei Finet,,,,2025-09-07 07:08:57.710454,2025-09-07 07:08:57.710458
4919,Hemipilia keiskeoides (Gagnep.) Y. Tang & H. Peng,Hemipilia,keiskeoides Gagnep.,,,,2025-09-07 07:08:57.761126,2025-09-07 07:08:57.761129
4920,Hemipilia kinoshitae (Makino) Y. Tang,Hemipilia,kinoshitae Makino,,,,2025-09-07 07:08:57.800468,2025-09-07 07:08:57.800471
4921,Hemipilia kiraishiensis (Hayata) Y. Tang & H. Peng,Hemipilia,kiraishiensis Hayata,,,,2025-09-07 07:08:57.839847,2025-09-07 07:08:57.83985
4922,Hemipilia kwangsiensis Tang & F. T. Wang ex K. Y. Lang,Hemipilia,kwangsiensis Tang,,,,2025-09-07 07:08:57.879158,2025-09-07 07:08:57.879161
4923,Hemipilia lepida (Rchb.f.) Y. Tang,Hemipilia,lepida Rchb.f.,,,,2025-09-07 07:08:57.918573,2025-09-07 07:08:57.918576
4924,Hemipilia limprichtii Schltr.,Hemipilia,limprichtii Schltr.,,,,2025-09-07 07:08:57.957493,2025-09-07 07:08:57.957495
4925,Hemipilia luteola (K. Y. Lang & S. C. Chen) Y. Tang & H. Peng,Hemipilia,luteola K.,,,,2025-09-07 07:08:57.997208,2025-09-07 07:08:57.99721
4926,Hemipilia monantha (Finet) Y. Tang & H. Peng,Hemipilia,monantha Finet,,,,2025-09-07 07:08:58.036734,2025-09-07 07:08:58.036737
4927,Hemipilia nanoides (Schuit. & X. H. Jin) R. Kr. Singh & Sanjeet Kumar,Hemipilia,nanoides Schuit.,,,,2025-09-07 07:08:58.078474,2025-09-07 07:08:58.078477
4928,Hemipilia neottianthoides (Tang & F. T. Wang) comb. ined.,Hemipilia,neottianthoides Tang,,,,2025-09-07 07:08:58.118631,2025-09-07 07:08:58.118633
4929,Hemipilia oblonga (K. Y. Lang) Y. Tang & H. Peng,Hemipilia,oblonga K.,,,,2025-09-07 07:08:58.164748,2025-09-07 07:08:58.16475
4930,Hemipilia occidensichuanensis Y. Tang & H. Peng,Hemipilia,occidensichuanensis Y.,,,,2025-09-07 07:08:58.203506,2025-09-07 07:08:58.203508
4931,Hemipilia omeishanica (Tang,Hemipilia,omeishanica Tang,,,,2025-09-07 07:08:58.242389,2025-09-07 07:08:58.242391
4932,Hemipilia ovata (K. Y. Lang) Y. Tang & H. Peng,Hemipilia,ovata K.,,,,2025-09-07 07:08:58.281213,2025-09-07 07:08:58.281215
4933,Hemipilia papilionacea (Tang,Hemipilia,papilionacea Tang,,,,2025-09-07 07:08:58.321262,2025-09-07 07:08:58.321265
4934,Hemipilia parceflora (Finet) Y. Tang & H. Peng,Hemipilia,parceflora Finet,,,,2025-09-07 07:08:58.360228,2025-09-07 07:08:58.360231
4935,Hemipilia pathakiana (Av. Bhattacharjee) R. Kr. Singh & Sanjeet Kumar,Hemipilia,pathakiana Av.,,,,2025-09-07 07:08:58.399053,2025-09-07 07:08:58.399056
4936,Hemipilia physoceras (Schltr.) Y. Tang & H. Peng,Hemipilia,physoceras Schltr.,,,,2025-09-07 07:08:58.439157,2025-09-07 07:08:58.43916
4937,Hemipilia pinguicula (Rchb.f. & S. Moore) Y. Tang & H. Peng,Hemipilia,pinguicula Rchb.f.,,,,2025-09-07 07:08:58.47819,2025-09-07 07:08:58.478193
4938,Hemipilia puberula (King & Pantl.) Y. Tang & H. Peng,Hemipilia,puberula King,,,,2025-09-07 07:08:58.517449,2025-09-07 07:08:58.517453
4939,Hemipilia pugeensis (K. Y. Lang) Y. Tang & H. Peng,Hemipilia,pugeensis K.,,,,2025-09-07 07:08:58.557225,2025-09-07 07:08:58.557227
4940,Hemipilia purpureopunctata (K. Y. Lang) X. H. Jin,Hemipilia,purpureopunctata K.,,,,2025-09-07 07:08:58.611242,2025-09-07 07:08:58.611246
4941,Hemipilia renzii (Deva & H. B. Naithani) Y. Tang & H. Peng,Hemipilia,renzii Deva,,,,2025-09-07 07:08:58.650614,2025-09-07 07:08:58.650617
4942,Hemipilia secundiflora (Kraenzl.) Y. Tang & H. Peng,Hemipilia,secundiflora Kraenzl.,,,,2025-09-07 07:08:58.690633,2025-09-07 07:08:58.690637
4943,Hemipilia sichuanica (K. Y. Lang) Y. Tang & H. Peng,Hemipilia,sichuanica K.,,,,2025-09-07 07:08:58.730231,2025-09-07 07:08:58.730234
4944,Hemipilia simplex (Tang & F. T. Wang) Y. Tang & H. Peng,Hemipilia,simplex Tang,,,,2025-09-07 07:08:58.769345,2025-09-07 07:08:58.769348
4945,Hemipilia taiwanensis (Fukuy.) Y. Tang & H. Peng,Hemipilia,taiwanensis Fukuy.,,,,2025-09-07 07:08:58.809437,2025-09-07 07:08:58.80944
4946,Hemipilia takasago-montana (Masam.) Y. Tang & H. Peng,Hemipilia,takasago-montana Masam.,,,,2025-09-07 07:08:58.848871,2025-09-07 07:08:58.848874
4947,Hemipilia tetraloba (Finet) Y. Tang & H. Peng,Hemipilia,tetraloba Finet,,,,2025-09-07 07:08:58.887991,2025-09-07 07:08:58.887993
4948,Hemipilia thailandica (Seidenf. & Thaithong) Y. Tang & H. Peng,Hemipilia,thailandica Seidenf.,,,,2025-09-07 07:08:58.928067,2025-09-07 07:08:58.92807
4949,Hemipilia tibetica (Schltr.) Y. Tang & H. Peng,Hemipilia,tibetica Schltr.,,,,2025-09-07 07:08:58.967145,2025-09-07 07:08:58.967148
4950,Hemipilia tominagae (Hayata) Y. Tang & H. Peng,Hemipilia,tominagae Hayata,,,,2025-09-07 07:08:59.006008,2025-09-07 07:08:59.00601
4951,Hemipilia trifurcata (Tang,Hemipilia,trifurcata Tang,,,,2025-09-07 07:08:59.046709,2025-09-07 07:08:59.046711
4952,Hemipilia uniflora Aver.,Hemipilia,uniflora Aver.,,,,2025-09-07 07:08:59.085729,2025-09-07 07:08:59.085731
4953,Hemipilia wenshanensis (W. H. Chen,Hemipilia,wenshanensis W.,,,,2025-09-07 07:08:59.125003,2025-09-07 07:08:59.125007
4954,Hemipilia wolongensis (G. W. Hu,Hemipilia,wolongensis G.,,,,2025-09-07 07:08:59.164326,2025-09-07 07:08:59.164329
4955,Hemipilia x alpestroides T. C. Hsu,Hemipilia,x alpestroides,,,,2025-09-07 07:08:59.203444,2025-09-07 07:08:59.203447
4956,Hemipilia x mixta Ormerod,Hemipilia,x mixta,,,,2025-09-07 07:08:59.242507,2025-09-07 07:08:59.24251
4957,Hemipilia yajiangensis G. W. Hu,Hemipilia,yajiangensis G.,,,,2025-09-07 07:08:59.281608,2025-09-07 07:08:59.281611
4958,Hemipilia yueana (Tang & F. T. Wang) Y. Tang & H. Peng,Hemipilia,yueana Tang,,,,2025-09-07 07:08:59.320614,2025-09-07 07:08:59.320616
4959,Hemipilia zhuxiensis Hong Liu,Hemipilia,zhuxiensis Hong,,,,2025-09-07 07:08:59.359832,2025-09-07 07:08:59.359836
4960,Silvorchis J. J. Sm.,Silvorchis,J. J.,,,,2025-09-07 07:08:59.399024,2025-09-07 07:08:59.399027
4961,Silvorchis colorata J. J. Sm.,Silvorchis,colorata J.,,,,2025-09-07 07:08:59.438271,2025-09-07 07:08:59.438273
4962,Silvorchis furcata (Aver. & Nuraliev) Oledrz. & Szlach.,Silvorchis,furcata Aver.,,,,2025-09-07 07:08:59.477816,2025-09-07 07:08:59.477819
4963,Silvorchis proboscidea (Aver.,Silvorchis,proboscidea Aver.,,,,2025-09-07 07:08:59.516667,2025-09-07 07:08:59.51667
4964,Silvorchis vietnamica Aver.,Silvorchis,vietnamica Aver.,,,,2025-09-07 07:08:59.555743,2025-09-07 07:08:59.555747
4965,Rhizanthella R. S. Rogers,Rhizanthella,R. S.,,,,2025-09-07 07:08:59.59488,2025-09-07 07:08:59.594884
4966,Rhizanthella gardneri R. S. Rogers,Rhizanthella,gardneri R.,,,,2025-09-07 07:08:59.63423,2025-09-07 07:08:59.634234
4967,Rhizanthella johnstonii K. W. Dixon & Christenh.,Rhizanthella,johnstonii K.,,,,2025-09-07 07:08:59.673859,2025-09-07 07:08:59.673863
4968,Rhizanthella omissa D. L. Jones & M. A. Clem.,Rhizanthella,omissa D.,,,,2025-09-07 07:08:59.71341,2025-09-07 07:08:59.713413
4969,Rhizanthella slateri (Rupp) M. A. Clem. & P. J. Cribb,Rhizanthella,slateri Rupp,,,,2025-09-07 07:08:59.753349,2025-09-07 07:08:59.753352
4970,Rhizanthella speciosa M. A. Clem. & D. L. Jones,Rhizanthella,speciosa M.,,,,2025-09-07 07:08:59.792552,2025-09-07 07:08:59.792554
4971,Prasophyllum R. Br.,Prasophyllum,R. Br.,,,,2025-09-07 07:08:59.831662,2025-09-07 07:08:59.831665
4972,Prasophyllum abblittiorum P. A. Collier,Prasophyllum,abblittiorum P.,,,,2025-09-07 07:08:59.871332,2025-09-07 07:08:59.871335
4973,Prasophyllum affine Lindl.,Prasophyllum,affine Lindl.,,,,2025-09-07 07:08:59.912566,2025-09-07 07:08:59.91257
4974,Prasophyllum albovirens D. L. Jones & L. M. Copel.,Prasophyllum,albovirens D.,,,,2025-09-07 07:08:59.951906,2025-09-07 07:08:59.951908
4975,Prasophyllum album R. S. Rogers,Prasophyllum,album R.,,,,2025-09-07 07:08:59.991266,2025-09-07 07:08:59.991269
4976,Prasophyllum alpinum R. Br.,Prasophyllum,alpinum R.,,,,2025-09-07 07:09:00.030068,2025-09-07 07:09:00.03007
4977,Prasophyllum amoenum D. L. Jones,Prasophyllum,amoenum D.,,,,2025-09-07 07:09:00.069029,2025-09-07 07:09:00.069031
4978,Prasophyllum anticum D. L. Jones & D. T. Rouse,Prasophyllum,anticum D.,,,,2025-09-07 07:09:00.10805,2025-09-07 07:09:00.108052
4979,Prasophyllum apoxychilum D. L. Jones,Prasophyllum,apoxychilum D.,,,,2025-09-07 07:09:00.146919,2025-09-07 07:09:00.146921
4980,Prasophyllum argillaceum D. L. Jones & D. T. Rouse,Prasophyllum,argillaceum D.,,,,2025-09-07 07:09:00.18578,2025-09-07 07:09:00.185782
4981,Prasophyllum asinantum R. J. Bates,Prasophyllum,asinantum R.,,,,2025-09-07 07:09:00.224741,2025-09-07 07:09:00.224744
4982,Prasophyllum atratum D. L. Jones,Prasophyllum,atratum D.,,,,2025-09-07 07:09:00.263736,2025-09-07 07:09:00.263739
4983,Prasophyllum australe R. Br.,Prasophyllum,australe R.,,,,2025-09-07 07:09:00.303764,2025-09-07 07:09:00.303767
4984,Prasophyllum bagoense D. L. Jones,Prasophyllum,bagoense D.,,,,2025-09-07 07:09:00.342747,2025-09-07 07:09:00.342749
4985,Prasophyllum barnettii D. L. Jones & D. T. Rouse,Prasophyllum,barnettii D.,,,,2025-09-07 07:09:00.381674,2025-09-07 07:09:00.381676
4986,Prasophyllum basalticum D. L. Jones & L. M. Copel.,Prasophyllum,basalticum D.,,,,2025-09-07 07:09:00.422489,2025-09-07 07:09:00.422492
4987,Prasophyllum beatrix D. L. Jones & D. T. Rouse,Prasophyllum,beatrix D.,,,,2025-09-07 07:09:00.461508,2025-09-07 07:09:00.461511
4988,Prasophyllum brevilabre (Lindl.) Hook.f.,Prasophyllum,brevilabre Lindl.,,,,2025-09-07 07:09:00.500622,2025-09-07 07:09:00.500625
4989,Prasophyllum brevisepalum D. L. Jones & L. M. Copel.,Prasophyllum,brevisepalum D.,,,,2025-09-07 07:09:00.539731,2025-09-07 07:09:00.539734
4990,Prasophyllum brownii Rchb.f.,Prasophyllum,brownii Rchb.f.,,,,2025-09-07 07:09:00.578849,2025-09-07 07:09:00.578862
4991,Prasophyllum calcicola R. J. Bates,Prasophyllum,calcicola R.,,,,2025-09-07 07:09:00.618295,2025-09-07 07:09:00.618298
4992,Prasophyllum campestre R. J. Bates & D. L. Jones,Prasophyllum,campestre R.,,,,2025-09-07 07:09:00.657597,2025-09-07 07:09:00.657601
4993,Prasophyllum canaliculatum Jones,Prasophyllum,canaliculatum Jones,,,,2025-09-07 07:09:00.704586,2025-09-07 07:09:00.704589
4994,Prasophyllum candidum R. J. Bates & D. L. Jones,Prasophyllum,candidum R.,,,,2025-09-07 07:09:00.746989,2025-09-07 07:09:00.746991
4995,Prasophyllum canobolense (D. L. Jones) R. Kr. Singh & Sanjeet Kumar,Prasophyllum,canobolense D.,,,,2025-09-07 07:09:00.786308,2025-09-07 07:09:00.786311
4996,Prasophyllum caricetum D. L. Jones,Prasophyllum,caricetum D.,,,,2025-09-07 07:09:00.825873,2025-09-07 07:09:00.825877
4997,Prasophyllum castaneum D. L. Jones,Prasophyllum,castaneum D.,,,,2025-09-07 07:09:00.866806,2025-09-07 07:09:00.866808
4998,Prasophyllum catenemum D. L. Jones,Prasophyllum,catenemum D.,,,,2025-09-07 07:09:00.906064,2025-09-07 07:09:00.906067
4999,Prasophyllum caudiculum D. L. Jones,Prasophyllum,caudiculum D.,,,,2025-09-07 07:09:00.945508,2025-09-07 07:09:00.945511
5000,Prasophyllum colemaniarum R. S. Rogers,Prasophyllum,colemaniarum R.,,,,2025-09-07 07:09:00.987425,2025-09-07 07:09:00.987429
5001,Prasophyllum colensoi Hook.f.,Prasophyllum,colensoi Hook.f.,,,,2025-09-07 07:09:01.028434,2025-09-07 07:09:01.028438
5002,Prasophyllum collinum D. L. Jones,Prasophyllum,collinum D.,,,,2025-09-07 07:09:01.068527,2025-09-07 07:09:01.068531
5003,Prasophyllum concinnum Nicholls,Prasophyllum,concinnum Nicholls,,,,2025-09-07 07:09:01.107775,2025-09-07 07:09:01.107778
5004,Prasophyllum constrictum R. S. Rogers,Prasophyllum,constrictum R.,,,,2025-09-07 07:09:01.147349,2025-09-07 07:09:01.147352
5005,Prasophyllum copelandii D. L. Jones,Prasophyllum,copelandii D.,,,,2025-09-07 07:09:01.186322,2025-09-07 07:09:01.186324
5006,Prasophyllum correctum D. L. Jones,Prasophyllum,correctum D.,,,,2025-09-07 07:09:01.225315,2025-09-07 07:09:01.225317
5007,Prasophyllum crassum D. L. Jones & R. J. Bates,Prasophyllum,crassum D.,,,,2025-09-07 07:09:01.271992,2025-09-07 07:09:01.271995
5008,Prasophyllum crebriflorum D. L. Jones,Prasophyllum,crebriflorum D.,,,,2025-09-07 07:09:01.311547,2025-09-07 07:09:01.31155
5009,Prasophyllum cucullatum Rchb.f.,Prasophyllum,cucullatum Rchb.f.,,,,2025-09-07 07:09:01.350957,2025-09-07 07:09:01.35096
5010,Prasophyllum cuneatum D. L. Jones & G. Brockman,Prasophyllum,cuneatum D.,,,,2025-09-07 07:09:01.390121,2025-09-07 07:09:01.390124
5011,Prasophyllum cyphochilum Benth.,Prasophyllum,cyphochilum Benth.,,,,2025-09-07 07:09:01.428886,2025-09-07 07:09:01.428889
5012,Prasophyllum diversiflorum Nicholls,Prasophyllum,diversiflorum Nicholls,,,,2025-09-07 07:09:01.468079,2025-09-07 07:09:01.46813
5013,Prasophyllum dossenum R. J. Bates & D. L. Jones,Prasophyllum,dossenum R.,,,,2025-09-07 07:09:01.507332,2025-09-07 07:09:01.507336
5014,Prasophyllum drummondii Rchb.f.,Prasophyllum,drummondii Rchb.f.,,,,2025-09-07 07:09:01.546788,2025-09-07 07:09:01.546792
5015,Prasophyllum elatum R. Br.,Prasophyllum,elatum R.,,,,2025-09-07 07:09:01.588915,2025-09-07 07:09:01.588919
5016,Prasophyllum elegantissimum Lehnebach,Prasophyllum,elegantissimum Lehnebach,,,,2025-09-07 07:09:01.640188,2025-09-07 07:09:01.640191
5017,Prasophyllum erythrocommum D. L. Jones & D. T. Rouse,Prasophyllum,erythrocommum D.,,,,2025-09-07 07:09:01.679394,2025-09-07 07:09:01.679398
5018,Prasophyllum exilis D. L. Jones & R. J. Bates,Prasophyllum,exilis D.,,,,2025-09-07 07:09:01.718987,2025-09-07 07:09:01.71899
5019,Prasophyllum favonium D. L. Jones,Prasophyllum,favonium D.,,,,2025-09-07 07:09:01.758581,2025-09-07 07:09:01.758584
5020,Prasophyllum fecundum R. J. Bates,Prasophyllum,fecundum R.,,,,2025-09-07 07:09:01.799375,2025-09-07 07:09:01.799378
5021,Prasophyllum fimbria Rchb.f.,Prasophyllum,fimbria Rchb.f.,,,,2025-09-07 07:09:01.83852,2025-09-07 07:09:01.838523
5022,Prasophyllum fitzgeraldii R. S. Rogers & Maiden,Prasophyllum,fitzgeraldii R.,,,,2025-09-07 07:09:01.877597,2025-09-07 07:09:01.8776
5023,Prasophyllum flavum R. Br.,Prasophyllum,flavum R.,,,,2025-09-07 07:09:01.916695,2025-09-07 07:09:01.916698
5024,Prasophyllum fosteri D. L. Jones,Prasophyllum,fosteri D.,,,,2025-09-07 07:09:01.955718,2025-09-07 07:09:01.95572
5025,Prasophyllum frenchii F. Muell.,Prasophyllum,frenchii F.,,,,2025-09-07 07:09:01.995399,2025-09-07 07:09:01.995402
5026,Prasophyllum fuscum R. Br.,Prasophyllum,fuscum R.,,,,2025-09-07 07:09:02.035167,2025-09-07 07:09:02.03517
5027,Prasophyllum gibbosum R. Br.,Prasophyllum,gibbosum R.,,,,2025-09-07 07:09:02.075782,2025-09-07 07:09:02.075785
5028,Prasophyllum giganteum Lindl.,Prasophyllum,giganteum Lindl.,,,,2025-09-07 07:09:02.115242,2025-09-07 07:09:02.115245
5029,Prasophyllum gilgai D. L. Jones & D. T. Rouse,Prasophyllum,gilgai D.,,,,2025-09-07 07:09:02.154375,2025-09-07 07:09:02.154378
5030,Prasophyllum goldsackii J. Z. Weber & R. J. Bates,Prasophyllum,goldsackii J.,,,,2025-09-07 07:09:02.1931,2025-09-07 07:09:02.193102
5031,Prasophyllum gracile Lindl.,Prasophyllum,gracile Lindl.,,,,2025-09-07 07:09:02.231703,2025-09-07 07:09:02.231705
5032,Prasophyllum gracillimum Nicholls,Prasophyllum,gracillimum Nicholls,,,,2025-09-07 07:09:02.270665,2025-09-07 07:09:02.270667
5033,Prasophyllum graniticola D. L. Jones & L. M. Copel.,Prasophyllum,graniticola D.,,,,2025-09-07 07:09:02.309608,2025-09-07 07:09:02.309611
5034,Prasophyllum gravesii R. J. Bates,Prasophyllum,gravesii R.,,,,2025-09-07 07:09:02.35069,2025-09-07 07:09:02.350693
5035,Prasophyllum hectorii (Buchanan) Molloy,Prasophyllum,hectorii Buchanan,,,,2025-09-07 07:09:02.389826,2025-09-07 07:09:02.389829
5036,Prasophyllum helophilum D. L. Jones & D. T. Rouse,Prasophyllum,helophilum D.,,,,2025-09-07 07:09:02.429602,2025-09-07 07:09:02.429605
5037,Prasophyllum hians Rchb.f.,Prasophyllum,hians Rchb.f.,,,,2025-09-07 07:09:02.469329,2025-09-07 07:09:02.469332
5038,Prasophyllum holzingeri D. L. Jones & L. M. Copel.,Prasophyllum,holzingeri D.,,,,2025-09-07 07:09:02.508709,2025-09-07 07:09:02.508713
5039,Prasophyllum hygrophilum D. L. Jones & D. T. Rouse,Prasophyllum,hygrophilum D.,,,,2025-09-07 07:09:02.549541,2025-09-07 07:09:02.549545
5040,Prasophyllum incompositum D. L. Jones,Prasophyllum,incompositum D.,,,,2025-09-07 07:09:02.588939,2025-09-07 07:09:02.588943
5041,Prasophyllum incorrectum D. L. Jones,Prasophyllum,incorrectum D.,,,,2025-09-07 07:09:02.628432,2025-09-07 07:09:02.628436
5042,Prasophyllum incurvum D. L. Jones,Prasophyllum,incurvum D.,,,,2025-09-07 07:09:02.667714,2025-09-07 07:09:02.667716
5043,Prasophyllum innubum D. L. Jones,Prasophyllum,innubum D.,,,,2025-09-07 07:09:02.706895,2025-09-07 07:09:02.706898
5044,Prasophyllum jeaneganiae D. L. Jones,Prasophyllum,jeaneganiae D.,,,,2025-09-07 07:09:02.746463,2025-09-07 07:09:02.746467
5045,Prasophyllum keltonii D. L. Jones,Prasophyllum,keltonii D.,,,,2025-09-07 07:09:02.788315,2025-09-07 07:09:02.788319
5046,Prasophyllum lanceolatum R. S. Rogers,Prasophyllum,lanceolatum R.,,,,2025-09-07 07:09:02.827716,2025-09-07 07:09:02.82772
5047,Prasophyllum laxum R. J. Bates,Prasophyllum,laxum R.,,,,2025-09-07 07:09:02.868714,2025-09-07 07:09:02.868718
5048,Prasophyllum limnetes D. L. Jones,Prasophyllum,limnetes D.,,,,2025-09-07 07:09:02.908234,2025-09-07 07:09:02.908238
5049,Prasophyllum lindleyanum Rchb.f.,Prasophyllum,lindleyanum Rchb.f.,,,,2025-09-07 07:09:02.948401,2025-09-07 07:09:02.948404
5050,Prasophyllum litorale R. J. Bates,Prasophyllum,litorale R.,,,,2025-09-07 07:09:02.987661,2025-09-07 07:09:02.987665
5051,Prasophyllum maccannii D. L. Jones & D. T. Rouse,Prasophyllum,maccannii D.,,,,2025-09-07 07:09:03.026897,2025-09-07 07:09:03.026899
5052,Prasophyllum macrostachyum R. Br.,Prasophyllum,macrostachyum R.,,,,2025-09-07 07:09:03.066417,2025-09-07 07:09:03.06642
5053,Prasophyllum macrotys Lindl.,Prasophyllum,macrotys Lindl.,,,,2025-09-07 07:09:03.105797,2025-09-07 07:09:03.1058
5054,Prasophyllum milfordense D. L. Jones,Prasophyllum,milfordense D.,,,,2025-09-07 07:09:03.146188,2025-09-07 07:09:03.146192
5055,Prasophyllum mimulum D. L. Jones,Prasophyllum,mimulum D.,,,,2025-09-07 07:09:03.185609,2025-09-07 07:09:03.185612
5056,Prasophyllum mollissimum Rupp,Prasophyllum,mollissimum Rupp,,,,2025-09-07 07:09:03.224743,2025-09-07 07:09:03.224746
5057,Prasophyllum montanum R. J. Bates & D. L. Jones,Prasophyllum,montanum R.,,,,2025-09-07 07:09:03.263814,2025-09-07 07:09:03.263816
5058,Prasophyllum morganii Nicholls,Prasophyllum,morganii Nicholls,,,,2025-09-07 07:09:03.30385,2025-09-07 07:09:03.303852
5059,Prasophyllum murfetii D. L. Jones,Prasophyllum,murfetii D.,,,,2025-09-07 07:09:03.342922,2025-09-07 07:09:03.342924
5060,Prasophyllum nichollsianum Rupp,Prasophyllum,nichollsianum Rupp,,,,2025-09-07 07:09:03.382079,2025-09-07 07:09:03.382098
5061,Prasophyllum niphopedium D. L. Jones,Prasophyllum,niphopedium D.,,,,2025-09-07 07:09:03.421155,2025-09-07 07:09:03.421157
5062,Prasophyllum nitidum D. L. Jones & R. J. Bates,Prasophyllum,nitidum D.,,,,2025-09-07 07:09:03.460557,2025-09-07 07:09:03.46056
5063,Prasophyllum nublingii R. S. Rogers,Prasophyllum,nublingii R.,,,,2025-09-07 07:09:03.499483,2025-09-07 07:09:03.499485
5064,Prasophyllum obovatum Rupp,Prasophyllum,obovatum Rupp,,,,2025-09-07 07:09:03.538685,2025-09-07 07:09:03.538688
5065,Prasophyllum occidentale R. S. Rogers,Prasophyllum,occidentale R.,,,,2025-09-07 07:09:03.577864,2025-09-07 07:09:03.577868
5066,Prasophyllum occultans R. J. Bates,Prasophyllum,occultans R.,,,,2025-09-07 07:09:03.617164,2025-09-07 07:09:03.617167
5067,Prasophyllum odoratissimum Jones,Prasophyllum,odoratissimum Jones,,,,2025-09-07 07:09:03.661358,2025-09-07 07:09:03.661361
5068,Prasophyllum odoratum R. S. Rogers,Prasophyllum,odoratum R.,,,,2025-09-07 07:09:03.700442,2025-09-07 07:09:03.700446
5069,Prasophyllum olidum D. L. Jones,Prasophyllum,olidum D.,,,,2025-09-07 07:09:03.739686,2025-09-07 07:09:03.739689
5070,Prasophyllum ovale Lindl.,Prasophyllum,ovale Lindl.,,,,2025-09-07 07:09:03.778734,2025-09-07 07:09:03.778736
5071,Prasophyllum pallens D. L. Jones,Prasophyllum,pallens D.,,,,2025-09-07 07:09:03.817327,2025-09-07 07:09:03.817329
5072,Prasophyllum pallidum Nicholls,Prasophyllum,pallidum Nicholls,,,,2025-09-07 07:09:03.856509,2025-09-07 07:09:03.856512
5073,Prasophyllum parviflorum (R. S. Rogers) Nicholls,Prasophyllum,parviflorum R.,,,,2025-09-07 07:09:03.895658,2025-09-07 07:09:03.895661
5074,Prasophyllum parvifolium Lindl.,Prasophyllum,parvifolium Lindl.,,,,2025-09-07 07:09:03.935563,2025-09-07 07:09:03.935566
5075,Prasophyllum patens R. Br.,Prasophyllum,patens R.,,,,2025-09-07 07:09:03.97485,2025-09-07 07:09:03.974853
5076,Prasophyllum paulinae D. L. Jones & M. A. Clem.,Prasophyllum,paulinae D.,,,,2025-09-07 07:09:04.014176,2025-09-07 07:09:04.014178
5077,Prasophyllum perangustum D. L. Jones,Prasophyllum,perangustum D.,,,,2025-09-07 07:09:04.053581,2025-09-07 07:09:04.053584
5078,Prasophyllum petilum D. L. Jones & R. J. Bates,Prasophyllum,petilum D.,,,,2025-09-07 07:09:04.098383,2025-09-07 07:09:04.098386
5079,Prasophyllum pictum D. L. Jones & L. M. Copel.,Prasophyllum,pictum D.,,,,2025-09-07 07:09:04.137919,2025-09-07 07:09:04.137922
5080,Prasophyllum pilligaense D. L. Jones & L. M. Copel.,Prasophyllum,pilligaense D.,,,,2025-09-07 07:09:04.17979,2025-09-07 07:09:04.179794
5081,Prasophyllum plumiforme Fitzg.,Prasophyllum,plumiforme Fitzg.,,,,2025-09-07 07:09:04.219672,2025-09-07 07:09:04.219675
5082,Prasophyllum praecox D. L. Jones,Prasophyllum,praecox D.,,,,2025-09-07 07:09:04.259952,2025-09-07 07:09:04.259955
5083,Prasophyllum pruinosum R. S. Rogers,Prasophyllum,pruinosum R.,,,,2025-09-07 07:09:04.299573,2025-09-07 07:09:04.299575
5084,Prasophyllum pulchellum D. L. Jones,Prasophyllum,pulchellum D.,,,,2025-09-07 07:09:04.338466,2025-09-07 07:09:04.338467
5085,Prasophyllum pyriforme E. Coleman,Prasophyllum,pyriforme E.,,,,2025-09-07 07:09:04.377227,2025-09-07 07:09:04.377229
5086,Prasophyllum readii D. L. Jones & D. T. Rouse,Prasophyllum,readii D.,,,,2025-09-07 07:09:04.416393,2025-09-07 07:09:04.416396
5087,Prasophyllum reflexum Fitzg.,Prasophyllum,reflexum Fitzg.,,,,2025-09-07 07:09:04.456717,2025-09-07 07:09:04.456721
5088,Prasophyllum regium R. S. Rogers,Prasophyllum,regium R.,,,,2025-09-07 07:09:04.49593,2025-09-07 07:09:04.495933
5089,Prasophyllum ringens (Rchb.f.) R. J. Bates,Prasophyllum,ringens Rchb.f.,,,,2025-09-07 07:09:04.534933,2025-09-07 07:09:04.534935
5090,Prasophyllum robustum (Nicholls) M. A. Clem. & D. L. Jones,Prasophyllum,robustum Nicholls,,,,2025-09-07 07:09:04.573932,2025-09-07 07:09:04.573936
5091,Prasophyllum rogersii Rupp,Prasophyllum,rogersii Rupp,,,,2025-09-07 07:09:04.613334,2025-09-07 07:09:04.613338
5092,Prasophyllum roseum D. L. Jones & R. J. Bates,Prasophyllum,roseum D.,,,,2025-09-07 07:09:04.652705,2025-09-07 07:09:04.652708
5093,Prasophyllum rostratum Lindl.,Prasophyllum,rostratum Lindl.,,,,2025-09-07 07:09:04.691781,2025-09-07 07:09:04.691784
5094,Prasophyllum rousei D. L. Jones,Prasophyllum,rousei D.,,,,2025-09-07 07:09:04.735117,2025-09-07 07:09:04.735121
5095,Prasophyllum sandrae D. L. Jones,Prasophyllum,sandrae D.,,,,2025-09-07 07:09:04.774207,2025-09-07 07:09:04.77421
5096,Prasophyllum sargentii (Nicholls) A. S. George,Prasophyllum,sargentii Nicholls,,,,2025-09-07 07:09:04.813236,2025-09-07 07:09:04.813239
5097,Prasophyllum secutum D. L. Jones,Prasophyllum,secutum D.,,,,2025-09-07 07:09:04.852322,2025-09-07 07:09:04.852324
5098,Prasophyllum solstitium D. L. Jones,Prasophyllum,solstitium D.,,,,2025-09-07 07:09:04.891295,2025-09-07 07:09:04.891297
5099,Prasophyllum spadiceum D. L. Jones & R. J. Bates,Prasophyllum,spadiceum D.,,,,2025-09-07 07:09:04.930985,2025-09-07 07:09:04.930989
5100,Prasophyllum sphacelatum D. L. Jones,Prasophyllum,sphacelatum D.,,,,2025-09-07 07:09:04.970427,2025-09-07 07:09:04.97043
5101,Prasophyllum spicatum R. J. Bates & D. L. Jones,Prasophyllum,spicatum R.,,,,2025-09-07 07:09:05.014621,2025-09-07 07:09:05.014624
5102,Prasophyllum stellatum D. L. Jones,Prasophyllum,stellatum D.,,,,2025-09-07 07:09:05.054383,2025-09-07 07:09:05.054387
5103,Prasophyllum striatum R. Br.,Prasophyllum,striatum R.,,,,2025-09-07 07:09:05.093444,2025-09-07 07:09:05.093446
5104,Prasophyllum stygium D. L. Jones & D. T. Rouse,Prasophyllum,stygium D.,,,,2025-09-07 07:09:05.133572,2025-09-07 07:09:05.133574
5105,Prasophyllum suaveolens D. L. Jones & R. J. Bates,Prasophyllum,suaveolens D.,,,,2025-09-07 07:09:05.172689,2025-09-07 07:09:05.17269
5106,Prasophyllum subbisectum Nicholls,Prasophyllum,subbisectum Nicholls,,,,2025-09-07 07:09:05.211621,2025-09-07 07:09:05.211624
5107,Prasophyllum suttonii R. S. Rogers & Rees ex Ewart & Rees,Prasophyllum,suttonii R.,,,,2025-09-07 07:09:05.251225,2025-09-07 07:09:05.251229
5108,Prasophyllum sylvestre R. J. Bates & D. L. Jones,Prasophyllum,sylvestre R.,,,,2025-09-07 07:09:05.292452,2025-09-07 07:09:05.292456
5109,Prasophyllum sylvicola D. L. Jones,Prasophyllum,sylvicola D.,,,,2025-09-07 07:09:05.331899,2025-09-07 07:09:05.331902
5110,Prasophyllum taphanyx D. L. Jones,Prasophyllum,taphanyx D.,,,,2025-09-07 07:09:05.370883,2025-09-07 07:09:05.370885
5111,Prasophyllum tortilis D. L. Jones & R. J. Bates,Prasophyllum,tortilis D.,,,,2025-09-07 07:09:05.409975,2025-09-07 07:09:05.409978
5112,Prasophyllum transversum Fitzg.,Prasophyllum,transversum Fitzg.,,,,2025-09-07 07:09:05.44912,2025-09-07 07:09:05.449122
5113,Prasophyllum triangulare Fitzg.,Prasophyllum,triangulare Fitzg.,,,,2025-09-07 07:09:05.488198,2025-09-07 07:09:05.488201
5114,Prasophyllum truncatum Lindl.,Prasophyllum,truncatum Lindl.,,,,2025-09-07 07:09:05.527365,2025-09-07 07:09:05.527367
5115,Prasophyllum tunbridgense D. L. Jones,Prasophyllum,tunbridgense D.,,,,2025-09-07 07:09:05.567316,2025-09-07 07:09:05.567319
5116,Prasophyllum unicum Rupp,Prasophyllum,unicum Rupp,,,,2025-09-07 07:09:05.606808,2025-09-07 07:09:05.606811
5117,Prasophyllum uvidulum D. L. Jones & D. T. Rouse,Prasophyllum,uvidulum D.,,,,2025-09-07 07:09:05.645808,2025-09-07 07:09:05.645811
5118,Prasophyllum validum R. S. Rogers,Prasophyllum,validum R.,,,,2025-09-07 07:09:05.685214,2025-09-07 07:09:05.685218
5119,Prasophyllum venustum D. L. Jones & D. T. Rouse,Prasophyllum,venustum D.,,,,2025-09-07 07:09:05.724327,2025-09-07 07:09:05.72433
5120,Prasophyllum viretrum D. L. Jones & D. T. Rouse,Prasophyllum,viretrum D.,,,,2025-09-07 07:09:05.766362,2025-09-07 07:09:05.766365
5121,Prasophyllum viriosum D. L. Jones & D. T. Rouse,Prasophyllum,viriosum D.,,,,2025-09-07 07:09:05.805632,2025-09-07 07:09:05.805635
5122,Prasophyllum wallum R. J. Bates & D. L. Jones,Prasophyllum,wallum R.,,,,2025-09-07 07:09:05.844477,2025-09-07 07:09:05.84448
5123,Prasophyllum wilkinsoniorum D. L. Jones,Prasophyllum,wilkinsoniorum D.,,,,2025-09-07 07:09:05.88369,2025-09-07 07:09:05.883693
5124,Genoplesium R. Br.,Genoplesium,R. Br.,,,,2025-09-07 07:09:05.922498,2025-09-07 07:09:05.9225
5125,Genoplesium acuminatum (R. S. Rogers) D. L. Jones & M. A. Clem.,Genoplesium,acuminatum R.,,,,2025-09-07 07:09:05.961382,2025-09-07 07:09:05.961385
5126,Genoplesium alticola D. L. Jones & B. Gray,Genoplesium,alticola D.,,,,2025-09-07 07:09:06.000338,2025-09-07 07:09:06.000341
5127,Genoplesium anthracinum (D. L. Jones) J. M. H. Shaw,Genoplesium,anthracinum D.,,,,2025-09-07 07:09:06.039513,2025-09-07 07:09:06.039516
5128,Genoplesium apostasioides (Fitzg.) D. L. Jones & M. A. Clem.,Genoplesium,apostasioides Fitzg.,,,,2025-09-07 07:09:06.083448,2025-09-07 07:09:06.083451
5129,Genoplesium archeri (Hook.f.) D. L. Jones & M. A. Clem.,Genoplesium,archeri Hook.f.,,,,2025-09-07 07:09:06.122465,2025-09-07 07:09:06.122469
5130,Genoplesium arrectum D. L. Jones,Genoplesium,arrectum D.,,,,2025-09-07 07:09:06.161355,2025-09-07 07:09:06.161358
5131,Genoplesium baueri R. Br.,Genoplesium,baueri R.,,,,2025-09-07 07:09:06.200745,2025-09-07 07:09:06.200748
5132,Genoplesium bishopii D. L. Jones,Genoplesium,bishopii D.,,,,2025-09-07 07:09:06.239786,2025-09-07 07:09:06.239789
5133,Genoplesium brachystachyum (Lindl.) D. L. Jones & M. A. Clem.,Genoplesium,brachystachyum Lindl.,,,,2025-09-07 07:09:06.280501,2025-09-07 07:09:06.280505
5134,Genoplesium branwhiteorum M. A. M. Renner & P. H. Weston,Genoplesium,branwhiteorum M.,,,,2025-09-07 07:09:06.319955,2025-09-07 07:09:06.319958
5135,Genoplesium calopterum (Rchb.f.) D. L. Jones & M. A. Clem.,Genoplesium,calopterum Rchb.f.,,,,2025-09-07 07:09:06.360371,2025-09-07 07:09:06.360374
5136,Genoplesium capparinum (D. L. Jones) J. M. H. Shaw,Genoplesium,capparinum D.,,,,2025-09-07 07:09:06.399795,2025-09-07 07:09:06.399799
5137,Genoplesium carectum (D. L. Jones & L. M. Copel.) J. M. H. Shaw,Genoplesium,carectum D.,,,,2025-09-07 07:09:06.438818,2025-09-07 07:09:06.438821
5138,Genoplesium citriodorum D. L. Jones & M. A. Clem.,Genoplesium,citriodorum D.,,,,2025-09-07 07:09:06.477788,2025-09-07 07:09:06.47779
5139,Genoplesium clivicola (D. L. Jones) J. M. H. Shaw,Genoplesium,clivicola D.,,,,2025-09-07 07:09:06.517295,2025-09-07 07:09:06.517299
5140,Genoplesium confertum D. L. Jones,Genoplesium,confertum D.,,,,2025-09-07 07:09:06.556521,2025-09-07 07:09:06.556524
5141,Genoplesium cornutum (D. L. Jones) J. M. H. Shaw,Genoplesium,cornutum D.,,,,2025-09-07 07:09:06.595708,2025-09-07 07:09:06.595711
5142,Genoplesium cranei D. L. Jones,Genoplesium,cranei D.,,,,2025-09-07 07:09:06.641251,2025-09-07 07:09:06.641254
5143,Genoplesium cuspidatum (D. L. Jones & L. M. Copel.) J. M. H. Shaw,Genoplesium,cuspidatum D.,,,,2025-09-07 07:09:06.681152,2025-09-07 07:09:06.681155
5144,Genoplesium despectans (Hook.f.) D. L. Jones & M. A. Clem.,Genoplesium,despectans Hook.f.,,,,2025-09-07 07:09:06.720599,2025-09-07 07:09:06.720602
5145,Genoplesium ectopum D. L. Jones,Genoplesium,ectopum D.,,,,2025-09-07 07:09:06.759571,2025-09-07 07:09:06.759573
5146,Genoplesium eriochilum (Fitzg.) D. L. Jones & M. A. Clem.,Genoplesium,eriochilum Fitzg.,,,,2025-09-07 07:09:06.798942,2025-09-07 07:09:06.798945
5147,Genoplesium filiforme (Fitzg.) D. L. Jones & M. A. Clem.,Genoplesium,filiforme Fitzg.,,,,2025-09-07 07:09:06.838171,2025-09-07 07:09:06.838174
5148,Genoplesium fimbriatum (R. Br.) D. L. Jones & M. A. Clem.,Genoplesium,fimbriatum R.,,,,2025-09-07 07:09:06.87722,2025-09-07 07:09:06.877223
5149,Genoplesium firthii (Cady) D. L. Jones,Genoplesium,firthii Cady,,,,2025-09-07 07:09:06.916734,2025-09-07 07:09:06.916737
5150,Genoplesium formosum D. L. Jones,Genoplesium,formosum D.,,,,2025-09-07 07:09:06.955592,2025-09-07 07:09:06.955594
5151,Genoplesium geminatum M. A. M. Renner & Towle,Genoplesium,geminatum M.,,,,2025-09-07 07:09:06.994698,2025-09-07 07:09:06.994699
5152,Genoplesium insignis D. L. Jones,Genoplesium,insignis D.,,,,2025-09-07 07:09:07.034203,2025-09-07 07:09:07.034205
5153,Genoplesium laminatum (Fitzg.) M. A. M. Renner,Genoplesium,laminatum Fitzg.,,,,2025-09-07 07:09:07.073462,2025-09-07 07:09:07.073464
5154,Genoplesium leptochilum (D. L. Jones) J. M. H. Shaw,Genoplesium,leptochilum D.,,,,2025-09-07 07:09:07.113975,2025-09-07 07:09:07.113979
5155,Genoplesium littoralis D. L. Jones,Genoplesium,littoralis D.,,,,2025-09-07 07:09:07.153234,2025-09-07 07:09:07.153238
5156,Genoplesium morinum D. L. Jones,Genoplesium,morinum D.,,,,2025-09-07 07:09:07.19311,2025-09-07 07:09:07.193112
5157,Genoplesium morrisii (Nicholls) D. L. Jones & M. A. Clem.,Genoplesium,morrisii Nicholls,,,,2025-09-07 07:09:07.232289,2025-09-07 07:09:07.232291
5158,Genoplesium mucronatum (Rupp) M. A. M. Renner,Genoplesium,mucronatum Rupp,,,,2025-09-07 07:09:07.271483,2025-09-07 07:09:07.271486
5159,Genoplesium nigricans (R. Br.) D. L. Jones & M. A. Clem.,Genoplesium,nigricans R.,,,,2025-09-07 07:09:07.310837,2025-09-07 07:09:07.31084
5160,Genoplesium nudiscapum (Hook.f.) D. L. Jones & M. A. Clem.,Genoplesium,nudiscapum Hook.f.,,,,2025-09-07 07:09:07.350213,2025-09-07 07:09:07.350216
5161,Genoplesium nudum (Hook.f.) D. L. Jones & M. A. Clem.,Genoplesium,nudum Hook.f.,,,,2025-09-07 07:09:07.3896,2025-09-07 07:09:07.389603
5162,Genoplesium oliganthum D. L. Jones,Genoplesium,oliganthum D.,,,,2025-09-07 07:09:07.43358,2025-09-07 07:09:07.433583
5163,Genoplesium ostrinum D. L. Jones,Genoplesium,ostrinum D.,,,,2025-09-07 07:09:07.473152,2025-09-07 07:09:07.473155
5164,Genoplesium parvicallum (Rupp) D. L. Jones & M. A. Clem.,Genoplesium,parvicallum Rupp,,,,2025-09-07 07:09:07.512502,2025-09-07 07:09:07.512505
5165,Genoplesium pedersonii D. L. Jones,Genoplesium,pedersonii D.,,,,2025-09-07 07:09:07.551569,2025-09-07 07:09:07.55157
5166,Genoplesium plumosum (Rupp) D. L. Jones & M. A. Clem.,Genoplesium,plumosum Rupp,,,,2025-09-07 07:09:07.591273,2025-09-07 07:09:07.591276
5167,Genoplesium psammophilum D. L. Jones,Genoplesium,psammophilum D.,,,,2025-09-07 07:09:07.631173,2025-09-07 07:09:07.631175
5168,Genoplesium pumilum (Hook.f.) D. L. Jones & M. A. Clem.,Genoplesium,pumilum Hook.f.,,,,2025-09-07 07:09:07.670141,2025-09-07 07:09:07.670144
5169,Genoplesium rhyoliticum D. L. Jones & M. A. Clem.,Genoplesium,rhyoliticum D.,,,,2025-09-07 07:09:07.709359,2025-09-07 07:09:07.709361
5170,Genoplesium rufum (R. Br.) D. L. Jones & M. A. Clem.,Genoplesium,rufum R.,,,,2025-09-07 07:09:07.748799,2025-09-07 07:09:07.748802
5171,Genoplesium ruppii (R. S. Rogers) D. L. Jones,Genoplesium,ruppii R.,,,,2025-09-07 07:09:07.788189,2025-09-07 07:09:07.788192
5172,Genoplesium sagittiferum (Rupp) D. L. Jones & M. A. Clem.,Genoplesium,sagittiferum Rupp,,,,2025-09-07 07:09:07.827308,2025-09-07 07:09:07.82731
5173,Genoplesium sigmoideum D. L. Jones,Genoplesium,sigmoideum D.,,,,2025-09-07 07:09:07.866516,2025-09-07 07:09:07.866519
5174,Genoplesium simulans D. L. Jones,Genoplesium,simulans D.,,,,2025-09-07 07:09:07.905857,2025-09-07 07:09:07.90586
5175,Genoplesium stephensonii (D. L. Jones) J. M. H. Shaw,Genoplesium,stephensonii D.,,,,2025-09-07 07:09:07.945307,2025-09-07 07:09:07.94531
5176,Genoplesium superbum D. L. Jones,Genoplesium,superbum D.,,,,2025-09-07 07:09:07.984395,2025-09-07 07:09:07.984396
5177,Genoplesium systenum D. L. Jones,Genoplesium,systenum D.,,,,2025-09-07 07:09:08.023526,2025-09-07 07:09:08.023528
5178,Genoplesium tasmanicum D. L. Jones,Genoplesium,tasmanicum D.,,,,2025-09-07 07:09:08.062843,2025-09-07 07:09:08.062846
5179,Genoplesium tectum D. L. Jones,Genoplesium,tectum D.,,,,2025-09-07 07:09:08.102223,2025-09-07 07:09:08.102226
5180,Genoplesium tenellum (D. L. Jones & L. M. Copel.) J. M. H. Shaw,Genoplesium,tenellum D.,,,,2025-09-07 07:09:08.141705,2025-09-07 07:09:08.141708
5181,Genoplesium trifidum (Rupp) M. A. M. Renner,Genoplesium,trifidum Rupp,,,,2025-09-07 07:09:08.181864,2025-09-07 07:09:08.181867
5182,Genoplesium turfosum D. L. Jones,Genoplesium,turfosum D.,,,,2025-09-07 07:09:08.223908,2025-09-07 07:09:08.223912
5183,Genoplesium validum D. L. Jones,Genoplesium,validum D.,,,,2025-09-07 07:09:08.269836,2025-09-07 07:09:08.26984
5184,Genoplesium vernalis D. L. Jones,Genoplesium,vernalis D.,,,,2025-09-07 07:09:08.314839,2025-09-07 07:09:08.314843
5185,Genoplesium woollsii (F. Muell.) D. L. Jones & M. A. Clem.,Genoplesium,woollsii F.,,,,2025-09-07 07:09:08.354357,2025-09-07 07:09:08.35436
5186,Microtis R. Br.,Microtis,R. Br.,,,,2025-09-07 07:09:08.399042,2025-09-07 07:09:08.399045
5187,Microtis alba R. Br.,Microtis,alba R.,,,,2025-09-07 07:09:08.438687,2025-09-07 07:09:08.438691
5188,Microtis alboviridis R. J. Bates,Microtis,alboviridis R.,,,,2025-09-07 07:09:08.47961,2025-09-07 07:09:08.479613
5189,Microtis angusii D. L. Jones,Microtis,angusii D.,,,,2025-09-07 07:09:08.519374,2025-09-07 07:09:08.519378
5190,Microtis arenaria Lindl.,Microtis,arenaria Lindl.,,,,2025-09-07 07:09:08.558686,2025-09-07 07:09:08.558689
5191,Microtis atrata Lindl.,Microtis,atrata Lindl.,,,,2025-09-07 07:09:08.598514,2025-09-07 07:09:08.598517
5192,Microtis brownii Rchb.f.,Microtis,brownii Rchb.f.,,,,2025-09-07 07:09:08.64351,2025-09-07 07:09:08.643514
5193,Microtis cupularis (D. L. Jones & G. Brockman) A. P. Br.,Microtis,cupularis D.,,,,2025-09-07 07:09:08.683338,2025-09-07 07:09:08.683341
5194,Microtis eremaea R. J. Bates,Microtis,eremaea R.,,,,2025-09-07 07:09:08.723715,2025-09-07 07:09:08.723718
5195,Microtis eremicola (R. J. Bates) D. L. Jones & M. A. Clem.,Microtis,eremicola R.,,,,2025-09-07 07:09:08.763021,2025-09-07 07:09:08.763025
5196,Microtis familiaris R. J. Bates,Microtis,familiaris R.,,,,2025-09-07 07:09:08.805846,2025-09-07 07:09:08.805849
5197,Microtis globula R. J. Bates,Microtis,globula R.,,,,2025-09-07 07:09:08.850337,2025-09-07 07:09:08.85034
5198,Microtis gracilenta R. J. Bates,Microtis,gracilenta R.,,,,2025-09-07 07:09:08.890142,2025-09-07 07:09:08.890146
5199,Microtis gracilis (R. S. Rogers) M. A. Clem.,Microtis,gracilis R.,,,,2025-09-07 07:09:08.930895,2025-09-07 07:09:08.930898
5200,Microtis graniticola R. J. Bates,Microtis,graniticola R.,,,,2025-09-07 07:09:08.971451,2025-09-07 07:09:08.971454
5201,Microtis media ssp. media R. Br.,Microtis,media ssp.,,,,2025-09-07 07:09:09.01101,2025-09-07 07:09:09.011013
5202,Microtis media ssp. densiflora (Benth.) R. J. Bates,Microtis,media ssp.,,,,2025-09-07 07:09:09.050512,2025-09-07 07:09:09.050515
5203,Microtis oblonga R. S. Rogers,Microtis,oblonga R.,,,,2025-09-07 07:09:09.090208,2025-09-07 07:09:09.090211
5204,Microtis oligantha L. B. Moore,Microtis,oligantha L.,,,,2025-09-07 07:09:09.129679,2025-09-07 07:09:09.129683
5205,Microtis orbicularis R. S. Rogers,Microtis,orbicularis R.,,,,2025-09-07 07:09:09.171948,2025-09-07 07:09:09.171951
5206,Microtis parviflora R. Br.,Microtis,parviflora R.,,,,2025-09-07 07:09:09.21247,2025-09-07 07:09:09.212474
5207,Microtis pulchella R. Br.,Microtis,pulchella R.,,,,2025-09-07 07:09:09.258628,2025-09-07 07:09:09.258632
5208,Microtis quadrata (R. J. Bates) D. L. Jones & M. A. Clem.,Microtis,quadrata R.,,,,2025-09-07 07:09:09.30267,2025-09-07 07:09:09.302673
5209,Microtis rara R. Br.,Microtis,rara R.,,,,2025-09-07 07:09:09.342514,2025-09-07 07:09:09.342517
5210,Microtis unifolia (G. Forst.) Rchb.f.,Microtis,unifolia G.,,,,2025-09-07 07:09:09.381817,2025-09-07 07:09:09.38182
5211,Cryptostylis R. Br.,Cryptostylis,R. Br.,,,,2025-09-07 07:09:09.421392,2025-09-07 07:09:09.421395
5212,Cryptostylis acutata J. J. Sm.,Cryptostylis,acutata J.,,,,2025-09-07 07:09:09.460795,2025-09-07 07:09:09.460798
5213,Cryptostylis acutata J. J. Sm. var. borneensis J. J. Sm.,Cryptostylis,acutata J.,,,,2025-09-07 07:09:09.50048,2025-09-07 07:09:09.500484
5214,Cryptostylis apiculata J. J. Sm.,Cryptostylis,apiculata J.,,,,2025-09-07 07:09:09.540909,2025-09-07 07:09:09.540913
5215,Cryptostylis arachnites (Blume) Hassk.,Cryptostylis,arachnites Blume,,,,2025-09-07 07:09:09.580391,2025-09-07 07:09:09.580393
5216,Cryptostylis arfakensis J. J. Sm.,Cryptostylis,arfakensis J.,,,,2025-09-07 07:09:09.619513,2025-09-07 07:09:09.619516
5217,Cryptostylis carinata J. J. Sm.,Cryptostylis,carinata J.,,,,2025-09-07 07:09:09.658691,2025-09-07 07:09:09.658694
5218,Cryptostylis clemensii (Ames & C. Schweinf.) J. J. Sm.,Cryptostylis,clemensii Ames,,,,2025-09-07 07:09:09.698213,2025-09-07 07:09:09.698216
5219,Cryptostylis concava Schltr.,Cryptostylis,concava Schltr.,,,,2025-09-07 07:09:09.737833,2025-09-07 07:09:09.737836
5220,Cryptostylis conspicua J. J. Sm.,Cryptostylis,conspicua J.,,,,2025-09-07 07:09:09.777358,2025-09-07 07:09:09.77736
5221,Cryptostylis erecta R. Br.,Cryptostylis,erecta R.,,,,2025-09-07 07:09:09.816683,2025-09-07 07:09:09.816686
5222,Cryptostylis filiformis Blume,Cryptostylis,filiformis Blume,,,,2025-09-07 07:09:09.856627,2025-09-07 07:09:09.85663
5223,Cryptostylis gracilis (Blume) Schltr.,Cryptostylis,gracilis Blume,,,,2025-09-07 07:09:09.895819,2025-09-07 07:09:09.895821
5224,Cryptostylis hamadryas Schltr.,Cryptostylis,hamadryas Schltr.,,,,2025-09-07 07:09:09.934843,2025-09-07 07:09:09.934845
5225,Cryptostylis hunteriana Nicholls,Cryptostylis,hunteriana Nicholls,,,,2025-09-07 07:09:09.973825,2025-09-07 07:09:09.973827
5226,Cryptostylis javanica J. J. Sm.,Cryptostylis,javanica J.,,,,2025-09-07 07:09:10.012952,2025-09-07 07:09:10.012954
5227,Cryptostylis lancilabris Schltr.,Cryptostylis,lancilabris Schltr.,,,,2025-09-07 07:09:10.052248,2025-09-07 07:09:10.052251
5228,Cryptostylis leptochila F. Muell. ex Benth.,Cryptostylis,leptochila F.,,,,2025-09-07 07:09:10.091623,2025-09-07 07:09:10.091625
5229,Cryptostylis ligulata J. J. Sm.,Cryptostylis,ligulata J.,,,,2025-09-07 07:09:10.130365,2025-09-07 07:09:10.130367
5230,Cryptostylis maculata (J. J. Sm.) J. J. Sm.,Cryptostylis,maculata J.,,,,2025-09-07 07:09:10.16899,2025-09-07 07:09:10.168992
5231,Cryptostylis ovata R. Br.,Cryptostylis,ovata R.,,,,2025-09-07 07:09:10.207776,2025-09-07 07:09:10.207779
5232,Cryptostylis sigmoidea J. J. Sm.,Cryptostylis,sigmoidea J.,,,,2025-09-07 07:09:10.247567,2025-09-07 07:09:10.247571
5233,Cryptostylis sororia Schltr.,Cryptostylis,sororia Schltr.,,,,2025-09-07 07:09:10.286549,2025-09-07 07:09:10.286553
5234,Cryptostylis subulata (Labill.) Rchb.f.,Cryptostylis,subulata Labill.,,,,2025-09-07 07:09:10.326005,2025-09-07 07:09:10.326008
5235,Cryptostylis taiwaniana Masam.,Cryptostylis,taiwaniana Masam.,,,,2025-09-07 07:09:10.365333,2025-09-07 07:09:10.365336
5236,Coilochilus Schltr.,Coilochilus,Schltr.,,,,2025-09-07 07:09:10.40448,2025-09-07 07:09:10.404483
5237,Coilochilus neocaledonicus Schltr.,Coilochilus,neocaledonicus Schltr.,,,,2025-09-07 07:09:10.443453,2025-09-07 07:09:10.443455
5238,Chiloglottis R. Br.,Chiloglottis,R. Br.,,,,2025-09-07 07:09:10.482312,2025-09-07 07:09:10.482315
5239,Chiloglottis anaticeps D. L. Jones,Chiloglottis,anaticeps D.,,,,2025-09-07 07:09:10.521953,2025-09-07 07:09:10.521957
5240,Chiloglottis bifaria D. L. Jones,Chiloglottis,bifaria D.,,,,2025-09-07 07:09:10.562877,2025-09-07 07:09:10.56288
5241,Chiloglottis chlorantha D. L. Jones,Chiloglottis,chlorantha D.,,,,2025-09-07 07:09:10.601964,2025-09-07 07:09:10.601967
5242,Chiloglottis cornuta Hook.f.,Chiloglottis,cornuta Hook.f.,,,,2025-09-07 07:09:10.641327,2025-09-07 07:09:10.641329
5243,Chiloglottis curviclavia D. L. Jones,Chiloglottis,curviclavia D.,,,,2025-09-07 07:09:10.680417,2025-09-07 07:09:10.680419
5244,Chiloglottis diphylla R. Br.,Chiloglottis,diphylla R.,,,,2025-09-07 07:09:10.719296,2025-09-07 07:09:10.719309
5245,Chiloglottis formicifera Fitzg.,Chiloglottis,formicifera Fitzg.,,,,2025-09-07 07:09:10.758422,2025-09-07 07:09:10.758425
5246,Chiloglottis grammata G. W. Carr,Chiloglottis,grammata G.,,,,2025-09-07 07:09:10.797727,2025-09-07 07:09:10.797729
5247,Chiloglottis gunnii Lindl.,Chiloglottis,gunnii Lindl.,,,,2025-09-07 07:09:10.840391,2025-09-07 07:09:10.840394
5248,Chiloglottis jeanesii Jones,Chiloglottis,jeanesii Jones,,,,2025-09-07 07:09:10.879899,2025-09-07 07:09:10.879902
5249,Chiloglottis longiclavata D. L. Jones,Chiloglottis,longiclavata D.,,,,2025-09-07 07:09:10.919367,2025-09-07 07:09:10.91937
5250,Chiloglottis palachila D. L. Jones & M. A. Clem.,Chiloglottis,palachila D.,,,,2025-09-07 07:09:10.959205,2025-09-07 07:09:10.959208
5251,Chiloglottis peakallii D. L. Jones,Chiloglottis,peakallii D.,,,,2025-09-07 07:09:10.998733,2025-09-07 07:09:10.998735
5252,Chiloglottis platyptera D. L. Jones,Chiloglottis,platyptera D.,,,,2025-09-07 07:09:11.037736,2025-09-07 07:09:11.037739
5253,Chiloglottis pluricallata D. L. Jones,Chiloglottis,pluricallata D.,,,,2025-09-07 07:09:11.07675,2025-09-07 07:09:11.076753
5254,Chiloglottis reflexa (Labill.) Druce,Chiloglottis,reflexa Labill.,,,,2025-09-07 07:09:11.116167,2025-09-07 07:09:11.11617
5255,Chiloglottis seminuda D. L. Jones,Chiloglottis,seminuda D.,,,,2025-09-07 07:09:11.156608,2025-09-07 07:09:11.156609
5256,Chiloglottis sphaerula D. L. Jones,Chiloglottis,sphaerula D.,,,,2025-09-07 07:09:11.195738,2025-09-07 07:09:11.19574
5257,Chiloglottis sphyrnoides D. L. Jones,Chiloglottis,sphyrnoides D.,,,,2025-09-07 07:09:11.234698,2025-09-07 07:09:11.234699
5258,Chiloglottis sylvestris D. L. Jones & M. A. Clem.,Chiloglottis,sylvestris D.,,,,2025-09-07 07:09:11.275454,2025-09-07 07:09:11.275457
5259,Chiloglottis trapeziformis Fitzg.,Chiloglottis,trapeziformis Fitzg.,,,,2025-09-07 07:09:11.314776,2025-09-07 07:09:11.314779
5260,Chiloglottis triceratops D. L. Jones,Chiloglottis,triceratops D.,,,,2025-09-07 07:09:11.354037,2025-09-07 07:09:11.354039
5261,Chiloglottis trilabra Fitzg.,Chiloglottis,trilabra Fitzg.,,,,2025-09-07 07:09:11.393356,2025-09-07 07:09:11.39336
5262,Chiloglottis trullata D. L. Jones,Chiloglottis,trullata D.,,,,2025-09-07 07:09:11.432956,2025-09-07 07:09:11.432959
5263,Chiloglottis truncata D. L. Jones & M. A. Clem.,Chiloglottis,truncata D.,,,,2025-09-07 07:09:11.472108,2025-09-07 07:09:11.472111
5264,Chiloglottis turfosa D. L. Jones,Chiloglottis,turfosa D.,,,,2025-09-07 07:09:11.511056,2025-09-07 07:09:11.511057
5265,Chiloglottis valida D. L. Jones,Chiloglottis,valida D.,,,,2025-09-07 07:09:11.551019,2025-09-07 07:09:11.551023
5266,Chiloglottis x pescottiana R. S. Rogers,Chiloglottis,x pescottiana,,,,2025-09-07 07:09:11.590487,2025-09-07 07:09:11.59049
5267,Drakaea Lindl.,Drakaea,Lindl.,,,,2025-09-07 07:09:11.630245,2025-09-07 07:09:11.630249
5268,Drakaea andrewsiae Hopper & A. P. Br.,Drakaea,andrewsiae Hopper,,,,2025-09-07 07:09:11.669562,2025-09-07 07:09:11.669566
5269,Drakaea concolor Hopper & A. P. Br.,Drakaea,concolor Hopper,,,,2025-09-07 07:09:11.709614,2025-09-07 07:09:11.709617
5270,Drakaea confluens Hopper & A. P. Br.,Drakaea,confluens Hopper,,,,2025-09-07 07:09:11.748952,2025-09-07 07:09:11.748954
5271,Drakaea elastica Lindl.,Drakaea,elastica Lindl.,,,,2025-09-07 07:09:11.788179,2025-09-07 07:09:11.788182
5272,Drakaea glyptodon Fitzg.,Drakaea,glyptodon Fitzg.,,,,2025-09-07 07:09:11.827025,2025-09-07 07:09:11.827028
5273,Drakaea gracilis Hopper & A. P. Br.,Drakaea,gracilis Hopper,,,,2025-09-07 07:09:11.866591,2025-09-07 07:09:11.866594
5274,Drakaea isolata Hopper & A. P. Br.,Drakaea,isolata Hopper,,,,2025-09-07 07:09:11.905526,2025-09-07 07:09:11.905529
5275,Drakaea livida J. Drumm.,Drakaea,livida J.,,,,2025-09-07 07:09:11.944562,2025-09-07 07:09:11.944565
5276,Drakaea micrantha Hopper & A. P. Br.,Drakaea,micrantha Hopper,,,,2025-09-07 07:09:11.983964,2025-09-07 07:09:11.983967
5277,Drakaea thynniphila A. S. George,Drakaea,thynniphila A.,,,,2025-09-07 07:09:12.022896,2025-09-07 07:09:12.022899
5278,Spiculaea Lindl.,Spiculaea,Lindl.,,,,2025-09-07 07:09:12.062392,2025-09-07 07:09:12.062396
5279,Spiculaea ciliata Lindl.,Spiculaea,ciliata Lindl.,,,,2025-09-07 07:09:12.101595,2025-09-07 07:09:12.101598
5280,Arthrochilus F. Muell.,Arthrochilus,F. Muell.,,,,2025-09-07 07:09:12.140714,2025-09-07 07:09:12.140717
5281,Arthrochilus apectus D. L. Jones,Arthrochilus,apectus D.,,,,2025-09-07 07:09:12.180011,2025-09-07 07:09:12.180014
5282,Arthrochilus aquilus D. L. Jones,Arthrochilus,aquilus D.,,,,2025-09-07 07:09:12.218922,2025-09-07 07:09:12.218925
5283,Arthrochilus byrnesii Blaxell,Arthrochilus,byrnesii Blaxell,,,,2025-09-07 07:09:12.258025,2025-09-07 07:09:12.258027
5284,Arthrochilus corinnae D. L. Jones,Arthrochilus,corinnae D.,,,,2025-09-07 07:09:12.297272,2025-09-07 07:09:12.297275
5285,Arthrochilus dockrillii Lavarack,Arthrochilus,dockrillii Lavarack,,,,2025-09-07 07:09:12.336765,2025-09-07 07:09:12.336768
5286,Arthrochilus huntianus ssp. huntianus (F. Muell.) Blaxell,Arthrochilus,huntianus ssp.,,,,2025-09-07 07:09:12.375938,2025-09-07 07:09:12.375941
5287,Arthrochilus huntianus ssp. nothofagicola D. L. Jones,Arthrochilus,huntianus ssp.,,,,2025-09-07 07:09:12.415271,2025-09-07 07:09:12.415274
5288,Arthrochilus irritabilis F. Muell.,Arthrochilus,irritabilis F.,,,,2025-09-07 07:09:12.454498,2025-09-07 07:09:12.454502
5289,Arthrochilus laevicallus Ormerod,Arthrochilus,laevicallus Ormerod,,,,2025-09-07 07:09:12.494106,2025-09-07 07:09:12.494109
5290,Arthrochilus latipes D. L. Jones,Arthrochilus,latipes D.,,,,2025-09-07 07:09:12.532965,2025-09-07 07:09:12.532969
5291,Arthrochilus lavarackianus (D. L. Jones) Lavarack,Arthrochilus,lavarackianus D.,,,,2025-09-07 07:09:12.572378,2025-09-07 07:09:12.57238
5292,Arthrochilus longicollis D. L. Jones,Arthrochilus,longicollis D.,,,,2025-09-07 07:09:12.612003,2025-09-07 07:09:12.612006
5293,Arthrochilus oreophilus D. L. Jones,Arthrochilus,oreophilus D.,,,,2025-09-07 07:09:12.651265,2025-09-07 07:09:12.65127
5294,Arthrochilus prolixus D. L. Jones,Arthrochilus,prolixus D.,,,,2025-09-07 07:09:12.69126,2025-09-07 07:09:12.691263
5295,Arthrochilus rosulatus D. L. Jones,Arthrochilus,rosulatus D.,,,,2025-09-07 07:09:12.731986,2025-09-07 07:09:12.731989
5296,Arthrochilus sabulosus D. L. Jones,Arthrochilus,sabulosus D.,,,,2025-09-07 07:09:12.771545,2025-09-07 07:09:12.771549
5297,Arthrochilus stenophyllus D. L. Jones,Arthrochilus,stenophyllus D.,,,,2025-09-07 07:09:12.810578,2025-09-07 07:09:12.81058
5298,Arthrochilus subulatus D. L. Jones,Arthrochilus,subulatus D.,,,,2025-09-07 07:09:12.84991,2025-09-07 07:09:12.849913
5299,Paracaleana Blaxell,Paracaleana,Blaxell,,,,2025-09-07 07:09:12.889052,2025-09-07 07:09:12.889054
5300,Paracaleana alcockii Hopper & A. P. Br.,Paracaleana,alcockii Hopper,,,,2025-09-07 07:09:12.92813,2025-09-07 07:09:12.928133
5301,Paracaleana brockmanii Hopper & A. P. Br.,Paracaleana,brockmanii Hopper,,,,2025-09-07 07:09:12.967377,2025-09-07 07:09:12.967381
5302,Paracaleana disjuncta D. L. Jones,Paracaleana,disjuncta D.,,,,2025-09-07 07:09:13.00676,2025-09-07 07:09:13.006763
5303,Paracaleana dixonii Hopper & A. P. Br.,Paracaleana,dixonii Hopper,,,,2025-09-07 07:09:13.04752,2025-09-07 07:09:13.047523
5304,Paracaleana ferricola A. P. Br. & G. Brockman,Paracaleana,ferricola A.,,,,2025-09-07 07:09:13.087166,2025-09-07 07:09:13.087169
5305,Paracaleana gracilicordata Hopper & A. P. Br.,Paracaleana,gracilicordata Hopper,,,,2025-09-07 07:09:13.126388,2025-09-07 07:09:13.126391
5306,Paracaleana granitica Hopper & A. P. Br.,Paracaleana,granitica Hopper,,,,2025-09-07 07:09:13.165558,2025-09-07 07:09:13.16556
5307,Paracaleana hortiorum Hopper & A. P. Br.,Paracaleana,hortiorum Hopper,,,,2025-09-07 07:09:13.204744,2025-09-07 07:09:13.204747
5308,Paracaleana lyonsii Hopper & A. P. Br.,Paracaleana,lyonsii Hopper,,,,2025-09-07 07:09:13.244056,2025-09-07 07:09:13.244057
5309,Paracaleana minor (R. Br.) Blaxell,Paracaleana,minor R.,,,,2025-09-07 07:09:13.283255,2025-09-07 07:09:13.283257
5310,Paracaleana nigrita (Lindl.) Blaxell,Paracaleana,nigrita Lindl.,,,,2025-09-07 07:09:13.322794,2025-09-07 07:09:13.322798
5311,Paracaleana parvula Hopper & A. P. Br.,Paracaleana,parvula Hopper,,,,2025-09-07 07:09:13.362374,2025-09-07 07:09:13.362377
5312,Paracaleana terminalis Hopper & A. P. Br.,Paracaleana,terminalis Hopper,,,,2025-09-07 07:09:13.40325,2025-09-07 07:09:13.403253
5313,Paracaleana triens Hopper & A. P. Br.,Paracaleana,triens Hopper,,,,2025-09-07 07:09:13.442826,2025-09-07 07:09:13.442828
5314,Caleana R. Br.,Caleana,R. Br.,,,,2025-09-07 07:09:13.482117,2025-09-07 07:09:13.48212
5315,Caleana major R. Br.,Caleana,major R.,,,,2025-09-07 07:09:13.521624,2025-09-07 07:09:13.521627
5316,Rimacola Rupp,Rimacola,Rupp,,,,2025-09-07 07:09:13.560917,2025-09-07 07:09:13.56092
5317,Rimacola elliptica (R. Br.) Rupp,Rimacola,elliptica R.,,,,2025-09-07 07:09:13.601079,2025-09-07 07:09:13.601081
5318,Lyperanthus R. Br.,Lyperanthus,R. Br.,,,,2025-09-07 07:09:13.640466,2025-09-07 07:09:13.640469
5319,Lyperanthus serratus Lindl.,Lyperanthus,serratus Lindl.,,,,2025-09-07 07:09:13.68014,2025-09-07 07:09:13.680144
5320,Lyperanthus suaveolens R. Br.,Lyperanthus,suaveolens R.,,,,2025-09-07 07:09:13.71952,2025-09-07 07:09:13.719523
5321,Waireia D. L. Jones,Waireia,D. L.,,,,2025-09-07 07:09:13.759299,2025-09-07 07:09:13.759302
5322,Waireia stenopetala (Hook.f.) D. L. Jones,Waireia,stenopetala Hook.f.,,,,2025-09-07 07:09:13.798505,2025-09-07 07:09:13.798509
5323,Pyrorchis D. L. Jones & M. A. Clem.,Pyrorchis,D. L.,,,,2025-09-07 07:09:13.837359,2025-09-07 07:09:13.837361
5324,Pyrorchis forrestii (F. Muell.) D. L. Jones & M. A. Clem.,Pyrorchis,forrestii F.,,,,2025-09-07 07:09:13.87637,2025-09-07 07:09:13.876372
5325,Pyrorchis nigricans (R. Br.) D. L. Jones & M. A. Clem.,Pyrorchis,nigricans R.,,,,2025-09-07 07:09:13.916058,2025-09-07 07:09:13.916061
5326,Burnettia Lindl.,Burnettia,Lindl.,,,,2025-09-07 07:09:13.955248,2025-09-07 07:09:13.955251
5327,Burnettia cuneata Lindl.,Burnettia,cuneata Lindl.,,,,2025-09-07 07:09:13.994388,2025-09-07 07:09:13.994391
5328,Leporella A. S. George,Leporella,A. S.,,,,2025-09-07 07:09:14.033904,2025-09-07 07:09:14.033907
5329,Leporella fimbriata (Lindl.) A. S. George,Leporella,fimbriata Lindl.,,,,2025-09-07 07:09:14.073676,2025-09-07 07:09:14.073678
5330,Megastylis (Schltr.) Schltr.,Megastylis,Schltr. Schltr.,,,,2025-09-07 07:09:14.119237,2025-09-07 07:09:14.119239
5331,Megastylis gigas (Rchb.f.) Schltr.,Megastylis,gigas Rchb.f.,,,,2025-09-07 07:09:14.159002,2025-09-07 07:09:14.159006
5332,Megastylis latilabris (Schltr.) Schltr.,Megastylis,latilabris Schltr.,,,,2025-09-07 07:09:14.198329,2025-09-07 07:09:14.198332
5333,Megastylis latissimus (Schltr.) Schltr.,Megastylis,latissimus Schltr.,,,,2025-09-07 07:09:14.237967,2025-09-07 07:09:14.23797
5334,Megastylis montana (Schltr.) Schltr.,Megastylis,montana Schltr.,,,,2025-09-07 07:09:14.277319,2025-09-07 07:09:14.277321
5335,Megastylis paradoxa (Kraenzl.) N. Hallé,Megastylis,paradoxa Kraenzl.,,,,2025-09-07 07:09:14.316327,2025-09-07 07:09:14.316329
5336,Megastylis rara (Schltr.) Schltr.,Megastylis,rara Schltr.,,,,2025-09-07 07:09:14.355304,2025-09-07 07:09:14.355306
5337,Stigmatodactylus Maxim. ex Makino,Stigmatodactylus,Maxim. ex,,,,2025-09-07 07:09:14.394414,2025-09-07 07:09:14.394415
5338,Stigmatodactylus aegeridantennatus (N. Hallé) M. A. Clem. & D. L. Jones,Stigmatodactylus,aegeridantennatus N.,,,,2025-09-07 07:09:14.433931,2025-09-07 07:09:14.433934
5339,Stigmatodactylus aquamarinus A. S. Rob. & Gironella,Stigmatodactylus,aquamarinus A.,,,,2025-09-07 07:09:14.473253,2025-09-07 07:09:14.473255
5340,Stigmatodactylus bracteatus (Rendle) M. A. Clem. & D. L. Jones,Stigmatodactylus,bracteatus Rendle,,,,2025-09-07 07:09:14.512944,2025-09-07 07:09:14.512946
5341,Stigmatodactylus celebicus Schltr.,Stigmatodactylus,celebicus Schltr.,,,,2025-09-07 07:09:14.561511,2025-09-07 07:09:14.561514
5342,Stigmatodactylus confusus (Guillaumin) M. A. Clem. & D. L. Jones,Stigmatodactylus,confusus Guillaumin,,,,2025-09-07 07:09:14.611922,2025-09-07 07:09:14.611925
5343,Stigmatodactylus corniculatus (Rendle) M. A. Clem. & D. L. Jones,Stigmatodactylus,corniculatus Rendle,,,,2025-09-07 07:09:14.651055,2025-09-07 07:09:14.651057
5344,Stigmatodactylus croftianus (Kores) Kores,Stigmatodactylus,croftianus Kores,,,,2025-09-07 07:09:14.69041,2025-09-07 07:09:14.690413
5345,Stigmatodactylus cymbalariifolius (F. Muell. & Kraenzl.) M. A. Clem. & D. L. Jones,Stigmatodactylus,cymbalariifolius F.,,,,2025-09-07 07:09:14.729901,2025-09-07 07:09:14.729904
5346,Stigmatodactylus dalagangpalawanicum A. S. Rob.,Stigmatodactylus,dalagangpalawanicum A.,,,,2025-09-07 07:09:14.769308,2025-09-07 07:09:14.769311
5347,Stigmatodactylus elegans (Rchb.f.) M. A. Clem. & D. L. Jones,Stigmatodactylus,elegans Rchb.f.,,,,2025-09-07 07:09:14.809583,2025-09-07 07:09:14.809586
5348,Stigmatodactylus gibbsiae (Kores) Kores,Stigmatodactylus,gibbsiae Kores,,,,2025-09-07 07:09:14.848687,2025-09-07 07:09:14.84869
5349,Stigmatodactylus grandiflorus (Schltr.) M. A. Clem. & D. L. Jones,Stigmatodactylus,grandiflorus Schltr.,,,,2025-09-07 07:09:14.887964,2025-09-07 07:09:14.887967
5350,Stigmatodactylus halleanus (Kores) M. A. Clem. & D. L. Jones,Stigmatodactylus,halleanus Kores,,,,2025-09-07 07:09:14.927481,2025-09-07 07:09:14.927485
5351,Stigmatodactylus heptadactylus (Kraenzl.) M. A. Clem. & D. L. Jones,Stigmatodactylus,heptadactylus Kraenzl.,,,,2025-09-07 07:09:14.966884,2025-09-07 07:09:14.966888
5352,Stigmatodactylus javanicus Schltr. & J. J. Sm.,Stigmatodactylus,javanicus Schltr.,,,,2025-09-07 07:09:15.006608,2025-09-07 07:09:15.00661
5353,Stigmatodactylus lamrii (J. J. Wood & C. L. Chan) D. L. Jones & M. A. Clem.,Stigmatodactylus,lamrii J.,,,,2025-09-07 07:09:15.049196,2025-09-07 07:09:15.049199
5354,Stigmatodactylus macroglossus (Schltr.) M. A. Clem. & D. L. Jones,Stigmatodactylus,macroglossus Schltr.,,,,2025-09-07 07:09:15.088703,2025-09-07 07:09:15.088706
5355,Stigmatodactylus oxyglossus (Schltr.) M. A. Clem. & D. L. Jones,Stigmatodactylus,oxyglossus Schltr.,,,,2025-09-07 07:09:15.128145,2025-09-07 07:09:15.128149
5356,Stigmatodactylus paradoxus (Prain) Schltr.,Stigmatodactylus,paradoxus Prain,,,,2025-09-07 07:09:15.16751,2025-09-07 07:09:15.167512
5357,Stigmatodactylus richardianus P. T. Ong,Stigmatodactylus,richardianus P.,,,,2025-09-07 07:09:15.206995,2025-09-07 07:09:15.206998
5358,Stigmatodactylus serratus (Deori) A. N. Rao,Stigmatodactylus,serratus Deori,,,,2025-09-07 07:09:15.246661,2025-09-07 07:09:15.246665
5359,Stigmatodactylus sikokianus Maximova ex Makino,Stigmatodactylus,sikokianus Maximova,,,,2025-09-07 07:09:15.286255,2025-09-07 07:09:15.286258
5360,Stigmatodactylus tenuilabris (Schltr.) M. A. Clem. & D. L. Jones,Stigmatodactylus,tenuilabris Schltr.,,,,2025-09-07 07:09:15.325528,2025-09-07 07:09:15.325531
5361,Stigmatodactylus variegatus (Kores) Kores,Stigmatodactylus,variegatus Kores,,,,2025-09-07 07:09:15.364767,2025-09-07 07:09:15.364768
5362,Stigmatodactylus veillonis (N. Hallé) M. A. Clem. & D. L. Jones,Stigmatodactylus,veillonis N.,,,,2025-09-07 07:09:15.403811,2025-09-07 07:09:15.403813
5363,Stigmatodactylus vulcanicus (Schodde) F. Maek.,Stigmatodactylus,vulcanicus Schodde,,,,2025-09-07 07:09:15.443218,2025-09-07 07:09:15.443221
5364,Cyrtostylis R. Br.,Cyrtostylis,R. Br.,,,,2025-09-07 07:09:15.482594,2025-09-07 07:09:15.482597
5365,Cyrtostylis huegelii Endl.,Cyrtostylis,huegelii Endl.,,,,2025-09-07 07:09:15.521953,2025-09-07 07:09:15.521956
5366,Cyrtostylis oblonga Hook.f.,Cyrtostylis,oblonga Hook.f.,,,,2025-09-07 07:09:15.561156,2025-09-07 07:09:15.561159
5367,Cyrtostylis reniformis R. Br.,Cyrtostylis,reniformis R.,,,,2025-09-07 07:09:15.603314,2025-09-07 07:09:15.603317
5368,Cyrtostylis rotundifolia Hook.f.,Cyrtostylis,rotundifolia Hook.f.,,,,2025-09-07 07:09:15.642905,2025-09-07 07:09:15.642908
5369,Cyrtostylis tenuissima (Nicholls & Goadby) D. L. Jones & M. A. Clem.,Cyrtostylis,tenuissima Nicholls,,,,2025-09-07 07:09:15.682279,2025-09-07 07:09:15.682282
5370,Acianthus R. Br.,Acianthus,R. Br.,,,,2025-09-07 07:09:15.72173,2025-09-07 07:09:15.721733
5371,Acianthus amplexicaulis (F. M. Bailey) Rolfe,Acianthus,amplexicaulis F.,,,,2025-09-07 07:09:15.761222,2025-09-07 07:09:15.761225
5372,Acianthus caudatus R. Br.,Acianthus,caudatus R.,,,,2025-09-07 07:09:15.800579,2025-09-07 07:09:15.800582
5373,Acianthus cuneatus D. L. Jones & L. M. Copel.,Acianthus,cuneatus D.,,,,2025-09-07 07:09:15.842179,2025-09-07 07:09:15.842182
5374,Acianthus exsertus R. Br.,Acianthus,exsertus R.,,,,2025-09-07 07:09:15.881851,2025-09-07 07:09:15.881854
5375,Acianthus fornicatus R. Br.,Acianthus,fornicatus R.,,,,2025-09-07 07:09:15.923674,2025-09-07 07:09:15.923676
5376,Acianthus saxatilis D. L. Jones & M. A. Clem.,Acianthus,saxatilis D.,,,,2025-09-07 07:09:15.963029,2025-09-07 07:09:15.96303
5377,Acianthus scopulus D. L. Jones,Acianthus,scopulus D.,,,,2025-09-07 07:09:16.002227,2025-09-07 07:09:16.00223
5378,Acianthus sinclairii Hook.f.,Acianthus,sinclairii Hook.f.,,,,2025-09-07 07:09:16.041546,2025-09-07 07:09:16.041548
5379,Townsonia Cheeseman,Townsonia,Cheeseman,,,,2025-09-07 07:09:16.081038,2025-09-07 07:09:16.081041
5380,Townsonia atepala (Rchb.f.) M. A. Clem. & D. L. Jones,Townsonia,atepala Rchb.f.,,,,2025-09-07 07:09:16.120876,2025-09-07 07:09:16.120879
5381,Townsonia deflexa Cheeseman,Townsonia,deflexa Cheeseman,,,,2025-09-07 07:09:16.160471,2025-09-07 07:09:16.160474
5382,Townsonia viridis (Hook.f.) Schltr.,Townsonia,viridis Hook.f.,,,,2025-09-07 07:09:16.199985,2025-09-07 07:09:16.199987
5383,Corybas R. Br.,Corybas,R. Br.,,,,2025-09-07 07:09:16.239861,2025-09-07 07:09:16.239864
5384,Corybas abditus D. L. Jones,Corybas,abditus D.,,,,2025-09-07 07:09:16.279336,2025-09-07 07:09:16.279338
5385,Corybas abellianus Dockrill,Corybas,abellianus Dockrill,,,,2025-09-07 07:09:16.318714,2025-09-07 07:09:16.318718
5386,Corybas aconitifolius Salisb.,Corybas,aconitifolius Salisb.,,,,2025-09-07 07:09:16.35783,2025-09-07 07:09:16.357833
5387,Corybas acuminatus M. A. Clem. & Hatch,Corybas,acuminatus M.,,,,2025-09-07 07:09:16.396821,2025-09-07 07:09:16.396823
5388,Corybas acutus J. Dransf. & J. B. Comber,Corybas,acutus J.,,,,2025-09-07 07:09:16.435843,2025-09-07 07:09:16.435845
5389,Corybas aduncus (Schltr.) Schltr.,Corybas,aduncus Schltr.,,,,2025-09-07 07:09:16.474965,2025-09-07 07:09:16.474967
5390,Corybas albipurpureus P. Royen,Corybas,albipurpureus P.,,,,2025-09-07 07:09:16.514249,2025-09-07 07:09:16.514253
5391,Corybas amungwiwensis P. Royen,Corybas,amungwiwensis P.,,,,2025-09-07 07:09:16.556993,2025-09-07 07:09:16.556997
5392,Corybas annamensis Aver.,Corybas,annamensis Aver.,,,,2025-09-07 07:09:16.59673,2025-09-07 07:09:16.596733
5393,Corybas arachnoideus (Schltr.) Schltr.,Corybas,arachnoideus Schltr.,,,,2025-09-07 07:09:16.635928,2025-09-07 07:09:16.635931
5394,Corybas arcanus (D. L. Jones) R. Kr. Singh & Sanjeet Kumar,Corybas,arcanus D.,,,,2025-09-07 07:09:16.678517,2025-09-07 07:09:16.67852
5395,Corybas arfakensis (J. J. Sm.) Schltr.,Corybas,arfakensis J.,,,,2025-09-07 07:09:16.71959,2025-09-07 07:09:16.719594
5396,Corybas aristatus (Schltr.) Schltr.,Corybas,aristatus Schltr.,,,,2025-09-07 07:09:16.75895,2025-09-07 07:09:16.758952
5397,Corybas autumnalis A. P. Br. & D. Edmonds,Corybas,autumnalis A.,,,,2025-09-07 07:09:16.798148,2025-09-07 07:09:16.798151
5398,Corybas bancanus (J. J. Sm.) Schltr.,Corybas,bancanus J.,,,,2025-09-07 07:09:16.83765,2025-09-07 07:09:16.837653
5399,Corybas barbarae D. L. Jones,Corybas,barbarae D.,,,,2025-09-07 07:09:16.877422,2025-09-07 07:09:16.877425
5400,Corybas betchei (F. Muell.) Schltr.,Corybas,betchei F.,,,,2025-09-07 07:09:16.916727,2025-09-07 07:09:16.91673
5401,Corybas betsyae P. Royen,Corybas,betsyae P.,,,,2025-09-07 07:09:16.95585,2025-09-07 07:09:16.955853
5402,Corybas boholensis Tandang,Corybas,boholensis Tandang,,,,2025-09-07 07:09:16.995197,2025-09-07 07:09:16.995198
5403,Corybas boridiensis P. Royen,Corybas,boridiensis P.,,,,2025-09-07 07:09:17.034989,2025-09-07 07:09:17.034991
5404,Corybas bryophilus J. J. Sm.,Corybas,bryophilus J.,,,,2025-09-07 07:09:17.074904,2025-09-07 07:09:17.074908
5405,Corybas calcicola J. Dransf. & Gord. Sm.,Corybas,calcicola J.,,,,2025-09-07 07:09:17.113913,2025-09-07 07:09:17.113916
5406,Corybas calliferus (J. J. Sm.) Schltr.,Corybas,calliferus J.,,,,2025-09-07 07:09:17.15297,2025-09-07 07:09:17.152973
5407,Corybas calopeplos J. Dransf. & Gord. Sm.,Corybas,calopeplos J.,,,,2025-09-07 07:09:17.192498,2025-09-07 07:09:17.1925
5408,Corybas calophyllus (Schltr.) Schltr.,Corybas,calophyllus Schltr.,,,,2025-09-07 07:09:17.232212,2025-09-07 07:09:17.232216
5409,Corybas carinatus (J. J. Sm.) Schltr.,Corybas,carinatus J.,,,,2025-09-07 07:09:17.271706,2025-09-07 07:09:17.271709
5410,Corybas carinuliferus (Schltr.) P. Royen,Corybas,carinuliferus Schltr.,,,,2025-09-07 07:09:17.311291,2025-09-07 07:09:17.311294
5411,Corybas carsei (Cheeseman) Hatch,Corybas,carsei Cheeseman,,,,2025-09-07 07:09:17.351072,2025-09-07 07:09:17.351076
5412,Corybas caudatus Holttum,Corybas,caudatus Holttum,,,,2025-09-07 07:09:17.390736,2025-09-07 07:09:17.390738
5413,Corybas cerasinus D. L. Jones & B. Gray,Corybas,cerasinus D.,,,,2025-09-07 07:09:17.430176,2025-09-07 07:09:17.430179
5414,Corybas cheesemanii Hook.f. ex Kirk,Corybas,cheesemanii Hook.f.,,,,2025-09-07 07:09:17.469589,2025-09-07 07:09:17.469591
5415,Corybas circinatus Tandang & R. A. Bustam.,Corybas,circinatus Tandang,,,,2025-09-07 07:09:17.50892,2025-09-07 07:09:17.508922
5416,Corybas comptus J. Dransf. & Gord. Sm.,Corybas,comptus J.,,,,2025-09-07 07:09:17.548193,2025-09-07 07:09:17.548195
5417,Corybas confusus Lehnebach,Corybas,confusus Lehnebach,,,,2025-09-07 07:09:17.587557,2025-09-07 07:09:17.587559
5418,Corybas crenulatus J. J. Sm.,Corybas,crenulatus J.,,,,2025-09-07 07:09:17.626759,2025-09-07 07:09:17.626762
5419,Corybas cryptanthus Hatch,Corybas,cryptanthus Hatch,,,,2025-09-07 07:09:17.66581,2025-09-07 07:09:17.665812
5420,Corybas cyclopensis P. Royen,Corybas,cyclopensis P.,,,,2025-09-07 07:09:17.704845,2025-09-07 07:09:17.704849
5421,Corybas cymatilis P. Royen,Corybas,cymatilis P.,,,,2025-09-07 07:09:17.745046,2025-09-07 07:09:17.745048
5422,Corybas dentatus D. L. Jones,Corybas,dentatus D.,,,,2025-09-07 07:09:17.784833,2025-09-07 07:09:17.784837
5423,Corybas despectans D. L. Jones & R. C. Nash,Corybas,despectans D.,,,,2025-09-07 07:09:17.824624,2025-09-07 07:09:17.824626
5424,Corybas diemenicus (Lindl.) Rupp,Corybas,diemenicus Lindl.,,,,2025-09-07 07:09:17.864148,2025-09-07 07:09:17.864151
5425,Corybas dienemus D. L. Jones,Corybas,dienemus D.,,,,2025-09-07 07:09:17.90459,2025-09-07 07:09:17.904593
5426,Corybas diversifolius S. P. Lyon,Corybas,diversifolius S.,,,,2025-09-07 07:09:17.944231,2025-09-07 07:09:17.944234
5427,Corybas dowlingii D. L. Jones,Corybas,dowlingii D.,,,,2025-09-07 07:09:17.983961,2025-09-07 07:09:17.983964
5428,Corybas ecarinatus Anker & G. Seidenf.,Corybas,ecarinatus Anker,,,,2025-09-07 07:09:18.023368,2025-09-07 07:09:18.02337
5429,Corybas echinulus E. Faria,Corybas,echinulus E.,,,,2025-09-07 07:09:18.062893,2025-09-07 07:09:18.062896
5430,Corybas ekuamensis P. Royen,Corybas,ekuamensis P.,,,,2025-09-07 07:09:18.10378,2025-09-07 07:09:18.103783
5431,Corybas epiphyticus (J. J. Sm.) Schltr.,Corybas,epiphyticus J.,,,,2025-09-07 07:09:18.144013,2025-09-07 07:09:18.144016
5432,Corybas erythrocarpus J. J. Sm.,Corybas,erythrocarpus J.,,,,2025-09-07 07:09:18.183595,2025-09-07 07:09:18.183598
5433,Corybas expansus D. L. Jones,Corybas,expansus D.,,,,2025-09-07 07:09:18.223447,2025-09-07 07:09:18.223449
5434,Corybas fanjingshanensis Y. X. Xiong,Corybas,fanjingshanensis Y.,,,,2025-09-07 07:09:18.262626,2025-09-07 07:09:18.262629
5435,Corybas fenestratus P. Royen,Corybas,fenestratus P.,,,,2025-09-07 07:09:18.304639,2025-09-07 07:09:18.304642
5436,Corybas fimbriatus (R. Br.) Rchb.f.,Corybas,fimbriatus R.,,,,2025-09-07 07:09:18.344421,2025-09-07 07:09:18.344424
5437,Corybas finisterreanus S. P. Lyon,Corybas,finisterreanus S.,,,,2025-09-07 07:09:18.383705,2025-09-07 07:09:18.383708
5438,Corybas fordhamii (Rupp) Rupp,Corybas,fordhamii Rupp,,,,2025-09-07 07:09:18.423385,2025-09-07 07:09:18.423387
5439,Corybas fornicatus (Blume) Rchb.f.,Corybas,fornicatus Blume,,,,2025-09-07 07:09:18.463203,2025-09-07 07:09:18.463206
5440,Corybas gastrosiphon (Schltr.) Schltr.,Corybas,gastrosiphon Schltr.,,,,2025-09-07 07:09:18.502563,2025-09-07 07:09:18.502567
5441,Corybas geminigibbus J. J. Sm.,Corybas,geminigibbus J.,,,,2025-09-07 07:09:18.541884,2025-09-07 07:09:18.541887
5442,Corybas gemmatus P. J. Cribb & B. A. Lewis,Corybas,gemmatus P.,,,,2025-09-07 07:09:18.581206,2025-09-07 07:09:18.58121
5443,Corybas gibbifer (Schltr.) Schltr.,Corybas,gibbifer Schltr.,,,,2025-09-07 07:09:18.620809,2025-09-07 07:09:18.620812
5444,Corybas globulus (D. L. Jones & L. M. Copel.) L. M. Copel. & D. L. Jones,Corybas,globulus D.,,,,2025-09-07 07:09:18.661414,2025-09-07 07:09:18.661418
5445,Corybas hamiguitanensis Tandang,Corybas,hamiguitanensis Tandang,,,,2025-09-07 07:09:18.701071,2025-09-07 07:09:18.701075
5446,Corybas hatchii Lehnebach,Corybas,hatchii Lehnebach,,,,2025-09-07 07:09:18.740722,2025-09-07 07:09:18.740725
5447,Corybas heberlei (D. L. Jones) R. Kr. Singh & Sanjeet Kumar,Corybas,heberlei D.,,,,2025-09-07 07:09:18.781054,2025-09-07 07:09:18.781058
5448,Corybas helensis S. P. Lyon,Corybas,helensis S.,,,,2025-09-07 07:09:18.820697,2025-09-07 07:09:18.8207
5449,Corybas himalaicus (King & Pantl.) Pradhan,Corybas,himalaicus King,,,,2025-09-07 07:09:18.860005,2025-09-07 07:09:18.860009
5450,Corybas hispidus D. L. Jones,Corybas,hispidus D.,,,,2025-09-07 07:09:18.914736,2025-09-07 07:09:18.91474
5451,Corybas holttumii J. Dransf. & Gord. Sm.,Corybas,holttumii J.,,,,2025-09-07 07:09:18.956884,2025-09-07 07:09:18.956887
5452,Corybas huonensis S. P. Lyon,Corybas,huonensis S.,,,,2025-09-07 07:09:18.996319,2025-09-07 07:09:18.996322
5453,Corybas hypogaeus (Colenso) Lehnebach,Corybas,hypogaeus Colenso,,,,2025-09-07 07:09:19.036221,2025-09-07 07:09:19.036225
5454,Corybas imperatorius (J. J. Sm.) Schltr.,Corybas,imperatorius J.,,,,2025-09-07 07:09:19.076393,2025-09-07 07:09:19.076396
5455,Corybas incurvus D. L. Jones & M. A. Clem.,Corybas,incurvus D.,,,,2025-09-07 07:09:19.116063,2025-09-07 07:09:19.116066
5456,Corybas insulifloris P. Royen,Corybas,insulifloris P.,,,,2025-09-07 07:09:19.167495,2025-09-07 07:09:19.167499
5457,Corybas intutus (D. L. Jones) R. Kr. Singh & Sanjeet Kumar,Corybas,intutus D.,,,,2025-09-07 07:09:19.206947,2025-09-07 07:09:19.20695
5458,Corybas iridescens Molloy & Irwin,Corybas,iridescens Molloy,,,,2025-09-07 07:09:19.247174,2025-09-07 07:09:19.247176
5459,Corybas kaiganganianus Tandang,Corybas,kaiganganianus Tandang,,,,2025-09-07 07:09:19.289912,2025-09-07 07:09:19.289916
5460,Corybas karkarensis P. Royen,Corybas,karkarensis P.,,,,2025-09-07 07:09:19.329799,2025-09-07 07:09:19.329802
5461,Corybas karoensis J. B. Comber & J. Dransf.,Corybas,karoensis J.,,,,2025-09-07 07:09:19.369847,2025-09-07 07:09:19.36985
5462,Corybas kinabaluensis Carr,Corybas,kinabaluensis Carr,,,,2025-09-07 07:09:19.409736,2025-09-07 07:09:19.409739
5463,Corybas klossii (Ridl.) Schltr.,Corybas,klossii Ridl.,,,,2025-09-07 07:09:19.449134,2025-09-07 07:09:19.449137
5464,Corybas koresii P. Royen,Corybas,koresii P.,,,,2025-09-07 07:09:19.488693,2025-09-07 07:09:19.488696
5465,Corybas laceratus L. O. Williams,Corybas,laceratus L.,,,,2025-09-07 07:09:19.528008,2025-09-07 07:09:19.528011
5466,Corybas ledermannii (Schltr.) Schltr.,Corybas,ledermannii Schltr.,,,,2025-09-07 07:09:19.567464,2025-09-07 07:09:19.567467
5467,Corybas leucotyle (Schltr.) Schltr.,Corybas,leucotyle Schltr.,,,,2025-09-07 07:09:19.606608,2025-09-07 07:09:19.60661
5468,Corybas limpidus D. L. Jones,Corybas,limpidus D.,,,,2025-09-07 07:09:19.646434,2025-09-07 07:09:19.646436
5469,Corybas longipedunculatus P. Royen,Corybas,longipedunculatus P.,,,,2025-09-07 07:09:19.68563,2025-09-07 07:09:19.685633
5470,Corybas longipetalus (Ridl.) Schltr.,Corybas,longipetalus Ridl.,,,,2025-09-07 07:09:19.725574,2025-09-07 07:09:19.725577
5471,Corybas longitubus (D. L. Jones & L. M. Copel.) M. A. M. Renner,Corybas,longitubus D.,,,,2025-09-07 07:09:19.764755,2025-09-07 07:09:19.764757
5472,Corybas macranthus (Hook.f.) Rchb.f.,Corybas,macranthus Hook.f.,,,,2025-09-07 07:09:19.803937,2025-09-07 07:09:19.803941
5473,Corybas mammillifer P. Royen,Corybas,mammillifer P.,,,,2025-09-07 07:09:19.845526,2025-09-07 07:09:19.845529
5474,Corybas mankiensis P. Royen,Corybas,mankiensis P.,,,,2025-09-07 07:09:19.88521,2025-09-07 07:09:19.885213
5475,Corybas merrillii (Ames) Ames,Corybas,merrillii Ames,,,,2025-09-07 07:09:19.924258,2025-09-07 07:09:19.924261
5476,Corybas minimus (R. J. Bates) J. M. H. Shaw,Corybas,minimus R.,,,,2025-09-07 07:09:19.963242,2025-09-07 07:09:19.963245
5477,Corybas minutus (Drake) Schltr.,Corybas,minutus Drake,,,,2025-09-07 07:09:20.002406,2025-09-07 07:09:20.00241
5478,Corybas mirabilis (Schltr.) Schltr.,Corybas,mirabilis Schltr.,,,,2025-09-07 07:09:20.04234,2025-09-07 07:09:20.042343
5479,Corybas moluccanus (Schltr.) Schltr.,Corybas,moluccanus Schltr.,,,,2025-09-07 07:09:20.081733,2025-09-07 07:09:20.081736
5480,Corybas montanus D. L. Jones,Corybas,montanus D.,,,,2025-09-07 07:09:20.120798,2025-09-07 07:09:20.120801
5481,Corybas montis-stellaris P. Royen,Corybas,montis-stellaris P.,,,,2025-09-07 07:09:20.159618,2025-09-07 07:09:20.15962
5482,Corybas muluensis J. Dransf.,Corybas,muluensis J.,,,,2025-09-07 07:09:20.198216,2025-09-07 07:09:20.198217
5483,Corybas muscicola (Schltr.) Schltr.,Corybas,muscicola Schltr.,,,,2025-09-07 07:09:20.237018,2025-09-07 07:09:20.237021
5484,Corybas nanus P. Royen,Corybas,nanus P.,,,,2025-09-07 07:09:20.275979,2025-09-07 07:09:20.275982
5485,Corybas naviculisepalus P. Royen,Corybas,naviculisepalus P.,,,,2025-09-07 07:09:20.315617,2025-09-07 07:09:20.31562
5486,Corybas neocaledonicus (Schltr.) Schltr.,Corybas,neocaledonicus Schltr.,,,,2025-09-07 07:09:20.35475,2025-09-07 07:09:20.354752
5487,Corybas oblongus (Hook.f.) Rchb.f.,Corybas,oblongus Hook.f.,,,,2025-09-07 07:09:20.393985,2025-09-07 07:09:20.393989
5488,Corybas obscurus Lehnebach,Corybas,obscurus Lehnebach,,,,2025-09-07 07:09:20.43334,2025-09-07 07:09:20.433342
5489,Corybas orbiculatus (Colenso) L. B. Moore,Corybas,orbiculatus Colenso,,,,2025-09-07 07:09:20.472251,2025-09-07 07:09:20.472253
5490,Corybas paleariferus (J. J. Sm.) Schltr.,Corybas,paleariferus J.,,,,2025-09-07 07:09:20.51129,2025-09-07 07:09:20.511293
5491,Corybas papa Molloy & Irwin,Corybas,papa Molloy,,,,2025-09-07 07:09:20.55038,2025-09-07 07:09:20.550383
5492,Corybas papillatus Inuthai,Corybas,papillatus Inuthai,,,,2025-09-07 07:09:20.589681,2025-09-07 07:09:20.589683
5493,Corybas papillosus (Colenso) Lehnebach,Corybas,papillosus Colenso,,,,2025-09-07 07:09:20.628526,2025-09-07 07:09:20.628528
5494,Corybas pictus (Blume) Rchb.f.,Corybas,pictus Blume,,,,2025-09-07 07:09:20.667699,2025-09-07 07:09:20.667702
5495,Corybas pictus (Blume) Rchb.f. var. dorowatiensis J. J. Sm.,Corybas,pictus Blume,,,,2025-09-07 07:09:20.706541,2025-09-07 07:09:20.706543
5496,Corybas pictus (Blume) Rchb.f. var. karangensis J. J. Sm.,Corybas,pictus Blume,,,,2025-09-07 07:09:20.745746,2025-09-07 07:09:20.745749
5497,Corybas pignalii E. Faria,Corybas,pignalii E.,,,,2025-09-07 07:09:20.784774,2025-09-07 07:09:20.784777
5498,Corybas piliferus J. Dransf.,Corybas,piliferus J.,,,,2025-09-07 07:09:20.831482,2025-09-07 07:09:20.831485
5499,Corybas ponapensis (Hosok. & Fukuy.) Hosok. & Fukuy.,Corybas,ponapensis Hosok.,,,,2025-09-07 07:09:20.870502,2025-09-07 07:09:20.870505
5500,Corybas porphyrus P. Royen,Corybas,porphyrus P.,,,,2025-09-07 07:09:20.910402,2025-09-07 07:09:20.910405
5501,Corybas praetermissus J. Dransf. & J. B. Comber,Corybas,praetermissus J.,,,,2025-09-07 07:09:20.9498,2025-09-07 07:09:20.949802
5502,Corybas pruinosus (R. Cunn.) Rchb.f.,Corybas,pruinosus R.,,,,2025-09-07 07:09:20.988585,2025-09-07 07:09:20.988587
5503,Corybas puberulus (Schltr.) Schltr.,Corybas,puberulus Schltr.,,,,2025-09-07 07:09:21.027646,2025-09-07 07:09:21.027647
5504,Corybas puniceus T. P. Lin & W. M. Lin,Corybas,puniceus T.,,,,2025-09-07 07:09:21.06671,2025-09-07 07:09:21.066713
5505,Corybas purpureus J. Joseph & Yogan.,Corybas,purpureus J.,,,,2025-09-07 07:09:21.107362,2025-09-07 07:09:21.107364
5506,Corybas ramosianus J. Dransf.,Corybas,ramosianus J.,,,,2025-09-07 07:09:21.162188,2025-09-07 07:09:21.162191
5507,Corybas recurvus D. L. Jones,Corybas,recurvus D.,,,,2025-09-07 07:09:21.201414,2025-09-07 07:09:21.201416
5508,Corybas ridleyanus Schltr.,Corybas,ridleyanus Schltr.,,,,2025-09-07 07:09:21.240066,2025-09-07 07:09:21.240068
5509,Corybas rivularis (A. Cunn.) Rchb.f.,Corybas,rivularis A.,,,,2025-09-07 07:09:21.28027,2025-09-07 07:09:21.280273
5510,Corybas roseus (Janch.) Janch.,Corybas,roseus Janch.,,,,2025-09-07 07:09:21.319606,2025-09-07 07:09:21.319609
5511,Corybas rotundifolius (Hook.f.) Rchb.f.,Corybas,rotundifolius Hook.f.,,,,2025-09-07 07:09:21.358869,2025-09-07 07:09:21.358872
5512,Corybas royenii Kores,Corybas,royenii Kores,,,,2025-09-07 07:09:21.397864,2025-09-07 07:09:21.397867
5513,Corybas sagittatus S. P. Lyon,Corybas,sagittatus S.,,,,2025-09-07 07:09:21.437044,2025-09-07 07:09:21.437047
5514,Corybas sanctigeorgianus Lehnebach,Corybas,sanctigeorgianus Lehnebach,,,,2025-09-07 07:09:21.47648,2025-09-07 07:09:21.476485
5515,Corybas saprophyticus (Schltr.) Schltr.,Corybas,saprophyticus Schltr.,,,,2025-09-07 07:09:21.516442,2025-09-07 07:09:21.516445
5516,Corybas scutellifer J. B. Comber & J. Dransf.,Corybas,scutellifer J.,,,,2025-09-07 07:09:21.555486,2025-09-07 07:09:21.555489
5517,Corybas selangorensis J. Dransf. & Gord. Sm.,Corybas,selangorensis J.,,,,2025-09-07 07:09:21.594964,2025-09-07 07:09:21.594966
5518,Corybas serpentinus J. Dransf.,Corybas,serpentinus J.,,,,2025-09-07 07:09:21.634359,2025-09-07 07:09:21.634363
5519,Corybas sexalatus J. J. Sm.,Corybas,sexalatus J.,,,,2025-09-07 07:09:21.673467,2025-09-07 07:09:21.67347
5520,Corybas simbuensis P. Royen,Corybas,simbuensis P.,,,,2025-09-07 07:09:21.712385,2025-09-07 07:09:21.712388
5521,Corybas sinii Tang & F. T. Wang,Corybas,sinii Tang,,,,2025-09-07 07:09:21.751477,2025-09-07 07:09:21.75148
5522,Corybas smithianus (J. J. Sm.) Schltr.,Corybas,smithianus J.,,,,2025-09-07 07:09:21.790588,2025-09-07 07:09:21.790591
5523,Corybas solomonensis P. Royen,Corybas,solomonensis P.,,,,2025-09-07 07:09:21.829787,2025-09-07 07:09:21.829791
5524,Corybas speculum (Schltr.) Schltr.,Corybas,speculum Schltr.,,,,2025-09-07 07:09:21.868829,2025-09-07 07:09:21.868831
5525,Corybas stenotribonos J. B. Comber & J. Dransf.,Corybas,stenotribonos J.,,,,2025-09-07 07:09:21.908357,2025-09-07 07:09:21.908359
5526,Corybas striatus (Schltr.) Schltr.,Corybas,striatus Schltr.,,,,2025-09-07 07:09:21.947715,2025-09-07 07:09:21.947718
5527,Corybas subalpinus P. Royen,Corybas,subalpinus P.,,,,2025-09-07 07:09:21.988554,2025-09-07 07:09:21.988558
5528,Corybas sulcatus (M. A. Clem. & D. L. Jones) G. N. Backh.,Corybas,sulcatus M.,,,,2025-09-07 07:09:22.027984,2025-09-07 07:09:22.027987
5529,Corybas taiwanensis T. P. Lin & S. Y. Leu,Corybas,taiwanensis T.,,,,2025-09-07 07:09:22.068468,2025-09-07 07:09:22.06847
5530,Corybas taliensis Tang & F. T. Wang,Corybas,taliensis Tang,,,,2025-09-07 07:09:22.108411,2025-09-07 07:09:22.108414
5531,Corybas tectus (D. L. Jones) R. Kr. Singh & Sanjeet Kumar,Corybas,tectus D.,,,,2025-09-07 07:09:22.148198,2025-09-07 07:09:22.148201
5532,Corybas torricellensis (Schltr.) Schltr.,Corybas,torricellensis Schltr.,,,,2025-09-07 07:09:22.187479,2025-09-07 07:09:22.187482
5533,Corybas trilobus (Hook.f.) Rchb.f.,Corybas,trilobus Hook.f.,,,,2025-09-07 07:09:22.226697,2025-09-07 07:09:22.226701
5534,Corybas umbonatus (Schltr.) Schltr.,Corybas,umbonatus Schltr.,,,,2025-09-07 07:09:22.265888,2025-09-07 07:09:22.265892
5535,Corybas umbrosus J. Dransf. & J. B. Comber,Corybas,umbrosus J.,,,,2025-09-07 07:09:22.305174,2025-09-07 07:09:22.305177
5536,Corybas undulatus (R. Cunn.) Rupp,Corybas,undulatus R.,,,,2025-09-07 07:09:22.344695,2025-09-07 07:09:22.344698
5537,Corybas unguiculatus (R. Br.) Rchb.f.,Corybas,unguiculatus R.,,,,2025-09-07 07:09:22.384043,2025-09-07 07:09:22.384047
5538,Corybas ventricosus (J. J. Sm.) Schltr.,Corybas,ventricosus J.,,,,2025-09-07 07:09:22.423171,2025-09-07 07:09:22.423175
5539,Corybas vespertilionis P. Royen,Corybas,vespertilionis P.,,,,2025-09-07 07:09:22.462421,2025-09-07 07:09:22.462424
5540,Corybas villosus J. Dransf. & Gord. Sm.,Corybas,villosus J.,,,,2025-09-07 07:09:22.501857,2025-09-07 07:09:22.501883
5541,Corybas vinosus (J. J. Sm.) Schltr.,Corybas,vinosus J.,,,,2025-09-07 07:09:22.541132,2025-09-07 07:09:22.541135
5542,Corybas viridisepalus S. P. Lyon,Corybas,viridisepalus S.,,,,2025-09-07 07:09:22.580671,2025-09-07 07:09:22.580673
5543,Corybas vitreus Lehnebach,Corybas,vitreus Lehnebach,,,,2025-09-07 07:09:22.620037,2025-09-07 07:09:22.620041
5544,Corybas walliae Lehnebach,Corybas,walliae Lehnebach,,,,2025-09-07 07:09:22.65934,2025-09-07 07:09:22.659343
5545,Corybas x halleanus E. Faria,Corybas,x halleanus,,,,2025-09-07 07:09:22.698343,2025-09-07 07:09:22.698346
5546,Corybas x miscellus D. L. Jones,Corybas,x miscellus,,,,2025-09-07 07:09:22.737401,2025-09-07 07:09:22.737403
5547,Diuris Sm.,Diuris,Sm.,,,,2025-09-07 07:09:22.776523,2025-09-07 07:09:22.776526
5548,Diuris abbreviata F. Muell. ex Benth.,Diuris,abbreviata F.,,,,2025-09-07 07:09:22.815492,2025-09-07 07:09:22.815494
5549,Diuris aequalis F. Muell. ex Benth.,Diuris,aequalis F.,,,,2025-09-07 07:09:22.854748,2025-09-07 07:09:22.854751
5550,Diuris alba R. Br.,Diuris,alba R.,,,,2025-09-07 07:09:22.893974,2025-09-07 07:09:22.893976
5551,Diuris amabilis D. L. Jones,Diuris,amabilis D.,,,,2025-09-07 07:09:22.932921,2025-09-07 07:09:22.932923
5552,Diuris amplissima D. L. Jones,Diuris,amplissima D.,,,,2025-09-07 07:09:22.971889,2025-09-07 07:09:22.971891
5553,Diuris arenaria D. L. Jones,Diuris,arenaria D.,,,,2025-09-07 07:09:23.013933,2025-09-07 07:09:23.013936
5554,Diuris aurea Sm.,Diuris,aurea Sm.,,,,2025-09-07 07:09:23.053414,2025-09-07 07:09:23.053417
5555,Diuris basaltica D. L. Jones,Diuris,basaltica D.,,,,2025-09-07 07:09:23.092586,2025-09-07 07:09:23.092588
5556,Diuris behrii ssp. behrii Schltdl.,Diuris,behrii ssp.,,,,2025-09-07 07:09:23.131983,2025-09-07 07:09:23.131985
5557,Diuris behrii ssp. multilineata D. L. Jones & R. J. Bates,Diuris,behrii ssp.,,,,2025-09-07 07:09:23.172321,2025-09-07 07:09:23.172325
5558,Diuris bicolor D. L. Jones,Diuris,bicolor D.,,,,2025-09-07 07:09:23.211377,2025-09-07 07:09:23.211381
5559,Diuris blakneyae (F. M. Bailey) D. L. Jones,Diuris,blakneyae F.,,,,2025-09-07 07:09:23.251511,2025-09-07 07:09:23.251514
5560,Diuris brachyscapa D. L. Jones & C. J. French,Diuris,brachyscapa D.,,,,2025-09-07 07:09:23.290979,2025-09-07 07:09:23.290982
5561,Diuris bracteata Fitzg.,Diuris,bracteata Fitzg.,,,,2025-09-07 07:09:23.330408,2025-09-07 07:09:23.330411
5562,Diuris brevifolia R. S. Rogers,Diuris,brevifolia R.,,,,2025-09-07 07:09:23.369642,2025-09-07 07:09:23.369645
5563,Diuris brevis D. L. Jones & C. J. French,Diuris,brevis D.,,,,2025-09-07 07:09:23.408757,2025-09-07 07:09:23.408761
5564,Diuris brevissima Fitzg. ex Nicholls,Diuris,brevissima Fitzg.,,,,2025-09-07 07:09:23.448537,2025-09-07 07:09:23.44854
5565,Diuris brockmanii D. L. Jones & C. J. French,Diuris,brockmanii D.,,,,2025-09-07 07:09:23.487762,2025-09-07 07:09:23.487765
5566,Diuris brumalis D. L. Jones,Diuris,brumalis D.,,,,2025-09-07 07:09:23.526635,2025-09-07 07:09:23.526638
5567,Diuris byronensis D. L. Jones,Diuris,byronensis D.,,,,2025-09-07 07:09:23.565653,2025-09-07 07:09:23.565656
5568,Diuris calcicola R. J. Bates,Diuris,calcicola R.,,,,2025-09-07 07:09:23.605553,2025-09-07 07:09:23.605555
5569,Diuris callitrophila D. L. Jones,Diuris,callitrophila D.,,,,2025-09-07 07:09:23.64448,2025-09-07 07:09:23.644483
5570,Diuris carecta D. L. Jones & C. J. French,Diuris,carecta D.,,,,2025-09-07 07:09:23.683544,2025-09-07 07:09:23.683547
5571,Diuris carinata Lindl.,Diuris,carinata Lindl.,,,,2025-09-07 07:09:23.722375,2025-09-07 07:09:23.722377
5572,Diuris chrysantha D. L. Jones & M. A. Clem.,Diuris,chrysantha D.,,,,2025-09-07 07:09:23.761225,2025-09-07 07:09:23.761227
5573,Diuris chryseopsis D. L. Jones,Diuris,chryseopsis D.,,,,2025-09-07 07:09:23.800278,2025-09-07 07:09:23.80028
5574,Diuris concinna D. L. Jones,Diuris,concinna D.,,,,2025-09-07 07:09:23.838787,2025-09-07 07:09:23.838789
5575,Diuris conspicillata D. L. Jones,Diuris,conspicillata D.,,,,2025-09-07 07:09:23.877403,2025-09-07 07:09:23.877404
5576,Diuris corymbosa Lindl.,Diuris,corymbosa Lindl.,,,,2025-09-07 07:09:23.916684,2025-09-07 07:09:23.916687
5577,Diuris cruenta D. L. Jones & C. J. French,Diuris,cruenta D.,,,,2025-09-07 07:09:23.955674,2025-09-07 07:09:23.955677
5578,Diuris cuneata Fitzg.,Diuris,cuneata Fitzg.,,,,2025-09-07 07:09:23.994388,2025-09-07 07:09:23.994389
5579,Diuris curta D. L. Jones,Diuris,curta D.,,,,2025-09-07 07:09:24.033721,2025-09-07 07:09:24.033724
5580,Diuris decrementum D. L. Jones & C. J. French,Diuris,decrementum D.,,,,2025-09-07 07:09:24.074349,2025-09-07 07:09:24.074351
5581,Diuris diminuta D. L. Jones,Diuris,diminuta D.,,,,2025-09-07 07:09:24.113502,2025-09-07 07:09:24.113504
5582,Diuris disposita D. L. Jones,Diuris,disposita D.,,,,2025-09-07 07:09:24.152459,2025-09-07 07:09:24.152462
5583,Diuris drummondii Lindl.,Diuris,drummondii Lindl.,,,,2025-09-07 07:09:24.191539,2025-09-07 07:09:24.191541
5584,Diuris eborensis D. L. Jones,Diuris,eborensis D.,,,,2025-09-07 07:09:24.231934,2025-09-07 07:09:24.231937
5585,Diuris eburnea D. L. Jones,Diuris,eburnea D.,,,,2025-09-07 07:09:24.271911,2025-09-07 07:09:24.271914
5586,Diuris elegans D. L. Jones,Diuris,elegans D.,,,,2025-09-07 07:09:24.311684,2025-09-07 07:09:24.311686
5587,Diuris emarginata R. Br.,Diuris,emarginata R.,,,,2025-09-07 07:09:24.350549,2025-09-07 07:09:24.350551
5588,Diuris emarginata R. Br. var. pauciflora (R. Br.) A. S. George,Diuris,emarginata R.,,,,2025-09-07 07:09:24.389632,2025-09-07 07:09:24.389635
5589,Diuris ensiformis D. L. Jones,Diuris,ensiformis D.,,,,2025-09-07 07:09:24.428673,2025-09-07 07:09:24.428675
5590,Diuris exitela D. L. Jones,Diuris,exitela D.,,,,2025-09-07 07:09:24.467745,2025-09-07 07:09:24.467748
5591,Diuris filifolia Lindl.,Diuris,filifolia Lindl.,,,,2025-09-07 07:09:24.506985,2025-09-07 07:09:24.506988
5592,Diuris flavescens D. L. Jones,Diuris,flavescens D.,,,,2025-09-07 07:09:24.545936,2025-09-07 07:09:24.545938
5593,Diuris fragrantissima D. Jones & M. A. Clem.,Diuris,fragrantissima D.,,,,2025-09-07 07:09:24.584893,2025-09-07 07:09:24.584896
5594,Diuris fryana Ridl.,Diuris,fryana Ridl.,,,,2025-09-07 07:09:24.623777,2025-09-07 07:09:24.62378
5595,Diuris fucosa D. L. Jones,Diuris,fucosa D.,,,,2025-09-07 07:09:24.662609,2025-09-07 07:09:24.662612
5596,Diuris gregaria D. L. Jones,Diuris,gregaria D.,,,,2025-09-07 07:09:24.702051,2025-09-07 07:09:24.702054
5597,Diuris hazeliae D. L. Jones & C. J. French,Diuris,hazeliae D.,,,,2025-09-07 07:09:24.741366,2025-09-07 07:09:24.741369
5598,Diuris heberlei D. L. Jones,Diuris,heberlei D.,,,,2025-09-07 07:09:24.780454,2025-09-07 07:09:24.780457
5599,Diuris immaculata D. L. Jones,Diuris,immaculata D.,,,,2025-09-07 07:09:24.821048,2025-09-07 07:09:24.82105
5600,Diuris inopinus D. L. Jones,Diuris,inopinus D.,,,,2025-09-07 07:09:24.860177,2025-09-07 07:09:24.860179
5601,Diuris insignis D. L. Jones & C. J. French,Diuris,insignis D.,,,,2025-09-07 07:09:24.899281,2025-09-07 07:09:24.899282
5602,Diuris inundata D. L. Jones & R. J. Bates,Diuris,inundata D.,,,,2025-09-07 07:09:24.938458,2025-09-07 07:09:24.93846
5603,Diuris jonesii C. J. French & G. Brockman,Diuris,jonesii C.,,,,2025-09-07 07:09:24.977655,2025-09-07 07:09:24.977659
5604,Diuris lactea D. L. Jones,Diuris,lactea D.,,,,2025-09-07 07:09:25.017332,2025-09-07 07:09:25.017335
5605,Diuris laevis Fitzg.,Diuris,laevis Fitzg.,,,,2025-09-07 07:09:25.056861,2025-09-07 07:09:25.056863
5606,Diuris lanceolata Lindl.,Diuris,lanceolata Lindl.,,,,2025-09-07 07:09:25.096011,2025-09-07 07:09:25.096014
5607,Diuris laxiflora Lindl.,Diuris,laxiflora Lindl.,,,,2025-09-07 07:09:25.135512,2025-09-07 07:09:25.135516
5608,Diuris leopardina D. L. Jones & R. J. Bates,Diuris,leopardina D.,,,,2025-09-07 07:09:25.175304,2025-09-07 07:09:25.175307
5609,Diuris littoralis D. L. Jones & C. J. French,Diuris,littoralis D.,,,,2025-09-07 07:09:25.214484,2025-09-07 07:09:25.214487
5610,Diuris littorea D. L. Jones & L. M. Copel.,Diuris,littorea D.,,,,2025-09-07 07:09:25.254261,2025-09-07 07:09:25.254265
5611,Diuris longifolia R. Br.,Diuris,longifolia R.,,,,2025-09-07 07:09:25.294701,2025-09-07 07:09:25.294704
5612,Diuris luteola D. L. Jones & B. Gray,Diuris,luteola D.,,,,2025-09-07 07:09:25.334046,2025-09-07 07:09:25.33405
5613,Diuris maculata Sm.,Diuris,maculata Sm.,,,,2025-09-07 07:09:25.374731,2025-09-07 07:09:25.374733
5614,Diuris magnifica D. L. Jones,Diuris,magnifica D.,,,,2025-09-07 07:09:25.413803,2025-09-07 07:09:25.413805
5615,Diuris meridionalis D. L. Jones,Diuris,meridionalis D.,,,,2025-09-07 07:09:25.452955,2025-09-07 07:09:25.452957
5616,Diuris micrantha D. L. Jones,Diuris,micrantha D.,,,,2025-09-07 07:09:25.491746,2025-09-07 07:09:25.491748
5617,Diuris monaroensis D. L. Jones,Diuris,monaroensis D.,,,,2025-09-07 07:09:25.531076,2025-09-07 07:09:25.531078
5618,Diuris monticola D. L. Jones,Diuris,monticola D.,,,,2025-09-07 07:09:25.571023,2025-09-07 07:09:25.571025
5619,Diuris nigromontana D. L. Jones,Diuris,nigromontana D.,,,,2025-09-07 07:09:25.60997,2025-09-07 07:09:25.609973
5620,Diuris ochroma D. L. Jones,Diuris,ochroma D.,,,,2025-09-07 07:09:25.64935,2025-09-07 07:09:25.649353
5621,Diuris oporina D. L. Jones,Diuris,oporina D.,,,,2025-09-07 07:09:25.688718,2025-09-07 07:09:25.688721
5622,Diuris oraria D. L. Jones & C. J. French,Diuris,oraria D.,,,,2025-09-07 07:09:25.736597,2025-09-07 07:09:25.736601
5623,Diuris orientis D. L. Jones,Diuris,orientis D.,,,,2025-09-07 07:09:25.775612,2025-09-07 07:09:25.775616
5624,Diuris ostrina D. L. Jones & C. J. French,Diuris,ostrina D.,,,,2025-09-07 07:09:25.814627,2025-09-07 07:09:25.81463
5625,Diuris pallescens D. L. Jones & C. J. French,Diuris,pallescens D.,,,,2025-09-07 07:09:25.853483,2025-09-07 07:09:25.853485
5626,Diuris palustris Lindl.,Diuris,palustris Lindl.,,,,2025-09-07 07:09:25.892478,2025-09-07 07:09:25.89248
5627,Diuris pardina Lindl.,Diuris,pardina Lindl.,,,,2025-09-07 07:09:25.931619,2025-09-07 07:09:25.931621
5628,Diuris parvipetala (Dockrill) D. Jones & M. A. Clem.,Diuris,parvipetala Dockrill,,,,2025-09-07 07:09:25.970314,2025-09-07 07:09:25.970315
5629,Diuris pedunculata R. Br.,Diuris,pedunculata R.,,,,2025-09-07 07:09:26.00895,2025-09-07 07:09:26.008953
5630,Diuris perialla D. L. Jones & C. J. French,Diuris,perialla D.,,,,2025-09-07 07:09:26.048052,2025-09-07 07:09:26.048055
5631,Diuris picta J. Drumm.,Diuris,picta J.,,,,2025-09-07 07:09:26.087465,2025-09-07 07:09:26.087467
5632,Diuris pictilis D. L. Jones,Diuris,pictilis D.,,,,2025-09-07 07:09:26.127808,2025-09-07 07:09:26.12781
5633,Diuris platichila Fitzg.,Diuris,platichila Fitzg.,,,,2025-09-07 07:09:26.166895,2025-09-07 07:09:26.166898
5634,Diuris porphyrochila D. L. Jones & C. J. French,Diuris,porphyrochila D.,,,,2025-09-07 07:09:26.207308,2025-09-07 07:09:26.207311
5635,Diuris porrifolia Lindl.,Diuris,porrifolia Lindl.,,,,2025-09-07 07:09:26.25046,2025-09-07 07:09:26.250464
5636,Diuris praecox D. L. Jones,Diuris,praecox D.,,,,2025-09-07 07:09:26.296427,2025-09-07 07:09:26.29643
5637,Diuris praelta D. L. Jones & L. M. Copel.,Diuris,praelta D.,,,,2025-09-07 07:09:26.337612,2025-09-07 07:09:26.337615
5638,Diuris protena D. L. Jones,Diuris,protena D.,,,,2025-09-07 07:09:26.376671,2025-09-07 07:09:26.376673
5639,Diuris pulchella D. L. Jones,Diuris,pulchella D.,,,,2025-09-07 07:09:26.416149,2025-09-07 07:09:26.416152
5640,Diuris punctata Sm.,Diuris,punctata Sm.,,,,2025-09-07 07:09:26.455181,2025-09-07 07:09:26.455184
5641,Diuris purdiei Diels,Diuris,purdiei Diels,,,,2025-09-07 07:09:26.497342,2025-09-07 07:09:26.497345
5642,Diuris recurva D. L. Jones,Diuris,recurva D.,,,,2025-09-07 07:09:26.537588,2025-09-07 07:09:26.537591
5643,Diuris refracta D. L. Jones & C. J. French,Diuris,refracta D.,,,,2025-09-07 07:09:26.576716,2025-09-07 07:09:26.576718
5644,Diuris secundiflora Fitzg.,Diuris,secundiflora Fitzg.,,,,2025-09-07 07:09:26.616004,2025-09-07 07:09:26.616007
5645,Diuris segregata D. L. Jones & C. J. French,Diuris,segregata D.,,,,2025-09-07 07:09:26.655046,2025-09-07 07:09:26.655048
5646,Diuris semilunulata Messmer,Diuris,semilunulata Messmer,,,,2025-09-07 07:09:26.694385,2025-09-07 07:09:26.694389
5647,Diuris septentrionalis D. L. Jones & C. J. French,Diuris,septentrionalis D.,,,,2025-09-07 07:09:26.734664,2025-09-07 07:09:26.734671
5648,Diuris setacea R. Br.,Diuris,setacea R.,,,,2025-09-07 07:09:26.7735,2025-09-07 07:09:26.773502
5649,Diuris striata Rupp,Diuris,striata Rupp,,,,2025-09-07 07:09:26.812752,2025-09-07 07:09:26.812754
5650,Diuris subalpina D. L. Jones,Diuris,subalpina D.,,,,2025-09-07 07:09:26.851752,2025-09-07 07:09:26.851755
5651,Diuris suffusa D. L. Jones & C. J. French,Diuris,suffusa D.,,,,2025-09-07 07:09:26.890564,2025-09-07 07:09:26.890566
5652,Diuris sulphurea R. Br.,Diuris,sulphurea R.,,,,2025-09-07 07:09:26.929612,2025-09-07 07:09:26.929613
5653,Diuris systena D. L. Jones & L. M. Copel.,Diuris,systena D.,,,,2025-09-07 07:09:26.968372,2025-09-07 07:09:26.968374
5654,Diuris tinctoria D. L. Jones & C. J. French,Diuris,tinctoria D.,,,,2025-09-07 07:09:27.007309,2025-09-07 07:09:27.007311
5655,Diuris tinkeri D. L. Jones & C. J. French,Diuris,tinkeri D.,,,,2025-09-07 07:09:27.04656,2025-09-07 07:09:27.046562
5656,Diuris tricolor Fitzg.,Diuris,tricolor Fitzg.,,,,2025-09-07 07:09:27.08562,2025-09-07 07:09:27.085624
5657,Diuris unica D. L. Jones,Diuris,unica D.,,,,2025-09-07 07:09:27.126684,2025-09-07 07:09:27.126687
5658,Diuris venosa Rupp,Diuris,venosa Rupp,,,,2025-09-07 07:09:27.165537,2025-09-07 07:09:27.165538
5659,Diuris vinnula D. L. Jones & L. M. Copel.,Diuris,vinnula D.,,,,2025-09-07 07:09:27.204361,2025-09-07 07:09:27.204364
5660,Diuris x fastidiosa R. S. Rogers ex Pescott,Diuris,x fastidiosa,,,,2025-09-07 07:09:27.243433,2025-09-07 07:09:27.24344
5661,Diuris x nebulosa D. L. Jones,Diuris,x nebulosa,,,,2025-09-07 07:09:27.282895,2025-09-07 07:09:27.282898
5662,Diuris x palachila R. S. Rogers,Diuris,x palachila,,,,2025-09-07 07:09:27.322233,2025-09-07 07:09:27.322236
5663,Diuris x polymorpha Messmer,Diuris,x polymorpha,,,,2025-09-07 07:09:27.361407,2025-09-07 07:09:27.36141
5664,Diuris x sulfurella D. L. Jones,Diuris,x sulfurella,,,,2025-09-07 07:09:27.400351,2025-09-07 07:09:27.400353
5665,Orthoceras R. Br.,Orthoceras,R. Br.,,,,2025-09-07 07:09:27.439447,2025-09-07 07:09:27.43945
5666,Orthoceras novae-zeelandiae (A. Rich.) M. A. Clem.,Orthoceras,novae-zeelandiae A.,,,,2025-09-07 07:09:27.479572,2025-09-07 07:09:27.479575
5667,Orthoceras strictum R. Br.,Orthoceras,strictum R.,,,,2025-09-07 07:09:27.518671,2025-09-07 07:09:27.518674
5668,Aporostylis Rupp & Hatch,Aporostylis,Rupp &,,,,2025-09-07 07:09:27.557684,2025-09-07 07:09:27.557687
5669,Aporostylis bifolia (Hook.f.) Rupp & Hatch,Aporostylis,bifolia Hook.f.,,,,2025-09-07 07:09:27.59665,2025-09-07 07:09:27.596653
5670,Adenochilus Hook.f.,Adenochilus,Hook.f.,,,,2025-09-07 07:09:27.635961,2025-09-07 07:09:27.635965
5671,Adenochilus gracilis Hook.f.,Adenochilus,gracilis Hook.f.,,,,2025-09-07 07:09:27.674791,2025-09-07 07:09:27.674794
5672,Adenochilus nortonii Fitzg.,Adenochilus,nortonii Fitzg.,,,,2025-09-07 07:09:27.713503,2025-09-07 07:09:27.713505
5673,Eriochilus R. Br.,Eriochilus,R. Br.,,,,2025-09-07 07:09:27.752605,2025-09-07 07:09:27.752609
5674,Eriochilus ciliatus D. L. Jones,Eriochilus,ciliatus D.,,,,2025-09-07 07:09:27.792124,2025-09-07 07:09:27.792127
5675,Eriochilus collinus ssp. collinus D. L. Jones & R. J. Bates,Eriochilus,collinus ssp.,,,,2025-09-07 07:09:27.830835,2025-09-07 07:09:27.830837
5676,Eriochilus collinus ssp. sericeus R. J. Bates,Eriochilus,collinus ssp.,,,,2025-09-07 07:09:27.870287,2025-09-07 07:09:27.870291
5677,Eriochilus cordatus D. L. Jones,Eriochilus,cordatus D.,,,,2025-09-07 07:09:27.909399,2025-09-07 07:09:27.909402
5678,Eriochilus cucullatus (Labill.) Rchb.f.,Eriochilus,cucullatus Labill.,,,,2025-09-07 07:09:27.947899,2025-09-07 07:09:27.9479
5679,Eriochilus dilatatus ssp. dilatatus Lindl.,Eriochilus,dilatatus ssp.,,,,2025-09-07 07:09:27.986496,2025-09-07 07:09:27.986498
5680,Eriochilus dilatatus ssp. brevifolius (Benth.) Hopper & A. P. Br.,Eriochilus,dilatatus ssp.,,,,2025-09-07 07:09:28.025433,2025-09-07 07:09:28.025434
5681,Eriochilus dilatatus ssp. magnus Hopper & A. P. Br.,Eriochilus,dilatatus ssp.,,,,2025-09-07 07:09:28.064556,2025-09-07 07:09:28.064558
5682,Eriochilus dilatatus ssp. multiflorus (Lindl.) Hopper & A. P. Br.,Eriochilus,dilatatus ssp.,,,,2025-09-07 07:09:28.103648,2025-09-07 07:09:28.103652
5683,Eriochilus dilatatus ssp. orientalis Hopper & A. P. Br.,Eriochilus,dilatatus ssp.,,,,2025-09-07 07:09:28.146033,2025-09-07 07:09:28.146036
5684,Eriochilus dilatatus ssp. undulatus Hopper & A. P. Br.,Eriochilus,dilatatus ssp.,,,,2025-09-07 07:09:28.185396,2025-09-07 07:09:28.185399
5685,Eriochilus glareosus G. Brockman & C. J. French,Eriochilus,glareosus G.,,,,2025-09-07 07:09:28.224687,2025-09-07 07:09:28.224689
5686,Eriochilus helonomos Hopper & A. P. Br.,Eriochilus,helonomos Hopper,,,,2025-09-07 07:09:28.263694,2025-09-07 07:09:28.263697
5687,Eriochilus magenteus D. L. Jones,Eriochilus,magenteus D.,,,,2025-09-07 07:09:28.308102,2025-09-07 07:09:28.308107
5688,Eriochilus paludosus D. L. Jones & R. J. Bates,Eriochilus,paludosus D.,,,,2025-09-07 07:09:28.34742,2025-09-07 07:09:28.347423
5689,Eriochilus petricola D. L. Jones & M. A. Clem.,Eriochilus,petricola D.,,,,2025-09-07 07:09:28.386842,2025-09-07 07:09:28.386845
5690,Eriochilus pulchellus Hopper & A. P. Br.,Eriochilus,pulchellus Hopper,,,,2025-09-07 07:09:28.439782,2025-09-07 07:09:28.439785
5691,Eriochilus scaber ssp. scaber Lindl.,Eriochilus,scaber ssp.,,,,2025-09-07 07:09:28.479502,2025-09-07 07:09:28.479505
5692,Eriochilus scaber ssp. orbifolia Hopper & A. P. Br.,Eriochilus,scaber ssp.,,,,2025-09-07 07:09:28.523982,2025-09-07 07:09:28.523985
5693,Eriochilus tenuis Lindl.,Eriochilus,tenuis Lindl.,,,,2025-09-07 07:09:28.5632,2025-09-07 07:09:28.563203
5694,Eriochilus valens Hopper & A. P. Br.,Eriochilus,valens Hopper,,,,2025-09-07 07:09:28.602037,2025-09-07 07:09:28.60204
5695,Leptoceras (R. Br.) Lindl.,Leptoceras,R. Br.,,,,2025-09-07 07:09:28.641167,2025-09-07 07:09:28.64117
5696,Leptoceras menziesii Lindl.,Leptoceras,menziesii Lindl.,,,,2025-09-07 07:09:28.680173,2025-09-07 07:09:28.680176
5697,Praecoxanthus Hopper & A. P. Br.,Praecoxanthus,Hopper &,,,,2025-09-07 07:09:28.726821,2025-09-07 07:09:28.726823
5698,Praecoxanthus aphyllus (Benth.) Hopper & A. P. Br.,Praecoxanthus,aphyllus Benth.,,,,2025-09-07 07:09:28.765814,2025-09-07 07:09:28.765818
5699,Elythranthera (Lindl.) A. S. George,Elythranthera,Lindl. A.,,,,2025-09-07 07:09:28.805105,2025-09-07 07:09:28.805108
5700,Elythranthera brunonis (Lindl.) A. S. George,Elythranthera,brunonis Lindl.,,,,2025-09-07 07:09:28.844499,2025-09-07 07:09:28.844502
5701,Elythranthera emarginata (Lindl.) A. S. George,Elythranthera,emarginata Lindl.,,,,2025-09-07 07:09:28.885677,2025-09-07 07:09:28.885681
5702,Elythranthera x intermedia (Fitzg.) M. A. Clem.,Elythranthera,x intermedia,,,,2025-09-07 07:09:28.925691,2025-09-07 07:09:28.925694
5703,Pheladenia D. L. Jones & M. A. Clem.,Pheladenia,D. L.,,,,2025-09-07 07:09:28.965053,2025-09-07 07:09:28.965056
5704,Pheladenia deformis (R. Br.) D. L. Jones & M. A. Clem.,Pheladenia,deformis R.,,,,2025-09-07 07:09:29.008241,2025-09-07 07:09:29.008244
5705,Caladenia R. Br.,Caladenia,R. Br.,,,,2025-09-07 07:09:29.048831,2025-09-07 07:09:29.048834
5706,Caladenia abbreviata Hopper & A. P. Br.,Caladenia,abbreviata Hopper,,,,2025-09-07 07:09:29.087936,2025-09-07 07:09:29.087939
5707,Caladenia actensis D. L. Jones & M. A. Clem.,Caladenia,actensis D.,,,,2025-09-07 07:09:29.127575,2025-09-07 07:09:29.127578
5708,Caladenia aestiva D. L. Jones,Caladenia,aestiva D.,,,,2025-09-07 07:09:29.166409,2025-09-07 07:09:29.166412
5709,Caladenia alata R. Br.,Caladenia,alata R.,,,,2025-09-07 07:09:29.208139,2025-09-07 07:09:29.208143
5710,Caladenia alpina R. S. Rogers,Caladenia,alpina R.,,,,2025-09-07 07:09:29.247476,2025-09-07 07:09:29.247479
5711,Caladenia ambusta A. P. Br. & G. Brockman,Caladenia,ambusta A.,,,,2025-09-07 07:09:29.286413,2025-09-07 07:09:29.286416
5712,Caladenia amnicola D. L. Jones,Caladenia,amnicola D.,,,,2025-09-07 07:09:29.325629,2025-09-07 07:09:29.325633
5713,Caladenia amoena D. L. Jones,Caladenia,amoena D.,,,,2025-09-07 07:09:29.37891,2025-09-07 07:09:29.378926
5714,Caladenia ampla (D. L. Jones) G. N. Backh.,Caladenia,ampla D.,,,,2025-09-07 07:09:29.418255,2025-09-07 07:09:29.418259
5715,Caladenia amplexans A. S. George,Caladenia,amplexans A.,,,,2025-09-07 07:09:29.457627,2025-09-07 07:09:29.457631
5716,Caladenia ancylosa (D. L. Jones) G. N. Backh.,Caladenia,ancylosa D.,,,,2025-09-07 07:09:29.496798,2025-09-07 07:09:29.496801
5717,Caladenia angustata Lindl.,Caladenia,angustata Lindl.,,,,2025-09-07 07:09:29.535941,2025-09-07 07:09:29.535945
5718,Caladenia anthracina D. L. Jones,Caladenia,anthracina D.,,,,2025-09-07 07:09:29.578167,2025-09-07 07:09:29.57817
5719,Caladenia aperta (Hopper & A. P. Br.) M. A. Clem.,Caladenia,aperta Hopper,,,,2025-09-07 07:09:29.617943,2025-09-07 07:09:29.617946
5720,Caladenia applanata ssp. applanata Hopper & A. P. Br.,Caladenia,applanata ssp.,,,,2025-09-07 07:09:29.657382,2025-09-07 07:09:29.657384
5721,Caladenia applanata ssp. erubescens Hopper & A. P. Br.,Caladenia,applanata ssp.,,,,2025-09-07 07:09:29.696348,2025-09-07 07:09:29.696351
5722,Caladenia arenaria Fitzg.,Caladenia,arenaria Fitzg.,,,,2025-09-07 07:09:29.735872,2025-09-07 07:09:29.735876
5723,Caladenia arenicola Hopper & A. P. Br.,Caladenia,arenicola Hopper,,,,2025-09-07 07:09:29.775741,2025-09-07 07:09:29.775744
5724,Caladenia argocalla D. L. Jones,Caladenia,argocalla D.,,,,2025-09-07 07:09:29.815154,2025-09-07 07:09:29.815157
5725,Caladenia armata (D. L. Jones) G. N. Backh.,Caladenia,armata D.,,,,2025-09-07 07:09:29.854827,2025-09-07 07:09:29.85483
5726,Caladenia arrecta Hopper & A. P. Br.,Caladenia,arrecta Hopper,,,,2025-09-07 07:09:29.893818,2025-09-07 07:09:29.893821
5727,Caladenia ashbyae (Hopper & A. P. Br.) M. A. Clem.,Caladenia,ashbyae Hopper,,,,2025-09-07 07:09:29.933042,2025-09-07 07:09:29.933046
5728,Caladenia atradenia D. L. Jones,Caladenia,atradenia D.,,,,2025-09-07 07:09:29.972337,2025-09-07 07:09:29.972341
5729,Caladenia atrata D. L. Jones,Caladenia,atrata D.,,,,2025-09-07 07:09:30.011585,2025-09-07 07:09:30.011587
5730,Caladenia atrochila D. L. Jones,Caladenia,atrochila D.,,,,2025-09-07 07:09:30.050737,2025-09-07 07:09:30.050739
5731,Caladenia atroclavia D. L. Jones & M. A. Clem.,Caladenia,atroclavia D.,,,,2025-09-07 07:09:30.089712,2025-09-07 07:09:30.089714
5732,Caladenia atrovespa (D. L. Jones) G. N. Backh.,Caladenia,atrovespa D.,,,,2025-09-07 07:09:30.131178,2025-09-07 07:09:30.131181
5733,Caladenia attenuata (Brinsley) D. L. Jones,Caladenia,attenuata Brinsley,,,,2025-09-07 07:09:30.170218,2025-09-07 07:09:30.170221
5734,Caladenia attingens ssp. attingens Hopper & A. P. Br.,Caladenia,attingens ssp.,,,,2025-09-07 07:09:30.209416,2025-09-07 07:09:30.209419
5735,Caladenia attingens ssp. effusa A. P. Br. & G. Brockman,Caladenia,attingens ssp.,,,,2025-09-07 07:09:30.249116,2025-09-07 07:09:30.249118
5736,Caladenia attingens ssp. gracillima Hopper & A. P. Br.,Caladenia,attingens ssp.,,,,2025-09-07 07:09:30.288674,2025-09-07 07:09:30.288677
5737,Caladenia audasii R. S. Rogers,Caladenia,audasii R.,,,,2025-09-07 07:09:30.328868,2025-09-07 07:09:30.328871
5738,Caladenia aurantiaca (R. S. Rogers) Rupp,Caladenia,aurantiaca R.,,,,2025-09-07 07:09:30.368602,2025-09-07 07:09:30.368604
5739,Caladenia aurulenta (D. L. Jones) R. J. Bates,Caladenia,aurulenta D.,,,,2025-09-07 07:09:30.412993,2025-09-07 07:09:30.412997
5740,Caladenia australis G. W. Carr,Caladenia,australis G.,,,,2025-09-07 07:09:30.452708,2025-09-07 07:09:30.45271
5741,Caladenia barbarella Hopper & A. P. Br.,Caladenia,barbarella Hopper,,,,2025-09-07 07:09:30.492895,2025-09-07 07:09:30.492898
5742,Caladenia barbarossa Rchb.f.,Caladenia,barbarossa Rchb.f.,,,,2025-09-07 07:09:30.532493,2025-09-07 07:09:30.532496
5743,Caladenia bartlettii (Hatch) D. L. Jones,Caladenia,bartlettii Hatch,,,,2025-09-07 07:09:30.572198,2025-09-07 07:09:30.572201
5744,Caladenia behrii Schltdl.,Caladenia,behrii Schltdl.,,,,2025-09-07 07:09:30.611624,2025-09-07 07:09:30.611626
5745,Caladenia bicalliata ssp. bicalliata R. S. Rogers,Caladenia,bicalliata ssp.,,,,2025-09-07 07:09:30.650842,2025-09-07 07:09:30.650845
5746,Caladenia bicalliata ssp. cleistogama Hopper & A. P. Br.,Caladenia,bicalliata ssp.,,,,2025-09-07 07:09:30.689973,2025-09-07 07:09:30.689976
5747,Caladenia bigeminata A. P. Br. & G. Brockman,Caladenia,bigeminata A.,,,,2025-09-07 07:09:30.730164,2025-09-07 07:09:30.730168
5748,Caladenia boweri D. L. Jones,Caladenia,boweri D.,,,,2025-09-07 07:09:30.770438,2025-09-07 07:09:30.770441
5749,Caladenia brachyscapa G. W. Carr,Caladenia,brachyscapa G.,,,,2025-09-07 07:09:30.80982,2025-09-07 07:09:30.809822
5750,Caladenia branwhitei (D. L. Jones) G. N. Backh.,Caladenia,branwhitei D.,,,,2025-09-07 07:09:30.850062,2025-09-07 07:09:30.850064
5751,Caladenia brevisura Hopper & A. P. Br.,Caladenia,brevisura Hopper,,,,2025-09-07 07:09:30.889161,2025-09-07 07:09:30.889163
5752,Caladenia brownii Hopper,Caladenia,brownii Hopper,,,,2025-09-07 07:09:30.928007,2025-09-07 07:09:30.92801
5753,Caladenia brumalis D. L. Jones,Caladenia,brumalis D.,,,,2025-09-07 07:09:30.966873,2025-09-07 07:09:30.966875
5754,Caladenia bryceana ssp. bryceana R. S. Rogers,Caladenia,bryceana ssp.,,,,2025-09-07 07:09:31.005834,2025-09-07 07:09:31.005836
5755,Caladenia bryceana ssp. cracens Hopper & A. P. Br.,Caladenia,bryceana ssp.,,,,2025-09-07 07:09:31.045252,2025-09-07 07:09:31.045254
5756,Caladenia busselliana Hopper & A. P. Br.,Caladenia,busselliana Hopper,,,,2025-09-07 07:09:31.08453,2025-09-07 07:09:31.084534
5757,Caladenia cadyi (D. L. Jones) G. N. Backh.,Caladenia,cadyi D.,,,,2025-09-07 07:09:31.124143,2025-09-07 07:09:31.124145
5758,Caladenia caerulea R. Br.,Caladenia,caerulea R.,,,,2025-09-07 07:09:31.162871,2025-09-07 07:09:31.162872
5759,Caladenia caerulea R. Br. var. heliotropica Rupp,Caladenia,caerulea R.,,,,2025-09-07 07:09:31.201979,2025-09-07 07:09:31.201982
5760,Caladenia caesarea ssp. caesarea (Domin) M. A. Clem. & Hopper,Caladenia,caesarea ssp.,,,,2025-09-07 07:09:31.241023,2025-09-07 07:09:31.241025
5761,Caladenia caesarea ssp. maritima Hopper & A. P. Br.,Caladenia,caesarea ssp.,,,,2025-09-07 07:09:31.279941,2025-09-07 07:09:31.279943
5762,Caladenia caesarea ssp. transiens Hopper & A. P. Br.,Caladenia,caesarea ssp.,,,,2025-09-07 07:09:31.319614,2025-09-07 07:09:31.319616
5763,Caladenia cairnsiana F. Muell.,Caladenia,cairnsiana F.,,,,2025-09-07 07:09:31.378178,2025-09-07 07:09:31.378181
5764,Caladenia calcicola G. W. Carr,Caladenia,calcicola G.,,,,2025-09-07 07:09:31.417165,2025-09-07 07:09:31.417167
5765,Caladenia callitrophila D. L. Jones,Caladenia,callitrophila D.,,,,2025-09-07 07:09:31.456173,2025-09-07 07:09:31.456177
5766,Caladenia calyciformis (R. S. Rogers) Hopper & A. P. Br.,Caladenia,calyciformis R.,,,,2025-09-07 07:09:31.497052,2025-09-07 07:09:31.497056
5767,Caladenia campbellii D. L. Jones,Caladenia,campbellii D.,,,,2025-09-07 07:09:31.54145,2025-09-07 07:09:31.541453
5768,Caladenia campestris (R. J. Bates) R. J. Bates,Caladenia,campestris R.,,,,2025-09-07 07:09:31.58172,2025-09-07 07:09:31.581723
5769,Caladenia capillata D. L. Jones,Caladenia,capillata D.,,,,2025-09-07 07:09:31.621268,2025-09-07 07:09:31.621271
5770,Caladenia cardiochila Tate,Caladenia,cardiochila Tate,,,,2025-09-07 07:09:31.660972,2025-09-07 07:09:31.660974
5771,Caladenia carnea R. Br.,Caladenia,carnea R.,,,,2025-09-07 07:09:31.700322,2025-09-07 07:09:31.700324
5772,Caladenia catenata (Sm.) Druce,Caladenia,catenata Sm.,,,,2025-09-07 07:09:31.739536,2025-09-07 07:09:31.739538
5773,Caladenia caudata Nicholls,Caladenia,caudata Nicholls,,,,2025-09-07 07:09:31.778427,2025-09-07 07:09:31.778429
5774,Caladenia chamaephylla D. L. Jones,Caladenia,chamaephylla D.,,,,2025-09-07 07:09:31.817757,2025-09-07 07:09:31.81776
5775,Caladenia chapmanii Hopper & A. P. Br.,Caladenia,chapmanii Hopper,,,,2025-09-07 07:09:31.857562,2025-09-07 07:09:31.857564
5776,Caladenia citrina Hopper & A. P. Br.,Caladenia,citrina Hopper,,,,2025-09-07 07:09:31.89645,2025-09-07 07:09:31.896453
5777,Caladenia clarkiae D. L. Jones,Caladenia,clarkiae D.,,,,2025-09-07 07:09:31.935409,2025-09-07 07:09:31.935412
5778,Caladenia clavescens (D. L. Jones) G. N. Backh.,Caladenia,clavescens D.,,,,2025-09-07 07:09:31.974495,2025-09-07 07:09:31.974498
5779,Caladenia clavigera A. Cunn. ex Lindl.,Caladenia,clavigera A.,,,,2025-09-07 07:09:32.013383,2025-09-07 07:09:32.013385
5780,Caladenia clavula D. L. Jones,Caladenia,clavula D.,,,,2025-09-07 07:09:32.05277,2025-09-07 07:09:32.052772
5781,Caladenia cleistantha D. L. Jones,Caladenia,cleistantha D.,,,,2025-09-07 07:09:32.092593,2025-09-07 07:09:32.092596
5782,Caladenia coactilis D. L. Jones,Caladenia,coactilis D.,,,,2025-09-07 07:09:32.132276,2025-09-07 07:09:32.132278
5783,Caladenia colorata D. L. Jones,Caladenia,colorata D.,,,,2025-09-07 07:09:32.171261,2025-09-07 07:09:32.171263
5784,Caladenia concinna (Rupp) D. Jones & M. A. Clem.,Caladenia,concinna Rupp,,,,2025-09-07 07:09:32.210721,2025-09-07 07:09:32.210722
5785,Caladenia concolor Fitzg.,Caladenia,concolor Fitzg.,,,,2025-09-07 07:09:32.2496,2025-09-07 07:09:32.249601
5786,Caladenia conferta D. L. Jones,Caladenia,conferta D.,,,,2025-09-07 07:09:32.288474,2025-09-07 07:09:32.288476
5787,Caladenia congesta R. Br.,Caladenia,congesta R.,,,,2025-09-07 07:09:32.333969,2025-09-07 07:09:32.333972
5788,Caladenia corynephora A. S. George,Caladenia,corynephora A.,,,,2025-09-07 07:09:32.374678,2025-09-07 07:09:32.374681
5789,Caladenia cracens D. L. Jones,Caladenia,cracens D.,,,,2025-09-07 07:09:32.41363,2025-09-07 07:09:32.413632
5790,Caladenia crebra A. S. George,Caladenia,crebra A.,,,,2025-09-07 07:09:32.45297,2025-09-07 07:09:32.452972
5791,Caladenia cremna (D. L. Jones) G. N. Backh.,Caladenia,cremna D.,,,,2025-09-07 07:09:32.492263,2025-09-07 07:09:32.492265
5792,Caladenia cretacea (D. L. Jones) G. N. Backh.,Caladenia,cretacea D.,,,,2025-09-07 07:09:32.531824,2025-09-07 07:09:32.531827
5793,Caladenia cristata R. S. Rogers,Caladenia,cristata R.,,,,2025-09-07 07:09:32.571379,2025-09-07 07:09:32.571383
5794,Caladenia cruciformis D. L. Jones,Caladenia,cruciformis D.,,,,2025-09-07 07:09:32.61104,2025-09-07 07:09:32.611043
5795,Caladenia cruscula Hopper & A. P. Br.,Caladenia,cruscula Hopper,,,,2025-09-07 07:09:32.65063,2025-09-07 07:09:32.650634
5796,Caladenia cucullata Fitzg.,Caladenia,cucullata Fitzg.,,,,2025-09-07 07:09:32.690534,2025-09-07 07:09:32.690536
5797,Caladenia curtisepala D. L. Jones,Caladenia,curtisepala D.,,,,2025-09-07 07:09:32.729936,2025-09-07 07:09:32.729939
5798,Caladenia decora Hopper & A. P. Br.,Caladenia,decora Hopper,,,,2025-09-07 07:09:32.769388,2025-09-07 07:09:32.769392
5799,Caladenia denticulata ssp. denticulata Lindl.,Caladenia,denticulata ssp.,,,,2025-09-07 07:09:32.808771,2025-09-07 07:09:32.808774
5800,Caladenia denticulata ssp. albicans A. P. Br. & G. Brockman,Caladenia,denticulata ssp.,,,,2025-09-07 07:09:32.848173,2025-09-07 07:09:32.848175
5801,Caladenia denticulata ssp. rubella A. P. Br. & G. Brockman,Caladenia,denticulata ssp.,,,,2025-09-07 07:09:32.887942,2025-09-07 07:09:32.887945
5802,Caladenia dienema D. L. Jones,Caladenia,dienema D.,,,,2025-09-07 07:09:32.927102,2025-09-07 07:09:32.927106
5803,Caladenia dilatata R. Br.,Caladenia,dilatata R.,,,,2025-09-07 07:09:32.966453,2025-09-07 07:09:32.966456
5804,Caladenia dimidia Hopper & A. P. Br.,Caladenia,dimidia Hopper,,,,2025-09-07 07:09:33.005774,2025-09-07 07:09:33.005777
5805,Caladenia dimorpha Fitzg.,Caladenia,dimorpha Fitzg.,,,,2025-09-07 07:09:33.045176,2025-09-07 07:09:33.045179
5806,Caladenia discoidea Lindl.,Caladenia,discoidea Lindl.,,,,2025-09-07 07:09:33.084807,2025-09-07 07:09:33.084809
5807,Caladenia dorrienii Domin,Caladenia,dorrienii Domin,,,,2025-09-07 07:09:33.125713,2025-09-07 07:09:33.125716
5808,Caladenia dorrigoensis D. L. Jones & L. M. Copel.,Caladenia,dorrigoensis D.,,,,2025-09-07 07:09:33.165287,2025-09-07 07:09:33.165289
5809,Caladenia douglasiorum (D. L. Jones) G. N. Backh.,Caladenia,douglasiorum D.,,,,2025-09-07 07:09:33.204203,2025-09-07 07:09:33.204206
5810,Caladenia doutchiae O. H. Sarg.,Caladenia,doutchiae O.,,,,2025-09-07 07:09:33.245959,2025-09-07 07:09:33.245962
5811,Caladenia drakeoides Hopper & A. P. Br.,Caladenia,drakeoides Hopper,,,,2025-09-07 07:09:33.285396,2025-09-07 07:09:33.285399
5812,Caladenia drummondii Benth.,Caladenia,drummondii Benth.,,,,2025-09-07 07:09:33.324421,2025-09-07 07:09:33.324423
5813,Caladenia dundasiae Hopper & A. P. Br.,Caladenia,dundasiae Hopper,,,,2025-09-07 07:09:33.363673,2025-09-07 07:09:33.363677
5814,Caladenia echidnachila Nicholls,Caladenia,echidnachila Nicholls,,,,2025-09-07 07:09:33.403021,2025-09-07 07:09:33.403024
5815,Caladenia elegans Hopper & A. P. Br.,Caladenia,elegans Hopper,,,,2025-09-07 07:09:33.45974,2025-09-07 07:09:33.459742
5816,Caladenia ensata Nicholls,Caladenia,ensata Nicholls,,,,2025-09-07 07:09:33.499224,2025-09-07 07:09:33.499227
5817,Caladenia ensigera (D. L. Jones) R. J. Bates,Caladenia,ensigera D.,,,,2025-09-07 07:09:33.538434,2025-09-07 07:09:33.538437
5818,Caladenia erythrochila Hopper & A. P. Br.,Caladenia,erythrochila Hopper,,,,2025-09-07 07:09:33.577937,2025-09-07 07:09:33.577941
5819,Caladenia erythronema A. P. Br. & G. Brockman,Caladenia,erythronema A.,,,,2025-09-07 07:09:33.617517,2025-09-07 07:09:33.61752
5820,Caladenia evanescens Hopper & A. P. Br.,Caladenia,evanescens Hopper,,,,2025-09-07 07:09:33.656794,2025-09-07 07:09:33.656797
5821,Caladenia excelsa Hopper & A. P. Br.,Caladenia,excelsa Hopper,,,,2025-09-07 07:09:33.69717,2025-09-07 07:09:33.697173
5822,Caladenia exilis ssp. exilis Hopper & A. P. Br.,Caladenia,exilis ssp.,,,,2025-09-07 07:09:33.736607,2025-09-07 07:09:33.736609
5823,Caladenia exilis ssp. vanleeuwenii Hopper & A. P. Br.,Caladenia,exilis ssp.,,,,2025-09-07 07:09:33.775604,2025-09-07 07:09:33.775608
5824,Caladenia exstans Hopper & A. P. Br.,Caladenia,exstans Hopper,,,,2025-09-07 07:09:33.815844,2025-09-07 07:09:33.815847
5825,Caladenia falcata (Nicholls) M. A. Clem. & Hopper,Caladenia,falcata Nicholls,,,,2025-09-07 07:09:33.855526,2025-09-07 07:09:33.855528
5826,Caladenia ferruginea Nicholls,Caladenia,ferruginea Nicholls,,,,2025-09-07 07:09:33.895572,2025-09-07 07:09:33.895574
5827,Caladenia filamentosa R. Br.,Caladenia,filamentosa R.,,,,2025-09-07 07:09:33.934718,2025-09-07 07:09:33.934721
5828,Caladenia filifera Lindl.,Caladenia,filifera Lindl.,,,,2025-09-07 07:09:33.973824,2025-09-07 07:09:33.973827
5829,Caladenia fitzgeraldii Rupp,Caladenia,fitzgeraldii Rupp,,,,2025-09-07 07:09:34.012835,2025-09-07 07:09:34.012837
5830,Caladenia flaccida D. L. Jones,Caladenia,flaccida D.,,,,2025-09-07 07:09:34.0525,2025-09-07 07:09:34.052503
5831,Caladenia flava ssp. flava R. Br.,Caladenia,flava ssp.,,,,2025-09-07 07:09:34.095423,2025-09-07 07:09:34.095425
5832,Caladenia flava ssp. maculata Hopper & A. P. Br.,Caladenia,flava ssp.,,,,2025-09-07 07:09:34.134789,2025-09-07 07:09:34.134792
5833,Caladenia flava ssp. sylvestris Hopper & A. P. Br.,Caladenia,flava ssp.,,,,2025-09-07 07:09:34.174728,2025-09-07 07:09:34.174731
5834,Caladenia flavovirens G. W. Carr,Caladenia,flavovirens G.,,,,2025-09-07 07:09:34.214851,2025-09-07 07:09:34.214854
5835,Caladenia flindersica (D. L. Jones) R. J. Bates,Caladenia,flindersica D.,,,,2025-09-07 07:09:34.253603,2025-09-07 07:09:34.253606
5836,Caladenia fluvialis A. P. Br. & G. Brockman,Caladenia,fluvialis A.,,,,2025-09-07 07:09:34.294502,2025-09-07 07:09:34.294504
5837,Caladenia footeana Hopper & A. P. Br.,Caladenia,footeana Hopper,,,,2025-09-07 07:09:34.333538,2025-09-07 07:09:34.33354
5838,Caladenia formosa G. W. Carr,Caladenia,formosa G.,,,,2025-09-07 07:09:34.372411,2025-09-07 07:09:34.372414
5839,Caladenia fragrans (Hopper & A. P. Br.) M. A. Clem.,Caladenia,fragrans Hopper,,,,2025-09-07 07:09:34.411715,2025-09-07 07:09:34.411718
5840,Caladenia fragrantissima D. Jones & G. W. Carr,Caladenia,fragrantissima D.,,,,2025-09-07 07:09:34.450838,2025-09-07 07:09:34.450841
5841,Caladenia fraserensis D. L. Jones,Caladenia,fraserensis D.,,,,2025-09-07 07:09:34.492556,2025-09-07 07:09:34.49256
5842,Caladenia fuliginosa (D. L. Jones) R. J. Bates,Caladenia,fuliginosa D.,,,,2025-09-07 07:09:34.531937,2025-09-07 07:09:34.53194
5843,Caladenia fulva G. W. Carr,Caladenia,fulva G.,,,,2025-09-07 07:09:34.570972,2025-09-07 07:09:34.570975
5844,Caladenia fuscata (Rchb.f.) M. A. Clem. & D. L. Jones,Caladenia,fuscata Rchb.f.,,,,2025-09-07 07:09:34.609912,2025-09-07 07:09:34.609914
5845,Caladenia fuscolutescens Hopper & A. P. Br.,Caladenia,fuscolutescens Hopper,,,,2025-09-07 07:09:34.649348,2025-09-07 07:09:34.64935
5846,Caladenia gardneri Hopper & A. P. Br.,Caladenia,gardneri Hopper,,,,2025-09-07 07:09:34.691561,2025-09-07 07:09:34.691564
5847,Caladenia gemmata Lindl.,Caladenia,gemmata Lindl.,,,,2025-09-07 07:09:34.735582,2025-09-07 07:09:34.735585
5848,Caladenia georgei Hopper & A. P. Br.,Caladenia,georgei Hopper,,,,2025-09-07 07:09:34.774763,2025-09-07 07:09:34.774766
5849,Caladenia gertrudiae Ostenf.,Caladenia,gertrudiae Ostenf.,,,,2025-09-07 07:09:34.815027,2025-09-07 07:09:34.81503
5850,Caladenia gladiolata R. S. Rogers,Caladenia,gladiolata R.,,,,2025-09-07 07:09:34.8541,2025-09-07 07:09:34.854103
5851,Caladenia gracilis R. Br.,Caladenia,gracilis R.,,,,2025-09-07 07:09:34.893604,2025-09-07 07:09:34.893607
5852,Caladenia gracillima (Rupp) D. L. Jones,Caladenia,gracillima Rupp,,,,2025-09-07 07:09:34.932482,2025-09-07 07:09:34.932485
5853,Caladenia graminifolia A. S. George,Caladenia,graminifolia A.,,,,2025-09-07 07:09:34.971814,2025-09-07 07:09:34.971817
5854,Caladenia grampiana (D. L. Jones) G. N. Backh.,Caladenia,grampiana D.,,,,2025-09-07 07:09:35.011575,2025-09-07 07:09:35.011578
5855,Caladenia graniticola (Hopper & A. P. Br.) Hopper & A. P. Br.,Caladenia,graniticola Hopper,,,,2025-09-07 07:09:35.053055,2025-09-07 07:09:35.053058
5856,Caladenia granitora Hopper & A. P. Br.,Caladenia,granitora Hopper,,,,2025-09-07 07:09:35.09293,2025-09-07 07:09:35.092933
5857,Caladenia harringtoniae Hopper & A. P. Br.,Caladenia,harringtoniae Hopper,,,,2025-09-07 07:09:35.133749,2025-09-07 07:09:35.133752
5858,Caladenia hastata (Nicholls) Rupp,Caladenia,hastata Nicholls,,,,2025-09-07 07:09:35.172756,2025-09-07 07:09:35.172758
5859,Caladenia heberleana Hopper & A. P. Br.,Caladenia,heberleana Hopper,,,,2025-09-07 07:09:35.211897,2025-09-07 07:09:35.2119
5860,Caladenia helvina D. L. Jones,Caladenia,helvina D.,,,,2025-09-07 07:09:35.252628,2025-09-07 07:09:35.25263
5861,Caladenia hiemalis Hopper & A. P. Br.,Caladenia,hiemalis Hopper,,,,2025-09-07 07:09:35.292669,2025-09-07 07:09:35.292671
5862,Caladenia hildae Pescott & Nicholls,Caladenia,hildae Pescott,,,,2025-09-07 07:09:35.332678,2025-09-07 07:09:35.332681
5863,Caladenia hillmanii D. L. Jones,Caladenia,hillmanii D.,,,,2025-09-07 07:09:35.371789,2025-09-07 07:09:35.371792
5864,Caladenia hirta ssp. hirta Lindl.,Caladenia,hirta ssp.,,,,2025-09-07 07:09:35.410979,2025-09-07 07:09:35.410982
5865,Caladenia hirta ssp. rosea Hopper & A. P. Br.,Caladenia,hirta ssp.,,,,2025-09-07 07:09:35.449938,2025-09-07 07:09:35.449941
5866,Caladenia hoffmanii Hopper & A. P. Br.,Caladenia,hoffmanii Hopper,,,,2025-09-07 07:09:35.488689,2025-09-07 07:09:35.488691
5867,Caladenia hopperiana A. P. Br. & G. Brockman,Caladenia,hopperiana A.,,,,2025-09-07 07:09:35.527475,2025-09-07 07:09:35.527477
5868,Caladenia horistes Hopper & A. P. Br.,Caladenia,horistes Hopper,,,,2025-09-07 07:09:35.567223,2025-09-07 07:09:35.567226
5869,Caladenia huegelii Rchb.f.,Caladenia,huegelii Rchb.f.,,,,2025-09-07 07:09:35.607633,2025-09-07 07:09:35.607636
5870,Caladenia incensum Hopper & A. P. Br.,Caladenia,incensum Hopper,,,,2025-09-07 07:09:35.647,2025-09-07 07:09:35.647002
5871,Caladenia incrassata Hopper & A. P. Br.,Caladenia,incrassata Hopper,,,,2025-09-07 07:09:35.686315,2025-09-07 07:09:35.686318
5872,Caladenia infundibularis A. S. George,Caladenia,infundibularis A.,,,,2025-09-07 07:09:35.726022,2025-09-07 07:09:35.726025
5873,Caladenia insularis G. W. Carr,Caladenia,insularis G.,,,,2025-09-07 07:09:35.765546,2025-09-07 07:09:35.765549
5874,Caladenia integra E. Coleman,Caladenia,integra E.,,,,2025-09-07 07:09:35.805169,2025-09-07 07:09:35.805171
5875,Caladenia interanea (D. L. Jones) R. J. Bates,Caladenia,interanea D.,,,,2025-09-07 07:09:35.846466,2025-09-07 07:09:35.846469
5876,Caladenia interjacens Hopper & A. P. Br.,Caladenia,interjacens Hopper,,,,2025-09-07 07:09:35.893174,2025-09-07 07:09:35.893178
5877,Caladenia intuta (D. L. Jones) R. J. Bates,Caladenia,intuta D.,,,,2025-09-07 07:09:35.933,2025-09-07 07:09:35.933003
5878,Caladenia iridescens R. S. Rogers,Caladenia,iridescens R.,,,,2025-09-07 07:09:35.972227,2025-09-07 07:09:35.97223
5879,Caladenia ixioides Lindl.,Caladenia,ixioides Lindl.,,,,2025-09-07 07:09:36.011218,2025-09-07 07:09:36.01122
5880,Caladenia lateritica K. W. Dixon & Christenh.,Caladenia,lateritica K.,,,,2025-09-07 07:09:36.050876,2025-09-07 07:09:36.050879
5881,Caladenia latifolia R. Br.,Caladenia,latifolia R.,,,,2025-09-07 07:09:36.090435,2025-09-07 07:09:36.090437
5882,Caladenia leptochila ssp. leptochila Fitzg.,Caladenia,leptochila ssp.,,,,2025-09-07 07:09:36.129579,2025-09-07 07:09:36.129582
5883,Caladenia leptochila ssp. dentata (D. L. Jones) R. J. Bates,Caladenia,leptochila ssp.,,,,2025-09-07 07:09:36.168765,2025-09-07 07:09:36.168769
5884,Caladenia leptoclavia D. L. Jones,Caladenia,leptoclavia D.,,,,2025-09-07 07:09:36.20781,2025-09-07 07:09:36.207813
5885,Caladenia leucochila A. P. Br.,Caladenia,leucochila A.,,,,2025-09-07 07:09:36.253404,2025-09-07 07:09:36.253407
5886,Caladenia lindleyana (Rchb.f.) M. A. Clem. & D. L. Jones,Caladenia,lindleyana Rchb.f.,,,,2025-09-07 07:09:36.292834,2025-09-07 07:09:36.292837
5887,Caladenia littoricola R. J. Bates,Caladenia,littoricola R.,,,,2025-09-07 07:09:36.335114,2025-09-07 07:09:36.335118
5888,Caladenia lobata Fitzg.,Caladenia,lobata Fitzg.,,,,2025-09-07 07:09:36.374375,2025-09-07 07:09:36.374377
5889,Caladenia lodgeana Hopper & A. P. Br.,Caladenia,lodgeana Hopper,,,,2025-09-07 07:09:36.413551,2025-09-07 07:09:36.413554
5890,Caladenia longicauda ssp. longicauda Lindl.,Caladenia,longicauda ssp.,,,,2025-09-07 07:09:36.453513,2025-09-07 07:09:36.453515
5891,Caladenia longicauda ssp. albella Hopper & A. P. Br.,Caladenia,longicauda ssp.,,,,2025-09-07 07:09:36.499344,2025-09-07 07:09:36.499347
5892,Caladenia longicauda ssp. australora Hopper & A. P. Br.,Caladenia,longicauda ssp.,,,,2025-09-07 07:09:36.53867,2025-09-07 07:09:36.538672
5893,Caladenia longicauda ssp. borealis Hopper & A. P. Br.,Caladenia,longicauda ssp.,,,,2025-09-07 07:09:36.577598,2025-09-07 07:09:36.5776
5894,Caladenia longicauda ssp. calcigena Hopper & A. P. Br.,Caladenia,longicauda ssp.,,,,2025-09-07 07:09:36.616946,2025-09-07 07:09:36.616949
5895,Caladenia longicauda ssp. clivicola Hopper & A. P. Br.,Caladenia,longicauda ssp.,,,,2025-09-07 07:09:36.6563,2025-09-07 07:09:36.656303
5896,Caladenia longicauda ssp. crassa Hopper & A. P. Br.,Caladenia,longicauda ssp.,,,,2025-09-07 07:09:36.695521,2025-09-07 07:09:36.695522
5897,Caladenia longicauda ssp. eminens (Domin) Hopper & A. P. Br.,Caladenia,longicauda ssp.,,,,2025-09-07 07:09:36.734989,2025-09-07 07:09:36.734991
5898,Caladenia longicauda ssp. extrema A. P. Br. & G. Brockman,Caladenia,longicauda ssp.,,,,2025-09-07 07:09:36.784674,2025-09-07 07:09:36.784677
5899,Caladenia longicauda ssp. insularis Hopper & A. P. Br. ex A. P. Br. & G. Brockman,Caladenia,longicauda ssp.,,,,2025-09-07 07:09:36.8244,2025-09-07 07:09:36.824404
5900,Caladenia longicauda ssp. merrittii Hopper & A. P. Br.,Caladenia,longicauda ssp.,,,,2025-09-07 07:09:36.866452,2025-09-07 07:09:36.866455
5901,Caladenia longicauda ssp. minima A. P. Br. & G. Brockman,Caladenia,longicauda ssp.,,,,2025-09-07 07:09:36.905761,2025-09-07 07:09:36.905763
5902,Caladenia longicauda ssp. redacta Hopper & A. P. Br.,Caladenia,longicauda ssp.,,,,2025-09-07 07:09:36.944964,2025-09-07 07:09:36.944967
5903,Caladenia longicauda ssp. rigidula Hopper & A. P. Br.,Caladenia,longicauda ssp.,,,,2025-09-07 07:09:36.98459,2025-09-07 07:09:36.984593
5904,Caladenia longiclavata E. Coleman,Caladenia,longiclavata E.,,,,2025-09-07 07:09:37.024269,2025-09-07 07:09:37.024271
5905,Caladenia longifimbriata Hopper & A. P. Br.,Caladenia,longifimbriata Hopper,,,,2025-09-07 07:09:37.064281,2025-09-07 07:09:37.064283
5906,Caladenia lorea Hopper & A. P. Br.,Caladenia,lorea Hopper,,,,2025-09-07 07:09:37.103845,2025-09-07 07:09:37.103849
5907,Caladenia lowanensis G. W. Carr,Caladenia,lowanensis G.,,,,2025-09-07 07:09:37.143877,2025-09-07 07:09:37.14388
5908,Caladenia luteola Hopper & A. P. Br.,Caladenia,luteola Hopper,,,,2025-09-07 07:09:37.183293,2025-09-07 07:09:37.183296
5909,Caladenia lyallii Hook.f.,Caladenia,lyallii Hook.f.,,,,2025-09-07 07:09:37.223369,2025-09-07 07:09:37.223372
5910,Caladenia macroclavia D. L. Jones,Caladenia,macroclavia D.,,,,2025-09-07 07:09:37.262824,2025-09-07 07:09:37.262827
5911,Caladenia macrostylis Fitzg.,Caladenia,macrostylis Fitzg.,,,,2025-09-07 07:09:37.301783,2025-09-07 07:09:37.301784
5912,Caladenia magniclavata Nicholls,Caladenia,magniclavata Nicholls,,,,2025-09-07 07:09:37.341003,2025-09-07 07:09:37.341006
5913,Caladenia magnifica (Nicholls) G. W. Carr & D. L. Jones,Caladenia,magnifica Nicholls,,,,2025-09-07 07:09:37.38038,2025-09-07 07:09:37.380383
5914,Caladenia major (R. Br.) Rchb.f.,Caladenia,major R.,,,,2025-09-07 07:09:37.419843,2025-09-07 07:09:37.419845
5915,Caladenia marginata Lindl.,Caladenia,marginata Lindl.,,,,2025-09-07 07:09:37.458904,2025-09-07 07:09:37.458906
5916,Caladenia maritima D. L. Jones,Caladenia,maritima D.,,,,2025-09-07 07:09:37.497898,2025-09-07 07:09:37.4979
5917,Caladenia melanema Hopper & A. P. Br.,Caladenia,melanema Hopper,,,,2025-09-07 07:09:37.53708,2025-09-07 07:09:37.537096
5918,Caladenia mentiens D. L. Jones,Caladenia,mentiens D.,,,,2025-09-07 07:09:37.578728,2025-09-07 07:09:37.57873
5919,Caladenia meridionalis Hopper & A. P. Br.,Caladenia,meridionalis Hopper,,,,2025-09-07 07:09:37.623451,2025-09-07 07:09:37.623454
5920,Caladenia mesocera Hopper & A. P. Br.,Caladenia,mesocera Hopper,,,,2025-09-07 07:09:37.66307,2025-09-07 07:09:37.663072
5921,Caladenia microchila Hopper & A. P. Br.,Caladenia,microchila Hopper,,,,2025-09-07 07:09:37.70235,2025-09-07 07:09:37.702353
5922,Caladenia minor Hook.f.,Caladenia,minor Hook.f.,,,,2025-09-07 07:09:37.741498,2025-09-07 07:09:37.7415
5923,Caladenia minorata M. A. Clem.,Caladenia,minorata M.,,,,2025-09-07 07:09:37.780486,2025-09-07 07:09:37.780487
5924,Caladenia montana G. W. Carr,Caladenia,montana G.,,,,2025-09-07 07:09:37.81979,2025-09-07 07:09:37.819793
5925,Caladenia moschata (D. L. Jones) G. N. Backh.,Caladenia,moschata D.,,,,2025-09-07 07:09:37.859263,2025-09-07 07:09:37.859266
5926,Caladenia multiclavia Rchb.f.,Caladenia,multiclavia Rchb.f.,,,,2025-09-07 07:09:37.900528,2025-09-07 07:09:37.900531
5927,Caladenia multiplex A. P. Br. & R. D. Phillips,Caladenia,multiplex A.,,,,2025-09-07 07:09:37.939738,2025-09-07 07:09:37.939741
5928,Caladenia nana ssp. nana Endl.,Caladenia,nana ssp.,,,,2025-09-07 07:09:37.979209,2025-09-07 07:09:37.979211
5929,Caladenia nana ssp. unita (Fitzg.) Hopper & A. P. Br.,Caladenia,nana ssp.,,,,2025-09-07 07:09:38.018418,2025-09-07 07:09:38.01842
5930,Caladenia necrophylla D. L. Jones,Caladenia,necrophylla D.,,,,2025-09-07 07:09:38.059875,2025-09-07 07:09:38.059879
5931,Caladenia nikulinskyae (Hopper & A. P. Br.) M. A. Clem.,Caladenia,nikulinskyae Hopper,,,,2025-09-07 07:09:38.099141,2025-09-07 07:09:38.099144
5932,Caladenia nivalis Hopper & A. P. Br.,Caladenia,nivalis Hopper,,,,2025-09-07 07:09:38.138905,2025-09-07 07:09:38.138908
5933,Caladenia nobilis Hopper & A. P. Br.,Caladenia,nobilis Hopper,,,,2025-09-07 07:09:38.179314,2025-09-07 07:09:38.179317
5934,Caladenia nothofageti D. L. Jones,Caladenia,nothofageti D.,,,,2025-09-07 07:09:38.218694,2025-09-07 07:09:38.218697
5935,Caladenia occidentalis Hopper & A. P. Br.,Caladenia,occidentalis Hopper,,,,2025-09-07 07:09:38.258099,2025-09-07 07:09:38.258103
5936,Caladenia oenochila G. W. Carr,Caladenia,oenochila G.,,,,2025-09-07 07:09:38.298395,2025-09-07 07:09:38.298398
5937,Caladenia oreophila (D. L. Jones) G. N. Backh.,Caladenia,oreophila D.,,,,2025-09-07 07:09:38.337624,2025-09-07 07:09:38.337627
5938,Caladenia orestes (D. L. Jones) G. N. Backh.,Caladenia,orestes D.,,,,2025-09-07 07:09:38.376759,2025-09-07 07:09:38.376761
5939,Caladenia orientalis (G. W. Carr) Hopper & A. P. Br.,Caladenia,orientalis G.,,,,2025-09-07 07:09:38.41623,2025-09-07 07:09:38.416233
5940,Caladenia ornata (Nicholls) D. L. Jones,Caladenia,ornata Nicholls,,,,2025-09-07 07:09:38.458496,2025-09-07 07:09:38.458499
5941,Caladenia ovata R. S. Rogers,Caladenia,ovata R.,,,,2025-09-07 07:09:38.497678,2025-09-07 07:09:38.497681
5942,Caladenia pachychila Hopper & A. P. Br.,Caladenia,pachychila Hopper,,,,2025-09-07 07:09:38.537158,2025-09-07 07:09:38.537159
5943,Caladenia pallida Lindl.,Caladenia,pallida Lindl.,,,,2025-09-07 07:09:38.576411,2025-09-07 07:09:38.576413
5944,Caladenia paludosa Hopper & A. P. Br.,Caladenia,paludosa Hopper,,,,2025-09-07 07:09:38.615346,2025-09-07 07:09:38.615348
5945,Caladenia paradoxa Hopper & A. P. Br.,Caladenia,paradoxa Hopper,,,,2025-09-07 07:09:38.65434,2025-09-07 07:09:38.654341
5946,Caladenia parva G. W. Carr,Caladenia,parva G.,,,,2025-09-07 07:09:38.693443,2025-09-07 07:09:38.693446
5947,Caladenia patersonii R. Br.,Caladenia,patersonii R.,,,,2025-09-07 07:09:38.732907,2025-09-07 07:09:38.73291
5948,Caladenia pectinata R. S. Rogers,Caladenia,pectinata R.,,,,2025-09-07 07:09:38.772489,2025-09-07 07:09:38.772491
5949,Caladenia peisleyi (D. L. Jones) G. N. Backh.,Caladenia,peisleyi D.,,,,2025-09-07 07:09:38.811878,2025-09-07 07:09:38.81188
5950,Caladenia pendens ssp. pendens Hopper & A. P. Br.,Caladenia,pendens ssp.,,,,2025-09-07 07:09:38.851001,2025-09-07 07:09:38.851003
5951,Caladenia pendens ssp. talbotii Hopper & A. P. Br.,Caladenia,pendens ssp.,,,,2025-09-07 07:09:38.890987,2025-09-07 07:09:38.890989
5952,Caladenia perangusta A. P. Br. & G. Brockman,Caladenia,perangusta A.,,,,2025-09-07 07:09:38.930424,2025-09-07 07:09:38.930427
5953,Caladenia petrensis A. P. Br. & G. Brockman,Caladenia,petrensis A.,,,,2025-09-07 07:09:38.969778,2025-09-07 07:09:38.969781
5954,Caladenia phaeoclavia D. L. Jones,Caladenia,phaeoclavia D.,,,,2025-09-07 07:09:39.009013,2025-09-07 07:09:39.009016
5955,Caladenia pholcoidea ssp. pholcoidea Hopper & A. P. Br.,Caladenia,pholcoidea ssp.,,,,2025-09-07 07:09:39.048215,2025-09-07 07:09:39.048218
5956,Caladenia pholcoidea ssp. augustensis Hopper & A. P. Br.,Caladenia,pholcoidea ssp.,,,,2025-09-07 07:09:39.087997,2025-09-07 07:09:39.088001
5957,Caladenia picta (Nicholls) M. A. Clem. & D. L. Jones,Caladenia,picta Nicholls,,,,2025-09-07 07:09:39.128985,2025-09-07 07:09:39.128988
5958,Caladenia pilotensis D. L. Jones,Caladenia,pilotensis D.,,,,2025-09-07 07:09:39.167785,2025-09-07 07:09:39.167787
5959,Caladenia plicata Fitzg.,Caladenia,plicata Fitzg.,,,,2025-09-07 07:09:39.207335,2025-09-07 07:09:39.207338
5960,Caladenia pluvialis A. P. Br. & G. Brockman,Caladenia,pluvialis A.,,,,2025-09-07 07:09:39.246657,2025-09-07 07:09:39.24666
5961,Caladenia polychroma Hopper & A. P. Br.,Caladenia,polychroma Hopper,,,,2025-09-07 07:09:39.29381,2025-09-07 07:09:39.293813
5962,Caladenia porphyrea D. L. Jones,Caladenia,porphyrea D.,,,,2025-09-07 07:09:39.333305,2025-09-07 07:09:39.333308
5963,Caladenia postea Hopper & A. P. Br.,Caladenia,postea Hopper,,,,2025-09-07 07:09:39.372517,2025-09-07 07:09:39.372519
5964,Caladenia praetermissa D. L. Jones,Caladenia,praetermissa D.,,,,2025-09-07 07:09:39.411389,2025-09-07 07:09:39.411391
5965,Caladenia procera Hopper & A. P. Br.,Caladenia,procera Hopper,,,,2025-09-07 07:09:39.45147,2025-09-07 07:09:39.451473
5966,Caladenia prolata D. L. Jones,Caladenia,prolata D.,,,,2025-09-07 07:09:39.491012,2025-09-07 07:09:39.491014
5967,Caladenia pulchra Hopper & A. P. Br.,Caladenia,pulchra Hopper,,,,2025-09-07 07:09:39.529963,2025-09-07 07:09:39.529965
5968,Caladenia pumila R. S. Rogers,Caladenia,pumila R.,,,,2025-09-07 07:09:39.568922,2025-09-07 07:09:39.568924
5969,Caladenia pusilla W. M. Curtis,Caladenia,pusilla W.,,,,2025-09-07 07:09:39.6079,2025-09-07 07:09:39.607902
5970,Caladenia pygmaea (R. S. Rogers) R. J. Bates,Caladenia,pygmaea R.,,,,2025-09-07 07:09:39.646727,2025-09-07 07:09:39.646728
5971,Caladenia quadrifaria D. L. Jones,Caladenia,quadrifaria D.,,,,2025-09-07 07:09:39.68565,2025-09-07 07:09:39.685651
5972,Caladenia radialis R. S. Rogers,Caladenia,radialis R.,,,,2025-09-07 07:09:39.724582,2025-09-07 07:09:39.724584
5973,Caladenia radiata Nicholls,Caladenia,radiata Nicholls,,,,2025-09-07 07:09:39.764051,2025-09-07 07:09:39.764054
5974,Caladenia remota ssp. remota Hopper & A. P. Br.,Caladenia,remota ssp.,,,,2025-09-07 07:09:39.802978,2025-09-07 07:09:39.802982
5975,Caladenia remota ssp. parva Hopper & A. P. Br.,Caladenia,remota ssp.,,,,2025-09-07 07:09:39.843168,2025-09-07 07:09:39.84317
5976,Caladenia reptans ssp. reptans Lindl.,Caladenia,reptans ssp.,,,,2025-09-07 07:09:39.881945,2025-09-07 07:09:39.881946
5977,Caladenia reptans ssp. impensa Hopper & A. P. Br.,Caladenia,reptans ssp.,,,,2025-09-07 07:09:39.920785,2025-09-07 07:09:39.920788
5978,Caladenia reticulata Fitzg.,Caladenia,reticulata Fitzg.,,,,2025-09-07 07:09:39.959526,2025-09-07 07:09:39.959529
5979,Caladenia rhomboidiformis (E. Coleman) M. A. Clem. & Hopper,Caladenia,rhomboidiformis E.,,,,2025-09-07 07:09:39.999358,2025-09-07 07:09:39.999361
5980,Caladenia richardsiorum D. L. Jones,Caladenia,richardsiorum D.,,,,2025-09-07 07:09:40.0398,2025-09-07 07:09:40.039803
5981,Caladenia rigens D. L. Jones,Caladenia,rigens D.,,,,2025-09-07 07:09:40.081057,2025-09-07 07:09:40.08106
5982,Caladenia rigida R. S. Rogers,Caladenia,rigida R.,,,,2025-09-07 07:09:40.120288,2025-09-07 07:09:40.120291
5983,Caladenia rileyi D. L. Jones,Caladenia,rileyi D.,,,,2025-09-07 07:09:40.15967,2025-09-07 07:09:40.159674
5984,Caladenia riparia R. J. Bates,Caladenia,riparia R.,,,,2025-09-07 07:09:40.1987,2025-09-07 07:09:40.198703
5985,Caladenia robinsonii G. W. Carr,Caladenia,robinsonii G.,,,,2025-09-07 07:09:40.237819,2025-09-07 07:09:40.237823
5986,Caladenia roei Benth.,Caladenia,roei Benth.,,,,2025-09-07 07:09:40.277122,2025-09-07 07:09:40.277125
5987,Caladenia rosea K. W. Dixon & Christenh.,Caladenia,rosea K.,,,,2025-09-07 07:09:40.316879,2025-09-07 07:09:40.316881
5988,Caladenia rosella G. W. Carr,Caladenia,rosella G.,,,,2025-09-07 07:09:40.356392,2025-09-07 07:09:40.356396
5989,Caladenia saccharata Rchb.f.,Caladenia,saccharata Rchb.f.,,,,2025-09-07 07:09:40.395448,2025-09-07 07:09:40.395452
5990,Caladenia saggicola D. L. Jones,Caladenia,saggicola D.,,,,2025-09-07 07:09:40.434552,2025-09-07 07:09:40.434555
5991,Caladenia sanguinea D. L. Jones,Caladenia,sanguinea D.,,,,2025-09-07 07:09:40.473723,2025-09-07 07:09:40.473725
5992,Caladenia saxatilis (D. L. Jones) R. J. Bates,Caladenia,saxatilis D.,,,,2025-09-07 07:09:40.51281,2025-09-07 07:09:40.512814
5993,Caladenia saxicola A. P. Br. & G. Brockman,Caladenia,saxicola A.,,,,2025-09-07 07:09:40.552361,2025-09-07 07:09:40.552363
5994,Caladenia septuosa D. L. Jones,Caladenia,septuosa D.,,,,2025-09-07 07:09:40.591647,2025-09-07 07:09:40.591649
5995,Caladenia sericea Lindl.,Caladenia,sericea Lindl.,,,,2025-09-07 07:09:40.630936,2025-09-07 07:09:40.630939
5996,Caladenia serotina Hopper & A. P. Br.,Caladenia,serotina Hopper,,,,2025-09-07 07:09:40.670291,2025-09-07 07:09:40.670293
5997,Caladenia sigmoidea R. S. Rogers,Caladenia,sigmoidea R.,,,,2025-09-07 07:09:40.709746,2025-09-07 07:09:40.709748
5998,Caladenia speciosa Hopper & A. P. Br.,Caladenia,speciosa Hopper,,,,2025-09-07 07:09:40.749159,2025-09-07 07:09:40.74916
5999,Caladenia splendens Hopper & A. P. Br.,Caladenia,splendens Hopper,,,,2025-09-07 07:09:40.788287,2025-09-07 07:09:40.788289
6000,Caladenia startiorum Hopper & A. P. Br.,Caladenia,startiorum Hopper,,,,2025-09-07 07:09:40.828025,2025-09-07 07:09:40.828028
6001,Caladenia stellata D. L. Jones,Caladenia,stellata D.,,,,2025-09-07 07:09:40.867403,2025-09-07 07:09:40.867406
6002,Caladenia straminichila A. P. Br. & G. Brockman,Caladenia,straminichila A.,,,,2025-09-07 07:09:40.907389,2025-09-07 07:09:40.907392
6003,Caladenia stricta (R. J. Bates) R. J. Bates,Caladenia,stricta R.,,,,2025-09-07 07:09:40.946778,2025-09-07 07:09:40.946779
6004,Caladenia strigosa (D. L. Jones) R. J. Bates,Caladenia,strigosa D.,,,,2025-09-07 07:09:40.986202,2025-09-07 07:09:40.986205
6005,Caladenia subglabriphylla (R. J. Bates) M. A. Clem.,Caladenia,subglabriphylla R.,,,,2025-09-07 07:09:41.025696,2025-09-07 07:09:41.025699
6006,Caladenia subtilis D. L. Jones,Caladenia,subtilis D.,,,,2025-09-07 07:09:41.065642,2025-09-07 07:09:41.065645
6007,Caladenia swartsiorum A. P. Br. & G. Brockman,Caladenia,swartsiorum A.,,,,2025-09-07 07:09:41.107731,2025-09-07 07:09:41.107734
6008,Caladenia sylvicola D. L. Jones,Caladenia,sylvicola D.,,,,2025-09-07 07:09:41.149212,2025-09-07 07:09:41.149215
6009,Caladenia tensa G. W. Carr,Caladenia,tensa G.,,,,2025-09-07 07:09:41.189181,2025-09-07 07:09:41.189185
6010,Caladenia tessellata Fitzg.,Caladenia,tessellata Fitzg.,,,,2025-09-07 07:09:41.228445,2025-09-07 07:09:41.228448
6011,Caladenia testacea R. Br.,Caladenia,testacea R.,,,,2025-09-07 07:09:41.267511,2025-09-07 07:09:41.267513
6012,Caladenia thinicola Hopper & A. P. Br.,Caladenia,thinicola Hopper,,,,2025-09-07 07:09:41.308261,2025-09-07 07:09:41.308263
6013,Caladenia thysanochila G. W. Carr,Caladenia,thysanochila G.,,,,2025-09-07 07:09:41.347601,2025-09-07 07:09:41.347603
6014,Caladenia tonellii D. L. Jones,Caladenia,tonellii D.,,,,2025-09-07 07:09:41.388309,2025-09-07 07:09:41.388311
6015,Caladenia toxochila Tate,Caladenia,toxochila Tate,,,,2025-09-07 07:09:41.427423,2025-09-07 07:09:41.427425
6016,Caladenia transitoria ssp. transitoria D. L. Jones,Caladenia,transitoria ssp.,,,,2025-09-07 07:09:41.466433,2025-09-07 07:09:41.466436
6017,Caladenia transitoria ssp. isolata (R. J. Bates) R. J. Bates,Caladenia,transitoria ssp.,,,,2025-09-07 07:09:41.505461,2025-09-07 07:09:41.505463
6018,Caladenia turneri Kosky,Caladenia,turneri Kosky,,,,2025-09-07 07:09:41.558892,2025-09-07 07:09:41.558895
6019,Caladenia uliginosa ssp. uliginosa A. S. George,Caladenia,uliginosa ssp.,,,,2025-09-07 07:09:41.599855,2025-09-07 07:09:41.599858
6020,Caladenia uliginosa ssp. candicans Hopper & A. P. Br.,Caladenia,uliginosa ssp.,,,,2025-09-07 07:09:41.63936,2025-09-07 07:09:41.639363
6021,Caladenia uliginosa ssp. patulens Hopper & A. P. Br.,Caladenia,uliginosa ssp.,,,,2025-09-07 07:09:41.678332,2025-09-07 07:09:41.678333
6022,Caladenia ultima Hopper & A. P. Br.,Caladenia,ultima Hopper,,,,2025-09-07 07:09:41.721755,2025-09-07 07:09:41.721758
6023,Caladenia ustulata (D. L. Jones) G. N. Backh.,Caladenia,ustulata D.,,,,2025-09-07 07:09:41.760806,2025-09-07 07:09:41.760808
6024,Caladenia valida (Nicholls) M. A. Clem. & D. L. Jones,Caladenia,valida Nicholls,,,,2025-09-07 07:09:41.799825,2025-09-07 07:09:41.799828
6025,Caladenia validinervia Hopper & A. P. Br. ex A. P. Br. & G. Brockman,Caladenia,validinervia Hopper,,,,2025-09-07 07:09:41.838842,2025-09-07 07:09:41.838843
6026,Caladenia varians Hopper & A. P. Br.,Caladenia,varians Hopper,,,,2025-09-07 07:09:41.878278,2025-09-07 07:09:41.878282
6027,Caladenia variegata Colenso,Caladenia,variegata Colenso,,,,2025-09-07 07:09:41.917525,2025-09-07 07:09:41.917529
6028,Caladenia venusta G. W. Carr,Caladenia,venusta G.,,,,2025-09-07 07:09:41.956752,2025-09-07 07:09:41.956755
6029,Caladenia verrucosa G. W. Carr,Caladenia,verrucosa G.,,,,2025-09-07 07:09:41.995922,2025-09-07 07:09:41.995924
6030,Caladenia versicolor G. W. Carr,Caladenia,versicolor G.,,,,2025-09-07 07:09:42.035173,2025-09-07 07:09:42.035176
6031,Caladenia villosissima (G. W. Carr) Hopper & A. P. Br.,Caladenia,villosissima G.,,,,2025-09-07 07:09:42.075424,2025-09-07 07:09:42.075427
6032,Caladenia viridescens Hopper & A. P. Br.,Caladenia,viridescens Hopper,,,,2025-09-07 07:09:42.114937,2025-09-07 07:09:42.11494
6033,Caladenia voigtii Hopper & A. P. Br.,Caladenia,voigtii Hopper,,,,2025-09-07 07:09:42.154428,2025-09-07 07:09:42.15443
6034,Caladenia vulgaris D. L. Jones,Caladenia,vulgaris D.,,,,2025-09-07 07:09:42.193972,2025-09-07 07:09:42.193975
6035,Caladenia vulgaris D. L. Jones var. nunguensis Wapstra & Broadfield,Caladenia,vulgaris D.,,,,2025-09-07 07:09:42.233157,2025-09-07 07:09:42.23316
6036,Caladenia wanosa A. S. George,Caladenia,wanosa A.,,,,2025-09-07 07:09:42.27311,2025-09-07 07:09:42.273113
6037,Caladenia whiteheadii (D. L. Jones) G. N. Backh.,Caladenia,whiteheadii D.,,,,2025-09-07 07:09:42.312512,2025-09-07 07:09:42.312516
6038,Caladenia williamsiae Hopper & A. P. Br.,Caladenia,williamsiae Hopper,,,,2025-09-07 07:09:42.351965,2025-09-07 07:09:42.351968
6039,Caladenia winfieldii Hopper & A. P. Br.,Caladenia,winfieldii Hopper,,,,2025-09-07 07:09:42.391522,2025-09-07 07:09:42.391525
6040,Caladenia woolcockiorum D. L. Jones,Caladenia,woolcockiorum D.,,,,2025-09-07 07:09:42.43069,2025-09-07 07:09:42.430692
6041,Caladenia x aestantha Hopper & A. P. Br.,Caladenia,x aestantha,,,,2025-09-07 07:09:42.469917,2025-09-07 07:09:42.46992
6042,Caladenia x cala Hopper & A. P. Br.,Caladenia,x cala,,,,2025-09-07 07:09:42.509689,2025-09-07 07:09:42.509692
6043,Caladenia x coactescens Hopper & A. P. Br.,Caladenia,x coactescens,,,,2025-09-07 07:09:42.549375,2025-09-07 07:09:42.549378
6044,Caladenia x eludens Hopper & A. P. Br.,Caladenia,x eludens,,,,2025-09-07 07:09:42.588321,2025-09-07 07:09:42.588323
6045,Caladenia x enigma Hopper & A. P. Br.,Caladenia,x enigma,,,,2025-09-07 07:09:42.627595,2025-09-07 07:09:42.627598
6046,Caladenia x ericksoniae Nicholls,Caladenia,x ericksoniae,,,,2025-09-07 07:09:42.669943,2025-09-07 07:09:42.669945
6047,Caladenia x erminea Hopper & A. P. Br.,Caladenia,x erminea,,,,2025-09-07 07:09:42.709021,2025-09-07 07:09:42.709023
6048,Caladenia x exoleta Hopper & A. P. Br.,Caladenia,x exoleta,,,,2025-09-07 07:09:42.748356,2025-09-07 07:09:42.748358
6049,Caladenia x exserta Hopper & A. P. Br.,Caladenia,x exserta,,,,2025-09-07 07:09:42.788648,2025-09-07 07:09:42.788649
6050,Caladenia x hopperi J. M. H. Shaw,Caladenia,x hopperi,,,,2025-09-07 07:09:42.827861,2025-09-07 07:09:42.827863
6051,Caladenia x hypata Hopper & A. P. Br.,Caladenia,x hypata,,,,2025-09-07 07:09:42.868073,2025-09-07 07:09:42.868075
6052,Caladenia x idiastes Hopper & A. P. Br.,Caladenia,x idiastes,,,,2025-09-07 07:09:42.906999,2025-09-07 07:09:42.907001
6053,Caladenia x lavandulacea R. S. Rogers,Caladenia,x lavandulacea,,,,2025-09-07 07:09:42.946275,2025-09-07 07:09:42.946279
6054,Caladenia x resupina Hopper & A. P. Br.,Caladenia,x resupina,,,,2025-09-07 07:09:42.985469,2025-09-07 07:09:42.985472
6055,Caladenia x spectabilis Hopper & A. P. Br.,Caladenia,x spectabilis,,,,2025-09-07 07:09:43.024454,2025-09-07 07:09:43.024456
6056,Caladenia x suffusa Hopper & A. P. Br.,Caladenia,x suffusa,,,,2025-09-07 07:09:43.063493,2025-09-07 07:09:43.063495
6057,Caladenia x triangularis R. S. Rogers,Caladenia,x triangularis,,,,2025-09-07 07:09:43.10295,2025-09-07 07:09:43.102954
6058,Caladenia x tryphera Hopper & A. P. Br.,Caladenia,x tryphera,,,,2025-09-07 07:09:43.142849,2025-09-07 07:09:43.142852
6059,Caladenia x tutelata R. S. Rogers,Caladenia,x tutelata,,,,2025-09-07 07:09:43.182477,2025-09-07 07:09:43.182481
6060,Caladenia x variabilis Nicholls,Caladenia,x variabilis,,,,2025-09-07 07:09:43.222351,2025-09-07 07:09:43.222355
6061,Caladenia xantha Hopper & A. P. Br.,Caladenia,xantha Hopper,,,,2025-09-07 07:09:43.264686,2025-09-07 07:09:43.264688
6062,Caladenia xanthochila D. & C. Beards.,Caladenia,xanthochila D.,,,,2025-09-07 07:09:43.30392,2025-09-07 07:09:43.303924
6063,Caladenia xantholeuca D. L. Jones,Caladenia,xantholeuca D.,,,,2025-09-07 07:09:43.343345,2025-09-07 07:09:43.343348
6064,Caladenia zephyra (D. L. Jones) R. J. Bates,Caladenia,zephyra D.,,,,2025-09-07 07:09:43.384819,2025-09-07 07:09:43.384822
6065,Calochilus R. Br.,Calochilus,R. Br.,,,,2025-09-07 07:09:43.424807,2025-09-07 07:09:43.42481
6066,Calochilus ammobius D. L. Jones & B. Gray,Calochilus,ammobius D.,,,,2025-09-07 07:09:43.463999,2025-09-07 07:09:43.464002
6067,Calochilus barbarossa R. L. Barrett,Calochilus,barbarossa R.,,,,2025-09-07 07:09:43.503434,2025-09-07 07:09:43.503436
6068,Calochilus caeruleus L. O. Williams,Calochilus,caeruleus L.,,,,2025-09-07 07:09:43.550758,2025-09-07 07:09:43.55076
6069,Calochilus caesius D. L. Jones,Calochilus,caesius D.,,,,2025-09-07 07:09:43.589917,2025-09-07 07:09:43.589919
6070,Calochilus campestris R. Br.,Calochilus,campestris R.,,,,2025-09-07 07:09:43.628603,2025-09-07 07:09:43.628606
6071,Calochilus cleistanthus D. L. Jones,Calochilus,cleistanthus D.,,,,2025-09-07 07:09:43.66774,2025-09-07 07:09:43.667744
6072,Calochilus cupreus R. S. Rogers,Calochilus,cupreus R.,,,,2025-09-07 07:09:43.706922,2025-09-07 07:09:43.706925
6073,Calochilus gracillimus Rupp,Calochilus,gracillimus Rupp,,,,2025-09-07 07:09:43.746768,2025-09-07 07:09:43.746772
6074,Calochilus grandiflorus (Benth.) Domin,Calochilus,grandiflorus Benth.,,,,2025-09-07 07:09:43.786044,2025-09-07 07:09:43.786046
6075,Calochilus herbaceus Lindl.,Calochilus,herbaceus Lindl.,,,,2025-09-07 07:09:43.825136,2025-09-07 07:09:43.825138
6076,Calochilus holtzei F. Muell.,Calochilus,holtzei F.,,,,2025-09-07 07:09:43.864386,2025-09-07 07:09:43.864387
6077,Calochilus imberbis R. S. Rogers ex Pescott,Calochilus,imberbis R.,,,,2025-09-07 07:09:43.903549,2025-09-07 07:09:43.90355
6078,Calochilus imperiosus D. L. Jones,Calochilus,imperiosus D.,,,,2025-09-07 07:09:43.942321,2025-09-07 07:09:43.942323
6079,Calochilus kalaru D. L. Jones,Calochilus,kalaru D.,,,,2025-09-07 07:09:43.981379,2025-09-07 07:09:43.981381
6080,Calochilus kimberleyensis R. L. Barrett,Calochilus,kimberleyensis R.,,,,2025-09-07 07:09:44.020542,2025-09-07 07:09:44.020545
6081,Calochilus metallicus D. L. Jones,Calochilus,metallicus D.,,,,2025-09-07 07:09:44.06024,2025-09-07 07:09:44.060243
6082,Calochilus montanus D. L. Jones,Calochilus,montanus D.,,,,2025-09-07 07:09:44.099287,2025-09-07 07:09:44.09929
6083,Calochilus neocaledonicus Schltr.,Calochilus,neocaledonicus Schltr.,,,,2025-09-07 07:09:44.13842,2025-09-07 07:09:44.138421
6084,Calochilus paludosus R. Br.,Calochilus,paludosus R.,,,,2025-09-07 07:09:44.178578,2025-09-07 07:09:44.178581
6085,Calochilus platychilus D. L. Jones,Calochilus,platychilus D.,,,,2025-09-07 07:09:44.218372,2025-09-07 07:09:44.218376
6086,Calochilus praealtus D. L. Jones,Calochilus,praealtus D.,,,,2025-09-07 07:09:44.257739,2025-09-07 07:09:44.257742
6087,Calochilus pruinosus D. L. Jones,Calochilus,pruinosus D.,,,,2025-09-07 07:09:44.297224,2025-09-07 07:09:44.297228
6088,Calochilus psednus D. L. Jones & Lavarack,Calochilus,psednus D.,,,,2025-09-07 07:09:44.336326,2025-09-07 07:09:44.33633
6089,Calochilus pulchellus D. L. Jones,Calochilus,pulchellus D.,,,,2025-09-07 07:09:44.375555,2025-09-07 07:09:44.375558
6090,Calochilus richiae Nicholls,Calochilus,richiae Nicholls,,,,2025-09-07 07:09:44.4183,2025-09-07 07:09:44.418303
6091,Calochilus robertsonii Benth.,Calochilus,robertsonii Benth.,,,,2025-09-07 07:09:44.458566,2025-09-07 07:09:44.458569
6092,Calochilus russeus D. L. Jones,Calochilus,russeus D.,,,,2025-09-07 07:09:44.49765,2025-09-07 07:09:44.497654
6093,Calochilus sandrae D. L. Jones,Calochilus,sandrae D.,,,,2025-09-07 07:09:44.537187,2025-09-07 07:09:44.537191
6094,Calochilus stramenicola D. L. Jones,Calochilus,stramenicola D.,,,,2025-09-07 07:09:44.577207,2025-09-07 07:09:44.57721
6095,Calochilus therophilus D. L. Jones,Calochilus,therophilus D.,,,,2025-09-07 07:09:44.616714,2025-09-07 07:09:44.616716
6096,Calochilus uliginosus D. L. Jones,Calochilus,uliginosus D.,,,,2025-09-07 07:09:44.656188,2025-09-07 07:09:44.656191
6097,Epiblema R. Br.,Epiblema,R. Br.,,,,2025-09-07 07:09:44.695958,2025-09-07 07:09:44.695961
6098,Epiblema grandiflorum R. Br.,Epiblema,grandiflorum R.,,,,2025-09-07 07:09:44.734851,2025-09-07 07:09:44.734855
6099,Epiblema grandiflorum R. Br. var. cyanea Dixon,Epiblema,grandiflorum R.,,,,2025-09-07 07:09:44.78738,2025-09-07 07:09:44.787384
6100,Thelymitra J. R. Forst. & G. Forst.,Thelymitra,J. R.,,,,2025-09-07 07:09:44.827354,2025-09-07 07:09:44.827357
6101,Thelymitra abrupta R. J. Bates,Thelymitra,abrupta R.,,,,2025-09-07 07:09:44.866383,2025-09-07 07:09:44.866386
6102,Thelymitra adorata Jeanes,Thelymitra,adorata Jeanes,,,,2025-09-07 07:09:44.905411,2025-09-07 07:09:44.905413
6103,Thelymitra aemula Cheeseman,Thelymitra,aemula Cheeseman,,,,2025-09-07 07:09:44.944558,2025-09-07 07:09:44.94456
6104,Thelymitra aggericola D. L. Jones,Thelymitra,aggericola D.,,,,2025-09-07 07:09:44.983962,2025-09-07 07:09:44.983964
6105,Thelymitra albiflora Jeanes,Thelymitra,albiflora Jeanes,,,,2025-09-07 07:09:45.023151,2025-09-07 07:09:45.023153
6106,Thelymitra alcockiae D. L. Jones ex Jeanes,Thelymitra,alcockiae D.,,,,2025-09-07 07:09:45.062662,2025-09-07 07:09:45.062665
6107,Thelymitra alpicola Jeanes,Thelymitra,alpicola Jeanes,,,,2025-09-07 07:09:45.102156,2025-09-07 07:09:45.102159
6108,Thelymitra alpina Jeanes,Thelymitra,alpina Jeanes,,,,2025-09-07 07:09:45.144423,2025-09-07 07:09:45.144427
6109,Thelymitra antennifera (Lindl.) Hook.f.,Thelymitra,antennifera Lindl.,,,,2025-09-07 07:09:45.183876,2025-09-07 07:09:45.183878
6110,Thelymitra apiculata (A. S. George) M. A. Clem. & D. L. Jones,Thelymitra,apiculata A.,,,,2025-09-07 07:09:45.223315,2025-09-07 07:09:45.223318
6111,Thelymitra arenaria Lindl.,Thelymitra,arenaria Lindl.,,,,2025-09-07 07:09:45.263863,2025-09-07 07:09:45.263866
6112,Thelymitra aristata Lindl.,Thelymitra,aristata Lindl.,,,,2025-09-07 07:09:45.305163,2025-09-07 07:09:45.305167
6113,Thelymitra atronitida Jeanes,Thelymitra,atronitida Jeanes,,,,2025-09-07 07:09:45.345427,2025-09-07 07:09:45.345431
6114,Thelymitra azurea R. S. Rogers,Thelymitra,azurea R.,,,,2025-09-07 07:09:45.384977,2025-09-07 07:09:45.38498
6115,Thelymitra basaltica Jeanes,Thelymitra,basaltica Jeanes,,,,2025-09-07 07:09:45.428566,2025-09-07 07:09:45.428569
6116,Thelymitra batesii Jeanes,Thelymitra,batesii Jeanes,,,,2025-09-07 07:09:45.471188,2025-09-07 07:09:45.471191
6117,Thelymitra benthamiana Rchb.f.,Thelymitra,benthamiana Rchb.f.,,,,2025-09-07 07:09:45.5133,2025-09-07 07:09:45.513304
6118,Thelymitra bracteata J. Z. Weber ex Jeanes,Thelymitra,bracteata J.,,,,2025-09-07 07:09:45.554131,2025-09-07 07:09:45.554134
6119,Thelymitra brevifolia Jeanes,Thelymitra,brevifolia Jeanes,,,,2025-09-07 07:09:45.593655,2025-09-07 07:09:45.593657
6120,Thelymitra campanulata Lindl.,Thelymitra,campanulata Lindl.,,,,2025-09-07 07:09:45.63365,2025-09-07 07:09:45.633653
6121,Thelymitra canaliculata R. Br.,Thelymitra,canaliculata R.,,,,2025-09-07 07:09:45.673587,2025-09-07 07:09:45.673589
6122,Thelymitra carnea R. Br.,Thelymitra,carnea R.,,,,2025-09-07 07:09:45.713388,2025-09-07 07:09:45.713391
6123,Thelymitra circumsepta Fitzg.,Thelymitra,circumsepta Fitzg.,,,,2025-09-07 07:09:45.752733,2025-09-07 07:09:45.752736
6124,Thelymitra colensoi Hook.f.,Thelymitra,colensoi Hook.f.,,,,2025-09-07 07:09:45.793004,2025-09-07 07:09:45.793007
6125,Thelymitra cornicina Rchb.f.,Thelymitra,cornicina Rchb.f.,,,,2025-09-07 07:09:45.833067,2025-09-07 07:09:45.83307
6126,Thelymitra corrugata R. J. Bates,Thelymitra,corrugata R.,,,,2025-09-07 07:09:45.874144,2025-09-07 07:09:45.874147
6127,Thelymitra crenulata R. J. Bates,Thelymitra,crenulata R.,,,,2025-09-07 07:09:45.913735,2025-09-07 07:09:45.91374
6128,Thelymitra crinita Lindl.,Thelymitra,crinita Lindl.,,,,2025-09-07 07:09:45.954137,2025-09-07 07:09:45.95414
6129,Thelymitra cucullata Rupp,Thelymitra,cucullata Rupp,,,,2025-09-07 07:09:46.00433,2025-09-07 07:09:46.004333
6130,Thelymitra cyanapicata Jeanes,Thelymitra,cyanapicata Jeanes,,,,2025-09-07 07:09:46.043772,2025-09-07 07:09:46.043776
6131,Thelymitra cyanea (Lindl.) Benth.,Thelymitra,cyanea Lindl.,,,,2025-09-07 07:09:46.08729,2025-09-07 07:09:46.087293
6132,Thelymitra dedmaniarum R. S. Rogers,Thelymitra,dedmaniarum R.,,,,2025-09-07 07:09:46.126747,2025-09-07 07:09:46.12675
6133,Thelymitra epipactoides F. Muell.,Thelymitra,epipactoides F.,,,,2025-09-07 07:09:46.16582,2025-09-07 07:09:46.165822
6134,Thelymitra erosa D. L. Jones & M. A. Clem.,Thelymitra,erosa D.,,,,2025-09-07 07:09:46.20524,2025-09-07 07:09:46.205243
6135,Thelymitra exigua Jeanes,Thelymitra,exigua Jeanes,,,,2025-09-07 07:09:46.24471,2025-09-07 07:09:46.244713
6136,Thelymitra flexuosa Endl.,Thelymitra,flexuosa Endl.,,,,2025-09-07 07:09:46.284043,2025-09-07 07:09:46.284045
6137,Thelymitra forbesii Ridl.,Thelymitra,forbesii Ridl.,,,,2025-09-07 07:09:46.323371,2025-09-07 07:09:46.323374
6138,Thelymitra fragrans D. L. Jones & M. A. Clem.,Thelymitra,fragrans D.,,,,2025-09-07 07:09:46.362984,2025-09-07 07:09:46.362987
6139,Thelymitra frenchii Jeanes,Thelymitra,frenchii Jeanes,,,,2025-09-07 07:09:46.406567,2025-09-07 07:09:46.406569
6140,Thelymitra fuscolutea R. Br.,Thelymitra,fuscolutea R.,,,,2025-09-07 07:09:46.446757,2025-09-07 07:09:46.446761
6141,Thelymitra glaucophylla R. J. Bates ex Jeanes,Thelymitra,glaucophylla R.,,,,2025-09-07 07:09:46.486317,2025-09-07 07:09:46.486321
6142,Thelymitra graminea Lindl.,Thelymitra,graminea Lindl.,,,,2025-09-07 07:09:46.52592,2025-09-07 07:09:46.525924
6143,Thelymitra grandiflora ssp. grandiflora Fitzg.,Thelymitra,grandiflora ssp.,,,,2025-09-07 07:09:46.568421,2025-09-07 07:09:46.568424
6144,Thelymitra grandiflora ssp. exposa R. J. Bates,Thelymitra,grandiflora ssp.,,,,2025-09-07 07:09:46.617654,2025-09-07 07:09:46.617657
6145,Thelymitra granitora D. L. Jones & M. A. Clem.,Thelymitra,granitora D.,,,,2025-09-07 07:09:46.658207,2025-09-07 07:09:46.658209
6146,Thelymitra gregaria D. L. Jones & M. A. Clem.,Thelymitra,gregaria D.,,,,2025-09-07 07:09:46.697973,2025-09-07 07:09:46.697976
6147,Thelymitra hatchii L. B. Moore,Thelymitra,hatchii L.,,,,2025-09-07 07:09:46.737383,2025-09-07 07:09:46.737386
6148,Thelymitra hiemalis D. L. Jones & M. A. Clem.,Thelymitra,hiemalis D.,,,,2025-09-07 07:09:46.776858,2025-09-07 07:09:46.77686
6149,Thelymitra holmesii Nicholls,Thelymitra,holmesii Nicholls,,,,2025-09-07 07:09:46.816105,2025-09-07 07:09:46.816107
6150,Thelymitra hygrophila R. J. Bates,Thelymitra,hygrophila R.,,,,2025-09-07 07:09:46.855379,2025-09-07 07:09:46.855382
6151,Thelymitra imbricata D. L. Jones & M. A. Clem.,Thelymitra,imbricata D.,,,,2025-09-07 07:09:46.894914,2025-09-07 07:09:46.894918
6152,Thelymitra improcera D. L. Jones & M. A. Clem.,Thelymitra,improcera D.,,,,2025-09-07 07:09:46.934566,2025-09-07 07:09:46.934569
6153,Thelymitra incurva Jeanes,Thelymitra,incurva Jeanes,,,,2025-09-07 07:09:46.973968,2025-09-07 07:09:46.973972
6154,Thelymitra inflata Jeanes,Thelymitra,inflata Jeanes,,,,2025-09-07 07:09:47.013241,2025-09-07 07:09:47.013243
6155,Thelymitra ixioides Sw.,Thelymitra,ixioides Sw.,,,,2025-09-07 07:09:47.052777,2025-09-07 07:09:47.05278
6156,Thelymitra jacksonii Hopper & A. P. Br. ex Jeanes,Thelymitra,jacksonii Hopper,,,,2025-09-07 07:09:47.092029,2025-09-07 07:09:47.092032
6157,Thelymitra javanica Blume,Thelymitra,javanica Blume,,,,2025-09-07 07:09:47.131276,2025-09-07 07:09:47.131279
6158,Thelymitra jonesii Jeanes,Thelymitra,jonesii Jeanes,,,,2025-09-07 07:09:47.172338,2025-09-07 07:09:47.172341
6159,Thelymitra juncifolia Lindl.,Thelymitra,juncifolia Lindl.,,,,2025-09-07 07:09:47.211408,2025-09-07 07:09:47.211411
6160,Thelymitra kangaloonica Jeanes,Thelymitra,kangaloonica Jeanes,,,,2025-09-07 07:09:47.250597,2025-09-07 07:09:47.250599
6161,Thelymitra latifolia R. J. Bates,Thelymitra,latifolia R.,,,,2025-09-07 07:09:47.289645,2025-09-07 07:09:47.289648
6162,Thelymitra latiloba Jeanes,Thelymitra,latiloba Jeanes,,,,2025-09-07 07:09:47.329284,2025-09-07 07:09:47.329286
6163,Thelymitra longifolia J. R. Forst. & G. Forst.,Thelymitra,longifolia J.,,,,2025-09-07 07:09:47.36838,2025-09-07 07:09:47.368382
6164,Thelymitra longiloba D. L. Jones & M. A. Clem.,Thelymitra,longiloba D.,,,,2025-09-07 07:09:47.407354,2025-09-07 07:09:47.407356
6165,Thelymitra lucida Jeanes,Thelymitra,lucida Jeanes,,,,2025-09-07 07:09:47.446787,2025-09-07 07:09:47.44679
6166,Thelymitra luteocilium Fitzg.,Thelymitra,luteocilium Fitzg.,,,,2025-09-07 07:09:47.48622,2025-09-07 07:09:47.486223
6167,Thelymitra macrophylla Lindl.,Thelymitra,macrophylla Lindl.,,,,2025-09-07 07:09:47.525729,2025-09-07 07:09:47.525732
6168,Thelymitra maculata Jeanes,Thelymitra,maculata Jeanes,,,,2025-09-07 07:09:47.565354,2025-09-07 07:09:47.565358
6169,Thelymitra magnifica Jeanes,Thelymitra,magnifica Jeanes,,,,2025-09-07 07:09:47.608706,2025-09-07 07:09:47.60871
6170,Thelymitra malvina M. A. Clem.,Thelymitra,malvina M.,,,,2025-09-07 07:09:47.648798,2025-09-07 07:09:47.648801
6171,Thelymitra matthewsii Cheeseman,Thelymitra,matthewsii Cheeseman,,,,2025-09-07 07:09:47.689798,2025-09-07 07:09:47.689801
6172,Thelymitra media R. Br.,Thelymitra,media R.,,,,2025-09-07 07:09:47.729239,2025-09-07 07:09:47.729243
6173,Thelymitra media R. Br. var. carnolutea Nicholls,Thelymitra,media R.,,,,2025-09-07 07:09:47.768784,2025-09-07 07:09:47.768788
6174,Thelymitra megacalyptra Fitzg.,Thelymitra,megacalyptra Fitzg.,,,,2025-09-07 07:09:47.808119,2025-09-07 07:09:47.808122
6175,Thelymitra merraniae Nicholls,Thelymitra,merraniae Nicholls,,,,2025-09-07 07:09:47.847402,2025-09-07 07:09:47.847404
6176,Thelymitra mucida Fitzg.,Thelymitra,mucida Fitzg.,,,,2025-09-07 07:09:47.886521,2025-09-07 07:09:47.886523
6177,Thelymitra nervosa Colenso,Thelymitra,nervosa Colenso,,,,2025-09-07 07:09:47.925637,2025-09-07 07:09:47.92564
6178,Thelymitra nuda R. Br.,Thelymitra,nuda R.,,,,2025-09-07 07:09:47.964925,2025-09-07 07:09:47.964928
6179,Thelymitra occidentalis Jeanes,Thelymitra,occidentalis Jeanes,,,,2025-09-07 07:09:48.004006,2025-09-07 07:09:48.004008
6180,Thelymitra odora R. J. Bates,Thelymitra,odora R.,,,,2025-09-07 07:09:48.043162,2025-09-07 07:09:48.043164
6181,Thelymitra orientalis R. J. Bates,Thelymitra,orientalis R.,,,,2025-09-07 07:09:48.082401,2025-09-07 07:09:48.082403
6182,Thelymitra pallidiflora Jeanes,Thelymitra,pallidiflora Jeanes,,,,2025-09-07 07:09:48.121374,2025-09-07 07:09:48.121376
6183,Thelymitra pallidifructus R. J. Bates,Thelymitra,pallidifructus R.,,,,2025-09-07 07:09:48.160322,2025-09-07 07:09:48.160324
6184,Thelymitra paludosa Jeanes,Thelymitra,paludosa Jeanes,,,,2025-09-07 07:09:48.199725,2025-09-07 07:09:48.199728
6185,Thelymitra papuana J. J. Sm.,Thelymitra,papuana J.,,,,2025-09-07 07:09:48.246856,2025-09-07 07:09:48.246859
6186,Thelymitra pauciflora R. Br.,Thelymitra,pauciflora R.,,,,2025-09-07 07:09:48.286615,2025-09-07 07:09:48.286617
6187,Thelymitra peniculata Jeanes,Thelymitra,peniculata Jeanes,,,,2025-09-07 07:09:48.325743,2025-09-07 07:09:48.325746
6188,Thelymitra petrophila Jeanes,Thelymitra,petrophila Jeanes,,,,2025-09-07 07:09:48.364847,2025-09-07 07:09:48.364848
6189,Thelymitra planicola Jeanes,Thelymitra,planicola Jeanes,,,,2025-09-07 07:09:48.40403,2025-09-07 07:09:48.404031
6190,Thelymitra polychroma D. L. Jones & M. A. Clem.,Thelymitra,polychroma D.,,,,2025-09-07 07:09:48.443217,2025-09-07 07:09:48.443219
6191,Thelymitra psammophila C. R. P. Andrews,Thelymitra,psammophila C.,,,,2025-09-07 07:09:48.483378,2025-09-07 07:09:48.483382
6192,Thelymitra pulchella Hook.f.,Thelymitra,pulchella Hook.f.,,,,2025-09-07 07:09:48.523778,2025-09-07 07:09:48.523781
6193,Thelymitra pulcherrima Jeanes,Thelymitra,pulcherrima Jeanes,,,,2025-09-07 07:09:48.563886,2025-09-07 07:09:48.563889
6194,Thelymitra purpurata Rupp,Thelymitra,purpurata Rupp,,,,2025-09-07 07:09:48.603795,2025-09-07 07:09:48.603798
6195,Thelymitra queenslandica Jeanes,Thelymitra,queenslandica Jeanes,,,,2025-09-07 07:09:48.646446,2025-09-07 07:09:48.646449
6196,Thelymitra reflexa Jeanes,Thelymitra,reflexa Jeanes,,,,2025-09-07 07:09:48.686285,2025-09-07 07:09:48.686288
6197,Thelymitra rubra Fitzg.,Thelymitra,rubra Fitzg.,,,,2025-09-07 07:09:48.726319,2025-09-07 07:09:48.726323
6198,Thelymitra rubricaulis R. J. Bates,Thelymitra,rubricaulis R.,,,,2025-09-07 07:09:48.765811,2025-09-07 07:09:48.765814
6199,Thelymitra sanscilia H. S. Irwin ex Hatch,Thelymitra,sanscilia H.,,,,2025-09-07 07:09:48.80538,2025-09-07 07:09:48.805384
6200,Thelymitra sargentii R. S. Rogers,Thelymitra,sargentii R.,,,,2025-09-07 07:09:48.844537,2025-09-07 07:09:48.844539
6201,Thelymitra silena D. L. Jones,Thelymitra,silena D.,,,,2025-09-07 07:09:48.883442,2025-09-07 07:09:48.883445
6202,Thelymitra simulata D. L. Jones & M. A. Clem.,Thelymitra,simulata D.,,,,2025-09-07 07:09:48.922464,2025-09-07 07:09:48.922466
6203,Thelymitra spadicea D. L. Jones & M. A. Clem.,Thelymitra,spadicea D.,,,,2025-09-07 07:09:48.961821,2025-09-07 07:09:48.961823
6204,Thelymitra sparsa D. L. Jones & M. A. Clem.,Thelymitra,sparsa D.,,,,2025-09-07 07:09:49.001302,2025-09-07 07:09:49.001305
6205,Thelymitra speciosa Jeanes,Thelymitra,speciosa Jeanes,,,,2025-09-07 07:09:49.040387,2025-09-07 07:09:49.040389
6206,Thelymitra spiralis (Lindl.) F. Muell.,Thelymitra,spiralis Lindl.,,,,2025-09-07 07:09:49.079143,2025-09-07 07:09:49.079145
6207,Thelymitra stellata Lindl.,Thelymitra,stellata Lindl.,,,,2025-09-07 07:09:49.118306,2025-09-07 07:09:49.118308
6208,Thelymitra tholiformis Molloy & Hatch,Thelymitra,tholiformis Molloy,,,,2025-09-07 07:09:49.157443,2025-09-07 07:09:49.157444
6209,Thelymitra tigrina R. Br.,Thelymitra,tigrina R.,,,,2025-09-07 07:09:49.196335,2025-09-07 07:09:49.196337
6210,Thelymitra tubulina R. J. Bates,Thelymitra,tubulina R.,,,,2025-09-07 07:09:49.23563,2025-09-07 07:09:49.235633
6211,Thelymitra uliginosa Jeanes,Thelymitra,uliginosa Jeanes,,,,2025-09-07 07:09:49.275099,2025-09-07 07:09:49.275102
6212,Thelymitra variegata (Lindl.) F. Muell.,Thelymitra,variegata Lindl.,,,,2025-09-07 07:09:49.315238,2025-09-07 07:09:49.315241
6213,Thelymitra venosa R. Br.,Thelymitra,venosa R.,,,,2025-09-07 07:09:49.358153,2025-09-07 07:09:49.358156
6214,Thelymitra villosa Lindl.,Thelymitra,villosa Lindl.,,,,2025-09-07 07:09:49.397648,2025-09-07 07:09:49.39765
6215,Thelymitra viridis Jeanes,Thelymitra,viridis Jeanes,,,,2025-09-07 07:09:49.436784,2025-09-07 07:09:49.436785
6216,Thelymitra vulgaris Jeanes,Thelymitra,vulgaris Jeanes,,,,2025-09-07 07:09:49.475646,2025-09-07 07:09:49.475648
6217,Thelymitra x chasmogama R. S. Rogers,Thelymitra,x chasmogama,,,,2025-09-07 07:09:49.514609,2025-09-07 07:09:49.514611
6218,Thelymitra x dentata L. B. Moore,Thelymitra,x dentata,,,,2025-09-07 07:09:49.553562,2025-09-07 07:09:49.553565
6219,Thelymitra x irregularis Nicholls,Thelymitra,x irregularis,,,,2025-09-07 07:09:49.592727,2025-09-07 07:09:49.59273
6220,Thelymitra x mackibbinii F. Muell.,Thelymitra,x mackibbinii,,,,2025-09-07 07:09:49.631814,2025-09-07 07:09:49.631817
6221,Thelymitra x macmillanii F. Muell.,Thelymitra,x macmillanii,,,,2025-09-07 07:09:49.67097,2025-09-07 07:09:49.670973
6222,Thelymitra x truncata R. S. Rogers,Thelymitra,x truncata,,,,2025-09-07 07:09:49.710457,2025-09-07 07:09:49.71046
6223,Thelymitra xanthotricha Jeanes,Thelymitra,xanthotricha Jeanes,,,,2025-09-07 07:09:49.750141,2025-09-07 07:09:49.750144
6224,Thelymitra yorkensis Jeanes,Thelymitra,yorkensis Jeanes,,,,2025-09-07 07:09:49.789032,2025-09-07 07:09:49.789036
6225,Chloraea Lindl.,Chloraea,Lindl.,,,,2025-09-07 07:09:49.828194,2025-09-07 07:09:49.828196
6226,Chloraea alpina Poepp.,Chloraea,alpina Poepp.,,,,2025-09-07 07:09:49.866845,2025-09-07 07:09:49.866848
6227,Chloraea apinnula (Gosewijn) Szlach.,Chloraea,apinnula Gosewijn,,,,2025-09-07 07:09:49.905563,2025-09-07 07:09:49.905564
6228,Chloraea barbata Lindl.,Chloraea,barbata Lindl.,,,,2025-09-07 07:09:49.944358,2025-09-07 07:09:49.944359
6229,Chloraea bella Hauman,Chloraea,bella Hauman,,,,2025-09-07 07:09:49.982921,2025-09-07 07:09:49.982922
6230,Chloraea bidentata (Poepp. & Endl.) M. N. Correa,Chloraea,bidentata Poepp.,,,,2025-09-07 07:09:50.021914,2025-09-07 07:09:50.021917
6231,Chloraea biserialis Griseb.,Chloraea,biserialis Griseb.,,,,2025-09-07 07:09:50.060979,2025-09-07 07:09:50.060982
6232,Chloraea bletioides Lindl.,Chloraea,bletioides Lindl.,,,,2025-09-07 07:09:50.099878,2025-09-07 07:09:50.099881
6233,Chloraea boliviana (Rchb.f.) Kraenzl.,Chloraea,boliviana Rchb.f.,,,,2025-09-07 07:09:50.138782,2025-09-07 07:09:50.138783
6234,Chloraea calantha Kraenzl.,Chloraea,calantha Kraenzl.,,,,2025-09-07 07:09:50.177818,2025-09-07 07:09:50.177821
6235,Chloraea castillonii Hauman,Chloraea,castillonii Hauman,,,,2025-09-07 07:09:50.216781,2025-09-07 07:09:50.216783
6236,Chloraea chrysantha Poepp.,Chloraea,chrysantha Poepp.,,,,2025-09-07 07:09:50.256292,2025-09-07 07:09:50.256295
6237,Chloraea cogniauxii Hauman,Chloraea,cogniauxii Hauman,,,,2025-09-07 07:09:50.295293,2025-09-07 07:09:50.295296
6238,Chloraea crispa Lindl.,Chloraea,crispa Lindl.,,,,2025-09-07 07:09:50.336307,2025-09-07 07:09:50.336311
6239,Chloraea cristata Lindl.,Chloraea,cristata Lindl.,,,,2025-09-07 07:09:50.378823,2025-09-07 07:09:50.378826
6240,Chloraea cuneata Lindl.,Chloraea,cuneata Lindl.,,,,2025-09-07 07:09:50.417561,2025-09-07 07:09:50.417563
6241,Chloraea curicana Ravenna,Chloraea,curicana Ravenna,,,,2025-09-07 07:09:50.456393,2025-09-07 07:09:50.456395
6242,Chloraea cylindrostachya Poepp.,Chloraea,cylindrostachya Poepp.,,,,2025-09-07 07:09:50.495248,2025-09-07 07:09:50.49525
6243,Chloraea deflexa Ravenna,Chloraea,deflexa Ravenna,,,,2025-09-07 07:09:50.534212,2025-09-07 07:09:50.534214
6244,Chloraea densipapillosa C. Schweinf.,Chloraea,densipapillosa C.,,,,2025-09-07 07:09:50.572945,2025-09-07 07:09:50.572948
6245,Chloraea disoides Lindl.,Chloraea,disoides Lindl.,,,,2025-09-07 07:09:50.612514,2025-09-07 07:09:50.612518
6246,Chloraea elegans M. N. Correa,Chloraea,elegans M.,,,,2025-09-07 07:09:50.652425,2025-09-07 07:09:50.652427
6247,Chloraea fiebrigiana Kraenzl.,Chloraea,fiebrigiana Kraenzl.,,,,2025-09-07 07:09:50.691701,2025-09-07 07:09:50.691704
6248,Chloraea fonkii Phil.,Chloraea,fonkii Phil.,,,,2025-09-07 07:09:50.730919,2025-09-07 07:09:50.730922
6249,Chloraea galeata Lindl.,Chloraea,galeata Lindl.,,,,2025-09-07 07:09:50.77025,2025-09-07 07:09:50.770252
6250,Chloraea gavila Lindl.,Chloraea,gavila Lindl.,,,,2025-09-07 07:09:50.809729,2025-09-07 07:09:50.809732
6251,Chloraea grandiflora Poepp.,Chloraea,grandiflora Poepp.,,,,2025-09-07 07:09:50.849427,2025-09-07 07:09:50.84943
6252,Chloraea heteroglossa Rchb.f.,Chloraea,heteroglossa Rchb.f.,,,,2025-09-07 07:09:50.888833,2025-09-07 07:09:50.888836
6253,Chloraea lamellata Lindl.,Chloraea,lamellata Lindl.,,,,2025-09-07 07:09:50.927697,2025-09-07 07:09:50.9277
6254,Chloraea laxiflora Hauman,Chloraea,laxiflora Hauman,,,,2025-09-07 07:09:50.966348,2025-09-07 07:09:50.96635
6255,Chloraea lechleri Lindl.,Chloraea,lechleri Lindl.,,,,2025-09-07 07:09:51.007609,2025-09-07 07:09:51.007612
6256,Chloraea longipetala Lindl.,Chloraea,longipetala Lindl.,,,,2025-09-07 07:09:51.046642,2025-09-07 07:09:51.046643
6257,Chloraea magellanica Hook.f.,Chloraea,magellanica Hook.f.,,,,2025-09-07 07:09:51.086526,2025-09-07 07:09:51.086529
6258,Chloraea membranacea Lindl.,Chloraea,membranacea Lindl.,,,,2025-09-07 07:09:51.126206,2025-09-07 07:09:51.126208
6259,Chloraea multiflora Lindl.,Chloraea,multiflora Lindl.,,,,2025-09-07 07:09:51.16541,2025-09-07 07:09:51.165411
6260,Chloraea multilineolata C. Schweinf.,Chloraea,multilineolata C.,,,,2025-09-07 07:09:51.204379,2025-09-07 07:09:51.204381
6261,Chloraea nudilabia Poepp.,Chloraea,nudilabia Poepp.,,,,2025-09-07 07:09:51.243373,2025-09-07 07:09:51.243376
6262,Chloraea pavonii Lindl.,Chloraea,pavonii Lindl.,,,,2025-09-07 07:09:51.28583,2025-09-07 07:09:51.285833
6263,Chloraea philippii Rchb.f.,Chloraea,philippii Rchb.f.,,,,2025-09-07 07:09:51.331377,2025-09-07 07:09:51.33138
6264,Chloraea phoenicea Speg.,Chloraea,phoenicea Speg.,,,,2025-09-07 07:09:51.370694,2025-09-07 07:09:51.370697
6265,Chloraea piquichen (Lam.) Lindl.,Chloraea,piquichen Lam.,,,,2025-09-07 07:09:51.411873,2025-09-07 07:09:51.411877
6266,Chloraea praecincta Speg. & Kraenzl.,Chloraea,praecincta Speg.,,,,2025-09-07 07:09:51.451178,2025-09-07 07:09:51.45118
6267,Chloraea prodigiosa Rchb.f.,Chloraea,prodigiosa Rchb.f.,,,,2025-09-07 07:09:51.490272,2025-09-07 07:09:51.490273
6268,Chloraea reticulata (Reiche) Schltr.,Chloraea,reticulata Reiche,,,,2025-09-07 07:09:51.536382,2025-09-07 07:09:51.536384
6269,Chloraea riojana A. Sobral & Novoa,Chloraea,riojana A.,,,,2025-09-07 07:09:51.575156,2025-09-07 07:09:51.575158
6270,Chloraea septentrionalis M. N. Correa,Chloraea,septentrionalis M.,,,,2025-09-07 07:09:51.63539,2025-09-07 07:09:51.635393
6271,Chloraea speciosa Poepp.,Chloraea,speciosa Poepp.,,,,2025-09-07 07:09:51.683659,2025-09-07 07:09:51.683662
6272,Chloraea subpandurata Hauman,Chloraea,subpandurata Hauman,,,,2025-09-07 07:09:51.723146,2025-09-07 07:09:51.723149
6273,Chloraea tectata Ravenna,Chloraea,tectata Ravenna,,,,2025-09-07 07:09:51.76281,2025-09-07 07:09:51.762814
6274,Chloraea viridiflora Poepp.,Chloraea,viridiflora Poepp.,,,,2025-09-07 07:09:51.802383,2025-09-07 07:09:51.802386
6275,Chloraea volkmannii Phil. ex Kraenzl.,Chloraea,volkmannii Phil.,,,,2025-09-07 07:09:51.84146,2025-09-07 07:09:51.841463
6276,Chloraea x flavovirens G. A. Rojas & J. M. Watson,Chloraea,x flavovirens,,,,2025-09-07 07:09:51.88232,2025-09-07 07:09:51.882324
6277,Gavilea Poepp.,Gavilea,Poepp.,,,,2025-09-07 07:09:51.92247,2025-09-07 07:09:51.922473
6278,Gavilea araucana (Phil.) M. N. Correa,Gavilea,araucana Phil.,,,,2025-09-07 07:09:51.961594,2025-09-07 07:09:51.961596
6279,Gavilea australis (Skottsb.) M. N. Correa,Gavilea,australis Skottsb.,,,,2025-09-07 07:09:52.000658,2025-09-07 07:09:52.000659
6280,Gavilea cardioglossa ssp. cardioglossa (Reiche) M. N. Correa,Gavilea,cardioglossa ssp.,,,,2025-09-07 07:09:52.039513,2025-09-07 07:09:52.039515
6281,Gavilea cardioglossa ssp. tumbesiana Teillier,Gavilea,cardioglossa ssp.,,,,2025-09-07 07:09:52.078511,2025-09-07 07:09:52.078512
6282,Gavilea chica (Speg. & Kraenzl.) Chemisquy,Gavilea,chica Speg.,,,,2025-09-07 07:09:52.117672,2025-09-07 07:09:52.117675
6283,Gavilea gladysiae Chemisquy,Gavilea,gladysiae Chemisquy,,,,2025-09-07 07:09:52.156699,2025-09-07 07:09:52.156702
6284,Gavilea glandulifera (Poepp.) M. N. Correa,Gavilea,glandulifera Poepp.,,,,2025-09-07 07:09:52.195817,2025-09-07 07:09:52.195819
6285,Gavilea insularis M. N. Correa,Gavilea,insularis M.,,,,2025-09-07 07:09:52.23488,2025-09-07 07:09:52.234882
6286,Gavilea kingii (Hook.f.) M. N. Correa,Gavilea,kingii Hook.f.,,,,2025-09-07 07:09:52.273555,2025-09-07 07:09:52.273557
6287,Gavilea litoralis (Phil.) M. N. Correa,Gavilea,litoralis Phil.,,,,2025-09-07 07:09:52.312327,2025-09-07 07:09:52.312328
6288,Gavilea longibracteata (Lindl.) Sparre ex L. E. Navas,Gavilea,longibracteata Lindl.,,,,2025-09-07 07:09:52.351232,2025-09-07 07:09:52.351234
6289,Gavilea lutea (Pers.) M. N. Correa,Gavilea,lutea Pers.,,,,2025-09-07 07:09:52.389936,2025-09-07 07:09:52.389939
6290,Gavilea odoratissima Poepp.,Gavilea,odoratissima Poepp.,,,,2025-09-07 07:09:52.428918,2025-09-07 07:09:52.428922
6291,Gavilea platyantha (Rchb.f.) Ormerod,Gavilea,platyantha Rchb.f.,,,,2025-09-07 07:09:52.468247,2025-09-07 07:09:52.46825
6292,Gavilea supralabellata M. N. Correa,Gavilea,supralabellata M.,,,,2025-09-07 07:09:52.507321,2025-09-07 07:09:52.507323
6293,Gavilea trullata Ormerod,Gavilea,trullata Ormerod,,,,2025-09-07 07:09:52.546119,2025-09-07 07:09:52.546121
6294,Gavilea venosa (Lam.) Garay & Ormerod,Gavilea,venosa Lam.,,,,2025-09-07 07:09:52.584817,2025-09-07 07:09:52.584818
6295,Gavilea wittei (Hicken) Ormerod,Gavilea,wittei Hicken,,,,2025-09-07 07:09:52.627783,2025-09-07 07:09:52.627786
6296,Bipinnula Comm. ex Juss.,Bipinnula,Comm. ex,,,,2025-09-07 07:09:52.667025,2025-09-07 07:09:52.667028
6297,Bipinnula biplumata (L.f.) Rchb.f.,Bipinnula,biplumata L.f.,,,,2025-09-07 07:09:52.716858,2025-09-07 07:09:52.716861
6298,Bipinnula fimbriata (Poepp.) I. M. Johnst.,Bipinnula,fimbriata Poepp.,,,,2025-09-07 07:09:52.756171,2025-09-07 07:09:52.756174
6299,Bipinnula gabriel P. A. Bravo & G. M. Baeza,Bipinnula,gabriel P.,,,,2025-09-07 07:09:52.79529,2025-09-07 07:09:52.795293
6300,Bipinnula gibertii Rchb.f.,Bipinnula,gibertii Rchb.f.,,,,2025-09-07 07:09:52.834285,2025-09-07 07:09:52.834289
6301,Bipinnula montana Arechav.,Bipinnula,montana Arechav.,,,,2025-09-07 07:09:52.873301,2025-09-07 07:09:52.873304
6302,Bipinnula penicillata (Rchb.f.) Cisternas & Salazar,Bipinnula,penicillata Rchb.f.,,,,2025-09-07 07:09:52.912674,2025-09-07 07:09:52.912678
6303,Bipinnula plumosa Lindl.,Bipinnula,plumosa Lindl.,,,,2025-09-07 07:09:52.958516,2025-09-07 07:09:52.958519
6304,Bipinnula polysyka Kraenzl.,Bipinnula,polysyka Kraenzl.,,,,2025-09-07 07:09:52.998193,2025-09-07 07:09:52.998196
6305,Bipinnula taltalensis I. M. Johnst.,Bipinnula,taltalensis I.,,,,2025-09-07 07:09:53.037696,2025-09-07 07:09:53.037699
6306,Bipinnula volkmannii Kraenzl.,Bipinnula,volkmannii Kraenzl.,,,,2025-09-07 07:09:53.077674,2025-09-07 07:09:53.077676
6307,Pterostylis R. Br.,Pterostylis,R. Br.,,,,2025-09-07 07:09:53.116504,2025-09-07 07:09:53.116505
6308,Pterostylis abrupta D. L. Jones,Pterostylis,abrupta D.,,,,2025-09-07 07:09:53.15548,2025-09-07 07:09:53.155482
6309,Pterostylis aciculiformis (Nicholls) M. A. Clem. & D. L. Jones,Pterostylis,aciculiformis Nicholls,,,,2025-09-07 07:09:53.194723,2025-09-07 07:09:53.194727
6310,Pterostylis actites (D. L. Jones & C. J. French) D. L. Jones & C. J. French,Pterostylis,actites D.,,,,2025-09-07 07:09:53.240134,2025-09-07 07:09:53.240137
6311,Pterostylis acuminata R. Br.,Pterostylis,acuminata R.,,,,2025-09-07 07:09:53.278935,2025-09-07 07:09:53.278937
6312,Pterostylis aestiva D. L. Jones,Pterostylis,aestiva D.,,,,2025-09-07 07:09:53.317995,2025-09-07 07:09:53.317998
6313,Pterostylis agathicola D. L. Jones,Pterostylis,agathicola D.,,,,2025-09-07 07:09:53.357478,2025-09-07 07:09:53.35748
6314,Pterostylis agrestis (D. L. Jones) G. N. Backh.,Pterostylis,agrestis D.,,,,2025-09-07 07:09:53.396293,2025-09-07 07:09:53.396295
6315,Pterostylis alata (Labill.) Rchb.f.,Pterostylis,alata Labill.,,,,2025-09-07 07:09:53.437497,2025-09-07 07:09:53.4375
6316,Pterostylis allantoidea R. S. Rogers,Pterostylis,allantoidea R.,,,,2025-09-07 07:09:53.476968,2025-09-07 07:09:53.47697
6317,Pterostylis alobula (Hatch) L. B. Moore,Pterostylis,alobula Hatch,,,,2025-09-07 07:09:53.516185,2025-09-07 07:09:53.516189
6318,Pterostylis alpina R. S. Rogers,Pterostylis,alpina R.,,,,2025-09-07 07:09:53.554921,2025-09-07 07:09:53.554922
6319,Pterostylis alveata Garnet,Pterostylis,alveata Garnet,,,,2025-09-07 07:09:53.593682,2025-09-07 07:09:53.593684
6320,Pterostylis amabilis (D. L. Jones & L. M. Copel.) D. L. Jones,Pterostylis,amabilis D.,,,,2025-09-07 07:09:53.632565,2025-09-07 07:09:53.632567
6321,Pterostylis ampla (D. L. Jones & R. J. Bates) comb. ined.,Pterostylis,ampla D.,,,,2025-09-07 07:09:53.671155,2025-09-07 07:09:53.671157
6322,Pterostylis ampliata (D. L. Jones) D. L. Jones,Pterostylis,ampliata D.,,,,2025-09-07 07:09:53.709836,2025-09-07 07:09:53.709838
6323,Pterostylis anaclasta (D. L. Jones) Janes & Duretto,Pterostylis,anaclasta D.,,,,2025-09-07 07:09:53.748861,2025-09-07 07:09:53.748864
6324,Pterostylis anatona D. L. Jones,Pterostylis,anatona D.,,,,2025-09-07 07:09:53.788313,2025-09-07 07:09:53.788316
6325,Pterostylis aneba D. L. Jones,Pterostylis,aneba D.,,,,2025-09-07 07:09:53.82745,2025-09-07 07:09:53.827453
6326,Pterostylis anemophila (D. L. Jones) R. Kr. Singh & Sanjeet Kumar,Pterostylis,anemophila D.,,,,2025-09-07 07:09:53.866485,2025-09-07 07:09:53.866502
6327,Pterostylis angulata (D. L. Jones & C. J. French) D. L. Jones & C. J. French,Pterostylis,angulata D.,,,,2025-09-07 07:09:53.905528,2025-09-07 07:09:53.90553
6328,Pterostylis angusta A. S. George,Pterostylis,angusta A.,,,,2025-09-07 07:09:53.944368,2025-09-07 07:09:53.94437
6329,Pterostylis antennifera (D. L. Jones) D. L. Jones,Pterostylis,antennifera D.,,,,2025-09-07 07:09:53.983431,2025-09-07 07:09:53.983433
6330,Pterostylis aphylla Lindl.,Pterostylis,aphylla Lindl.,,,,2025-09-07 07:09:54.023529,2025-09-07 07:09:54.023533
6331,Pterostylis aquilonia D. L. Jones & B. Gray,Pterostylis,aquilonia D.,,,,2025-09-07 07:09:54.062944,2025-09-07 07:09:54.062947
6332,Pterostylis arbuscula (D. L. Jones & C. J. French) D. L. Jones & C. J. French,Pterostylis,arbuscula D.,,,,2025-09-07 07:09:54.10242,2025-09-07 07:09:54.102423
6333,Pterostylis arenicola M. A. Clem. & J. Stewart,Pterostylis,arenicola M.,,,,2025-09-07 07:09:54.141487,2025-09-07 07:09:54.141488
6334,Pterostylis areolata Petrie,Pterostylis,areolata Petrie,,,,2025-09-07 07:09:54.180309,2025-09-07 07:09:54.18031
6335,Pterostylis arfakensis (J. J. Sm.) D. L. Jones & M. A. Clem.,Pterostylis,arfakensis J.,,,,2025-09-07 07:09:54.219394,2025-09-07 07:09:54.219397
6336,Pterostylis argillacea G. Brockman & C. J. French,Pterostylis,argillacea G.,,,,2025-09-07 07:09:54.258824,2025-09-07 07:09:54.258827
6337,Pterostylis arida G. Brockman & C. J. French,Pterostylis,arida G.,,,,2025-09-07 07:09:54.300926,2025-09-07 07:09:54.30093
6338,Pterostylis aspera D. L. Jones & M. A. Clem.,Pterostylis,aspera D.,,,,2025-09-07 07:09:54.339992,2025-09-07 07:09:54.339995
6339,Pterostylis atrans D. L. Jones,Pterostylis,atrans D.,,,,2025-09-07 07:09:54.378751,2025-09-07 07:09:54.378753
6340,Pterostylis atriola D. L. Jones,Pterostylis,atriola D.,,,,2025-09-07 07:09:54.417631,2025-09-07 07:09:54.417633
6341,Pterostylis atrosanguinea (D. L. Jones & C. J. French) D. L. Jones & C. J. French,Pterostylis,atrosanguinea D.,,,,2025-09-07 07:09:54.456482,2025-09-07 07:09:54.456484
6342,Pterostylis auriculata Colenso,Pterostylis,auriculata Colenso,,,,2025-09-07 07:09:54.495666,2025-09-07 07:09:54.495668
6343,Pterostylis australis Hook.f.,Pterostylis,australis Hook.f.,,,,2025-09-07 07:09:54.534849,2025-09-07 07:09:54.534851
6344,Pterostylis banksii R. Br. ex A. Cunn.,Pterostylis,banksii R.,,,,2025-09-07 07:09:54.574587,2025-09-07 07:09:54.57459
6345,Pterostylis baptisii Fitzg.,Pterostylis,baptisii Fitzg.,,,,2025-09-07 07:09:54.613571,2025-09-07 07:09:54.613573
6346,Pterostylis barbata Lindl.,Pterostylis,barbata Lindl.,,,,2025-09-07 07:09:54.65241,2025-09-07 07:09:54.652412
6347,Pterostylis barringtonensis (D. L. Jones) G. N. Backh.,Pterostylis,barringtonensis D.,,,,2025-09-07 07:09:54.691617,2025-09-07 07:09:54.691619
6348,Pterostylis basaltica D. L. Jones & M. A. Clem.,Pterostylis,basaltica D.,,,,2025-09-07 07:09:54.730445,2025-09-07 07:09:54.730447
6349,Pterostylis bicolor M. A. Clem. & D. L. Jones,Pterostylis,bicolor M.,,,,2025-09-07 07:09:54.769292,2025-09-07 07:09:54.769294
6350,Pterostylis bicornis D. L. Jones & M. A. Clem.,Pterostylis,bicornis D.,,,,2025-09-07 07:09:54.808187,2025-09-07 07:09:54.80819
6351,Pterostylis biseta Blackmore & Clemesha,Pterostylis,biseta Blackmore,,,,2025-09-07 07:09:54.847522,2025-09-07 07:09:54.847525
6352,Pterostylis boormanii Rupp,Pterostylis,boormanii Rupp,,,,2025-09-07 07:09:54.886733,2025-09-07 07:09:54.886736
6353,Pterostylis borealis (D. L. Jones) D. L. Jones,Pterostylis,borealis D.,,,,2025-09-07 07:09:54.925723,2025-09-07 07:09:54.925726
6354,Pterostylis bracteatus (D. L. Jones & R. J. Bates) J. M. H. Shaw,Pterostylis,bracteatus D.,,,,2025-09-07 07:09:54.964681,2025-09-07 07:09:54.964684
6355,Pterostylis braemii H. Mohr,Pterostylis,braemii H.,,,,2025-09-07 07:09:55.00376,2025-09-07 07:09:55.003762
6356,Pterostylis brevichila D. L. Jones & C. J. French,Pterostylis,brevichila D.,,,,2025-09-07 07:09:55.043678,2025-09-07 07:09:55.043682
6357,Pterostylis brevisepala (D. L. Jones & C. J. French) D. L. Jones & C. J. French,Pterostylis,brevisepala D.,,,,2025-09-07 07:09:55.086421,2025-09-07 07:09:55.086425
6358,Pterostylis brinsleyi (D. L. Jones) J. M. H. Shaw,Pterostylis,brinsleyi D.,,,,2025-09-07 07:09:55.125817,2025-09-07 07:09:55.125821
6359,Pterostylis brumalis L. B. Moore,Pterostylis,brumalis L.,,,,2025-09-07 07:09:55.166649,2025-09-07 07:09:55.166652
6360,Pterostylis bruniella (R. J. Bates) J. M. H. Shaw,Pterostylis,bruniella R.,,,,2025-09-07 07:09:55.20754,2025-09-07 07:09:55.207543
6361,Pterostylis brunneola D. L. Jones & C. J. French,Pterostylis,brunneola D.,,,,2025-09-07 07:09:55.246852,2025-09-07 07:09:55.246855
6362,Pterostylis bryophila D. L. Jones,Pterostylis,bryophila D.,,,,2025-09-07 07:09:55.287077,2025-09-07 07:09:55.28708
6363,Pterostylis bureaviana Schltr.,Pterostylis,bureaviana Schltr.,,,,2025-09-07 07:09:55.330682,2025-09-07 07:09:55.330686
6364,Pterostylis calceolus M. A. Clem.,Pterostylis,calceolus M.,,,,2025-09-07 07:09:55.369886,2025-09-07 07:09:55.369889
6365,Pterostylis calcicola (D. L. Jones) R. Kr. Singh & Sanjeet Kumar,Pterostylis,calcicola D.,,,,2025-09-07 07:09:55.40919,2025-09-07 07:09:55.409193
6366,Pterostylis caligna M. T. Mathieson,Pterostylis,caligna M.,,,,2025-09-07 07:09:55.448494,2025-09-07 07:09:55.448498
6367,Pterostylis cardiostigma D. Cooper,Pterostylis,cardiostigma D.,,,,2025-09-07 07:09:55.487572,2025-09-07 07:09:55.487576
6368,Pterostylis caulescens L. O. Williams,Pterostylis,caulescens L.,,,,2025-09-07 07:09:55.526904,2025-09-07 07:09:55.526908
6369,Pterostylis cernua D. L. Jones,Pterostylis,cernua D.,,,,2025-09-07 07:09:55.566328,2025-09-07 07:09:55.566331
6370,Pterostylis chaetophora M. A. Clem. & D. L. Jones,Pterostylis,chaetophora M.,,,,2025-09-07 07:09:55.605534,2025-09-07 07:09:55.605537
6371,Pterostylis cheraphila D. L. Jones & M. A. Clem.,Pterostylis,cheraphila D.,,,,2025-09-07 07:09:55.644748,2025-09-07 07:09:55.644751
6372,Pterostylis chlorogramma D. L. Jones & M. A. Clem.,Pterostylis,chlorogramma D.,,,,2025-09-07 07:09:55.683921,2025-09-07 07:09:55.683925
6373,Pterostylis chocolatina (D. L. Jones) G. N. Backh.,Pterostylis,chocolatina D.,,,,2025-09-07 07:09:55.723556,2025-09-07 07:09:55.723559
6374,Pterostylis ciliata M. A. Clem. & D. L. Jones,Pterostylis,ciliata M.,,,,2025-09-07 07:09:55.762799,2025-09-07 07:09:55.762801
6375,Pterostylis clavigera Fitzg.,Pterostylis,clavigera Fitzg.,,,,2025-09-07 07:09:55.802464,2025-09-07 07:09:55.802467
6376,Pterostylis clivicola (D. L. Jones) G. N. Backh.,Pterostylis,clivicola D.,,,,2025-09-07 07:09:55.842002,2025-09-07 07:09:55.842005
6377,Pterostylis clivosa (D. L. Jones) D. L. Jones,Pterostylis,clivosa D.,,,,2025-09-07 07:09:55.881611,2025-09-07 07:09:55.881614
6378,Pterostylis cobarensis M. A. Clem.,Pterostylis,cobarensis M.,,,,2025-09-07 07:09:55.922699,2025-09-07 07:09:55.922703
6379,Pterostylis coccina Fitzg.,Pterostylis,coccina Fitzg.,,,,2025-09-07 07:09:55.96316,2025-09-07 07:09:55.963163
6380,Pterostylis collina (Rupp) M. A. Clem. & D. L. Jones,Pterostylis,collina Rupp,,,,2025-09-07 07:09:56.002449,2025-09-07 07:09:56.002453
6381,Pterostylis commutata D. L. Jones,Pterostylis,commutata D.,,,,2025-09-07 07:09:56.044078,2025-09-07 07:09:56.044095
6382,Pterostylis concava D. Jones & M. A. Clem.,Pterostylis,concava D.,,,,2025-09-07 07:09:56.083608,2025-09-07 07:09:56.083611
6383,Pterostylis concinna R. Br.,Pterostylis,concinna R.,,,,2025-09-07 07:09:56.123262,2025-09-07 07:09:56.123266
6384,Pterostylis conferta ssp. conferta (D. L. Jones) G. N. Backh.,Pterostylis,conferta ssp.,,,,2025-09-07 07:09:56.177284,2025-09-07 07:09:56.177287
6385,Pterostylis conferta ssp. occidentalis (R. J. Bates) J. M. H. Shaw,Pterostylis,conferta ssp.,,,,2025-09-07 07:09:56.219619,2025-09-07 07:09:56.219623
6386,Pterostylis corpulenta (D. L. Jones) D. L. Jones,Pterostylis,corpulenta D.,,,,2025-09-07 07:09:56.259402,2025-09-07 07:09:56.259405
6387,Pterostylis crassa (D. L. Jones) G. N. Backh.,Pterostylis,crassa D.,,,,2025-09-07 07:09:56.298806,2025-09-07 07:09:56.298809
6388,Pterostylis crassicaulis (D. L. Jones & M. A. Clem.) G. N. Backh.,Pterostylis,crassicaulis D.,,,,2025-09-07 07:09:56.338098,2025-09-07 07:09:56.338102
6389,Pterostylis crassichila D. L. Jones,Pterostylis,crassichila D.,,,,2025-09-07 07:09:56.37744,2025-09-07 07:09:56.377443
6390,Pterostylis crebra (D. L. Jones) D. L. Jones,Pterostylis,crebra D.,,,,2025-09-07 07:09:56.416477,2025-09-07 07:09:56.41648
6391,Pterostylis crebriflora (D. L. Jones & C. J. French) D. L. Jones & C. J. French,Pterostylis,crebriflora D.,,,,2025-09-07 07:09:56.455498,2025-09-07 07:09:56.4555
6392,Pterostylis crispula (D. L. Jones & C. J. French) D. L. Jones & C. J. French,Pterostylis,crispula D.,,,,2025-09-07 07:09:56.494275,2025-09-07 07:09:56.494276
6393,Pterostylis cucullata R. Br.,Pterostylis,cucullata R.,,,,2025-09-07 07:09:56.533714,2025-09-07 07:09:56.533715
6394,Pterostylis curta R. Br.,Pterostylis,curta R.,,,,2025-09-07 07:09:56.572999,2025-09-07 07:09:56.573001
6395,Pterostylis cycnocephala Fitzg.,Pterostylis,cycnocephala Fitzg.,,,,2025-09-07 07:09:56.611965,2025-09-07 07:09:56.611966
6396,Pterostylis cymbella (D. L. Jones) R. Kr. Singh & Sanjeet Kumar,Pterostylis,cymbella D.,,,,2025-09-07 07:09:56.655749,2025-09-07 07:09:56.655752
6397,Pterostylis daintreana F. Muell. ex Benth.,Pterostylis,daintreana F.,,,,2025-09-07 07:09:56.695722,2025-09-07 07:09:56.695724
6398,Pterostylis david-lloyd-jonesii R. Kr. Singh,Pterostylis,david-lloyd-jonesii R.,,,,2025-09-07 07:09:56.73472,2025-09-07 07:09:56.734721
6399,Pterostylis decurva R. S. Rogers,Pterostylis,decurva R.,,,,2025-09-07 07:09:56.777049,2025-09-07 07:09:56.777052
6400,Pterostylis depauperata F. M. Bailey,Pterostylis,depauperata F.,,,,2025-09-07 07:09:56.816213,2025-09-07 07:09:56.816215
6401,Pterostylis despectans (Nicholls) M. A. Clem. & D. L. Jones,Pterostylis,despectans Nicholls,,,,2025-09-07 07:09:56.855369,2025-09-07 07:09:56.855371
6402,Pterostylis dilatata A. S. George,Pterostylis,dilatata A.,,,,2025-09-07 07:09:56.894699,2025-09-07 07:09:56.894701
6403,Pterostylis diminuta (D. L. Jones) G. N. Backh.,Pterostylis,diminuta D.,,,,2025-09-07 07:09:56.933952,2025-09-07 07:09:56.933955
6404,Pterostylis divaricata (D. L. Jones & L. M. Copel.) L. M. Copel. & D. L. Jones,Pterostylis,divaricata D.,,,,2025-09-07 07:09:56.973396,2025-09-07 07:09:56.973398
6405,Pterostylis diversiflora (R. J. Bates) J. M. H. Shaw,Pterostylis,diversiflora R.,,,,2025-09-07 07:09:57.01271,2025-09-07 07:09:57.012713
6406,Pterostylis dolichochila D. L. Jones & M. A. Clem.,Pterostylis,dolichochila D.,,,,2025-09-07 07:09:57.052467,2025-09-07 07:09:57.05247
6407,Pterostylis dubia R. Br.,Pterostylis,dubia R.,,,,2025-09-07 07:09:57.092135,2025-09-07 07:09:57.092138
6408,Pterostylis echinulata D. L. Jones & C. J. French,Pterostylis,echinulata D.,,,,2025-09-07 07:09:57.131006,2025-09-07 07:09:57.131008
6409,Pterostylis ectypha (D. L. Jones & C. J. French) D. L. Jones & C. J. French,Pterostylis,ectypha D.,,,,2025-09-07 07:09:57.170511,2025-09-07 07:09:57.170513
6410,Pterostylis elegans D. L. Jones,Pterostylis,elegans D.,,,,2025-09-07 07:09:57.210173,2025-09-07 07:09:57.210177
6411,Pterostylis elegantissima (D. L. Jones & C. J. French) D. L. Jones,Pterostylis,elegantissima D.,,,,2025-09-07 07:09:57.250254,2025-09-07 07:09:57.250257
6412,Pterostylis erecta T. E. Hunt,Pterostylis,erecta T.,,,,2025-09-07 07:09:57.290019,2025-09-07 07:09:57.290022
6413,Pterostylis eremaea (D. L. Jones & C. J. French) D. L. Jones & C. J. French,Pterostylis,eremaea D.,,,,2025-09-07 07:09:57.330854,2025-09-07 07:09:57.330857
6414,Pterostylis erubescens D. L. Jones & C. J. French,Pterostylis,erubescens D.,,,,2025-09-07 07:09:57.371884,2025-09-07 07:09:57.371888
6415,Pterostylis erythroconcha M. A. Clem. & D. L. Jones,Pterostylis,erythroconcha M.,,,,2025-09-07 07:09:57.412216,2025-09-07 07:09:57.412219
6416,Pterostylis exalla (D. L. Jones) G. N. Backh.,Pterostylis,exalla D.,,,,2025-09-07 07:09:57.452099,2025-09-07 07:09:57.452103
6417,Pterostylis excelsa M. A. Clem.,Pterostylis,excelsa M.,,,,2025-09-07 07:09:57.491594,2025-09-07 07:09:57.491598
6418,Pterostylis exquisita (D. L. Jones),Pterostylis,exquisita D.,,,,2025-09-07 07:09:57.530972,2025-09-07 07:09:57.530975
6419,Pterostylis exserta (D. L. Jones & C. J. French) D. L. Jones,Pterostylis,exserta D.,,,,2025-09-07 07:09:57.570344,2025-09-07 07:09:57.570348
6420,Pterostylis extensa (D. L. Jones) D. L. Jones,Pterostylis,extensa D.,,,,2025-09-07 07:09:57.609901,2025-09-07 07:09:57.609903
6421,Pterostylis extranea (D. L. Jones) Janes & Duretto,Pterostylis,extranea D.,,,,2025-09-07 07:09:57.648724,2025-09-07 07:09:57.648727
6422,Pterostylis faceta (D. L. Jones,Pterostylis,faceta D.,,,,2025-09-07 07:09:57.688532,2025-09-07 07:09:57.688535
6423,Pterostylis falcata R. S. Rogers,Pterostylis,falcata R.,,,,2025-09-07 07:09:57.727412,2025-09-07 07:09:57.727414
6424,Pterostylis ferruginea (D. L. Jones) G. N. Backh.,Pterostylis,ferruginea D.,,,,2025-09-07 07:09:57.766327,2025-09-07 07:09:57.766329
6425,Pterostylis fischii Nicholls,Pterostylis,fischii Nicholls,,,,2025-09-07 07:09:57.805544,2025-09-07 07:09:57.805545
6426,Pterostylis flavovirens (D. L. Jones) R. J. Bates,Pterostylis,flavovirens D.,,,,2025-09-07 07:09:57.844166,2025-09-07 07:09:57.844169
6427,Pterostylis foliacea (D. L. Jones) D. L. Jones,Pterostylis,foliacea D.,,,,2025-09-07 07:09:57.882964,2025-09-07 07:09:57.882966
6428,Pterostylis foliata Hook.f.,Pterostylis,foliata Hook.f.,,,,2025-09-07 07:09:57.922022,2025-09-07 07:09:57.922023
6429,Pterostylis frenchii (D. L. Jones) A. P. Br.,Pterostylis,frenchii D.,,,,2025-09-07 07:09:57.961021,2025-09-07 07:09:57.961023
6430,Pterostylis fuliginosa (D. L. Jones & C. J. French) D. L. Jones & C. J. French,Pterostylis,fuliginosa D.,,,,2025-09-07 07:09:58.000155,2025-09-07 07:09:58.000159
6431,Pterostylis furcata Lindl.,Pterostylis,furcata Lindl.,,,,2025-09-07 07:09:58.039385,2025-09-07 07:09:58.039387
6432,Pterostylis furva (D. L. Jones) D. L. Jones,Pterostylis,furva D.,,,,2025-09-07 07:09:58.078785,2025-09-07 07:09:58.078788
6433,Pterostylis galgula (D. L. Jones & C. J. French) D. L. Jones & C. J. French,Pterostylis,galgula D.,,,,2025-09-07 07:09:58.124642,2025-09-07 07:09:58.124645
6434,Pterostylis gibbosa R. Br.,Pterostylis,gibbosa R.,,,,2025-09-07 07:09:58.163814,2025-09-07 07:09:58.163817
6435,Pterostylis glebosa D. L. Jones & C. J. French,Pterostylis,glebosa D.,,,,2025-09-07 07:09:58.20253,2025-09-07 07:09:58.202533
6436,Pterostylis glyphida (D. L. Jones) G. N. Backh.,Pterostylis,glyphida D.,,,,2025-09-07 07:09:58.241707,2025-09-07 07:09:58.24171
6437,Pterostylis gracilens (D. L. Jones) R. Kr. Singh & Sanjeet Kumar,Pterostylis,gracilens D.,,,,2025-09-07 07:09:58.282065,2025-09-07 07:09:58.282069
6438,Pterostylis gracillima (D. L. Jones & C. J. French) D. L. Jones & C. J. French,Pterostylis,gracillima D.,,,,2025-09-07 07:09:58.321754,2025-09-07 07:09:58.321757
6439,Pterostylis graminea Hook.f.,Pterostylis,graminea Hook.f.,,,,2025-09-07 07:09:58.361634,2025-09-07 07:09:58.361638
6440,Pterostylis grandiflora R. Br.,Pterostylis,grandiflora R.,,,,2025-09-07 07:09:58.401112,2025-09-07 07:09:58.401115
6441,Pterostylis grossa (D. L. Jones & C. J. French) D. L. Jones & C. J. French,Pterostylis,grossa D.,,,,2025-09-07 07:09:58.440498,2025-09-07 07:09:58.440501
6442,Pterostylis hadra (D. L. Jones & C. J. French) D. L. Jones,Pterostylis,hadra D.,,,,2025-09-07 07:09:58.479622,2025-09-07 07:09:58.479625
6443,Pterostylis hamata Blackmore & Clemesha,Pterostylis,hamata Blackmore,,,,2025-09-07 07:09:58.519948,2025-09-07 07:09:58.519951
6444,Pterostylis hamiltonii Nicholls,Pterostylis,hamiltonii Nicholls,,,,2025-09-07 07:09:58.55935,2025-09-07 07:09:58.559352
6445,Pterostylis heberlei (D. L. Jones & C. J. French) D. L. Jones & C. J. French,Pterostylis,heberlei D.,,,,2025-09-07 07:09:58.598297,2025-09-07 07:09:58.598299
6446,Pterostylis hians D. L. Jones,Pterostylis,hians D.,,,,2025-09-07 07:09:58.636861,2025-09-07 07:09:58.636864
6447,Pterostylis hildae Nicholls,Pterostylis,hildae Nicholls,,,,2025-09-07 07:09:58.675392,2025-09-07 07:09:58.675394
6448,Pterostylis hispidula Fitzg.,Pterostylis,hispidula Fitzg.,,,,2025-09-07 07:09:58.714071,2025-09-07 07:09:58.714072
6449,Pterostylis humilis R. S. Rogers,Pterostylis,humilis R.,,,,2025-09-07 07:09:58.753192,2025-09-07 07:09:58.753194
6450,Pterostylis incognita (D. L. Jones) G. N. Backh.,Pterostylis,incognita D.,,,,2025-09-07 07:09:58.792012,2025-09-07 07:09:58.792015
6451,Pterostylis insectifera M. A. Clem.,Pterostylis,insectifera M.,,,,2025-09-07 07:09:58.831158,2025-09-07 07:09:58.83116
6452,Pterostylis irsoniana Hatch,Pterostylis,irsoniana Hatch,,,,2025-09-07 07:09:58.87057,2025-09-07 07:09:58.870573
6453,Pterostylis irwinii D. L. Jones,Pterostylis,irwinii D.,,,,2025-09-07 07:09:58.910162,2025-09-07 07:09:58.910165
6454,Pterostylis jacksonii D. L. Jones & C. J. French,Pterostylis,jacksonii D.,,,,2025-09-07 07:09:58.949049,2025-09-07 07:09:58.949051
6455,Pterostylis jeanesii Reiter,Pterostylis,jeanesii Reiter,,,,2025-09-07 07:09:58.98771,2025-09-07 07:09:58.987712
6456,Pterostylis jonesii G. N. Backh.,Pterostylis,jonesii G.,,,,2025-09-07 07:09:59.026951,2025-09-07 07:09:59.026953
6457,Pterostylis karri D. L. Jones & C. J. French,Pterostylis,karri D.,,,,2025-09-07 07:09:59.066312,2025-09-07 07:09:59.066314
6458,Pterostylis laxa Blackmore,Pterostylis,laxa Blackmore,,,,2025-09-07 07:09:59.108973,2025-09-07 07:09:59.108976
6459,Pterostylis lepida (D. L. Jones) G. N. Backh.,Pterostylis,lepida D.,,,,2025-09-07 07:09:59.148573,2025-09-07 07:09:59.148576
6460,Pterostylis leptochila M. A. Clem. & D. L. Jones,Pterostylis,leptochila M.,,,,2025-09-07 07:09:59.190425,2025-09-07 07:09:59.190428
6461,Pterostylis limbatus (D. L. Jones & R. J. Bates) J. M. H. Shaw,Pterostylis,limbatus D.,,,,2025-09-07 07:09:59.229705,2025-09-07 07:09:59.229708
6462,Pterostylis lineata (D. L. Jones) G. N. Backh.,Pterostylis,lineata D.,,,,2025-09-07 07:09:59.268636,2025-09-07 07:09:59.268637
6463,Pterostylis lingua M. A. Clem.,Pterostylis,lingua M.,,,,2025-09-07 07:09:59.307859,2025-09-07 07:09:59.307862
6464,Pterostylis littoralis (D. L. Jones) R. J. Bates,Pterostylis,littoralis D.,,,,2025-09-07 07:09:59.34778,2025-09-07 07:09:59.347783
6465,Pterostylis littoralis (D. L. Jones) comb. ined.,Pterostylis,littoralis D.,,,,2025-09-07 07:09:59.387043,2025-09-07 07:09:59.387046
6466,Pterostylis loganii (D. L. Jones) G. N. Backh.,Pterostylis,loganii D.,,,,2025-09-07 07:09:59.426576,2025-09-07 07:09:59.426579
6467,Pterostylis longicornis (D. L. Jones & C. J. French) D. L. Jones & C. J. French,Pterostylis,longicornis D.,,,,2025-09-07 07:09:59.465998,2025-09-07 07:09:59.466001
6468,Pterostylis longicurva Rupp,Pterostylis,longicurva Rupp,,,,2025-09-07 07:09:59.504856,2025-09-07 07:09:59.504859
6469,Pterostylis longifolia R. Br.,Pterostylis,longifolia R.,,,,2025-09-07 07:09:59.543807,2025-09-07 07:09:59.54381
6470,Pterostylis longilabia M. Pignal,Pterostylis,longilabia M.,,,,2025-09-07 07:09:59.58323,2025-09-07 07:09:59.583233
6471,Pterostylis longipes (D. L. Jones) R. Kr. Singh & Sanjeet Kumar,Pterostylis,longipes D.,,,,2025-09-07 07:09:59.621874,2025-09-07 07:09:59.621877
6472,Pterostylis longipetala Rupp,Pterostylis,longipetala Rupp,,,,2025-09-07 07:09:59.661015,2025-09-07 07:09:59.661017
6473,Pterostylis lortensis D. L. Jones & C. J. French,Pterostylis,lortensis D.,,,,2025-09-07 07:09:59.69984,2025-09-07 07:09:59.699842
6474,Pterostylis lustra D. L. Jones,Pterostylis,lustra D.,,,,2025-09-07 07:09:59.73874,2025-09-07 07:09:59.738742
6475,Pterostylis macilenta (D. L. Jones) G. N. Backh.,Pterostylis,macilenta D.,,,,2025-09-07 07:09:59.777464,2025-09-07 07:09:59.777466
6476,Pterostylis macrocalymma M. A. Clem. & D. L. Jones,Pterostylis,macrocalymma M.,,,,2025-09-07 07:09:59.816475,2025-09-07 07:09:59.816477
6477,Pterostylis macrosceles (D. L. Jones & C. J. French) D. L. Jones,Pterostylis,macrosceles D.,,,,2025-09-07 07:09:59.85532,2025-09-07 07:09:59.855322
6478,Pterostylis macrosepala (D. L. Jones) G. N. Backh.,Pterostylis,macrosepala D.,,,,2025-09-07 07:09:59.894117,2025-09-07 07:09:59.894119
6479,Pterostylis magna (D. L. Jones & R. J. Bates) comb. ined.,Pterostylis,magna D.,,,,2025-09-07 07:09:59.933029,2025-09-07 07:09:59.933032
6480,Pterostylis major (D. L. Jones) G. N. Backh.,Pterostylis,major D.,,,,2025-09-07 07:09:59.972586,2025-09-07 07:09:59.972589
6481,Pterostylis maxima M. A. Clem. & D. L. Jones,Pterostylis,maxima M.,,,,2025-09-07 07:10:00.011639,2025-09-07 07:10:00.011643
6482,Pterostylis melagramma D. L. Jones,Pterostylis,melagramma D.,,,,2025-09-07 07:10:00.05073,2025-09-07 07:10:00.050732
6483,Pterostylis meridionalis (D. L. Jones & C. J. French) D. L. Jones & C. J. French,Pterostylis,meridionalis D.,,,,2025-09-07 07:10:00.089957,2025-09-07 07:10:00.08996
6484,Pterostylis metcalfei D. L. Jones,Pterostylis,metcalfei D.,,,,2025-09-07 07:10:00.134482,2025-09-07 07:10:00.134486
6485,Pterostylis microglossa D. L. Jones & C. J. French,Pterostylis,microglossa D.,,,,2025-09-07 07:10:00.173521,2025-09-07 07:10:00.173523
6486,Pterostylis micromega Hook.f.,Pterostylis,micromega Hook.f.,,,,2025-09-07 07:10:00.212546,2025-09-07 07:10:00.212548
6487,Pterostylis microphylla D. L. Jones & C. J. French,Pterostylis,microphylla D.,,,,2025-09-07 07:10:00.25167,2025-09-07 07:10:00.251673
6488,Pterostylis mirabilis (D. L. Jones) R. J. Bates,Pterostylis,mirabilis D.,,,,2025-09-07 07:10:00.292017,2025-09-07 07:10:00.29202
6489,Pterostylis mitchellii Lindl.,Pterostylis,mitchellii Lindl.,,,,2025-09-07 07:10:00.331236,2025-09-07 07:10:00.331238
6490,Pterostylis montana Hatch,Pterostylis,montana Hatch,,,,2025-09-07 07:10:00.371177,2025-09-07 07:10:00.371179
6491,Pterostylis monticola D. L. Jones,Pterostylis,monticola D.,,,,2025-09-07 07:10:00.410586,2025-09-07 07:10:00.410588
6492,Pterostylis multiflora (D. L. Jones) G. N. Backh.,Pterostylis,multiflora D.,,,,2025-09-07 07:10:00.451831,2025-09-07 07:10:00.451834
6493,Pterostylis multisignata (D. L. Jones) D. L. Jones,Pterostylis,multisignata D.,,,,2025-09-07 07:10:00.494534,2025-09-07 07:10:00.494537
6494,Pterostylis mutica R. Br.,Pterostylis,mutica R.,,,,2025-09-07 07:10:00.533638,2025-09-07 07:10:00.53364
6495,Pterostylis mystacina (D. L. Jones) Janes & Duretto,Pterostylis,mystacina D.,,,,2025-09-07 07:10:00.572817,2025-09-07 07:10:00.57282
6496,Pterostylis nana R. Br.,Pterostylis,nana R.,,,,2025-09-07 07:10:00.612181,2025-09-07 07:10:00.612184
6497,Pterostylis nasuta (D. L. Jones & R. J. Bates) comb. ined.,Pterostylis,nasuta D.,,,,2025-09-07 07:10:00.65175,2025-09-07 07:10:00.651754
6498,Pterostylis nemoralis (D. L. Jones) R. Kr. Singh & Sanjeet Kumar,Pterostylis,nemoralis D.,,,,2025-09-07 07:10:00.690452,2025-09-07 07:10:00.690454
6499,Pterostylis neocaledonica Schltr.,Pterostylis,neocaledonica Schltr.,,,,2025-09-07 07:10:00.729646,2025-09-07 07:10:00.729648
6500,Pterostylis neopolyphylla Idrees & J. M. H. Shaw,Pterostylis,neopolyphylla Idrees,,,,2025-09-07 07:10:00.768656,2025-09-07 07:10:00.768657
6501,Pterostylis nichollsiana (D. L. Jones) D. L. Jones,Pterostylis,nichollsiana D.,,,,2025-09-07 07:10:00.807787,2025-09-07 07:10:00.807791
6502,Pterostylis nigricans D. L. Jones & M. A. Clem.,Pterostylis,nigricans D.,,,,2025-09-07 07:10:00.846722,2025-09-07 07:10:00.846724
6503,Pterostylis novoguineensis Ridl.,Pterostylis,novoguineensis Ridl.,,,,2025-09-07 07:10:00.885703,2025-09-07 07:10:00.885704
6504,Pterostylis nutans R. Br.,Pterostylis,nutans R.,,,,2025-09-07 07:10:00.924466,2025-09-07 07:10:00.924467
6505,Pterostylis oblonga D. L. Jones,Pterostylis,oblonga D.,,,,2025-09-07 07:10:00.963359,2025-09-07 07:10:00.963362
6506,Pterostylis obtusa R. Br.,Pterostylis,obtusa R.,,,,2025-09-07 07:10:01.002791,2025-09-07 07:10:01.002793
6507,Pterostylis occulta G. Brockman & C. J. French,Pterostylis,occulta G.,,,,2025-09-07 07:10:01.04186,2025-09-07 07:10:01.041862
6508,Pterostylis oliveri Petrie,Pterostylis,oliveri Petrie,,,,2025-09-07 07:10:01.081411,2025-09-07 07:10:01.081413
6509,Pterostylis ophioglossa R. Br.,Pterostylis,ophioglossa R.,,,,2025-09-07 07:10:01.120153,2025-09-07 07:10:01.120155
6510,Pterostylis orbiculata (D. L. Jones & C. J. French) D. L. Jones & C. J. French,Pterostylis,orbiculata D.,,,,2025-09-07 07:10:01.15929,2025-09-07 07:10:01.159294
6511,Pterostylis oreophila Clemesha,Pterostylis,oreophila Clemesha,,,,2025-09-07 07:10:01.198373,2025-09-07 07:10:01.198376
6512,Pterostylis oresbia (D. L. Jones & L. M. Copel.) R. Kr. Singh & Sanjeet Kumar,Pterostylis,oresbia D.,,,,2025-09-07 07:10:01.237212,2025-09-07 07:10:01.237215
6513,Pterostylis ovata M. A. Clem.,Pterostylis,ovata M.,,,,2025-09-07 07:10:01.275991,2025-09-07 07:10:01.275993
6514,Pterostylis pachyla (D. L. Jones) R. Kr. Singh & Sanjeet Kumar,Pterostylis,pachyla D.,,,,2025-09-07 07:10:01.315521,2025-09-07 07:10:01.315524
6515,Pterostylis pagophila (D. L. Jones) R. Kr. Singh & Sanjeet Kumar,Pterostylis,pagophila D.,,,,2025-09-07 07:10:01.355551,2025-09-07 07:10:01.355555
6516,Pterostylis paludosa D. L. Jones et al.,Pterostylis,paludosa D.,,,,2025-09-07 07:10:01.394493,2025-09-07 07:10:01.394495
6517,Pterostylis papuana Rolfe,Pterostylis,papuana Rolfe,,,,2025-09-07 07:10:01.433558,2025-09-07 07:10:01.433561
6518,Pterostylis parca (D. L. Jones) G. N. Backh.,Pterostylis,parca D.,,,,2025-09-07 07:10:01.473378,2025-09-07 07:10:01.473381
6519,Pterostylis parva D. L. Jones & C. J. French,Pterostylis,parva D.,,,,2025-09-07 07:10:01.512741,2025-09-07 07:10:01.512744
6520,Pterostylis parviflora R. Br.,Pterostylis,parviflora R.,,,,2025-09-07 07:10:01.552272,2025-09-07 07:10:01.552275
6521,Pterostylis patens Colenso,Pterostylis,patens Colenso,,,,2025-09-07 07:10:01.592841,2025-09-07 07:10:01.592844
6522,Pterostylis peakalliana Reiter,Pterostylis,peakalliana Reiter,,,,2025-09-07 07:10:01.63181,2025-09-07 07:10:01.631813
6523,Pterostylis pearsonii (D. L. Jones) Janes & Duretto,Pterostylis,pearsonii D.,,,,2025-09-07 07:10:01.671735,2025-09-07 07:10:01.671738
6524,Pterostylis pedina (D. L. Jones) Janes & Duretto,Pterostylis,pedina D.,,,,2025-09-07 07:10:01.710994,2025-09-07 07:10:01.710996
6525,Pterostylis pedoglossa Fitzg.,Pterostylis,pedoglossa Fitzg.,,,,2025-09-07 07:10:01.749782,2025-09-07 07:10:01.749784
6526,Pterostylis pedunculata R. Br.,Pterostylis,pedunculata R.,,,,2025-09-07 07:10:01.788705,2025-09-07 07:10:01.788708
6527,Pterostylis perculta (D. L. Jones & C. J. French) D. L. Jones,Pterostylis,perculta D.,,,,2025-09-07 07:10:01.827494,2025-09-07 07:10:01.827495
6528,Pterostylis petiolata (D. L. Jones) D. L. Jones,Pterostylis,petiolata D.,,,,2025-09-07 07:10:01.866535,2025-09-07 07:10:01.866538
6529,Pterostylis petrosa D. L. Jones & M. A. Clem.,Pterostylis,petrosa D.,,,,2025-09-07 07:10:01.905394,2025-09-07 07:10:01.905396
6530,Pterostylis picta M. A. Clem.,Pterostylis,picta M.,,,,2025-09-07 07:10:01.944323,2025-09-07 07:10:01.944324
6531,Pterostylis pisinna (D. L. Jones) R. Kr. Singh & Sanjeet Kumar,Pterostylis,pisinna D.,,,,2025-09-07 07:10:01.983056,2025-09-07 07:10:01.983057
6532,Pterostylis planulata D. L. Jones & M. A. Clem.,Pterostylis,planulata D.,,,,2025-09-07 07:10:02.022013,2025-09-07 07:10:02.022016
6533,Pterostylis platypetala D. L. Jones & C. J. French,Pterostylis,platypetala D.,,,,2025-09-07 07:10:02.061629,2025-09-07 07:10:02.061633
6534,Pterostylis plumosa Cady,Pterostylis,plumosa Cady,,,,2025-09-07 07:10:02.10048,2025-09-07 07:10:02.100481
6535,Pterostylis porrecta D. L. Jones et al.,Pterostylis,porrecta D.,,,,2025-09-07 07:10:02.139359,2025-09-07 07:10:02.139361
6536,Pterostylis praetermissa M. A. Clem. & D. L. Jones,Pterostylis,praetermissa M.,,,,2025-09-07 07:10:02.17831,2025-09-07 07:10:02.178312
6537,Pterostylis prasina (D. L. Jones) G. N. Backh.,Pterostylis,prasina D.,,,,2025-09-07 07:10:02.217801,2025-09-07 07:10:02.217805
6538,Pterostylis pratensis D. L. Jones,Pterostylis,pratensis D.,,,,2025-09-07 07:10:02.261654,2025-09-07 07:10:02.261657
6539,Pterostylis precatoria (D. L. Jones,Pterostylis,precatoria D.,,,,2025-09-07 07:10:02.300422,2025-09-07 07:10:02.300424
6540,Pterostylis procera D. Jones & M. A. Clem.,Pterostylis,procera D.,,,,2025-09-07 07:10:02.339649,2025-09-07 07:10:02.339653
6541,Pterostylis psammophilus (D. L. Jones) R. J. Bates,Pterostylis,psammophilus D.,,,,2025-09-07 07:10:02.379147,2025-09-07 07:10:02.37915
6542,Pterostylis puberula Hook.f.,Pterostylis,puberula Hook.f.,,,,2025-09-07 07:10:02.418407,2025-09-07 07:10:02.41841
6543,Pterostylis pulchella Messmer,Pterostylis,pulchella Messmer,,,,2025-09-07 07:10:02.457896,2025-09-07 07:10:02.457899
6544,Pterostylis pusilla R. S. Rogers,Pterostylis,pusilla R.,,,,2025-09-07 07:10:02.497156,2025-09-07 07:10:02.497158
6545,Pterostylis pyramidalis Lindl.,Pterostylis,pyramidalis Lindl.,,,,2025-09-07 07:10:02.536488,2025-09-07 07:10:02.53649
6546,Pterostylis readii (D. L. Jones & L. M. Copel.) D. L. Jones,Pterostylis,readii D.,,,,2025-09-07 07:10:02.576248,2025-09-07 07:10:02.576251
6547,Pterostylis recta (D. L. Jones & L. M. Copel.) R. Kr. Singh & Sanjeet Kumar,Pterostylis,recta D.,,,,2025-09-07 07:10:02.616451,2025-09-07 07:10:02.616454
6548,Pterostylis recurva Benth.,Pterostylis,recurva Benth.,,,,2025-09-07 07:10:02.656996,2025-09-07 07:10:02.656999
6549,Pterostylis reflexa R. Br.,Pterostylis,reflexa R.,,,,2025-09-07 07:10:02.69735,2025-09-07 07:10:02.697353
6550,Pterostylis repanda (M. A. Clem. & D. L. Jones) J. M. H. Shaw,Pterostylis,repanda M.,,,,2025-09-07 07:10:02.736919,2025-09-07 07:10:02.736922
6551,Pterostylis revoluta R. Br.,Pterostylis,revoluta R.,,,,2025-09-07 07:10:02.775936,2025-09-07 07:10:02.775938
6552,Pterostylis riparia D. L. Jones,Pterostylis,riparia D.,,,,2025-09-07 07:10:02.814846,2025-09-07 07:10:02.814847
6553,Pterostylis robusta R. S. Rogers,Pterostylis,robusta R.,,,,2025-09-07 07:10:02.863496,2025-09-07 07:10:02.863499
6554,Pterostylis roensis M. A. Clem. & D. L. Jones,Pterostylis,roensis M.,,,,2025-09-07 07:10:02.902349,2025-09-07 07:10:02.902351
6555,Pterostylis rogersii E. Coleman,Pterostylis,rogersii E.,,,,2025-09-07 07:10:02.941065,2025-09-07 07:10:02.941067
6556,Pterostylis rubenachii D. L. Jones,Pterostylis,rubenachii D.,,,,2025-09-07 07:10:02.980354,2025-09-07 07:10:02.980355
6557,Pterostylis rubescens (D. L. Jones) G. N. Backh.,Pterostylis,rubescens D.,,,,2025-09-07 07:10:03.019493,2025-09-07 07:10:03.019495
6558,Pterostylis rubiginosa (D. L. Jones & L. M. Copel.) L. M. Copel. & D. L. Jones,Pterostylis,rubiginosa D.,,,,2025-09-07 07:10:03.058344,2025-09-07 07:10:03.058348
6559,Pterostylis rufa R. Br.,Pterostylis,rufa R.,,,,2025-09-07 07:10:03.098335,2025-09-07 07:10:03.098338
6560,Pterostylis russellii Hunt,Pterostylis,russellii Hunt,,,,2025-09-07 07:10:03.137541,2025-09-07 07:10:03.137543
6561,Pterostylis sanguinea D. Jones & M. A. Clem.,Pterostylis,sanguinea D.,,,,2025-09-07 07:10:03.176275,2025-09-07 07:10:03.176277
6562,Pterostylis sargentii C. R. P. Andrews,Pterostylis,sargentii C.,,,,2025-09-07 07:10:03.215119,2025-09-07 07:10:03.215122
6563,Pterostylis saxicola D. L. Jones & M. A. Clem.,Pterostylis,saxicola D.,,,,2025-09-07 07:10:03.253891,2025-09-07 07:10:03.253894
6564,Pterostylis saxosa (D. L. Jones & C. J. French) D. L. Jones & C. J. French,Pterostylis,saxosa D.,,,,2025-09-07 07:10:03.295969,2025-09-07 07:10:03.295973
6565,Pterostylis saxum (D. L. Jones & C. J. French) D. L. Jones & C. J. French,Pterostylis,saxum D.,,,,2025-09-07 07:10:03.335459,2025-09-07 07:10:03.335462
6566,Pterostylis scabra Lindl.,Pterostylis,scabra Lindl.,,,,2025-09-07 07:10:03.374226,2025-09-07 07:10:03.374229
6567,Pterostylis scabrella (D. L. Jones & C. J. French) D. L. Jones & C. J. French,Pterostylis,scabrella D.,,,,2025-09-07 07:10:03.413523,2025-09-07 07:10:03.413527
6568,Pterostylis scabrida Lindl.,Pterostylis,scabrida Lindl.,,,,2025-09-07 07:10:03.452523,2025-09-07 07:10:03.452526
6569,Pterostylis scapula (D. L. Jones) D. L. Jones,Pterostylis,scapula D.,,,,2025-09-07 07:10:03.491366,2025-09-07 07:10:03.491368
6570,Pterostylis scitula D. L. Jones & C. J. French,Pterostylis,scitula D.,,,,2025-09-07 07:10:03.530231,2025-09-07 07:10:03.530234
6571,Pterostylis scoliosa D. L. Jones,Pterostylis,scoliosa D.,,,,2025-09-07 07:10:03.569719,2025-09-07 07:10:03.569721
6572,Pterostylis segregata G. Brockman & C. J. French,Pterostylis,segregata G.,,,,2025-09-07 07:10:03.609718,2025-09-07 07:10:03.609722
6573,Pterostylis serotina (D. L. Jones,Pterostylis,serotina D.,,,,2025-09-07 07:10:03.648867,2025-09-07 07:10:03.64887
6574,Pterostylis setifera M. A. Clem.,Pterostylis,setifera M.,,,,2025-09-07 07:10:03.690475,2025-09-07 07:10:03.690478
6575,Pterostylis setulosa (D. L. Jones & C. J. French) D. L. Jones & C. J. French,Pterostylis,setulosa D.,,,,2025-09-07 07:10:03.72968,2025-09-07 07:10:03.729681
6576,Pterostylis sigmoidea (D. L. Jones & C. J. French) D. L. Jones & C. J. French,Pterostylis,sigmoidea D.,,,,2025-09-07 07:10:03.768903,2025-09-07 07:10:03.768931
6577,Pterostylis silvicultrix (F. Muell.) D. L. Jones & M. A. Clem.,Pterostylis,silvicultrix F.,,,,2025-09-07 07:10:03.808918,2025-09-07 07:10:03.808921
6578,Pterostylis simulans R. J. Bates,Pterostylis,simulans R.,,,,2025-09-07 07:10:03.848047,2025-09-07 07:10:03.848049
6579,Pterostylis singularis (D. L. Jones & Molloy) R. Kr. Singh & Sanjeet Kumar,Pterostylis,singularis D.,,,,2025-09-07 07:10:03.887289,2025-09-07 07:10:03.887291
6580,Pterostylis sinuata (D. L. Jones) Janes & Duretto,Pterostylis,sinuata D.,,,,2025-09-07 07:10:03.926506,2025-09-07 07:10:03.926509
6581,Pterostylis smaragdyna D. L. Jones & M. A. Clem.,Pterostylis,smaragdyna D.,,,,2025-09-07 07:10:03.965774,2025-09-07 07:10:03.965776
6582,Pterostylis spatalium J. M. H. Shaw,Pterostylis,spatalium J.,,,,2025-09-07 07:10:04.00497,2025-09-07 07:10:04.004973
6583,Pterostylis spathulata M. A. Clem.,Pterostylis,spathulata M.,,,,2025-09-07 07:10:04.044154,2025-09-07 07:10:04.044156
6584,Pterostylis spissa (D. L. Jones) G. N. Backh.,Pterostylis,spissa D.,,,,2025-09-07 07:10:04.083246,2025-09-07 07:10:04.083249
6585,Pterostylis splendens D. L. Jones & M. A. Clem.,Pterostylis,splendens D.,,,,2025-09-07 07:10:04.122372,2025-09-07 07:10:04.122375
6586,Pterostylis squamata R. Br.,Pterostylis,squamata R.,,,,2025-09-07 07:10:04.161829,2025-09-07 07:10:04.161833
6587,Pterostylis stenochila D. L. Jones,Pterostylis,stenochila D.,,,,2025-09-07 07:10:04.200757,2025-09-07 07:10:04.200759
6588,Pterostylis stenosepala (D. L. Jones) G. N. Backh.,Pterostylis,stenosepala D.,,,,2025-09-07 07:10:04.239904,2025-09-07 07:10:04.239907
6589,Pterostylis straminea (D. L. Jones) D. L. Jones,Pterostylis,straminea D.,,,,2025-09-07 07:10:04.279165,2025-09-07 07:10:04.279167
6590,Pterostylis stricta Clemesha & B. Gray,Pterostylis,stricta Clemesha,,,,2025-09-07 07:10:04.318371,2025-09-07 07:10:04.318375
6591,Pterostylis subtilis D. L. Jones,Pterostylis,subtilis D.,,,,2025-09-07 07:10:04.357547,2025-09-07 07:10:04.35755
6592,Pterostylis tanypoda D. L. Jones,Pterostylis,tanypoda D.,,,,2025-09-07 07:10:04.396788,2025-09-07 07:10:04.396791
6593,Pterostylis tasmanica D. L. Jones,Pterostylis,tasmanica D.,,,,2025-09-07 07:10:04.436317,2025-09-07 07:10:04.43632
6594,Pterostylis taurus M. A. Clem. & D. L. Jones,Pterostylis,taurus M.,,,,2025-09-07 07:10:04.475629,2025-09-07 07:10:04.475633
6595,Pterostylis telmata D. L. Jones & C. J. French,Pterostylis,telmata D.,,,,2025-09-07 07:10:04.522426,2025-09-07 07:10:04.522428
6596,Pterostylis tenuicauda Kraenzl.,Pterostylis,tenuicauda Kraenzl.,,,,2025-09-07 07:10:04.561397,2025-09-07 07:10:04.561399
6597,Pterostylis tenuis (D. L. Jones) G. N. Backh.,Pterostylis,tenuis D.,,,,2025-09-07 07:10:04.600773,2025-09-07 07:10:04.600776
6598,Pterostylis tenuissima Nicholls,Pterostylis,tenuissima Nicholls,,,,2025-09-07 07:10:04.640041,2025-09-07 07:10:04.640043
6599,Pterostylis terminalis (D. L. Jones & R. J. Bates) J. M. H. Shaw,Pterostylis,terminalis D.,,,,2025-09-07 07:10:04.679368,2025-09-07 07:10:04.679371
6600,Pterostylis thulia (D. L. Jones) Janes & Duretto,Pterostylis,thulia D.,,,,2025-09-07 07:10:04.719011,2025-09-07 07:10:04.719015
6601,Pterostylis timorensis Schuit. & J. J. Verm.,Pterostylis,timorensis Schuit.,,,,2025-09-07 07:10:04.758614,2025-09-07 07:10:04.758616
6602,Pterostylis timothyi (D. L. Jones) Janes & Duretto,Pterostylis,timothyi D.,,,,2025-09-07 07:10:04.798465,2025-09-07 07:10:04.798469
6603,Pterostylis torquata D. L. Jones,Pterostylis,torquata D.,,,,2025-09-07 07:10:04.837999,2025-09-07 07:10:04.838003
6604,Pterostylis tristis Colenso,Pterostylis,tristis Colenso,,,,2025-09-07 07:10:04.877509,2025-09-07 07:10:04.877511
6605,Pterostylis trullifolia Hook.f.,Pterostylis,trullifolia Hook.f.,,,,2025-09-07 07:10:04.916276,2025-09-07 07:10:04.916278
6606,Pterostylis truncata Fitzg.,Pterostylis,truncata Fitzg.,,,,2025-09-07 07:10:04.955056,2025-09-07 07:10:04.955058
6607,Pterostylis tryphera (D. L. Jones & C. J. French) D. L. Jones & C. J. French,Pterostylis,tryphera D.,,,,2025-09-07 07:10:04.993985,2025-09-07 07:10:04.993988
6608,Pterostylis tunstallii D. Jones & M. A. Clem.,Pterostylis,tunstallii D.,,,,2025-09-07 07:10:05.033346,2025-09-07 07:10:05.033347
6609,Pterostylis turfosa Endl.,Pterostylis,turfosa Endl.,,,,2025-09-07 07:10:05.072564,2025-09-07 07:10:05.072566
6610,Pterostylis tylosa (D. L. Jones & C. J. French) D. L. Jones & C. J. French,Pterostylis,tylosa D.,,,,2025-09-07 07:10:05.111063,2025-09-07 07:10:05.111064
6611,Pterostylis uliginosa D. L. Jones,Pterostylis,uliginosa D.,,,,2025-09-07 07:10:05.149734,2025-09-07 07:10:05.149736
6612,Pterostylis umbrina (D. L. Jones) G. N. Backh.,Pterostylis,umbrina D.,,,,2025-09-07 07:10:05.189001,2025-09-07 07:10:05.189004
6613,Pterostylis unicornis (D. L. Jones) D. L. Jones,Pterostylis,unicornis D.,,,,2025-09-07 07:10:05.227975,2025-09-07 07:10:05.227977
6617,Pterostylis venusta (D. L. Jones) D. L. Jones,Pterostylis,venusta D.,,,,2025-09-07 07:10:05.389872,2025-09-07 07:10:05.389875
6618,Pterostylis vernalis (D. L. Jones) G. N. Backh.,Pterostylis,vernalis D.,,,,2025-09-07 07:10:05.432784,2025-09-07 07:10:05.432787
6619,Pterostylis vescula (D. L. Jones) D. L. Jones,Pterostylis,vescula D.,,,,2025-09-07 07:10:05.472811,2025-09-07 07:10:05.472815
6620,Pterostylis virens (D. L. Jones & C. J. French) D. L. Jones & C. J. French,Pterostylis,virens D.,,,,2025-09-07 07:10:05.528267,2025-09-07 07:10:05.52827
6621,Pterostylis viriosa (D. L. Jones) R. J. Bates,Pterostylis,viriosa D.,,,,2025-09-07 07:10:05.567604,2025-09-07 07:10:05.567607
6622,Pterostylis vitrea (D. L. Jones) Bostock,Pterostylis,vitrea D.,,,,2025-09-07 07:10:05.606679,2025-09-07 07:10:05.606682
6623,Pterostylis vittata Lindl.,Pterostylis,vittata Lindl.,,,,2025-09-07 07:10:05.64651,2025-09-07 07:10:05.646512
6624,Pterostylis voigtii D. L. Jones & C. J. French,Pterostylis,voigtii D.,,,,2025-09-07 07:10:05.687211,2025-09-07 07:10:05.687214
6625,Pterostylis wapstrarum D. L. Jones,Pterostylis,wapstrarum D.,,,,2025-09-07 07:10:05.72628,2025-09-07 07:10:05.726283
6626,Pterostylis williamsonii D. L. Jones,Pterostylis,williamsonii D.,,,,2025-09-07 07:10:05.772409,2025-09-07 07:10:05.772413
6627,Pterostylis woollsii Fitzg.,Pterostylis,woollsii Fitzg.,,,,2025-09-07 07:10:05.812963,2025-09-07 07:10:05.812967
6628,Pterostylis x aenigma D. L. Jones & M. A. Clem.,Pterostylis,x aenigma,,,,2025-09-07 07:10:05.852226,2025-09-07 07:10:05.852229
6629,Pterostylis x conoglossa Upton,Pterostylis,x conoglossa,,,,2025-09-07 07:10:05.892058,2025-09-07 07:10:05.892061
6630,Pterostylis x furcillata Rupp,Pterostylis,x furcillata,,,,2025-09-07 07:10:05.93197,2025-09-07 07:10:05.931974
6631,Pterostylis x ingens (Rupp) D. Jones,Pterostylis,x ingens,,,,2025-09-07 07:10:05.978605,2025-09-07 07:10:05.978608
6632,Pterostylis x ralphcranei D. L. Jones & M. A. Clem.,Pterostylis,x ralphcranei,,,,2025-09-07 07:10:06.018176,2025-09-07 07:10:06.01818
6633,Pterostylis x toveyana Ewart & Sharman,Pterostylis,x toveyana,,,,2025-09-07 07:10:06.057908,2025-09-07 07:10:06.057911
6634,Pterostylis xerampelina (D. L. Jones & C. J. French) D. L. Jones & C. J. French,Pterostylis,xerampelina D.,,,,2025-09-07 07:10:06.097613,2025-09-07 07:10:06.097617
6635,Pterostylis xerophila M. A. Clem.,Pterostylis,xerophila M.,,,,2025-09-07 07:10:06.137175,2025-09-07 07:10:06.137179
6636,Pterostylis zebrina (D. L. Jones & C. J. French) D. L. Jones,Pterostylis,zebrina D.,,,,2025-09-07 07:10:06.176441,2025-09-07 07:10:06.176445
6637,Pterostylis ziegeleri D. L. Jones,Pterostylis,ziegeleri D.,,,,2025-09-07 07:10:06.215686,2025-09-07 07:10:06.21569
6638,Achlydosa M. A. Clem. & D. L. Jones,Achlydosa,M. A.,,,,2025-09-07 07:10:06.255736,2025-09-07 07:10:06.25574
6639,Achlydosa glandulosa (Schltr.) M. A. Clem. & D. L. Jones,Achlydosa,glandulosa Schltr.,,,,2025-09-07 07:10:06.295301,2025-09-07 07:10:06.295305
6640,Pachyplectron Schltr.,Pachyplectron,Schltr.,,,,2025-09-07 07:10:06.338112,2025-09-07 07:10:06.338116
6641,Pachyplectron aphyllum T. Hashim.,Pachyplectron,aphyllum T.,,,,2025-09-07 07:10:06.377209,2025-09-07 07:10:06.377212
6642,Pachyplectron arifolium Schltr.,Pachyplectron,arifolium Schltr.,,,,2025-09-07 07:10:06.416404,2025-09-07 07:10:06.416407
6643,Pachyplectron neocaledonicum Schltr.,Pachyplectron,neocaledonicum Schltr.,,,,2025-09-07 07:10:06.455756,2025-09-07 07:10:06.455758
6644,Microchilus C. Presl,Microchilus,C. Presl,,,,2025-09-07 07:10:06.496472,2025-09-07 07:10:06.496476
6645,Microchilus aguindae Ormerod,Microchilus,aguindae Ormerod,,,,2025-09-07 07:10:06.536598,2025-09-07 07:10:06.536601
6646,Microchilus alajuelae (Ormerod) E. C. Smidt & M. W. Chase,Microchilus,alajuelae Ormerod,,,,2025-09-07 07:10:06.576013,2025-09-07 07:10:06.576017
6647,Microchilus alzatei Ormerod,Microchilus,alzatei Ormerod,,,,2025-09-07 07:10:06.615163,2025-09-07 07:10:06.615166
6648,Microchilus amazonicus (Garay) E. C. Smidt & M. W. Chase,Microchilus,amazonicus Garay,,,,2025-09-07 07:10:06.656441,2025-09-07 07:10:06.656444
6649,Microchilus anchorifer (Schltr.) Ormerod,Microchilus,anchorifer Schltr.,,,,2025-09-07 07:10:06.695956,2025-09-07 07:10:06.69596
6650,Microchilus anderssonii Ormerod,Microchilus,anderssonii Ormerod,,,,2025-09-07 07:10:06.73582,2025-09-07 07:10:06.735823
6651,Microchilus andrei Ormerod,Microchilus,andrei Ormerod,,,,2025-09-07 07:10:06.775068,2025-09-07 07:10:06.775071
6652,Microchilus antioquiensis Szlach. & Kolan.,Microchilus,antioquiensis Szlach.,,,,2025-09-07 07:10:06.814801,2025-09-07 07:10:06.814804
6653,Microchilus arevaloi Szlach. & Kolan.,Microchilus,arevaloi Szlach.,,,,2025-09-07 07:10:06.855461,2025-09-07 07:10:06.855465
6654,Microchilus argenteus (Vell.) E. C. Smidt & M. W. Chase,Microchilus,argenteus Vell.,,,,2025-09-07 07:10:06.894983,2025-09-07 07:10:06.894986
6655,Microchilus arietinus (Rchb.f. & Warm.) Ormerod,Microchilus,arietinus Rchb.f.,,,,2025-09-07 07:10:06.935203,2025-09-07 07:10:06.935206
6656,Microchilus aspidogynoides Ormerod,Microchilus,aspidogynoides Ormerod,,,,2025-09-07 07:10:06.981239,2025-09-07 07:10:06.981242
6657,Microchilus astilleroensis Ormerod,Microchilus,astilleroensis Ormerod,,,,2025-09-07 07:10:07.02038,2025-09-07 07:10:07.020381
6658,Microchilus atalayae Ormerod,Microchilus,atalayae Ormerod,,,,2025-09-07 07:10:07.059872,2025-09-07 07:10:07.059874
6660,Microchilus bangii Ormerod,Microchilus,bangii Ormerod,,,,2025-09-07 07:10:07.137711,2025-09-07 07:10:07.137713
6661,Microchilus bicornutus (Cogn.) E. C. Smidt & M. W. Chase,Microchilus,bicornutus Cogn.,,,,2025-09-07 07:10:07.176588,2025-09-07 07:10:07.176589
6662,Microchilus bidentiferus (Schltr.) E. C. Smidt & M. W. Chase,Microchilus,bidentiferus Schltr.,,,,2025-09-07 07:10:07.216022,2025-09-07 07:10:07.216024
6663,Microchilus bimentatus (Dressler) Ormerod,Microchilus,bimentatus Dressler,,,,2025-09-07 07:10:07.257656,2025-09-07 07:10:07.257659
6664,Microchilus boliviensis (Cogn.) E. C. Smidt & M. W. Chase,Microchilus,boliviensis Cogn.,,,,2025-09-07 07:10:07.296748,2025-09-07 07:10:07.296751
6665,Microchilus borjaquijosae Ormerod,Microchilus,borjaquijosae Ormerod,,,,2025-09-07 07:10:07.33628,2025-09-07 07:10:07.336282
6666,Microchilus boyacanus Ormerod,Microchilus,boyacanus Ormerod,,,,2025-09-07 07:10:07.374976,2025-09-07 07:10:07.374977
6667,Microchilus brachyplectron (Pabst) Ormerod,Microchilus,brachyplectron Pabst,,,,2025-09-07 07:10:07.414373,2025-09-07 07:10:07.414376
6668,Microchilus brachyrrhynchus (Rchb.f.) E. C. Smidt & M. W. Chase,Microchilus,brachyrrhynchus Rchb.f.,,,,2025-09-07 07:10:07.460435,2025-09-07 07:10:07.460439
6669,Microchilus bravocollinus Ormerod,Microchilus,bravocollinus Ormerod,,,,2025-09-07 07:10:07.499744,2025-09-07 07:10:07.499746
6670,Microchilus brunnescens Ormerod,Microchilus,brunnescens Ormerod,,,,2025-09-07 07:10:07.543444,2025-09-07 07:10:07.543448
6671,Microchilus bruxelii (Pabst) E. C. Smidt & M. W. Chase,Microchilus,bruxelii Pabst,,,,2025-09-07 07:10:07.592209,2025-09-07 07:10:07.592213
6672,Microchilus buchtienii (Schltr.) Ormerod,Microchilus,buchtienii Schltr.,,,,2025-09-07 07:10:07.632148,2025-09-07 07:10:07.632151
6673,Microchilus bugabae (Ormerod) E. C. Smidt & M. W. Chase,Microchilus,bugabae Ormerod,,,,2025-09-07 07:10:07.671733,2025-09-07 07:10:07.671736
6674,Microchilus cajamarcae (Ormerod) E. C. Smidt & M. W. Chase,Microchilus,cajamarcae Ormerod,,,,2025-09-07 07:10:07.711,2025-09-07 07:10:07.711002
6675,Microchilus callejasii Ormerod,Microchilus,callejasii Ormerod,,,,2025-09-07 07:10:07.749779,2025-09-07 07:10:07.749782
6676,Microchilus callophylloides (Garay) Ormerod,Microchilus,callophylloides Garay,,,,2025-09-07 07:10:07.788994,2025-09-07 07:10:07.788998
6677,Microchilus calophyllus (Rchb.f.) Ormerod,Microchilus,calophyllus Rchb.f.,,,,2025-09-07 07:10:07.8282,2025-09-07 07:10:07.828203
6678,Microchilus campanensis Ormerod,Microchilus,campanensis Ormerod,,,,2025-09-07 07:10:07.867521,2025-09-07 07:10:07.867524
6679,Microchilus campanulatus Ormerod,Microchilus,campanulatus Ormerod,,,,2025-09-07 07:10:07.90739,2025-09-07 07:10:07.907394
6680,Microchilus canaliculatus Ormerod,Microchilus,canaliculatus Ormerod,,,,2025-09-07 07:10:07.949969,2025-09-07 07:10:07.949973
6681,Microchilus canarensis (Ormerod) Szlach. & Kolan.,Microchilus,canarensis Ormerod,,,,2025-09-07 07:10:07.989394,2025-09-07 07:10:07.989397
6682,Microchilus capitatus Ormerod,Microchilus,capitatus Ormerod,,,,2025-09-07 07:10:08.028332,2025-09-07 07:10:08.028335
6683,Microchilus caraguatatubensis (M. R. Miranda,Microchilus,caraguatatubensis M.,,,,2025-09-07 07:10:08.067434,2025-09-07 07:10:08.067436
6684,Microchilus caramantae Ormerod,Microchilus,caramantae Ormerod,,,,2025-09-07 07:10:08.106309,2025-09-07 07:10:08.106311
6685,Microchilus carauchanus (Ormerod) E. C. Smidt & M. W. Chase,Microchilus,carauchanus Ormerod,,,,2025-09-07 07:10:08.145295,2025-09-07 07:10:08.145297
6686,Microchilus carbonerae Ormerod,Microchilus,carbonerae Ormerod,,,,2025-09-07 07:10:08.183927,2025-09-07 07:10:08.183928
6687,Microchilus carchiensis Ormerod,Microchilus,carchiensis Ormerod,,,,2025-09-07 07:10:08.222829,2025-09-07 07:10:08.222831
6688,Microchilus carinatus Ormerod,Microchilus,carinatus Ormerod,,,,2025-09-07 07:10:08.261503,2025-09-07 07:10:08.261506
6689,Microchilus carlos-parrae Szlach. & Kolan.,Microchilus,carlos-parrae Szlach.,,,,2025-09-07 07:10:08.301033,2025-09-07 07:10:08.301036
6690,Microchilus casillasii (R. González) E. C. Smidt & M. W. Chase,Microchilus,casillasii R.,,,,2025-09-07 07:10:08.339955,2025-09-07 07:10:08.339958
6691,Microchilus caucanus (Schltr.) Ormerod,Microchilus,caucanus Schltr.,,,,2025-09-07 07:10:08.37926,2025-09-07 07:10:08.379263
6692,Microchilus ceratostele Ormerod,Microchilus,ceratostele Ormerod,,,,2025-09-07 07:10:08.417823,2025-09-07 07:10:08.417825
6693,Microchilus chicalensis Ormerod,Microchilus,chicalensis Ormerod,,,,2025-09-07 07:10:08.456851,2025-09-07 07:10:08.456854
6694,Microchilus chingualensis Ormerod,Microchilus,chingualensis Ormerod,,,,2025-09-07 07:10:08.495602,2025-09-07 07:10:08.495604
6695,Microchilus chocoensis (Ormerod) E. C. Smidt & M. W. Chase,Microchilus,chocoensis Ormerod,,,,2025-09-07 07:10:08.534485,2025-09-07 07:10:08.534488
6696,Microchilus claviger (Rchb.f.) E. C. Smidt & M. W. Chase,Microchilus,claviger Rchb.f.,,,,2025-09-07 07:10:08.573703,2025-09-07 07:10:08.573705
6697,Microchilus colombianus (Garay) E. C. Smidt & M. W. Chase,Microchilus,colombianus Garay,,,,2025-09-07 07:10:08.629834,2025-09-07 07:10:08.629837
6698,Microchilus commelinoides (Barb. Rodr.) E. C. Smidt & M. W. Chase,Microchilus,commelinoides Barb.,,,,2025-09-07 07:10:08.672012,2025-09-07 07:10:08.672015
6699,Microchilus confusus (C. Schweinf.) E. C. Smidt & M. W. Chase,Microchilus,confusus C.,,,,2025-09-07 07:10:08.711714,2025-09-07 07:10:08.711716
6700,Microchilus constrictus Ormerod,Microchilus,constrictus Ormerod,,,,2025-09-07 07:10:08.75063,2025-09-07 07:10:08.750632
6701,Microchilus corniculatus (Rchb.f.) E. C. Smidt & M. W. Chase,Microchilus,corniculatus Rchb.f.,,,,2025-09-07 07:10:08.789546,2025-09-07 07:10:08.789547
6702,Microchilus costaricensis (Ormerod & M. A. Blanco) E. C. Smidt & M. W. Chase,Microchilus,costaricensis Ormerod,,,,2025-09-07 07:10:08.828633,2025-09-07 07:10:08.828635
6703,Microchilus crassibasis Ormerod,Microchilus,crassibasis Ormerod,,,,2025-09-07 07:10:08.868254,2025-09-07 07:10:08.868257
6704,Microchilus crispifolius (Garay) E. C. Smidt & M. W. Chase,Microchilus,crispifolius Garay,,,,2025-09-07 07:10:08.907563,2025-09-07 07:10:08.907565
6705,Microchilus croatii Ormerod,Microchilus,croatii Ormerod,,,,2025-09-07 07:10:08.947677,2025-09-07 07:10:08.94768
6706,Microchilus cruciformis (Ormerod) E. C. Smidt & M. W. Chase,Microchilus,cruciformis Ormerod,,,,2025-09-07 07:10:08.987421,2025-09-07 07:10:08.987423
6707,Microchilus culuenensis Engels & E. C. Smidt,Microchilus,culuenensis Engels,,,,2025-09-07 07:10:09.027554,2025-09-07 07:10:09.027556
6708,Microchilus cundinamarcae Ormerod,Microchilus,cundinamarcae Ormerod,,,,2025-09-07 07:10:09.070863,2025-09-07 07:10:09.070866
6709,Microchilus curvatus (Ormerod) E. C. Smidt & M. W. Chase,Microchilus,curvatus Ormerod,,,,2025-09-07 07:10:09.112903,2025-09-07 07:10:09.112905
6710,Microchilus curviflorus Ormerod,Microchilus,curviflorus Ormerod,,,,2025-09-07 07:10:09.151684,2025-09-07 07:10:09.151685
6711,Microchilus curviflorus Ormerod var. azulitae Ormerod,Microchilus,curviflorus Ormerod,,,,2025-09-07 07:10:09.19054,2025-09-07 07:10:09.190542
6712,Microchilus cuscoensis Kolan. & Szlach.,Microchilus,cuscoensis Kolan.,,,,2025-09-07 07:10:09.229278,2025-09-07 07:10:09.22928
6713,Microchilus dasilvae Engels & E. C. Smidt,Microchilus,dasilvae Engels,,,,2025-09-07 07:10:09.268439,2025-09-07 07:10:09.268442
6714,Microchilus debilis (Lindl.) D. Dietr.,Microchilus,debilis Lindl.,,,,2025-09-07 07:10:09.307626,2025-09-07 07:10:09.307628
6715,Microchilus decorus (Rchb.f.) E. C. Smidt & M. W. Chase,Microchilus,decorus Rchb.f.,,,,2025-09-07 07:10:09.346515,2025-09-07 07:10:09.346516
6716,Microchilus diaphanus (Szlach. & Kolan.) E. C. Smidt & M. W. Chase,Microchilus,diaphanus Szlach.,,,,2025-09-07 07:10:09.385729,2025-09-07 07:10:09.385732
6717,Microchilus dolichostachys (Schltr.) Ormerod,Microchilus,dolichostachys Schltr.,,,,2025-09-07 07:10:09.425195,2025-09-07 07:10:09.425198
6718,Microchilus dryanderae Ormerod,Microchilus,dryanderae Ormerod,,,,2025-09-07 07:10:09.464394,2025-09-07 07:10:09.464397
6719,Microchilus ecuadorensis (Garay) Ormerod,Microchilus,ecuadorensis Garay,,,,2025-09-07 07:10:09.503502,2025-09-07 07:10:09.503505
6720,Microchilus elatus (L. O. Williams) E. C. Smidt & M. W. Chase,Microchilus,elatus L.,,,,2025-09-07 07:10:09.54273,2025-09-07 07:10:09.542733
6721,Microchilus ensicalcar Ormerod,Microchilus,ensicalcar Ormerod,,,,2025-09-07 07:10:09.58208,2025-09-07 07:10:09.582096
6722,Microchilus epidendroides (Christenson ex Szlach.) R. Kr. Singh & Sanjeet Kumar,Microchilus,epidendroides Christenson,,,,2025-09-07 07:10:09.62093,2025-09-07 07:10:09.620932
6723,Microchilus epiphyticus (Dressler) Ormerod,Microchilus,epiphyticus Dressler,,,,2025-09-07 07:10:09.660385,2025-09-07 07:10:09.660389
6724,Microchilus erythrodoides ssp. erythrodoides (Schltr.) Ormerod,Microchilus,erythrodoides ssp.,,,,2025-09-07 07:10:09.700206,2025-09-07 07:10:09.70021
6725,Microchilus erythrodoides ssp. venadosae Ormerod,Microchilus,erythrodoides ssp.,,,,2025-09-07 07:10:09.740971,2025-09-07 07:10:09.740974
6726,Microchilus familiaris Ormerod,Microchilus,familiaris Ormerod,,,,2025-09-07 07:10:09.780845,2025-09-07 07:10:09.780848
6727,Microchilus federalensis (Ormerod) Meneguzzo,Microchilus,federalensis Ormerod,,,,2025-09-07 07:10:09.819661,2025-09-07 07:10:09.819664
6728,Microchilus fendleri Ormerod,Microchilus,fendleri Ormerod,,,,2025-09-07 07:10:09.858502,2025-09-07 07:10:09.858506
6729,Microchilus fimbrillaris (Lindl.) E. C. Smidt & M. W. Chase,Microchilus,fimbrillaris Lindl.,,,,2025-09-07 07:10:09.90177,2025-09-07 07:10:09.901773
6730,Microchilus foliosus (Poepp. & Endl.) D. Dietr.,Microchilus,foliosus Poepp.,,,,2025-09-07 07:10:09.940903,2025-09-07 07:10:09.940906
6731,Microchilus forceps (Ormerod) Ormerod,Microchilus,forceps Ormerod,,,,2025-09-07 07:10:09.98348,2025-09-07 07:10:09.983484
6732,Microchilus fosbergii Ormerod,Microchilus,fosbergii Ormerod,,,,2025-09-07 07:10:10.023958,2025-09-07 07:10:10.023962
6733,Microchilus fosteri Ormerod,Microchilus,fosteri Ormerod,,,,2025-09-07 07:10:10.06445,2025-09-07 07:10:10.064454
6734,Microchilus frontinoensis Ormerod,Microchilus,frontinoensis Ormerod,,,,2025-09-07 07:10:10.104411,2025-09-07 07:10:10.104413
6735,Microchilus fuscatus Ormerod,Microchilus,fuscatus Ormerod,,,,2025-09-07 07:10:10.147615,2025-09-07 07:10:10.147618
6736,Microchilus garayi E. C. Smidt & M. W. Chase,Microchilus,garayi E.,,,,2025-09-07 07:10:10.186716,2025-09-07 07:10:10.186719
6737,Microchilus gavilanensis (Ormerod & G. A. Romero) E. C. Smidt & M. W. Chase,Microchilus,gavilanensis Ormerod,,,,2025-09-07 07:10:10.225586,2025-09-07 07:10:10.225589
6738,Microchilus gentryi Ormerod,Microchilus,gentryi Ormerod,,,,2025-09-07 07:10:10.264618,2025-09-07 07:10:10.264621
6739,Microchilus giganteus (Dodson) E. C. Smidt & M. W. Chase,Microchilus,giganteus Dodson,,,,2025-09-07 07:10:10.304313,2025-09-07 07:10:10.304316
6740,Microchilus giraldo-gensinii Ormerod,Microchilus,giraldo-gensinii Ormerod,,,,2025-09-07 07:10:10.34345,2025-09-07 07:10:10.343452
6741,Microchilus glacensis (Dod) Ormerod,Microchilus,glacensis Dod,,,,2025-09-07 07:10:10.405486,2025-09-07 07:10:10.405489
6742,Microchilus globosicalcar Szlach. & Kolan.,Microchilus,globosicalcar Szlach.,,,,2025-09-07 07:10:10.445179,2025-09-07 07:10:10.445181
6743,Microchilus globosus Ormerod,Microchilus,globosus Ormerod,,,,2025-09-07 07:10:10.486922,2025-09-07 07:10:10.486926
6744,Microchilus goaltalensis (Ormerod) E. C. Smidt & M. W. Chase,Microchilus,goaltalensis Ormerod,,,,2025-09-07 07:10:10.526143,2025-09-07 07:10:10.526147
6745,Microchilus grandis (Ormerod) E. C. Smidt & M. W. Chase,Microchilus,grandis Ormerod,,,,2025-09-07 07:10:10.565456,2025-09-07 07:10:10.565459
6746,Microchilus grayumii (Ormerod) E. C. Smidt & M. W. Chase,Microchilus,grayumii Ormerod,,,,2025-09-07 07:10:10.604785,2025-09-07 07:10:10.604788
6747,Microchilus guianensis Ormerod,Microchilus,guianensis Ormerod,,,,2025-09-07 07:10:10.647003,2025-09-07 07:10:10.647006
6748,Microchilus harlingii (Ormerod) E. C. Smidt & M. W. Chase,Microchilus,harlingii Ormerod,,,,2025-09-07 07:10:10.686544,2025-09-07 07:10:10.686548
6749,Microchilus haughtii Ormerod,Microchilus,haughtii Ormerod,,,,2025-09-07 07:10:10.727883,2025-09-07 07:10:10.727886
6750,Microchilus herzogii (Schltr.) Ormerod,Microchilus,herzogii Schltr.,,,,2025-09-07 07:10:10.767515,2025-09-07 07:10:10.767518
6751,Microchilus hetaerioides (Schltr.) Ormerod,Microchilus,hetaerioides Schltr.,,,,2025-09-07 07:10:10.809829,2025-09-07 07:10:10.809832
6752,Microchilus hirtellus (Sw.) D. Dietr.,Microchilus,hirtellus Sw.,,,,2025-09-07 07:10:10.849402,2025-09-07 07:10:10.849405
6753,Microchilus huangobioensis Ormerod,Microchilus,huangobioensis Ormerod,,,,2025-09-07 07:10:10.891298,2025-09-07 07:10:10.891301
6754,Microchilus hughjonesii Ormerod,Microchilus,hughjonesii Ormerod,,,,2025-09-07 07:10:10.930534,2025-09-07 07:10:10.930537
6755,Microchilus hylibates (Rchb.f.) E. C. Smidt & M. W. Chase,Microchilus,hylibates Rchb.f.,,,,2025-09-07 07:10:10.972887,2025-09-07 07:10:10.972889
6756,Microchilus hyphaematicus (Rchb.f.) E. C. Smidt & M. W. Chase,Microchilus,hyphaematicus Rchb.f.,,,,2025-09-07 07:10:11.011918,2025-09-07 07:10:11.01192
6757,Microchilus ibaguensis Ormerod,Microchilus,ibaguensis Ormerod,,,,2025-09-07 07:10:11.051434,2025-09-07 07:10:11.051438
6758,Microchilus integer Ormerod,Microchilus,integer Ormerod,,,,2025-09-07 07:10:11.091476,2025-09-07 07:10:11.091479
6759,Microchilus jamesonii (Garay) E. C. Smidt & M. W. Chase,Microchilus,jamesonii Garay,,,,2025-09-07 07:10:11.134496,2025-09-07 07:10:11.134499
6760,Microchilus julianii E. C. Smidt & M. W. Chase,Microchilus,julianii E.,,,,2025-09-07 07:10:11.175321,2025-09-07 07:10:11.175324
6761,Microchilus juruenensis (Hoehne) E. C. Smidt & M. W. Chase,Microchilus,juruenensis Hoehne,,,,2025-09-07 07:10:11.2173,2025-09-07 07:10:11.217303
6762,Microchilus jussariensis (Ormerod) E. C. Smidt & M. W. Chase,Microchilus,jussariensis Ormerod,,,,2025-09-07 07:10:11.256244,2025-09-07 07:10:11.256246
6763,Microchilus kuczynskii (Porsch) E. C. Smidt & M. W. Chase,Microchilus,kuczynskii Porsch,,,,2025-09-07 07:10:11.295242,2025-09-07 07:10:11.295244
6764,Microchilus kuduyariensis Ormerod,Microchilus,kuduyariensis Ormerod,,,,2025-09-07 07:10:11.33478,2025-09-07 07:10:11.334783
6765,Microchilus laegaardii Ormerod,Microchilus,laegaardii Ormerod,,,,2025-09-07 07:10:11.374032,2025-09-07 07:10:11.374034
6766,Microchilus lamprophyllus (Linden & Rchb.f.) Ormerod,Microchilus,lamprophyllus Linden,,,,2025-09-07 07:10:11.413561,2025-09-07 07:10:11.413564
6767,Microchilus lechleri Ormerod,Microchilus,lechleri Ormerod,,,,2025-09-07 07:10:11.452745,2025-09-07 07:10:11.452747
6768,Microchilus leucostictus Rchb.f. ex Szlach. & Kolan.,Microchilus,leucostictus Rchb.f.,,,,2025-09-07 07:10:11.49261,2025-09-07 07:10:11.492622
6769,Microchilus libanoensis Ormerod,Microchilus,libanoensis Ormerod,,,,2025-09-07 07:10:11.532046,2025-09-07 07:10:11.532049
6770,Microchilus lindleyanus (Cogn.) E. C. Smidt & M. W. Chase,Microchilus,lindleyanus Cogn.,,,,2025-09-07 07:10:11.571187,2025-09-07 07:10:11.571189
6771,Microchilus llanganetensis (Dodson) E. C. Smidt & M. W. Chase,Microchilus,llanganetensis Dodson,,,,2025-09-07 07:10:11.618729,2025-09-07 07:10:11.618731
6772,Microchilus longibracteatus (Soroka) E. C. Smidt & M. W. Chase,Microchilus,longibracteatus Soroka,,,,2025-09-07 07:10:11.658771,2025-09-07 07:10:11.658773
6773,Microchilus longicornu (Cogn.) E. C. Smidt & M. W. Chase,Microchilus,longicornu Cogn.,,,,2025-09-07 07:10:11.697719,2025-09-07 07:10:11.697721
6774,Microchilus longiflorus Ormerod,Microchilus,longiflorus Ormerod,,,,2025-09-07 07:10:11.737036,2025-09-07 07:10:11.737039
6775,Microchilus loxoglottis (Rchb.f.) E. C. Smidt & M. W. Chase,Microchilus,loxoglottis Rchb.f.,,,,2025-09-07 07:10:11.77638,2025-09-07 07:10:11.776383
6776,Microchilus lunifer (Schltr.) Ormerod,Microchilus,lunifer Schltr.,,,,2025-09-07 07:10:11.816459,2025-09-07 07:10:11.816462
6777,Microchilus luteus (Garay) E. C. Smidt & M. W. Chase,Microchilus,luteus Garay,,,,2025-09-07 07:10:11.858571,2025-09-07 07:10:11.858575
6778,Microchilus luteyni Szlach. & Kolan.,Microchilus,luteyni Szlach.,,,,2025-09-07 07:10:11.899177,2025-09-07 07:10:11.89918
6779,Microchilus maasii Ormerod,Microchilus,maasii Ormerod,,,,2025-09-07 07:10:11.939307,2025-09-07 07:10:11.939308
6780,Microchilus macarenae (Ormerod) E. C. Smidt & M. W. Chase,Microchilus,macarenae Ormerod,,,,2025-09-07 07:10:11.97894,2025-09-07 07:10:11.978944
6781,Microchilus machalillae Ormerod,Microchilus,machalillae Ormerod,,,,2025-09-07 07:10:12.019751,2025-09-07 07:10:12.019755
6782,Microchilus madrinanii Ormerod,Microchilus,madrinanii Ormerod,,,,2025-09-07 07:10:12.059161,2025-09-07 07:10:12.059162
6783,Microchilus major C. Presl,Microchilus,major C.,,,,2025-09-07 07:10:12.098488,2025-09-07 07:10:12.098491
6784,Microchilus malmei (Kraenzl.) E. C. Smidt & M. W. Chase,Microchilus,malmei Kraenzl.,,,,2025-09-07 07:10:12.138349,2025-09-07 07:10:12.13835
6785,Microchilus marulandae Ormerod,Microchilus,marulandae Ormerod,,,,2025-09-07 07:10:12.177514,2025-09-07 07:10:12.177517
6786,Microchilus mazarunensis Szlach.,Microchilus,mazarunensis Szlach.,,,,2025-09-07 07:10:12.223726,2025-09-07 07:10:12.22373
6787,Microchilus mendoncae (Brade & Pabst) E. C. Smidt & M. W. Chase,Microchilus,mendoncae Brade,,,,2025-09-07 07:10:12.263906,2025-09-07 07:10:12.263909
6788,Microchilus meridanus Ormerod,Microchilus,meridanus Ormerod,,,,2025-09-07 07:10:12.302917,2025-09-07 07:10:12.302919
6789,Microchilus metallescens (Barb. Rodr.) E. C. Smidt & M. W. Chase,Microchilus,metallescens Barb.,,,,2025-09-07 07:10:12.341814,2025-09-07 07:10:12.341816
6790,Microchilus mexicanus (Ames) Ormerod,Microchilus,mexicanus Ames,,,,2025-09-07 07:10:12.380975,2025-09-07 07:10:12.380977
6791,Microchilus micayvallis Ormerod,Microchilus,micayvallis Ormerod,,,,2025-09-07 07:10:12.419881,2025-09-07 07:10:12.419883
6792,Microchilus microcalcar Ormerod,Microchilus,microcalcar Ormerod,,,,2025-09-07 07:10:12.458745,2025-09-07 07:10:12.458747
6793,Microchilus microcaprinus Ormerod,Microchilus,microcaprinus Ormerod,,,,2025-09-07 07:10:12.497377,2025-09-07 07:10:12.497379
6794,Microchilus minor C. Presl,Microchilus,minor C.,,,,2025-09-07 07:10:12.536123,2025-09-07 07:10:12.536125
6795,Microchilus miravalleanus (Szlach. & Kolan.) E. C. Smidt & M. W. Chase,Microchilus,miravalleanus Szlach.,,,,2025-09-07 07:10:12.576208,2025-09-07 07:10:12.576211
6796,Microchilus miserus (Ormerod) E. C. Smidt & M. W. Chase,Microchilus,miserus Ormerod,,,,2025-09-07 07:10:12.615057,2025-09-07 07:10:12.615058
6797,Microchilus montanus Szlach. & Kolan.,Microchilus,montanus Szlach.,,,,2025-09-07 07:10:12.656054,2025-09-07 07:10:12.656057
6798,Microchilus moritzii Ormerod,Microchilus,moritzii Ormerod,,,,2025-09-07 07:10:12.695153,2025-09-07 07:10:12.695154
6799,Microchilus mosaicus (Ormerod) E. C. Smidt & M. W. Chase,Microchilus,mosaicus Ormerod,,,,2025-09-07 07:10:12.734759,2025-09-07 07:10:12.734761
6800,Microchilus multifoliatus (C. Schweinf.) E. C. Smidt & M. W. Chase,Microchilus,multifoliatus C.,,,,2025-09-07 07:10:12.774074,2025-09-07 07:10:12.774076
6801,Microchilus mutisii Szlach. & Kolan.,Microchilus,mutisii Szlach.,,,,2025-09-07 07:10:12.813786,2025-09-07 07:10:12.813787
6802,Microchilus myrmex (Ormerod) E. C. Smidt & M. W. Chase,Microchilus,myrmex Ormerod,,,,2025-09-07 07:10:12.853767,2025-09-07 07:10:12.853769
6803,Microchilus mystacinus (Rchb.f.) E. C. Smidt & M. W. Chase,Microchilus,mystacinus Rchb.f.,,,,2025-09-07 07:10:12.893876,2025-09-07 07:10:12.893879
6804,Microchilus nigrescens (Schltr.) Ormerod,Microchilus,nigrescens Schltr.,,,,2025-09-07 07:10:12.934849,2025-09-07 07:10:12.934853
6805,Microchilus nugax Ormerod,Microchilus,nugax Ormerod,,,,2025-09-07 07:10:12.973811,2025-09-07 07:10:12.973814
6806,Microchilus ormerodianus Kolan.,Microchilus,ormerodianus Kolan.,,,,2025-09-07 07:10:13.012827,2025-09-07 07:10:13.012829
6807,Microchilus oroensis (Dodson) Ormerod,Microchilus,oroensis Dodson,,,,2025-09-07 07:10:13.052128,2025-09-07 07:10:13.052131
6808,Microchilus ortgiesii (Rchb.f.) Ormerod,Microchilus,ortgiesii Rchb.f.,,,,2025-09-07 07:10:13.091527,2025-09-07 07:10:13.09153
6809,Microchilus ovalis Ormerod,Microchilus,ovalis Ormerod,,,,2025-09-07 07:10:13.131227,2025-09-07 07:10:13.131229
6810,Microchilus ovatilabius (Ames & Correll) E. C. Smidt & M. W. Chase,Microchilus,ovatilabius Ames,,,,2025-09-07 07:10:13.170371,2025-09-07 07:10:13.170373
6811,Microchilus ovatus (Lindl.) D. Dietr.,Microchilus,ovatus Lindl.,,,,2025-09-07 07:10:13.209521,2025-09-07 07:10:13.209523
6812,Microchilus pacaizapae Ormerod,Microchilus,pacaizapae Ormerod,,,,2025-09-07 07:10:13.248799,2025-09-07 07:10:13.248802
6813,Microchilus pachysepalus (Ormerod) E. C. Smidt & M. W. Chase,Microchilus,pachysepalus Ormerod,,,,2025-09-07 07:10:13.289172,2025-09-07 07:10:13.289175
6814,Microchilus paleaceus (Schltr.) Ormerod,Microchilus,paleaceus Schltr.,,,,2025-09-07 07:10:13.329271,2025-09-07 07:10:13.329274
6815,Microchilus palmazuensis Ormerod,Microchilus,palmazuensis Ormerod,,,,2025-09-07 07:10:13.3684,2025-09-07 07:10:13.368402
6816,Microchilus panamanicus Ormerod,Microchilus,panamanicus Ormerod,,,,2025-09-07 07:10:13.407363,2025-09-07 07:10:13.407365
6817,Microchilus paraisoensis Ormerod,Microchilus,paraisoensis Ormerod,,,,2025-09-07 07:10:13.446515,2025-09-07 07:10:13.446518
6818,Microchilus parvilabrum Ormerod,Microchilus,parvilabrum Ormerod,,,,2025-09-07 07:10:13.485856,2025-09-07 07:10:13.485859
6819,Microchilus pedicellatus (Cogn.) E. C. Smidt & M. W. Chase,Microchilus,pedicellatus Cogn.,,,,2025-09-07 07:10:13.524657,2025-09-07 07:10:13.524659
6820,Microchilus pedrojuanensis Ormerod,Microchilus,pedrojuanensis Ormerod,,,,2025-09-07 07:10:13.563467,2025-09-07 07:10:13.563469
6821,Microchilus perijanus Ormerod,Microchilus,perijanus Ormerod,,,,2025-09-07 07:10:13.602505,2025-09-07 07:10:13.602508
6822,Microchilus peterianus (Cogn.) E. C. Smidt & M. W. Chase,Microchilus,peterianus Cogn.,,,,2025-09-07 07:10:13.642059,2025-09-07 07:10:13.642061
6823,Microchilus pilosus Szlach. & Kolan.,Microchilus,pilosus Szlach.,,,,2025-09-07 07:10:13.681265,2025-09-07 07:10:13.681267
6824,Microchilus pimentelii Ormerod,Microchilus,pimentelii Ormerod,,,,2025-09-07 07:10:13.720055,2025-09-07 07:10:13.720057
6825,Microchilus plantagineus (L.) D. Dietr.,Microchilus,plantagineus L.,,,,2025-09-07 07:10:13.759152,2025-09-07 07:10:13.759154
6826,Microchilus platanilloensis Ormerod,Microchilus,platanilloensis Ormerod,,,,2025-09-07 07:10:13.797648,2025-09-07 07:10:13.79765
6827,Microchilus platensis (Hauman) E. C. Smidt & M. W. Chase,Microchilus,platensis Hauman,,,,2025-09-07 07:10:13.845623,2025-09-07 07:10:13.845625
6828,Microchilus platysepalus Ormerod,Microchilus,platysepalus Ormerod,,,,2025-09-07 07:10:13.884565,2025-09-07 07:10:13.884567
6829,Microchilus plowmanii Ormerod,Microchilus,plowmanii Ormerod,,,,2025-09-07 07:10:13.923843,2025-09-07 07:10:13.923846
6830,Microchilus popayanensis (Ormerod) E. C. Smidt & M. W. Chase,Microchilus,popayanensis Ormerod,,,,2025-09-07 07:10:13.963403,2025-09-07 07:10:13.963407
6831,Microchilus preslii Ormerod,Microchilus,preslii Ormerod,,,,2025-09-07 07:10:14.003081,2025-09-07 07:10:14.003094
6832,Microchilus procerus (Schltr.) Ormerod,Microchilus,procerus Schltr.,,,,2025-09-07 07:10:14.042529,2025-09-07 07:10:14.042532
6833,Microchilus pseudobrunnescens Ormerod,Microchilus,pseudobrunnescens Ormerod,,,,2025-09-07 07:10:14.081665,2025-09-07 07:10:14.081669
6834,Microchilus pseudocaucanus Ormerod,Microchilus,pseudocaucanus Ormerod,,,,2025-09-07 07:10:14.12087,2025-09-07 07:10:14.120873
6835,Microchilus pseudominor Ormerod,Microchilus,pseudominor Ormerod,,,,2025-09-07 07:10:14.160225,2025-09-07 07:10:14.160227
6836,Microchilus pumilus (Cogn.) E. C. Smidt & M. W. Chase,Microchilus,pumilus Cogn.,,,,2025-09-07 07:10:14.199442,2025-09-07 07:10:14.199445
6837,Microchilus putumayoensis Ormerod,Microchilus,putumayoensis Ormerod,,,,2025-09-07 07:10:14.238629,2025-09-07 07:10:14.238632
6838,Microchilus puyoensis Ormerod,Microchilus,puyoensis Ormerod,,,,2025-09-07 07:10:14.2781,2025-09-07 07:10:14.278105
6839,Microchilus puyoensis Ormerod var. brachyceras Ormerod,Microchilus,puyoensis Ormerod,,,,2025-09-07 07:10:14.317481,2025-09-07 07:10:14.317484
6840,Microchilus puyoensis Ormerod var. brevipedunculatus Ormerod,Microchilus,puyoensis Ormerod,,,,2025-09-07 07:10:14.36086,2025-09-07 07:10:14.360863
6841,Microchilus quadratus (Garay) Ormerod,Microchilus,quadratus Garay,,,,2025-09-07 07:10:14.40074,2025-09-07 07:10:14.400743
6842,Microchilus querceticola (Lindl.) D. Dietr.,Microchilus,querceticola Lindl.,,,,2025-09-07 07:10:14.439592,2025-09-07 07:10:14.439594
6843,Microchilus queremalensis Ormerod,Microchilus,queremalensis Ormerod,,,,2025-09-07 07:10:14.479806,2025-09-07 07:10:14.479808
6844,Microchilus quetamensis Ormerod,Microchilus,quetamensis Ormerod,,,,2025-09-07 07:10:14.518948,2025-09-07 07:10:14.518951
6845,Microchilus rariflorus (Lindl.) E. C. Smidt & M. W. Chase,Microchilus,rariflorus Lindl.,,,,2025-09-07 07:10:14.557736,2025-09-07 07:10:14.557739
6846,Microchilus reddenii (Ormerod & Carnevali) E. C. Smidt & M. W. Chase,Microchilus,reddenii Ormerod,,,,2025-09-07 07:10:14.596914,2025-09-07 07:10:14.59692
6847,Microchilus repens (Poepp. & Endl.) D. Dietr.,Microchilus,repens Poepp.,,,,2025-09-07 07:10:14.635999,2025-09-07 07:10:14.636003
6848,Microchilus rioesmeraldae Ormerod,Microchilus,rioesmeraldae Ormerod,,,,2025-09-07 07:10:14.675713,2025-09-07 07:10:14.675715
6849,Microchilus rioitayanus Ormerod,Microchilus,rioitayanus Ormerod,,,,2025-09-07 07:10:14.714815,2025-09-07 07:10:14.714817
6850,Microchilus riopalenquensis Ormerod,Microchilus,riopalenquensis Ormerod,,,,2025-09-07 07:10:14.763617,2025-09-07 07:10:14.763619
6851,Microchilus robustus (C. Schweinf.) E. C. Smidt & M. W. Chase,Microchilus,robustus C.,,,,2025-09-07 07:10:14.802765,2025-09-07 07:10:14.802767
6852,Microchilus roseoalbus (Dressler) E. C. Smidt & M. W. Chase,Microchilus,roseoalbus Dressler,,,,2025-09-07 07:10:14.841843,2025-09-07 07:10:14.841844
6853,Microchilus roseus (Lindl.) D. Dietr.,Microchilus,roseus Lindl.,,,,2025-09-07 07:10:14.880414,2025-09-07 07:10:14.880415
6854,Microchilus rotundifolius (Ormerod) E. C. Smidt & M. W. Chase,Microchilus,rotundifolius Ormerod,,,,2025-09-07 07:10:14.918897,2025-09-07 07:10:14.918899
6855,Microchilus ruizteranii Ormerod,Microchilus,ruizteranii Ormerod,,,,2025-09-07 07:10:14.957838,2025-09-07 07:10:14.957841
6856,Microchilus sanpabloensis Ormerod,Microchilus,sanpabloensis Ormerod,,,,2025-09-07 07:10:14.997635,2025-09-07 07:10:14.997639
6857,Microchilus sarmientoi Szlach. & Kolan.,Microchilus,sarmientoi Szlach.,,,,2025-09-07 07:10:15.036984,2025-09-07 07:10:15.036988
6858,Microchilus schlechterianus (Hoehne) E. C. Smidt & M. W. Chase,Microchilus,schlechterianus Hoehne,,,,2025-09-07 07:10:15.076727,2025-09-07 07:10:15.07673
6859,Microchilus schneideri Ormerod,Microchilus,schneideri Ormerod,,,,2025-09-07 07:10:15.115783,2025-09-07 07:10:15.115786
6860,Microchilus schultesianus (Garay) Ormerod,Microchilus,schultesianus Garay,,,,2025-09-07 07:10:15.154777,2025-09-07 07:10:15.15478
6861,Microchilus scrotiformis (C. Schweinf.) Ormerod,Microchilus,scrotiformis C.,,,,2025-09-07 07:10:15.195111,2025-09-07 07:10:15.195114
6862,Microchilus secundus (Ames) E. C. Smidt & M. W. Chase,Microchilus,secundus Ames,,,,2025-09-07 07:10:15.234053,2025-09-07 07:10:15.234056
6863,Microchilus serripetalus (Garay) E. C. Smidt & M. W. Chase,Microchilus,serripetalus Garay,,,,2025-09-07 07:10:15.274137,2025-09-07 07:10:15.27414
6864,Microchilus siberianus (Ormerod) E. C. Smidt & M. W. Chase,Microchilus,siberianus Ormerod,,,,2025-09-07 07:10:15.313717,2025-09-07 07:10:15.31372
6865,Microchilus simplex (C. Schweinf.) E. C. Smidt & M. W. Chase,Microchilus,simplex C.,,,,2025-09-07 07:10:15.355907,2025-09-07 07:10:15.35591
6866,Microchilus sororius (Garay) E. C. Smidt & M. W. Chase,Microchilus,sororius Garay,,,,2025-09-07 07:10:15.396504,2025-09-07 07:10:15.396507
6867,Microchilus sparreorum (Garay) Ormerod,Microchilus,sparreorum Garay,,,,2025-09-07 07:10:15.438359,2025-09-07 07:10:15.438362
6868,Microchilus sparsiflorus (Garay) E. C. Smidt & M. W. Chase,Microchilus,sparsiflorus Garay,,,,2025-09-07 07:10:15.477266,2025-09-07 07:10:15.477268
6869,Microchilus sprucei (Garay) Ormerod,Microchilus,sprucei Garay,,,,2025-09-07 07:10:15.516101,2025-09-07 07:10:15.516104
6870,Microchilus stenocentron (Schltr.) E. C. Smidt & M. W. Chase,Microchilus,stenocentron Schltr.,,,,2025-09-07 07:10:15.555116,2025-09-07 07:10:15.555118
6871,Microchilus steyermarkii Szlach. & Kolan.,Microchilus,steyermarkii Szlach.,,,,2025-09-07 07:10:15.594216,2025-09-07 07:10:15.594218
6872,Microchilus stictophyllus (Schltr.) E. C. Smidt & M. W. Chase,Microchilus,stictophyllus Schltr.,,,,2025-09-07 07:10:15.633051,2025-09-07 07:10:15.633054
6873,Microchilus stigmatopterus (Rchb.f.) E. C. Smidt & M. W. Chase,Microchilus,stigmatopterus Rchb.f.,,,,2025-09-07 07:10:15.67213,2025-09-07 07:10:15.672132
6874,Microchilus subquadratus Ormerod,Microchilus,subquadratus Ormerod,,,,2025-09-07 07:10:15.720059,2025-09-07 07:10:15.720062
6875,Microchilus sumacoensis (Ormerod) E. C. Smidt & M. W. Chase,Microchilus,sumacoensis Ormerod,,,,2025-09-07 07:10:15.760388,2025-09-07 07:10:15.76039
6876,Microchilus sytsmae (Ormerod) E. C. Smidt & M. W. Chase,Microchilus,sytsmae Ormerod,,,,2025-09-07 07:10:15.799352,2025-09-07 07:10:15.799354
6877,Microchilus tequendamae Ormerod,Microchilus,tequendamae Ormerod,,,,2025-09-07 07:10:15.838014,2025-09-07 07:10:15.838017
6878,Microchilus tessellatus Ormerod,Microchilus,tessellatus Ormerod,,,,2025-09-07 07:10:15.877006,2025-09-07 07:10:15.877009
6879,Microchilus topoensis Ormerod,Microchilus,topoensis Ormerod,,,,2025-09-07 07:10:15.916186,2025-09-07 07:10:15.916188
6880,Microchilus trianae Ormerod,Microchilus,trianae Ormerod,,,,2025-09-07 07:10:15.9548,2025-09-07 07:10:15.954801
6881,Microchilus tribouillieri (Archila,Microchilus,tribouillieri Archila,,,,2025-09-07 07:10:15.993584,2025-09-07 07:10:15.993586
6882,Microchilus tridax (Rchb.f.) Ormerod,Microchilus,tridax Rchb.f.,,,,2025-09-07 07:10:16.032935,2025-09-07 07:10:16.032938
6883,Microchilus trifasciatus Ormerod,Microchilus,trifasciatus Ormerod,,,,2025-09-07 07:10:16.073589,2025-09-07 07:10:16.073591
6884,Microchilus tuerckheimii (Schltr.) E. C. Smidt & M. W. Chase,Microchilus,tuerckheimii Schltr.,,,,2025-09-07 07:10:16.113362,2025-09-07 07:10:16.113365
6885,Microchilus tulamengensis (Ormerod & Carnevali) E. C. Smidt & M. W. Chase,Microchilus,tulamengensis Ormerod,,,,2025-09-07 07:10:16.152419,2025-09-07 07:10:16.152422
6886,Microchilus tunquianus Ormerod,Microchilus,tunquianus Ormerod,,,,2025-09-07 07:10:16.1913,2025-09-07 07:10:16.191303
6887,Microchilus umbraticola (Garay) E. C. Smidt & M. W. Chase,Microchilus,umbraticola Garay,,,,2025-09-07 07:10:16.23395,2025-09-07 07:10:16.233954
6888,Microchilus unicornis (Ormerod) E. C. Smidt & M. W. Chase,Microchilus,unicornis Ormerod,,,,2025-09-07 07:10:16.273482,2025-09-07 07:10:16.273485
6889,Microchilus uribei Szlach. & Kolan.,Microchilus,uribei Szlach.,,,,2025-09-07 07:10:16.312665,2025-09-07 07:10:16.312669
6890,Microchilus utriculatus (Dressler) E. C. Smidt & M. W. Chase,Microchilus,utriculatus Dressler,,,,2025-09-07 07:10:16.35168,2025-09-07 07:10:16.351683
6891,Microchilus valdivianus Ormerod,Microchilus,valdivianus Ormerod,,,,2025-09-07 07:10:16.392284,2025-09-07 07:10:16.392287
6892,Microchilus vallecaucanus Szlach. & Kolan.,Microchilus,vallecaucanus Szlach.,,,,2025-09-07 07:10:16.431705,2025-09-07 07:10:16.431708
6893,Microchilus valverdei Ormerod,Microchilus,valverdei Ormerod,,,,2025-09-07 07:10:16.470937,2025-09-07 07:10:16.47094
6894,Microchilus venezuelanus (Garay & Dunst.) Ormerod,Microchilus,venezuelanus Garay,,,,2025-09-07 07:10:16.51014,2025-09-07 07:10:16.510142
6895,Microchilus ventosus Ormerod,Microchilus,ventosus Ormerod,,,,2025-09-07 07:10:16.549333,2025-09-07 07:10:16.549335
6896,Microchilus venustulus (Ames) E. C. Smidt & M. W. Chase,Microchilus,venustulus Ames,,,,2025-09-07 07:10:16.588613,2025-09-07 07:10:16.588614
6897,Microchilus vesicifer (Rchb.f.) Ormerod,Microchilus,vesicifer Rchb.f.,,,,2025-09-07 07:10:16.627493,2025-09-07 07:10:16.627495
6898,Microchilus vesiculosus (Ormerod) E. C. Smidt & M. W. Chase,Microchilus,vesiculosus Ormerod,,,,2025-09-07 07:10:16.666775,2025-09-07 07:10:16.666777
6899,Microchilus vilnerae Ormerod,Microchilus,vilnerae Ormerod,,,,2025-09-07 07:10:16.705732,2025-09-07 07:10:16.705735
6900,Microchilus viridissimus Ormerod,Microchilus,viridissimus Ormerod,,,,2025-09-07 07:10:16.745028,2025-09-07 07:10:16.745031
6901,Microchilus weberianus (Garay) Ormerod,Microchilus,weberianus Garay,,,,2025-09-07 07:10:16.786787,2025-09-07 07:10:16.78679
6902,Microchilus whitefoordiae Ormerod,Microchilus,whitefoordiae Ormerod,,,,2025-09-07 07:10:16.840476,2025-09-07 07:10:16.840478
6903,Microchilus xeranthum Ormerod,Microchilus,xeranthum Ormerod,,,,2025-09-07 07:10:16.88002,2025-09-07 07:10:16.880022
6904,Microchilus xystophylloides (Garay) E. C. Smidt & M. W. Chase,Microchilus,xystophylloides Garay,,,,2025-09-07 07:10:16.919071,2025-09-07 07:10:16.919074
6905,Microchilus xystophyllus (Rchb.f.) Ormerod,Microchilus,xystophyllus Rchb.f.,,,,2025-09-07 07:10:16.960288,2025-09-07 07:10:16.96029
6906,Microchilus yungasensis M. C. Pace,Microchilus,yungasensis M.,,,,2025-09-07 07:10:16.999403,2025-09-07 07:10:16.999405
6907,Microchilus zeuxinoides (Schltr.) Ormerod,Microchilus,zeuxinoides Schltr.,,,,2025-09-07 07:10:17.038372,2025-09-07 07:10:17.038374
6908,Microchilus zingarae Ormerod,Microchilus,zingarae Ormerod,,,,2025-09-07 07:10:17.077836,2025-09-07 07:10:17.07784
6909,Microchilus zonatus (Ormerod) E. C. Smidt & M. W. Chase,Microchilus,zonatus Ormerod,,,,2025-09-07 07:10:17.117419,2025-09-07 07:10:17.117422
6910,Erythrodes Blume,Erythrodes,Blume,,,,2025-09-07 07:10:17.163921,2025-09-07 07:10:17.163924
6911,Erythrodes aggregata (T. P. Lin & W. M. Lin) T. P. Lin,Erythrodes,aggregata T.,,,,2025-09-07 07:10:17.203798,2025-09-07 07:10:17.203801
6912,Erythrodes amboinensis J. J. Sm.,Erythrodes,amboinensis J.,,,,2025-09-07 07:10:17.243155,2025-09-07 07:10:17.243157
6913,Erythrodes bicarinata Schltr.,Erythrodes,bicarinata Schltr.,,,,2025-09-07 07:10:17.286462,2025-09-07 07:10:17.286465
6914,Erythrodes blumei (Lindl.) Schltr.,Erythrodes,blumei Lindl.,,,,2025-09-07 07:10:17.328218,2025-09-07 07:10:17.328221
6915,Erythrodes boettcheri Ames,Erythrodes,boettcheri Ames,,,,2025-09-07 07:10:17.367362,2025-09-07 07:10:17.367365
6916,Erythrodes celebensis P. O'Byrne,Erythrodes,celebensis P.,,,,2025-09-07 07:10:17.406858,2025-09-07 07:10:17.406862
6917,Erythrodes chinensis (Rolfe) Schltr.,Erythrodes,chinensis Rolfe,,,,2025-09-07 07:10:17.446881,2025-09-07 07:10:17.446885
6918,Erythrodes chinensis (Rolfe) Schltr. var. triantherae (C. L. Yeh & C. S. Leou) T. P. Lin,Erythrodes,chinensis Rolfe,,,,2025-09-07 07:10:17.4868,2025-09-07 07:10:17.486803
6919,Erythrodes forcipata Schltr.,Erythrodes,forcipata Schltr.,,,,2025-09-07 07:10:17.525999,2025-09-07 07:10:17.526002
6920,Erythrodes glandulosa (Lindl.) Ames,Erythrodes,glandulosa Lindl.,,,,2025-09-07 07:10:17.566269,2025-09-07 07:10:17.566273
6921,Erythrodes glaucescens Schltr.,Erythrodes,glaucescens Schltr.,,,,2025-09-07 07:10:17.605181,2025-09-07 07:10:17.605185
6922,Erythrodes hirsuta (Griff.) Ormerod & Seidenf.,Erythrodes,hirsuta Griff.,,,,2025-09-07 07:10:17.644294,2025-09-07 07:10:17.644296
6923,Erythrodes humilis (Blume) J. J. Sm.,Erythrodes,humilis Blume,,,,2025-09-07 07:10:17.683279,2025-09-07 07:10:17.683281
6924,Erythrodes johorensis (P. O'Byrne) Ormerod,Erythrodes,johorensis P.,,,,2025-09-07 07:10:17.722334,2025-09-07 07:10:17.722336
6925,Erythrodes latifolia Blume,Erythrodes,latifolia Blume,,,,2025-09-07 07:10:17.761247,2025-09-07 07:10:17.761249
6926,Erythrodes latiloba Ormerod,Erythrodes,latiloba Ormerod,,,,2025-09-07 07:10:17.800911,2025-09-07 07:10:17.800923
6927,Erythrodes oxyglossa Schltr.,Erythrodes,oxyglossa Schltr.,,,,2025-09-07 07:10:17.840536,2025-09-07 07:10:17.840539
6928,Erythrodes papuana Schltr.,Erythrodes,papuana Schltr.,,,,2025-09-07 07:10:17.879597,2025-09-07 07:10:17.879599
6929,Erythrodes parvula Kores,Erythrodes,parvula Kores,,,,2025-09-07 07:10:17.918541,2025-09-07 07:10:17.918542
6930,Erythrodes praemorsa Schltr.,Erythrodes,praemorsa Schltr.,,,,2025-09-07 07:10:17.957555,2025-09-07 07:10:17.957556
6931,Erythrodes purpurascens Schltr.,Erythrodes,purpurascens Schltr.,,,,2025-09-07 07:10:17.996583,2025-09-07 07:10:17.996584
6932,Erythrodes sepikana Schltr.,Erythrodes,sepikana Schltr.,,,,2025-09-07 07:10:18.036471,2025-09-07 07:10:18.036473
6933,Erythrodes tetrodonta Ormerod,Erythrodes,tetrodonta Ormerod,,,,2025-09-07 07:10:18.075661,2025-09-07 07:10:18.075663
6934,Erythrodes torricellensis Schltr.,Erythrodes,torricellensis Schltr.,,,,2025-09-07 07:10:18.114935,2025-09-07 07:10:18.114938
6935,Erythrodes triloba Carr,Erythrodes,triloba Carr,,,,2025-09-07 07:10:18.155659,2025-09-07 07:10:18.155663
6936,Erythrodes weberi Ames,Erythrodes,weberi Ames,,,,2025-09-07 07:10:18.195224,2025-09-07 07:10:18.195227
6937,Erythrodes wenzelii Ames,Erythrodes,wenzelii Ames,,,,2025-09-07 07:10:18.235376,2025-09-07 07:10:18.23538
6938,Goodyera R. Br.,Goodyera,R. Br.,,,,2025-09-07 07:10:18.276905,2025-09-07 07:10:18.276907
6939,Goodyera afzelii Schltr.,Goodyera,afzelii Schltr.,,,,2025-09-07 07:10:18.316513,2025-09-07 07:10:18.316516
6940,Goodyera alveolata Pradhan,Goodyera,alveolata Pradhan,,,,2025-09-07 07:10:18.357015,2025-09-07 07:10:18.357018
6941,Goodyera alveolata Pradhan var. medogensis (H. Z. Tian,Goodyera,alveolata Pradhan,,,,2025-09-07 07:10:18.397935,2025-09-07 07:10:18.397938
6942,Goodyera amoena Schltr.,Goodyera,amoena Schltr.,,,,2025-09-07 07:10:18.440065,2025-09-07 07:10:18.440069
6943,Goodyera angustifolia Schltr.,Goodyera,angustifolia Schltr.,,,,2025-09-07 07:10:18.482634,2025-09-07 07:10:18.482637
6944,Goodyera araneosa H. Z. Tian,Goodyera,araneosa H.,,,,2025-09-07 07:10:18.522138,2025-09-07 07:10:18.52214
6945,Goodyera beccarii Schltr.,Goodyera,beccarii Schltr.,,,,2025-09-07 07:10:18.561558,2025-09-07 07:10:18.56156
6946,Goodyera bifida (Blume) Blume,Goodyera,bifida Blume,,,,2025-09-07 07:10:18.603367,2025-09-07 07:10:18.60337
6947,Goodyera biflora (Lindl.) Hook.f.,Goodyera,biflora Lindl.,,,,2025-09-07 07:10:18.644438,2025-09-07 07:10:18.644441
6948,Goodyera boninensis Nakai,Goodyera,boninensis Nakai,,,,2025-09-07 07:10:18.683684,2025-09-07 07:10:18.683686
6949,Goodyera brachyceras (A. Rich. & Galeotti) Garay & G. A. Romero,Goodyera,brachyceras A.,,,,2025-09-07 07:10:18.722822,2025-09-07 07:10:18.722825
6950,Goodyera brachystegia Hand.-Mazz.,Goodyera,brachystegia Hand.-Mazz.,,,,2025-09-07 07:10:18.762176,2025-09-07 07:10:18.762177
6951,Goodyera bradeorum Schltr.,Goodyera,bradeorum Schltr.,,,,2025-09-07 07:10:18.801014,2025-09-07 07:10:18.801015
6952,Goodyera clausa (A. A. Eaton ex Ames) Schltr.,Goodyera,clausa A.,,,,2025-09-07 07:10:18.840326,2025-09-07 07:10:18.84033
6953,Goodyera colorata (Blume) Lindl. ex D. Dietr.,Goodyera,colorata Blume,,,,2025-09-07 07:10:18.879376,2025-09-07 07:10:18.879379
6954,Goodyera condensata Ormerod & J. J. Wood,Goodyera,condensata Ormerod,,,,2025-09-07 07:10:18.918249,2025-09-07 07:10:18.918251
6955,Goodyera cordata (Lindl.) G. Nicholson,Goodyera,cordata Lindl.,,,,2025-09-07 07:10:18.957059,2025-09-07 07:10:18.957061
6956,Goodyera crassifolia H. J. Suh,Goodyera,crassifolia H.,,,,2025-09-07 07:10:18.995817,2025-09-07 07:10:18.995819
6957,Goodyera crocodiliceps Ormerod,Goodyera,crocodiliceps Ormerod,,,,2025-09-07 07:10:19.034933,2025-09-07 07:10:19.034936
6958,Goodyera cyclopensis Ormerod,Goodyera,cyclopensis Ormerod,,,,2025-09-07 07:10:19.074002,2025-09-07 07:10:19.074004
6959,Goodyera daibuzanensis Yamam.,Goodyera,daibuzanensis Yamam.,,,,2025-09-07 07:10:19.113021,2025-09-07 07:10:19.113024
6960,Goodyera denticulata J. J. Sm.,Goodyera,denticulata J.,,,,2025-09-07 07:10:19.15438,2025-09-07 07:10:19.154383
6961,Goodyera elmeri (Ames) Ames,Goodyera,elmeri Ames,,,,2025-09-07 07:10:19.193944,2025-09-07 07:10:19.193947
6962,Goodyera erosa (Ames & C. Schweinf.) Ames,Goodyera,erosa Ames,,,,2025-09-07 07:10:19.236575,2025-09-07 07:10:19.236578
6963,Goodyera erythrodoides Schltr.,Goodyera,erythrodoides Schltr.,,,,2025-09-07 07:10:19.275939,2025-09-07 07:10:19.275942
6964,Goodyera fimbrilabia Ormerod,Goodyera,fimbrilabia Ormerod,,,,2025-09-07 07:10:19.323144,2025-09-07 07:10:19.323147
6965,Goodyera foliosa (Lindl.) Benth. ex Hook.f.,Goodyera,foliosa Lindl.,,,,2025-09-07 07:10:19.36229,2025-09-07 07:10:19.362291
6966,Goodyera foliosa (Lindl.) Benth. ex Hook.f. var. maximowicziana (Makino) S. S. Ying,Goodyera,foliosa Lindl.,,,,2025-09-07 07:10:19.401593,2025-09-07 07:10:19.401597
6967,Goodyera fumata Thwaites,Goodyera,fumata Thwaites,,,,2025-09-07 07:10:19.441066,2025-09-07 07:10:19.441069
6968,Goodyera fusca (Lindl.) Hook.f.,Goodyera,fusca Lindl.,,,,2025-09-07 07:10:19.480058,2025-09-07 07:10:19.48006
6969,Goodyera gemmata J. J. Sm.,Goodyera,gemmata J.,,,,2025-09-07 07:10:19.519322,2025-09-07 07:10:19.519326
6970,Goodyera gibbsiae J. J. Sm.,Goodyera,gibbsiae J.,,,,2025-09-07 07:10:19.560202,2025-09-07 07:10:19.560205
6971,Goodyera hachijoensis Yatabe,Goodyera,hachijoensis Yatabe,,,,2025-09-07 07:10:19.599346,2025-09-07 07:10:19.599348
6972,Goodyera hachijoensis Yatabe var. matsumurana (Schltr.) Ohwi,Goodyera,hachijoensis Yatabe,,,,2025-09-07 07:10:19.63861,2025-09-07 07:10:19.638613
6973,Goodyera hachijoensis Yatabe var. yakushimensis (Nakai) Ohwi,Goodyera,hachijoensis Yatabe,,,,2025-09-07 07:10:19.678222,2025-09-07 07:10:19.678226
6974,Goodyera hemsleyana King & Pantl.,Goodyera,hemsleyana King,,,,2025-09-07 07:10:19.717622,2025-09-07 07:10:19.717625
6975,Goodyera henryi Rolfe,Goodyera,henryi Rolfe,,,,2025-09-07 07:10:19.757054,2025-09-07 07:10:19.757056
6976,Goodyera hispaniolae Dod,Goodyera,hispaniolae Dod,,,,2025-09-07 07:10:19.796309,2025-09-07 07:10:19.796311
6977,Goodyera hispida Lindl.,Goodyera,hispida Lindl.,,,,2025-09-07 07:10:19.835287,2025-09-07 07:10:19.835289
6978,Goodyera humicola (Schltr.) Schltr.,Goodyera,humicola Schltr.,,,,2025-09-07 07:10:19.874387,2025-09-07 07:10:19.874389
6979,Goodyera inmeghema Ormerod,Goodyera,inmeghema Ormerod,,,,2025-09-07 07:10:19.913388,2025-09-07 07:10:19.913391
6980,Goodyera lamprotaenia Schltr.,Goodyera,lamprotaenia Schltr.,,,,2025-09-07 07:10:19.953939,2025-09-07 07:10:19.953941
6981,Goodyera lanceolata Ridl.,Goodyera,lanceolata Ridl.,,,,2025-09-07 07:10:19.993183,2025-09-07 07:10:19.993185
6982,Goodyera longirostrata Hayata,Goodyera,longirostrata Hayata,,,,2025-09-07 07:10:20.032895,2025-09-07 07:10:20.032897
6983,Goodyera luzonensis Ames,Goodyera,luzonensis Ames,,,,2025-09-07 07:10:20.072205,2025-09-07 07:10:20.072207
6984,Goodyera macrophylla Lowe,Goodyera,macrophylla Lowe,,,,2025-09-07 07:10:20.111368,2025-09-07 07:10:20.111369
6985,Goodyera maculata T. P. Lin,Goodyera,maculata T.,,,,2025-09-07 07:10:20.150534,2025-09-07 07:10:20.150536
6986,Goodyera major Ames & Correll,Goodyera,major Ames,,,,2025-09-07 07:10:20.189786,2025-09-07 07:10:20.189788
6987,Goodyera makuensis Ormerod,Goodyera,makuensis Ormerod,,,,2025-09-07 07:10:20.228664,2025-09-07 07:10:20.228665
6988,Goodyera malipoensis Q. X. Guan & S. P. Chen,Goodyera,malipoensis Q.,,,,2025-09-07 07:10:20.268072,2025-09-07 07:10:20.268076
6989,Goodyera marginata Lindl.,Goodyera,marginata Lindl.,,,,2025-09-07 07:10:20.307701,2025-09-07 07:10:20.307704
6990,Goodyera maurevertii Blume,Goodyera,maurevertii Blume,,,,2025-09-07 07:10:20.34888,2025-09-07 07:10:20.348884
6991,Goodyera modesta Schltr.,Goodyera,modesta Schltr.,,,,2025-09-07 07:10:20.390552,2025-09-07 07:10:20.390555
6992,Goodyera myanmarica Ormerod & C. S. Kumar,Goodyera,myanmarica Ormerod,,,,2025-09-07 07:10:20.429555,2025-09-07 07:10:20.429558
6993,Goodyera nankoensis Fukuy.,Goodyera,nankoensis Fukuy.,,,,2025-09-07 07:10:20.469146,2025-09-07 07:10:20.469149
6994,Goodyera nanshanensis Xi L. Wang & X. H. Jin,Goodyera,nanshanensis Xi,,,,2025-09-07 07:10:20.508734,2025-09-07 07:10:20.508737
6995,Goodyera nantoensis Hayata,Goodyera,nantoensis Hayata,,,,2025-09-07 07:10:20.548213,2025-09-07 07:10:20.548214
6996,Goodyera novembrilis (Rchb.f.) Ormerod,Goodyera,novembrilis Rchb.f.,,,,2025-09-07 07:10:20.587727,2025-09-07 07:10:20.587729
6997,Goodyera oblongifolia Raf.,Goodyera,oblongifolia Raf.,,,,2025-09-07 07:10:20.627458,2025-09-07 07:10:20.627461
6998,Goodyera pendula Maxim.,Goodyera,pendula Maxim.,,,,2025-09-07 07:10:20.666602,2025-09-07 07:10:20.666605
6999,Goodyera perrieri (Schltr.) Schltr.,Goodyera,perrieri Schltr.,,,,2025-09-07 07:10:20.705861,2025-09-07 07:10:20.705864
7000,Goodyera polyphylla Ormerod,Goodyera,polyphylla Ormerod,,,,2025-09-07 07:10:20.745563,2025-09-07 07:10:20.745566
7001,Goodyera procera (Ker Gawl.) Hook.,Goodyera,procera Ker,,,,2025-09-07 07:10:20.784842,2025-09-07 07:10:20.784844
7002,Goodyera pubescens (Willd.) R. Br.,Goodyera,pubescens Willd.,,,,2025-09-07 07:10:20.82539,2025-09-07 07:10:20.825393
7003,Goodyera purpusii Ormerod,Goodyera,purpusii Ormerod,,,,2025-09-07 07:10:20.864763,2025-09-07 07:10:20.864765
7004,Goodyera pusilla Blume,Goodyera,pusilla Blume,,,,2025-09-07 07:10:20.903881,2025-09-07 07:10:20.903883
7005,Goodyera ramosii Ames,Goodyera,ramosii Ames,,,,2025-09-07 07:10:20.943045,2025-09-07 07:10:20.943046
7006,Goodyera recurva Lindl.,Goodyera,recurva Lindl.,,,,2025-09-07 07:10:20.982521,2025-09-07 07:10:20.982524
7007,Goodyera repens (L.) R. Br.,Goodyera,repens L.,,,,2025-09-07 07:10:21.022641,2025-09-07 07:10:21.022645
7008,Goodyera reticulata (Blume) Lindl. ex D. Dietr.,Goodyera,reticulata Blume,,,,2025-09-07 07:10:21.061993,2025-09-07 07:10:21.061996
7009,Goodyera rhombodoides Aver.,Goodyera,rhombodoides Aver.,,,,2025-09-07 07:10:21.101042,2025-09-07 07:10:21.101045
7010,Goodyera robusta Hook.f.,Goodyera,robusta Hook.f.,,,,2025-09-07 07:10:21.140133,2025-09-07 07:10:21.140135
7011,Goodyera rostellata Ames & C. Schweinf.,Goodyera,rostellata Ames,,,,2025-09-07 07:10:21.179465,2025-09-07 07:10:21.179466
7012,Goodyera rostrata Ridl.,Goodyera,rostrata Ridl.,,,,2025-09-07 07:10:21.218772,2025-09-07 07:10:21.218774
7013,Goodyera rubicunda (Blume) Lindl.,Goodyera,rubicunda Blume,,,,2025-09-07 07:10:21.257934,2025-09-07 07:10:21.257937
7014,Goodyera rubicunda (Blume) Lindl. var. australis Juswara,Goodyera,rubicunda Blume,,,,2025-09-07 07:10:21.312206,2025-09-07 07:10:21.312209
7015,Goodyera rubicunda (Blume) Lindl. var. triandra (Schltr.) N. Hallé,Goodyera,rubicunda Blume,,,,2025-09-07 07:10:21.353981,2025-09-07 07:10:21.353985
7016,Goodyera ruttenii J. J. Sm.,Goodyera,ruttenii J.,,,,2025-09-07 07:10:21.393679,2025-09-07 07:10:21.393682
7017,Goodyera schlechtendaliana Rchb.f.,Goodyera,schlechtendaliana Rchb.f.,,,,2025-09-07 07:10:21.442882,2025-09-07 07:10:21.442884
7018,Goodyera sechellarum (S. Moore) Ormerod,Goodyera,sechellarum S.,,,,2025-09-07 07:10:21.48224,2025-09-07 07:10:21.482243
7019,Goodyera serpens Schltr.,Goodyera,serpens Schltr.,,,,2025-09-07 07:10:21.522324,2025-09-07 07:10:21.522327
7020,Goodyera similis Blume,Goodyera,similis Blume,,,,2025-09-07 07:10:21.562061,2025-09-07 07:10:21.562065
7021,Goodyera similis Blume var. similoides T. P. Lin,Goodyera,similis Blume,,,,2025-09-07 07:10:21.601562,2025-09-07 07:10:21.601566
7022,Goodyera stelidifera Ormerod,Goodyera,stelidifera Ormerod,,,,2025-09-07 07:10:21.641033,2025-09-07 07:10:21.641036
7023,Goodyera stenopetala ssp. stenopetala Schltr.,Goodyera,stenopetala ssp.,,,,2025-09-07 07:10:21.681415,2025-09-07 07:10:21.681419
7024,Goodyera stenopetala ssp. rendovana Ormerod,Goodyera,stenopetala ssp.,,,,2025-09-07 07:10:21.720855,2025-09-07 07:10:21.720858
7025,Goodyera striata Rchb.f.,Goodyera,striata Rchb.f.,,,,2025-09-07 07:10:21.760642,2025-09-07 07:10:21.760645
7026,Goodyera sumbawana Ormerod,Goodyera,sumbawana Ormerod,,,,2025-09-07 07:10:21.800358,2025-09-07 07:10:21.800362
7027,Goodyera tesselata G. Lodd.,Goodyera,tesselata G.,,,,2025-09-07 07:10:21.845465,2025-09-07 07:10:21.845468
7028,Goodyera thailandica Seidenf.,Goodyera,thailandica Seidenf.,,,,2025-09-07 07:10:21.884831,2025-09-07 07:10:21.884834
7029,Goodyera turialbae Schltr.,Goodyera,turialbae Schltr.,,,,2025-09-07 07:10:21.923959,2025-09-07 07:10:21.923961
7030,Goodyera umbrosa (D. L. Jones & M. A. Clem.) J. M. H. Shaw,Goodyera,umbrosa D.,,,,2025-09-07 07:10:21.963478,2025-09-07 07:10:21.96348
7031,Goodyera umbonata Aver.,Goodyera,umbonata Aver.,,,,2025-09-07 07:10:22.002739,2025-09-07 07:10:22.002743
7032,Goodyera venusta Schltr.,Goodyera,venusta Schltr.,,,,2025-09-07 07:10:22.042296,2025-09-07 07:10:22.0423
7033,Goodyera viridiflora (Blume) Lindl. ex D. Dietr.,Goodyera,viridiflora Blume,,,,2025-09-07 07:10:22.084478,2025-09-07 07:10:22.084481
7034,Goodyera viridiflora (Blume) Lindl. ex D. Dietr. var. hengchunensis (T. C. Hsu) T. P. Lin,Goodyera,viridiflora Blume,,,,2025-09-07 07:10:22.124357,2025-09-07 07:10:22.124361
7035,Goodyera viscosa Rchb.f.,Goodyera,viscosa Rchb.f.,,,,2025-09-07 07:10:22.163977,2025-09-07 07:10:22.163979
7036,Goodyera vittata (Lindl.) Benth. ex Hook.f.,Goodyera,vittata Lindl.,,,,2025-09-07 07:10:22.203312,2025-09-07 07:10:22.203314
7037,Goodyera wuana Tang & F. T. Wang,Goodyera,wuana Tang,,,,2025-09-07 07:10:22.242965,2025-09-07 07:10:22.242969
7038,Goodyera x kazumae Suetsugu,Goodyera,x kazumae,,,,2025-09-07 07:10:22.282447,2025-09-07 07:10:22.282451
7039,Goodyera x maximovelutina N. S. Lee & J. H. So,Goodyera,x maximovelutina,,,,2025-09-07 07:10:22.321936,2025-09-07 07:10:22.321939
7040,Goodyera x tamnaensis N. S. Lee,Goodyera,x tamnaensis,,,,2025-09-07 07:10:22.361748,2025-09-07 07:10:22.361752
7041,Goodyera x tanakae Suetsugu,Goodyera,x tanakae,,,,2025-09-07 07:10:22.403876,2025-09-07 07:10:22.403879
7042,Goodyera yamiana Fukuy.,Goodyera,yamiana Fukuy.,,,,2025-09-07 07:10:22.44355,2025-09-07 07:10:22.443554
7043,Goodyera yunnanensis Schltr.,Goodyera,yunnanensis Schltr.,,,,2025-09-07 07:10:22.486516,2025-09-07 07:10:22.48652
7044,Goodyera zacuapanensis Ormerod,Goodyera,zacuapanensis Ormerod,,,,2025-09-07 07:10:22.526242,2025-09-07 07:10:22.526245
7045,Danhatchia Garay & Christenson,Danhatchia,Garay &,,,,2025-09-07 07:10:22.566865,2025-09-07 07:10:22.566868
7046,Danhatchia australis (Hatch) Garay & Christenson,Danhatchia,australis Hatch,,,,2025-09-07 07:10:22.608615,2025-09-07 07:10:22.608618
7047,Danhatchia copelandii D. L. Jones & M. A. Clem.,Danhatchia,copelandii D.,,,,2025-09-07 07:10:22.651508,2025-09-07 07:10:22.651512
7048,Danhatchia novaehollandiae D. L. Jones & M. A. Clem.,Danhatchia,novaehollandiae D.,,,,2025-09-07 07:10:22.691465,2025-09-07 07:10:22.691469
7049,Gonatostylis Schltr.,Gonatostylis,Schltr.,,,,2025-09-07 07:10:22.73133,2025-09-07 07:10:22.731333
7050,Gonatostylis bougainvillei N. Hallé,Gonatostylis,bougainvillei N.,,,,2025-09-07 07:10:22.770884,2025-09-07 07:10:22.770886
7051,Gonatostylis vieillardii (Rchb.f.) Schltr.,Gonatostylis,vieillardii Rchb.f.,,,,2025-09-07 07:10:22.81252,2025-09-07 07:10:22.812524
7052,Halleorchis Szlach. & Olszewski,Halleorchis,Szlach. &,,,,2025-09-07 07:10:22.854396,2025-09-07 07:10:22.854399
7053,Halleorchis aspidogynoides Szlach. & Olszewski,Halleorchis,aspidogynoides Szlach.,,,,2025-09-07 07:10:22.895605,2025-09-07 07:10:22.895608
7054,Platylepis A. Rich.,Platylepis,A. Rich.,,,,2025-09-07 07:10:22.935957,2025-09-07 07:10:22.93596
7055,Platylepis bombus J. J. Sm.,Platylepis,bombus J.,,,,2025-09-07 07:10:22.976162,2025-09-07 07:10:22.976165
7056,Platylepis commelynae (Lindl.) Rchb.f.,Platylepis,commelynae Lindl.,,,,2025-09-07 07:10:23.016337,2025-09-07 07:10:23.016341
7057,Platylepis constricta (J. J. Sm.) J. J. Sm.,Platylepis,constricta J.,,,,2025-09-07 07:10:23.055932,2025-09-07 07:10:23.055935
7058,Platylepis densiflora Rolfe,Platylepis,densiflora Rolfe,,,,2025-09-07 07:10:23.095907,2025-09-07 07:10:23.09591
7059,Platylepis flaccida (Schltr.) M. C. Pace,Platylepis,flaccida Schltr.,,,,2025-09-07 07:10:23.135443,2025-09-07 07:10:23.135446
7060,Platylepis geluana (Schltr.) Schuit. & de Vogel,Platylepis,geluana Schltr.,,,,2025-09-07 07:10:23.174774,2025-09-07 07:10:23.174778
7061,Platylepis glandulosa (Lindl.) Rchb.f.,Platylepis,glandulosa Lindl.,,,,2025-09-07 07:10:23.214727,2025-09-07 07:10:23.21473
7062,Platylepis goudotii (Ormerod & Cavestro) M. C. Pace,Platylepis,goudotii Ormerod,,,,2025-09-07 07:10:23.253898,2025-09-07 07:10:23.253901
7063,Platylepis grandiflora (Schltr.) Ormerod,Platylepis,grandiflora Schltr.,,,,2025-09-07 07:10:23.293154,2025-09-07 07:10:23.293159
7064,Platylepis heteromorpha Rchb.f.,Platylepis,heteromorpha Rchb.f.,,,,2025-09-07 07:10:23.332309,2025-09-07 07:10:23.332311
7065,Platylepis hosokawae (Fukuy.) J. M. H. Shaw,Platylepis,hosokawae Fukuy.,,,,2025-09-07 07:10:23.371223,2025-09-07 07:10:23.371226
7066,Platylepis intricata Schuit. & de Vogel,Platylepis,intricata Schuit.,,,,2025-09-07 07:10:23.410165,2025-09-07 07:10:23.410168
7067,Platylepis laxa (Schltr.) J. M. H. Shaw,Platylepis,laxa Schltr.,,,,2025-09-07 07:10:23.449643,2025-09-07 07:10:23.449645
7068,Platylepis leucantha (Schltr.) J. M. H. Shaw,Platylepis,leucantha Schltr.,,,,2025-09-07 07:10:23.488848,2025-09-07 07:10:23.488852
7069,Platylepis margaritifera Schltr.,Platylepis,margaritifera Schltr.,,,,2025-09-07 07:10:23.527973,2025-09-07 07:10:23.527976
7070,Platylepis occulta (Thouars) Rchb.f.,Platylepis,occulta Thouars,,,,2025-09-07 07:10:23.567485,2025-09-07 07:10:23.567489
7071,Platylepis scripta (Rchb.f.) M. C. Pace,Platylepis,scripta Rchb.f.,,,,2025-09-07 07:10:23.60658,2025-09-07 07:10:23.606583
7072,Platylepis tidorensis J. J. Sm.,Platylepis,tidorensis J.,,,,2025-09-07 07:10:23.645902,2025-09-07 07:10:23.645905
7073,Platylepis xerostele Ormerod,Platylepis,xerostele Ormerod,,,,2025-09-07 07:10:23.684949,2025-09-07 07:10:23.684952
7074,Platylepis zeuxinoides Schltr.,Platylepis,zeuxinoides Schltr.,,,,2025-09-07 07:10:23.723988,2025-09-07 07:10:23.72399
7075,Schuitemania Ormerod,Schuitemania,Ormerod,,,,2025-09-07 07:10:23.763336,2025-09-07 07:10:23.763339
7076,Schuitemania merrillii (Ames) Ormerod,Schuitemania,merrillii Ames,,,,2025-09-07 07:10:23.802791,2025-09-07 07:10:23.802795
7077,Orchipedum Breda,Orchipedum,Breda,,,,2025-09-07 07:10:23.842683,2025-09-07 07:10:23.842686
7078,Orchipedum echinatum Aver. & Averyanova,Orchipedum,echinatum Aver.,,,,2025-09-07 07:10:23.882411,2025-09-07 07:10:23.882414
7079,Orchipedum plantaginifolium Breda,Orchipedum,plantaginifolium Breda,,,,2025-09-07 07:10:23.921896,2025-09-07 07:10:23.921899
7080,Orchipedum shareeanniae Tandang,Orchipedum,shareeanniae Tandang,,,,2025-09-07 07:10:23.961019,2025-09-07 07:10:23.961022
7081,Orchipedum wenzelii (Ames) J. J. Sm.,Orchipedum,wenzelii Ames,,,,2025-09-07 07:10:23.999833,2025-09-07 07:10:23.999835
7082,Herpysma Lindl.,Herpysma,Lindl.,,,,2025-09-07 07:10:24.038774,2025-09-07 07:10:24.038776
7083,Herpysma longicaulis Lindl.,Herpysma,longicaulis Lindl.,,,,2025-09-07 07:10:24.077947,2025-09-07 07:10:24.077949
7084,Hylophila Lindl.,Hylophila,Lindl.,,,,2025-09-07 07:10:24.117169,2025-09-07 07:10:24.117171
7085,Hylophila cheangii Holttum,Hylophila,cheangii Holttum,,,,2025-09-07 07:10:24.156423,2025-09-07 07:10:24.156426
7086,Hylophila lanceolata (Blume) Miq.,Hylophila,lanceolata Blume,,,,2025-09-07 07:10:24.195786,2025-09-07 07:10:24.195788
7087,Hylophila mollis Lindl.,Hylophila,mollis Lindl.,,,,2025-09-07 07:10:24.234959,2025-09-07 07:10:24.234962
7088,Hylophila nipponica (Fukuy.) S. S. Ying,Hylophila,nipponica Fukuy.,,,,2025-09-07 07:10:24.274585,2025-09-07 07:10:24.274588
7089,Hylophila rubra Ames,Hylophila,rubra Ames,,,,2025-09-07 07:10:24.313762,2025-09-07 07:10:24.313765
7090,Hylophila selebica (J. J. Sm.) comb. ined.,Hylophila,selebica J.,,,,2025-09-07 07:10:24.352354,2025-09-07 07:10:24.352356
7091,Hylophila vietnamensis Aver. & V. C. Nguyen,Hylophila,vietnamensis Aver.,,,,2025-09-07 07:10:24.39126,2025-09-07 07:10:24.391262
7092,Lepidogyne Blume,Lepidogyne,Blume,,,,2025-09-07 07:10:24.430348,2025-09-07 07:10:24.430349
7093,Lepidogyne longifolia (Blume) Blume,Lepidogyne,longifolia Blume,,,,2025-09-07 07:10:24.470786,2025-09-07 07:10:24.470788
7094,Eurycentrum Schltr.,Eurycentrum,Schltr.,,,,2025-09-07 07:10:24.50974,2025-09-07 07:10:24.509742
7095,Eurycentrum fragrans Schltr.,Eurycentrum,fragrans Schltr.,,,,2025-09-07 07:10:24.550892,2025-09-07 07:10:24.550894
7096,Eurycentrum monticola Schltr.,Eurycentrum,monticola Schltr.,,,,2025-09-07 07:10:24.590893,2025-09-07 07:10:24.590896
7097,Eurycentrum obscurum (Blume) Schltr.,Eurycentrum,obscurum Blume,,,,2025-09-07 07:10:24.637518,2025-09-07 07:10:24.63752
7098,Eurycentrum salomonense Schltr.,Eurycentrum,salomonense Schltr.,,,,2025-09-07 07:10:24.676982,2025-09-07 07:10:24.676984
7099,Cystorchis Blume,Cystorchis,Blume,,,,2025-09-07 07:10:24.716221,2025-09-07 07:10:24.716224
7100,Cystorchis aberrans J. J. Sm.,Cystorchis,aberrans J.,,,,2025-09-07 07:10:24.755439,2025-09-07 07:10:24.755441
7101,Cystorchis aphylla Ridl.,Cystorchis,aphylla Ridl.,,,,2025-09-07 07:10:24.794669,2025-09-07 07:10:24.794672
7102,Cystorchis appendiculata J. J. Sm.,Cystorchis,appendiculata J.,,,,2025-09-07 07:10:24.834013,2025-09-07 07:10:24.834016
7103,Cystorchis celebica Schltr.,Cystorchis,celebica Schltr.,,,,2025-09-07 07:10:24.873711,2025-09-07 07:10:24.873714
7104,Cystorchis dentifera Schltr.,Cystorchis,dentifera Schltr.,,,,2025-09-07 07:10:24.913583,2025-09-07 07:10:24.913585
7105,Cystorchis gracilis (Hook.f.) Holttum,Cystorchis,gracilis Hook.f.,,,,2025-09-07 07:10:24.952932,2025-09-07 07:10:24.952936
7106,Cystorchis javanica (Blume) Blume,Cystorchis,javanica Blume,,,,2025-09-07 07:10:24.992717,2025-09-07 07:10:24.992719
7107,Cystorchis luzonensis Ames,Cystorchis,luzonensis Ames,,,,2025-09-07 07:10:25.03402,2025-09-07 07:10:25.034024
7108,Cystorchis marginata Blume,Cystorchis,marginata Blume,,,,2025-09-07 07:10:25.073551,2025-09-07 07:10:25.073555
7109,Cystorchis ogurae (Tuyama) Ormerod & P. J. Cribb,Cystorchis,ogurae Tuyama,,,,2025-09-07 07:10:25.112709,2025-09-07 07:10:25.112711
7110,Cystorchis orphnophila Schltr.,Cystorchis,orphnophila Schltr.,,,,2025-09-07 07:10:25.151364,2025-09-07 07:10:25.151366
7111,Cystorchis peliocaulos Schltr.,Cystorchis,peliocaulos Schltr.,,,,2025-09-07 07:10:25.190643,2025-09-07 07:10:25.190646
7112,Cystorchis ranaiensis J. J. Sm.,Cystorchis,ranaiensis J.,,,,2025-09-07 07:10:25.231754,2025-09-07 07:10:25.231757
7113,Cystorchis saccosepala J. J. Sm.,Cystorchis,saccosepala J.,,,,2025-09-07 07:10:25.271388,2025-09-07 07:10:25.27139
7114,Cystorchis saccosepala J. J. Sm. var. menabaiensis J. J. Sm.,Cystorchis,saccosepala J.,,,,2025-09-07 07:10:25.310889,2025-09-07 07:10:25.310891
7115,Cystorchis salmoneus J. J. Wood,Cystorchis,salmoneus J.,,,,2025-09-07 07:10:25.349815,2025-09-07 07:10:25.349817
7116,Cystorchis saprophytica J. J. Sm.,Cystorchis,saprophytica J.,,,,2025-09-07 07:10:25.388992,2025-09-07 07:10:25.388994
7117,Cystorchis stenoglossa Schltr.,Cystorchis,stenoglossa Schltr.,,,,2025-09-07 07:10:25.428285,2025-09-07 07:10:25.428288
7118,Cystorchis variegata Blume,Cystorchis,variegata Blume,,,,2025-09-07 07:10:25.467337,2025-09-07 07:10:25.467338
7119,Cystorchis versteegii J. J. Sm.,Cystorchis,versteegii J.,,,,2025-09-07 07:10:25.506414,2025-09-07 07:10:25.506416
7120,Ludisia A. Rich.,Ludisia,A. Rich.,,,,2025-09-07 07:10:25.545451,2025-09-07 07:10:25.545453
7121,Ludisia discolor (Ker Gawl.) Blume,Ludisia,discolor Ker,,,,2025-09-07 07:10:25.585116,2025-09-07 07:10:25.585119
7122,Ludisia ravanii Cootes & G. Tiong,Ludisia,ravanii Cootes,,,,2025-09-07 07:10:25.624943,2025-09-07 07:10:25.624946
7123,Dossinia C. Morren,Dossinia,C. Morren,,,,2025-09-07 07:10:25.664367,2025-09-07 07:10:25.664369
7124,Dossinia marmorata (Lindl. ex Lem.) C. Morren,Dossinia,marmorata Lindl.,,,,2025-09-07 07:10:25.703622,2025-09-07 07:10:25.703624
7125,Macodes (Blume) Lindl.,Macodes,Blume Lindl.,,,,2025-09-07 07:10:25.7431,2025-09-07 07:10:25.743104
7126,Macodes angustilabris J. J. Sm.,Macodes,angustilabris J.,,,,2025-09-07 07:10:25.783392,2025-09-07 07:10:25.783395
7127,Macodes celebica Rolfe,Macodes,celebica Rolfe,,,,2025-09-07 07:10:25.823457,2025-09-07 07:10:25.82346
7128,Macodes cominsii (Rolfe) Rolfe,Macodes,cominsii Rolfe,,,,2025-09-07 07:10:25.862588,2025-09-07 07:10:25.862591
7129,Macodes cupida Ormerod,Macodes,cupida Ormerod,,,,2025-09-07 07:10:25.901761,2025-09-07 07:10:25.901765
7130,Macodes dendrophila Schltr.,Macodes,dendrophila Schltr.,,,,2025-09-07 07:10:25.94098,2025-09-07 07:10:25.940983
7131,Macodes limii J. J. Wood & A. Lamb,Macodes,limii J.,,,,2025-09-07 07:10:25.979933,2025-09-07 07:10:25.979936
7132,Macodes lowii (E. J. Lowe & W. Howard) J. J. Wood,Macodes,lowii E.,,,,2025-09-07 07:10:26.019302,2025-09-07 07:10:26.019306
7133,Macodes megalantha Ormerod,Macodes,megalantha Ormerod,,,,2025-09-07 07:10:26.058708,2025-09-07 07:10:26.05871
7134,Macodes obscura Schltr.,Macodes,obscura Schltr.,,,,2025-09-07 07:10:26.097814,2025-09-07 07:10:26.097816
7135,Macodes petola (Blume) Lindl.,Macodes,petola Blume,,,,2025-09-07 07:10:26.137002,2025-09-07 07:10:26.137004
7136,Macodes pulcherrima Schltr.,Macodes,pulcherrima Schltr.,,,,2025-09-07 07:10:26.17571,2025-09-07 07:10:26.175712
7137,Macodes sanderiana (Kraenzl.) Rolfe,Macodes,sanderiana Kraenzl.,,,,2025-09-07 07:10:26.214469,2025-09-07 07:10:26.214471
7138,Papuaea Schltr.,Papuaea,Schltr.,,,,2025-09-07 07:10:26.254216,2025-09-07 07:10:26.254219
7139,Papuaea reticulata Schltr.,Papuaea,reticulata Schltr.,,,,2025-09-07 07:10:26.293585,2025-09-07 07:10:26.293588
7140,Chamaegastrodia Makino & F. Maek.,Chamaegastrodia,Makino &,,,,2025-09-07 07:10:26.342368,2025-09-07 07:10:26.342371
7141,Chamaegastrodia guidongensis L. Wu,Chamaegastrodia,guidongensis L.,,,,2025-09-07 07:10:26.381375,2025-09-07 07:10:26.381377
7142,Chamaegastrodia inverta (W. W. Sm.) Seidenf.,Chamaegastrodia,inverta W.,,,,2025-09-07 07:10:26.420046,2025-09-07 07:10:26.420048
7143,Chamaegastrodia shikokiana Makino & F. Maek.,Chamaegastrodia,shikokiana Makino,,,,2025-09-07 07:10:26.481215,2025-09-07 07:10:26.481218
7144,Chamaegastrodia vaginata (Hook.f.) Seidenf.,Chamaegastrodia,vaginata Hook.f.,,,,2025-09-07 07:10:26.520282,2025-09-07 07:10:26.520285
7145,Cheirostylis Blume,Cheirostylis,Blume,,,,2025-09-07 07:10:26.559587,2025-09-07 07:10:26.559589
7146,Cheirostylis barbata Q. Liu & X. F. Wu,Cheirostylis,barbata Q.,,,,2025-09-07 07:10:26.598542,2025-09-07 07:10:26.598543
7147,Cheirostylis bidentata J. J. Sm.,Cheirostylis,bidentata J.,,,,2025-09-07 07:10:26.63935,2025-09-07 07:10:26.639354
7148,Cheirostylis bipunctata Aver.,Cheirostylis,bipunctata Aver.,,,,2025-09-07 07:10:26.678654,2025-09-07 07:10:26.678659
7149,Cheirostylis boryi (Rchb.f.) Hermans & P. J. Cribb,Cheirostylis,boryi Rchb.f.,,,,2025-09-07 07:10:26.717967,2025-09-07 07:10:26.71797
7150,Cheirostylis calcarata X. H. Jin & S. C. Chen,Cheirostylis,calcarata X.,,,,2025-09-07 07:10:26.75713,2025-09-07 07:10:26.757133
7151,Cheirostylis celebensis P. O'Byrne & J. J. Verm.,Cheirostylis,celebensis P.,,,,2025-09-07 07:10:26.796402,2025-09-07 07:10:26.796405
7152,Cheirostylis chinensis Rolfe,Cheirostylis,chinensis Rolfe,,,,2025-09-07 07:10:26.835747,2025-09-07 07:10:26.83575
7153,Cheirostylis chinensis Rolfe var. takeoi (Hayata) T. P. Lin,Cheirostylis,chinensis Rolfe,,,,2025-09-07 07:10:26.874796,2025-09-07 07:10:26.874799
7154,Cheirostylis chuxiongensis J. D. Ya,Cheirostylis,chuxiongensis J.,,,,2025-09-07 07:10:26.914999,2025-09-07 07:10:26.915001
7155,Cheirostylis cochinchinensis Blume,Cheirostylis,cochinchinensis Blume,,,,2025-09-07 07:10:26.957499,2025-09-07 07:10:26.957503
7156,Cheirostylis cristata Aver.,Cheirostylis,cristata Aver.,,,,2025-09-07 07:10:27.004788,2025-09-07 07:10:27.004792
7157,Cheirostylis dendrophila Schltr.,Cheirostylis,dendrophila Schltr.,,,,2025-09-07 07:10:27.047294,2025-09-07 07:10:27.047296
7158,Cheirostylis divina (Guinea) Summerh.,Cheirostylis,divina Guinea,,,,2025-09-07 07:10:27.090501,2025-09-07 07:10:27.090503
7159,Cheirostylis divina (Guinea) Summerh. var. ochyrae Szlach. & Olszewski,Cheirostylis,divina Guinea,,,,2025-09-07 07:10:27.132514,2025-09-07 07:10:27.132516
7160,Cheirostylis filipetala Aver.,Cheirostylis,filipetala Aver.,,,,2025-09-07 07:10:27.174542,2025-09-07 07:10:27.174545
7161,Cheirostylis flabellata (A. Rich.) Wight,Cheirostylis,flabellata A.,,,,2025-09-07 07:10:27.216453,2025-09-07 07:10:27.216455
7162,Cheirostylis foliosa Aver.,Cheirostylis,foliosa Aver.,,,,2025-09-07 07:10:27.258521,2025-09-07 07:10:27.258522
7163,Cheirostylis glandulifera (Aver.) J. M. H. Shaw,Cheirostylis,glandulifera Aver.,,,,2025-09-07 07:10:27.300927,2025-09-07 07:10:27.30093
7164,Cheirostylis glandulosa Aver.,Cheirostylis,glandulosa Aver.,,,,2025-09-07 07:10:27.343561,2025-09-07 07:10:27.343564
7165,Cheirostylis goldschmidtiana Schltr.,Cheirostylis,goldschmidtiana Schltr.,,,,2025-09-07 07:10:27.385484,2025-09-07 07:10:27.385486
7166,Cheirostylis grandiflora Blume,Cheirostylis,grandiflora Blume,,,,2025-09-07 07:10:27.427397,2025-09-07 07:10:27.427399
7167,Cheirostylis griffithii Lindl.,Cheirostylis,griffithii Lindl.,,,,2025-09-07 07:10:27.468924,2025-09-07 07:10:27.468926
7168,Cheirostylis gunnarii A. N. Rao,Cheirostylis,gunnarii A.,,,,2025-09-07 07:10:27.510597,2025-09-07 07:10:27.510598
7169,Cheirostylis gymnochiloides (Ridl.) Rchb.f.,Cheirostylis,gymnochiloides Ridl.,,,,2025-09-07 07:10:27.552497,2025-09-07 07:10:27.552499
7170,Cheirostylis jamesleungii S. Y. Hu & Barretto,Cheirostylis,jamesleungii S.,,,,2025-09-07 07:10:27.594427,2025-09-07 07:10:27.594429
7171,Cheirostylis javanica J. J. Sm.,Cheirostylis,javanica J.,,,,2025-09-07 07:10:27.636314,2025-09-07 07:10:27.636316
7172,Cheirostylis kabaenae Ormerod,Cheirostylis,kabaenae Ormerod,,,,2025-09-07 07:10:27.678509,2025-09-07 07:10:27.678513
7173,Cheirostylis latipetala Aver. & Averyanova,Cheirostylis,latipetala Aver.,,,,2025-09-07 07:10:27.720842,2025-09-07 07:10:27.720846
7174,Cheirostylis lepida (Rchb.) Rolfe,Cheirostylis,lepida Rchb.,,,,2025-09-07 07:10:27.762972,2025-09-07 07:10:27.762975
7175,Cheirostylis liukiuensis Masam.,Cheirostylis,liukiuensis Masam.,,,,2025-09-07 07:10:27.80557,2025-09-07 07:10:27.805573
7176,Cheirostylis liukiuensis Masam. var. derchiensis (S. S. Ying) T. P. Lin,Cheirostylis,liukiuensis Masam.,,,,2025-09-07 07:10:27.848063,2025-09-07 07:10:27.848067
7177,Cheirostylis liukiuensis Masam. var. nantouensis (T. P. Lin) T. P. Lin,Cheirostylis,liukiuensis Masam.,,,,2025-09-07 07:10:27.890305,2025-09-07 07:10:27.890307
7178,Cheirostylis malipoensis X. H. Jin & S. C. Chen,Cheirostylis,malipoensis X.,,,,2025-09-07 07:10:27.932605,2025-09-07 07:10:27.932607
7179,Cheirostylis marmorifolia Aver.,Cheirostylis,marmorifolia Aver.,,,,2025-09-07 07:10:27.974856,2025-09-07 07:10:27.974859
7180,Cheirostylis moniliformis (Griff.) Seidenf.,Cheirostylis,moniliformis Griff.,,,,2025-09-07 07:10:28.020642,2025-09-07 07:10:28.020644
7181,Cheirostylis montana Blume,Cheirostylis,montana Blume,,,,2025-09-07 07:10:28.063333,2025-09-07 07:10:28.063337
7182,Cheirostylis monteiroi S. Y. Hu & Barretto,Cheirostylis,monteiroi S.,,,,2025-09-07 07:10:28.105461,2025-09-07 07:10:28.105463
7183,Cheirostylis monteiroi S. Y. Hu & Barretto var. clibborndyeri (S. Y. Hu & Barretto) T. P. Lin,Cheirostylis,monteiroi S.,,,,2025-09-07 07:10:28.147617,2025-09-07 07:10:28.14762
7184,Cheirostylis notialis D. L. Jones,Cheirostylis,notialis D.,,,,2025-09-07 07:10:28.189306,2025-09-07 07:10:28.189308
7185,Cheirostylis nuda (Thouars) Ormerod,Cheirostylis,nuda Thouars,,,,2025-09-07 07:10:28.231346,2025-09-07 07:10:28.231348
7186,Cheirostylis octodactyla Ames,Cheirostylis,octodactyla Ames,,,,2025-09-07 07:10:28.273951,2025-09-07 07:10:28.273953
7187,Cheirostylis orobanchoides (F. Muell.) D. L. Jones & M. A. Clem.,Cheirostylis,orobanchoides F.,,,,2025-09-07 07:10:28.316291,2025-09-07 07:10:28.316294
7188,Cheirostylis ovata (F. M. Bailey) Schltr.,Cheirostylis,ovata F.,,,,2025-09-07 07:10:28.35886,2025-09-07 07:10:28.358862
7189,Cheirostylis parvifolia Lindl.,Cheirostylis,parvifolia Lindl.,,,,2025-09-07 07:10:28.400816,2025-09-07 07:10:28.400818
7190,Cheirostylis pubescens C. S. P. Parish & Rchb.f.,Cheirostylis,pubescens C.,,,,2025-09-07 07:10:28.442554,2025-09-07 07:10:28.442556
7191,Cheirostylis pusilla (Lindl.) Lindl.,Cheirostylis,pusilla Lindl.,,,,2025-09-07 07:10:28.484539,2025-09-07 07:10:28.484541
7192,Cheirostylis pusilla (Lindl.) Lindl. var. simplex T. P. Lin,Cheirostylis,pusilla Lindl.,,,,2025-09-07 07:10:28.526438,2025-09-07 07:10:28.526441
7193,Cheirostylis raymundii Schltr.,Cheirostylis,raymundii Schltr.,,,,2025-09-07 07:10:28.568259,2025-09-07 07:10:28.568261
7194,Cheirostylis serpens Aver.,Cheirostylis,serpens Aver.,,,,2025-09-07 07:10:28.610332,2025-09-07 07:10:28.610334
7195,Cheirostylis sessanica A. N. Rao,Cheirostylis,sessanica A.,,,,2025-09-07 07:10:28.651956,2025-09-07 07:10:28.651958
7196,Cheirostylis sherriffii N. Pearce & P. J. Cribb,Cheirostylis,sherriffii N.,,,,2025-09-07 07:10:28.693689,2025-09-07 07:10:28.693691
7197,Cheirostylis spathulata J. J. Sm.,Cheirostylis,spathulata J.,,,,2025-09-07 07:10:28.73561,2025-09-07 07:10:28.735613
7198,Cheirostylis thailandica Seidenf.,Cheirostylis,thailandica Seidenf.,,,,2025-09-07 07:10:28.777858,2025-09-07 07:10:28.777861
7199,Cheirostylis thanmoiensis (Gagnep.) Ormerod,Cheirostylis,thanmoiensis Gagnep.,,,,2025-09-07 07:10:28.820261,2025-09-07 07:10:28.820264
7200,Cheirostylis tippica A. N. Rao,Cheirostylis,tippica A.,,,,2025-09-07 07:10:28.862624,2025-09-07 07:10:28.862627
7201,Cheirostylis tortilacinia C. S. Leou,Cheirostylis,tortilacinia C.,,,,2025-09-07 07:10:28.905293,2025-09-07 07:10:28.905296
7202,Cheirostylis tortilacinia C. S. Leou var. rubrifolia (T. P. Lin & W. M. Lin) T. P. Lin,Cheirostylis,tortilacinia C.,,,,2025-09-07 07:10:28.947785,2025-09-07 07:10:28.947788
7203,Cheirostylis tortilacinia C. S. Leou var. wutaiensis T. P. Lin,Cheirostylis,tortilacinia C.,,,,2025-09-07 07:10:28.990932,2025-09-07 07:10:28.990936
7204,Cheirostylis yei J. D. Ya,Cheirostylis,yei J.,,,,2025-09-07 07:10:29.033281,2025-09-07 07:10:29.033283
7205,Cheirostylis yunnanensis Rolfe,Cheirostylis,yunnanensis Rolfe,,,,2025-09-07 07:10:29.076187,2025-09-07 07:10:29.076191
7206,Zeuxine Lindl.,Zeuxine,Lindl.,,,,2025-09-07 07:10:29.124778,2025-09-07 07:10:29.124781
7207,Zeuxine affinis (Lindl.) Benth. ex Hook.f.,Zeuxine,affinis Lindl.,,,,2025-09-07 07:10:29.167274,2025-09-07 07:10:29.167277
7208,Zeuxine africana Rchb.f.,Zeuxine,africana Rchb.f.,,,,2025-09-07 07:10:29.211449,2025-09-07 07:10:29.211452
7209,Zeuxine agyokuana Fukuy.,Zeuxine,agyokuana Fukuy.,,,,2025-09-07 07:10:29.253767,2025-09-07 07:10:29.253769
7210,Zeuxine amboinensis (J. J. Sm.) J. J. Sm.,Zeuxine,amboinensis J.,,,,2025-09-07 07:10:29.295859,2025-09-07 07:10:29.295862
7211,Zeuxine andamanica King & Pantl.,Zeuxine,andamanica King,,,,2025-09-07 07:10:29.337695,2025-09-07 07:10:29.337696
7212,Zeuxine baliensis J. J. Sm.,Zeuxine,baliensis J.,,,,2025-09-07 07:10:29.379936,2025-09-07 07:10:29.379938
7213,Zeuxine ballii P. J. Cribb,Zeuxine,ballii P.,,,,2025-09-07 07:10:29.422603,2025-09-07 07:10:29.422606
7214,Zeuxine bifalcifera J. J. Sm.,Zeuxine,bifalcifera J.,,,,2025-09-07 07:10:29.464774,2025-09-07 07:10:29.464778
7215,Zeuxine boninensis Tuyama,Zeuxine,boninensis Tuyama,,,,2025-09-07 07:10:29.506862,2025-09-07 07:10:29.506864
7216,Zeuxine boninensis Tuyama var. pingtungensis (T. C. Hsu) T. P. Lin,Zeuxine,boninensis Tuyama,,,,2025-09-07 07:10:29.548631,2025-09-07 07:10:29.548635
7217,Zeuxine boninensis Tuyama var. subactinomorpha Suetsugu,Zeuxine,boninensis Tuyama,,,,2025-09-07 07:10:29.590787,2025-09-07 07:10:29.590789
7218,Zeuxine bougainvilleana Ormerod,Zeuxine,bougainvilleana Ormerod,,,,2025-09-07 07:10:29.632539,2025-09-07 07:10:29.632541
7219,Zeuxine cambodiana (Gagnep.) Ormerod,Zeuxine,cambodiana Gagnep.,,,,2025-09-07 07:10:29.674234,2025-09-07 07:10:29.674235
7220,Zeuxine chowdheryi Av. Bhattacharjee & Sabap.,Zeuxine,chowdheryi Av.,,,,2025-09-07 07:10:29.71625,2025-09-07 07:10:29.716252
7221,Zeuxine clandestina Blume,Zeuxine,clandestina Blume,,,,2025-09-07 07:10:29.759035,2025-09-07 07:10:29.759037
7222,Zeuxine cordata (Lindl.) Ormerod,Zeuxine,cordata Lindl.,,,,2025-09-07 07:10:29.80113,2025-09-07 07:10:29.801133
7223,Zeuxine diversifolia Ormerod,Zeuxine,diversifolia Ormerod,,,,2025-09-07 07:10:29.844574,2025-09-07 07:10:29.844577
7224,Zeuxine drukyulensis P. Gyeltshen,Zeuxine,drukyulensis P.,,,,2025-09-07 07:10:29.887856,2025-09-07 07:10:29.887859
7225,Zeuxine elatior Schltr.,Zeuxine,elatior Schltr.,,,,2025-09-07 07:10:29.93038,2025-09-07 07:10:29.930382
7226,Zeuxine elmeri (Ames) Ames,Zeuxine,elmeri Ames,,,,2025-09-07 07:10:29.972485,2025-09-07 07:10:29.972488
7227,Zeuxine elongata Rolfe,Zeuxine,elongata Rolfe,,,,2025-09-07 07:10:30.014703,2025-09-07 07:10:30.014706
7228,Zeuxine erimae Schltr.,Zeuxine,erimae Schltr.,,,,2025-09-07 07:10:30.0566,2025-09-07 07:10:30.056602
7229,Zeuxine eryliae Ormerod,Zeuxine,eryliae Ormerod,,,,2025-09-07 07:10:30.099041,2025-09-07 07:10:30.099044
7230,Zeuxine exilis Ridl.,Zeuxine,exilis Ridl.,,,,2025-09-07 07:10:30.141233,2025-09-07 07:10:30.141235
7231,Zeuxine flava (Wall. ex Lindl.) Trimen,Zeuxine,flava Wall.,,,,2025-09-07 07:10:30.183351,2025-09-07 07:10:30.183354
7232,Zeuxine fritzii Schltr.,Zeuxine,fritzii Schltr.,,,,2025-09-07 07:10:30.226438,2025-09-07 07:10:30.226441
7233,Zeuxine gengmanensis (K. Y. Lang) Ormerod,Zeuxine,gengmanensis K.,,,,2025-09-07 07:10:30.26869,2025-09-07 07:10:30.268693
7234,Zeuxine gilgiana Kraenzl. & Schltr.,Zeuxine,gilgiana Kraenzl.,,,,2025-09-07 07:10:30.315956,2025-09-07 07:10:30.315958
7235,Zeuxine glandulosa King & Pantl.,Zeuxine,glandulosa King,,,,2025-09-07 07:10:30.358328,2025-09-07 07:10:30.358329
7236,Zeuxine goodyeroides Lindl.,Zeuxine,goodyeroides Lindl.,,,,2025-09-07 07:10:30.400216,2025-09-07 07:10:30.400219
7237,Zeuxine gracilis (Breda) Blume,Zeuxine,gracilis Breda,,,,2025-09-07 07:10:30.442621,2025-09-07 07:10:30.442623
7238,Zeuxine grandis Seidenf.,Zeuxine,grandis Seidenf.,,,,2025-09-07 07:10:30.484965,2025-09-07 07:10:30.484968
7239,Zeuxine hahensis J. J. Sm.,Zeuxine,hahensis J.,,,,2025-09-07 07:10:30.5273,2025-09-07 07:10:30.527302
7240,Zeuxine integrilabella C. S. Leou,Zeuxine,integrilabella C.,,,,2025-09-07 07:10:30.56973,2025-09-07 07:10:30.569731
7241,Zeuxine kutaiensis J. J. Sm.,Zeuxine,kutaiensis J.,,,,2025-09-07 07:10:30.611548,2025-09-07 07:10:30.61155
7242,Zeuxine lancifolia (Ames) Ormerod,Zeuxine,lancifolia Ames,,,,2025-09-07 07:10:30.653558,2025-09-07 07:10:30.65356
7243,Zeuxine leucoptera Schltr.,Zeuxine,leucoptera Schltr.,,,,2025-09-07 07:10:30.695704,2025-09-07 07:10:30.695705
7244,Zeuxine leytensis (Ames) Ames,Zeuxine,leytensis Ames,,,,2025-09-07 07:10:30.737683,2025-09-07 07:10:30.737684
7245,Zeuxine lindleyana A. N. Rao,Zeuxine,lindleyana A.,,,,2025-09-07 07:10:30.779552,2025-09-07 07:10:30.779553
7246,Zeuxine longilabris (Lindl.) Trimen,Zeuxine,longilabris Lindl.,,,,2025-09-07 07:10:30.821452,2025-09-07 07:10:30.821454
7247,Zeuxine lunulata P. J. Cribb & J. K. Bowden,Zeuxine,lunulata P.,,,,2025-09-07 07:10:30.863831,2025-09-07 07:10:30.863834
7248,Zeuxine macrorhyncha Schltr.,Zeuxine,macrorhyncha Schltr.,,,,2025-09-07 07:10:30.906435,2025-09-07 07:10:30.906438
7249,Zeuxine madagascariensis Schltr.,Zeuxine,madagascariensis Schltr.,,,,2025-09-07 07:10:30.948971,2025-09-07 07:10:30.948973
7250,Zeuxine marivelensis (Ames) Schltr.,Zeuxine,marivelensis Ames,,,,2025-09-07 07:10:30.991215,2025-09-07 07:10:30.991218
7251,Zeuxine membranacea Lindl.,Zeuxine,membranacea Lindl.,,,,2025-09-07 07:10:31.034921,2025-09-07 07:10:31.034925
7252,Zeuxine mindanaensis (Ames) Ormerod,Zeuxine,mindanaensis Ames,,,,2025-09-07 07:10:31.077501,2025-09-07 07:10:31.077504
7253,Zeuxine montana Schltr.,Zeuxine,montana Schltr.,,,,2025-09-07 07:10:31.119667,2025-09-07 07:10:31.11967
7254,Zeuxine mooneyi S. Misra,Zeuxine,mooneyi S.,,,,2025-09-07 07:10:31.162285,2025-09-07 07:10:31.162288
7255,Zeuxine nervosa (Wall. ex Lindl.) Benth. ex Trimen,Zeuxine,nervosa Wall.,,,,2025-09-07 07:10:31.204595,2025-09-07 07:10:31.204598
7256,Zeuxine oblonga R. S. Rogers & C. T. White,Zeuxine,oblonga R.,,,,2025-09-07 07:10:31.246837,2025-09-07 07:10:31.24684
7257,Zeuxine odorata Fukuy.,Zeuxine,odorata Fukuy.,,,,2025-09-07 07:10:31.28956,2025-09-07 07:10:31.289564
7258,Zeuxine ovalifolia L. Li & S. J. Li,Zeuxine,ovalifolia L.,,,,2025-09-07 07:10:31.331597,2025-09-07 07:10:31.3316
7259,Zeuxine ovata (Gaudich.) Garay & W. Kittr.,Zeuxine,ovata Gaudich.,,,,2025-09-07 07:10:31.373464,2025-09-07 07:10:31.373467
7260,Zeuxine palawensis Tuyama,Zeuxine,palawensis Tuyama,,,,2025-09-07 07:10:31.420209,2025-09-07 07:10:31.420212
7261,Zeuxine palustris Ridl.,Zeuxine,palustris Ridl.,,,,2025-09-07 07:10:31.462246,2025-09-07 07:10:31.462249
7262,Zeuxine papillosa Carr,Zeuxine,papillosa Carr,,,,2025-09-07 07:10:31.520211,2025-09-07 07:10:31.520214
7263,Zeuxine parviflora (Blume) J. J. Sm.,Zeuxine,parviflora Blume,,,,2025-09-07 07:10:31.562381,2025-09-07 07:10:31.562384
7264,Zeuxine parvifolia (Ridl.) K. Schum. & Fedde,Zeuxine,parvifolia Ridl.,,,,2025-09-07 07:10:31.604541,2025-09-07 07:10:31.604543
7265,Zeuxine petakensis J. J. Sm.,Zeuxine,petakensis J.,,,,2025-09-07 07:10:31.646563,2025-09-07 07:10:31.646566
7266,Zeuxine philippinensis (Ames) Ames,Zeuxine,philippinensis Ames,,,,2025-09-07 07:10:31.688333,2025-09-07 07:10:31.688336
7267,Zeuxine plantaginea (Rchb.f.) Benth. & Hook.f. ex Drake,Zeuxine,plantaginea Rchb.f.,,,,2025-09-07 07:10:31.730045,2025-09-07 07:10:31.730047
7268,Zeuxine pseudogracilis Ormerod,Zeuxine,pseudogracilis Ormerod,,,,2025-09-07 07:10:31.772384,2025-09-07 07:10:31.772387
7269,Zeuxine purpurascens Blume,Zeuxine,purpurascens Blume,,,,2025-09-07 07:10:31.814294,2025-09-07 07:10:31.814296
7270,Zeuxine reflexa King & Pantl.,Zeuxine,reflexa King,,,,2025-09-07 07:10:31.856161,2025-09-07 07:10:31.856163
7271,Zeuxine regia (Lindl.) Trimen,Zeuxine,regia Lindl.,,,,2025-09-07 07:10:31.898108,2025-09-07 07:10:31.898111
7272,Zeuxine reginasilvae Ormerod,Zeuxine,reginasilvae Ormerod,,,,2025-09-07 07:10:31.94042,2025-09-07 07:10:31.940423
7273,Zeuxine rolfeana King & Pantl.,Zeuxine,rolfeana King,,,,2025-09-07 07:10:31.988954,2025-09-07 07:10:31.988958
7274,Zeuxine rupestris Ridl.,Zeuxine,rupestris Ridl.,,,,2025-09-07 07:10:32.031397,2025-09-07 07:10:32.0314
7275,Zeuxine stammleri Schltr.,Zeuxine,stammleri Schltr.,,,,2025-09-07 07:10:32.074012,2025-09-07 07:10:32.074016
7276,Zeuxine stenophylla (Rchb.f.) Benth. & Hook.f. ex Drake,Zeuxine,stenophylla Rchb.f.,,,,2025-09-07 07:10:32.1164,2025-09-07 07:10:32.116403
7277,Zeuxine strateumatica (L.) Schltr.,Zeuxine,strateumatica L.,,,,2025-09-07 07:10:32.158353,2025-09-07 07:10:32.158355
7278,Zeuxine subquadrata Ormerod,Zeuxine,subquadrata Ormerod,,,,2025-09-07 07:10:32.203264,2025-09-07 07:10:32.203267
7279,Zeuxine tabiyahanensis Hayata,Zeuxine,tabiyahanensis Hayata,,,,2025-09-07 07:10:32.249855,2025-09-07 07:10:32.249859
7280,Zeuxine tabiyahanensis Hayata var. merrillii (Ames & Quisumb.) T. P. Lin,Zeuxine,tabiyahanensis Hayata,,,,2025-09-07 07:10:32.2944,2025-09-07 07:10:32.294403
7281,Zeuxine tenuifolia Tuyama,Zeuxine,tenuifolia Tuyama,,,,2025-09-07 07:10:32.342252,2025-09-07 07:10:32.342256
7282,Zeuxine tjiampeana J. J. Sm.,Zeuxine,tjiampeana J.,,,,2025-09-07 07:10:32.385261,2025-09-07 07:10:32.385264
7283,Zeuxine triangula J. J. Sm.,Zeuxine,triangula J.,,,,2025-09-07 07:10:32.427354,2025-09-07 07:10:32.427357
7284,Zeuxine vieillardii (Rchb.f.) Schltr.,Zeuxine,vieillardii Rchb.f.,,,,2025-09-07 07:10:32.469378,2025-09-07 07:10:32.469381
7285,Zeuxine vietnamica Aver.,Zeuxine,vietnamica Aver.,,,,2025-09-07 07:10:32.511548,2025-09-07 07:10:32.511551
7286,Zeuxine violascens (Blume) Ridl.,Zeuxine,violascens Blume,,,,2025-09-07 07:10:32.554559,2025-09-07 07:10:32.554562
7287,Zeuxine viridiflora (J. J. Sm.) J. J. Sm.,Zeuxine,viridiflora J.,,,,2025-09-07 07:10:32.608339,2025-09-07 07:10:32.608342
7288,Zeuxine wenzelii (Ames) Ormerod,Zeuxine,wenzelii Ames,,,,2025-09-07 07:10:32.650967,2025-09-07 07:10:32.650969
7289,Zeuxine yehii T. C. Hsu,Zeuxine,yehii T.,,,,2025-09-07 07:10:32.69598,2025-09-07 07:10:32.695983
7290,Hetaeria Blume,Hetaeria,Blume,,,,2025-09-07 07:10:32.738214,2025-09-07 07:10:32.738217
7291,Hetaeria affinis (Griff.) Seidenf. & Ormerod,Hetaeria,affinis Griff.,,,,2025-09-07 07:10:32.781777,2025-09-07 07:10:32.78178
7292,Hetaeria alta Ridl.,Hetaeria,alta Ridl.,,,,2025-09-07 07:10:32.823963,2025-09-07 07:10:32.823967
7293,Hetaeria anomala Lindl.,Hetaeria,anomala Lindl.,,,,2025-09-07 07:10:32.866296,2025-09-07 07:10:32.866299
7294,Hetaeria armata Ormerod & H. A. Pedersen,Hetaeria,armata Ormerod,,,,2025-09-07 07:10:32.909862,2025-09-07 07:10:32.909865
7295,Hetaeria baeuerlenii Schltr.,Hetaeria,baeuerlenii Schltr.,,,,2025-09-07 07:10:32.952151,2025-09-07 07:10:32.952154
7296,Hetaeria callosa (J. J. Sm.) Ormerod,Hetaeria,callosa J.,,,,2025-09-07 07:10:33.003923,2025-09-07 07:10:33.003926
7297,Hetaeria elata Hook.f.,Hetaeria,elata Hook.f.,,,,2025-09-07 07:10:33.052813,2025-09-07 07:10:33.052816
7298,Hetaeria elegans Ridl.,Hetaeria,elegans Ridl.,,,,2025-09-07 07:10:33.096569,2025-09-07 07:10:33.096572
7299,Hetaeria finlaysoniana Seidenf.,Hetaeria,finlaysoniana Seidenf.,,,,2025-09-07 07:10:33.142454,2025-09-07 07:10:33.142458
7300,Hetaeria goodyeroides Schltr.,Hetaeria,goodyeroides Schltr.,,,,2025-09-07 07:10:33.18724,2025-09-07 07:10:33.187243
7301,Hetaeria heterosepala (Rchb.f.) Summerh.,Hetaeria,heterosepala Rchb.f.,,,,2025-09-07 07:10:33.229778,2025-09-07 07:10:33.229782
7302,Hetaeria hylophiloides (Carr) Ormerod & J. J. Wood,Hetaeria,hylophiloides Carr,,,,2025-09-07 07:10:33.278475,2025-09-07 07:10:33.278479
7303,Hetaeria lamellata Blume,Hetaeria,lamellata Blume,,,,2025-09-07 07:10:33.325913,2025-09-07 07:10:33.325917
7304,Hetaeria latipetala Schltr.,Hetaeria,latipetala Schltr.,,,,2025-09-07 07:10:33.368851,2025-09-07 07:10:33.368854
7305,Hetaeria linguella (Carr) J. J. Wood & Ormerod,Hetaeria,linguella Carr,,,,2025-09-07 07:10:33.412429,2025-09-07 07:10:33.412432
7306,Hetaeria mannii (Rchb.f.) Benth. ex T. Durand & Schinz,Hetaeria,mannii Rchb.f.,,,,2025-09-07 07:10:33.454979,2025-09-07 07:10:33.454982
7307,Hetaeria obliqua Blume,Hetaeria,obliqua Blume,,,,2025-09-07 07:10:33.497553,2025-09-07 07:10:33.497556
7308,Hetaeria oblongifolia Blume,Hetaeria,oblongifolia Blume,,,,2025-09-07 07:10:33.539279,2025-09-07 07:10:33.539281
7309,Hetaeria occidentalis Summerh.,Hetaeria,occidentalis Summerh.,,,,2025-09-07 07:10:33.580897,2025-09-07 07:10:33.580899
7310,Hetaeria pelota N. Pearce & P. J. Cribb,Hetaeria,pelota N.,,,,2025-09-07 07:10:33.623196,2025-09-07 07:10:33.6232
7311,Hetaeria rhombipetala Ormerod & J. J. Wood,Hetaeria,rhombipetala Ormerod,,,,2025-09-07 07:10:33.665785,2025-09-07 07:10:33.665788
7312,Hetaeria rostrata J. J. Sm.,Hetaeria,rostrata J.,,,,2025-09-07 07:10:33.707813,2025-09-07 07:10:33.707816
7313,Hetaeria tetraptera (Rchb.f.) Summerh.,Hetaeria,tetraptera Rchb.f.,,,,2025-09-07 07:10:33.750039,2025-09-07 07:10:33.750042
7314,Hetaeria vaginalis Rchb.f.,Hetaeria,vaginalis Rchb.f.,,,,2025-09-07 07:10:33.79177,2025-09-07 07:10:33.791771
7315,Hetaeria whitmeei Rchb.f.,Hetaeria,whitmeei Rchb.f.,,,,2025-09-07 07:10:33.833827,2025-09-07 07:10:33.83383
7316,Hetaeria youngsayei Ormerod,Hetaeria,youngsayei Ormerod,,,,2025-09-07 07:10:33.875537,2025-09-07 07:10:33.87554
7317,Rhomboda Lindl.,Rhomboda,Lindl.,,,,2025-09-07 07:10:33.917353,2025-09-07 07:10:33.917356
7318,Rhomboda abbreviata (Lindl.) Ormerod,Rhomboda,abbreviata Lindl.,,,,2025-09-07 07:10:33.959465,2025-09-07 07:10:33.959468
7319,Rhomboda alticola (Schltr.) Ormerod,Rhomboda,alticola Schltr.,,,,2025-09-07 07:10:34.001542,2025-09-07 07:10:34.001546
7320,Rhomboda alticola (Schltr.) Ormerod var. finisterrae Ormerod,Rhomboda,alticola Schltr.,,,,2025-09-07 07:10:34.044035,2025-09-07 07:10:34.044038
7321,Rhomboda angustifolia (Carr) Ormerod,Rhomboda,angustifolia Carr,,,,2025-09-07 07:10:34.086395,2025-09-07 07:10:34.086398
7322,Rhomboda arunachalensis A. N. Rao,Rhomboda,arunachalensis A.,,,,2025-09-07 07:10:34.130557,2025-09-07 07:10:34.13056
7323,Rhomboda atrorubens (Schltr.) Ormerod,Rhomboda,atrorubens Schltr.,,,,2025-09-07 07:10:34.177022,2025-09-07 07:10:34.177027
7324,Rhomboda aurea (Aver.) Ormerod & Aver.,Rhomboda,aurea Aver.,,,,2025-09-07 07:10:34.220397,2025-09-07 07:10:34.220401
7325,Rhomboda blackii (Ames) Ormerod,Rhomboda,blackii Ames,,,,2025-09-07 07:10:34.262843,2025-09-07 07:10:34.262846
7326,Rhomboda cristata (Blume) Ormerod,Rhomboda,cristata Blume,,,,2025-09-07 07:10:34.304923,2025-09-07 07:10:34.304924
7327,Rhomboda dennisii Ormerod,Rhomboda,dennisii Ormerod,,,,2025-09-07 07:10:34.347233,2025-09-07 07:10:34.347236
7328,Rhomboda elbertii Ormerod,Rhomboda,elbertii Ormerod,,,,2025-09-07 07:10:34.389631,2025-09-07 07:10:34.389634
7329,Rhomboda fanjingensis Ormerod,Rhomboda,fanjingensis Ormerod,,,,2025-09-07 07:10:34.431689,2025-09-07 07:10:34.431692
7330,Rhomboda kerintjiensis (J. J. Sm.) Ormerod,Rhomboda,kerintjiensis J.,,,,2025-09-07 07:10:34.47387,2025-09-07 07:10:34.473872
7331,Rhomboda lanceolata (Lindl.) Ormerod,Rhomboda,lanceolata Lindl.,,,,2025-09-07 07:10:34.516061,2025-09-07 07:10:34.516064
7332,Rhomboda longifolia Lindl.,Rhomboda,longifolia Lindl.,,,,2025-09-07 07:10:34.584591,2025-09-07 07:10:34.584593
7333,Rhomboda minahassae (Schltr.) Ormerod,Rhomboda,minahassae Schltr.,,,,2025-09-07 07:10:34.626334,2025-09-07 07:10:34.626337
7334,Rhomboda monensis Odyuo,Rhomboda,monensis Odyuo,,,,2025-09-07 07:10:34.668435,2025-09-07 07:10:34.668437
7335,Rhomboda moulmeinensis (C. S. P. Parish & Rchb.f.) Ormerod,Rhomboda,moulmeinensis C.,,,,2025-09-07 07:10:34.710461,2025-09-07 07:10:34.710464
7336,Rhomboda obcordata Aver.,Rhomboda,obcordata Aver.,,,,2025-09-07 07:10:34.752511,2025-09-07 07:10:34.752514
7337,Rhomboda pauciflora (Ridl.) Ormerod,Rhomboda,pauciflora Ridl.,,,,2025-09-07 07:10:34.794176,2025-09-07 07:10:34.794178
7338,Rhomboda petelotii (Gagnep.) Ormerod,Rhomboda,petelotii Gagnep.,,,,2025-09-07 07:10:34.835903,2025-09-07 07:10:34.835905
7339,Rhomboda polygonoides (F. Muell.) Ormerod,Rhomboda,polygonoides F.,,,,2025-09-07 07:10:34.877511,2025-09-07 07:10:34.877513
7340,Rhomboda pulchra (King & Pantl.) Ormerod & Av. Bhattacharjee,Rhomboda,pulchra King,,,,2025-09-07 07:10:34.921482,2025-09-07 07:10:34.921483
7341,Rhomboda velutina (J. J. Sm.) Ormerod,Rhomboda,velutina J.,,,,2025-09-07 07:10:34.963433,2025-09-07 07:10:34.963437
7342,Rhomboda wardii Ormerod,Rhomboda,wardii Ormerod,,,,2025-09-07 07:10:35.005734,2025-09-07 07:10:35.005736
7343,Rhomboda weberi (Ames) Ormerod,Rhomboda,weberi Ames,,,,2025-09-07 07:10:35.048418,2025-09-07 07:10:35.048422
7344,Rhomboda yakusimensis (Masam.) Ormerod,Rhomboda,yakusimensis Masam.,,,,2025-09-07 07:10:35.090979,2025-09-07 07:10:35.090982
7345,Vrydagzynea Blume,Vrydagzynea,Blume,,,,2025-09-07 07:10:35.132923,2025-09-07 07:10:35.132926
7346,Vrydagzynea albida (Blume) Blume,Vrydagzynea,albida Blume,,,,2025-09-07 07:10:35.176401,2025-09-07 07:10:35.176404
7347,Vrydagzynea albostriata Schltr.,Vrydagzynea,albostriata Schltr.,,,,2025-09-07 07:10:35.218595,2025-09-07 07:10:35.218598
7348,Vrydagzynea angustisepala J. J. Sm.,Vrydagzynea,angustisepala J.,,,,2025-09-07 07:10:35.260808,2025-09-07 07:10:35.260812
7349,Vrydagzynea argentistriata Carr,Vrydagzynea,argentistriata Carr,,,,2025-09-07 07:10:35.303138,2025-09-07 07:10:35.303141
7350,Vrydagzynea argyrotaenia Schltr.,Vrydagzynea,argyrotaenia Schltr.,,,,2025-09-07 07:10:35.345351,2025-09-07 07:10:35.345354
7351,Vrydagzynea beccarii Schltr.,Vrydagzynea,beccarii Schltr.,,,,2025-09-07 07:10:35.38785,2025-09-07 07:10:35.387855
7352,Vrydagzynea bicostata Carr,Vrydagzynea,bicostata Carr,,,,2025-09-07 07:10:35.432389,2025-09-07 07:10:35.432393
7353,Vrydagzynea bractescens Ridl.,Vrydagzynea,bractescens Ridl.,,,,2025-09-07 07:10:35.475505,2025-09-07 07:10:35.475509
7354,Vrydagzynea brassii Ormerod,Vrydagzynea,brassii Ormerod,,,,2025-09-07 07:10:35.518201,2025-09-07 07:10:35.518204
7355,Vrydagzynea buruensis J. J. Sm.,Vrydagzynea,buruensis J.,,,,2025-09-07 07:10:35.560387,2025-09-07 07:10:35.560389
7356,Vrydagzynea buruensis J. J. Sm. var. tenera J. J. Sm.,Vrydagzynea,buruensis J.,,,,2025-09-07 07:10:35.602786,2025-09-07 07:10:35.602788
7357,Vrydagzynea celebica Schltr.,Vrydagzynea,celebica Schltr.,,,,2025-09-07 07:10:35.644827,2025-09-07 07:10:35.64483
7358,Vrydagzynea deliana J. J. Sm.,Vrydagzynea,deliana J.,,,,2025-09-07 07:10:35.686809,2025-09-07 07:10:35.68681
7359,Vrydagzynea elata Schltr.,Vrydagzynea,elata Schltr.,,,,2025-09-07 07:10:35.728985,2025-09-07 07:10:35.728989
7360,Vrydagzynea elongata Blume,Vrydagzynea,elongata Blume,,,,2025-09-07 07:10:35.771108,2025-09-07 07:10:35.771111
7361,Vrydagzynea endertii J. J. Sm.,Vrydagzynea,endertii J.,,,,2025-09-07 07:10:35.813195,2025-09-07 07:10:35.813198
7362,Vrydagzynea gracilis Blume,Vrydagzynea,gracilis Blume,,,,2025-09-07 07:10:35.855437,2025-09-07 07:10:35.855439
7363,Vrydagzynea grandis Ames & C. Schweinf.,Vrydagzynea,grandis Ames,,,,2025-09-07 07:10:35.897477,2025-09-07 07:10:35.89748
7364,Vrydagzynea guppyi Schltr.,Vrydagzynea,guppyi Schltr.,,,,2025-09-07 07:10:35.939537,2025-09-07 07:10:35.939539
7365,Vrydagzynea kerintjiensis J. J. Sm.,Vrydagzynea,kerintjiensis J.,,,,2025-09-07 07:10:35.981706,2025-09-07 07:10:35.981707
7366,Vrydagzynea lancifolia Ridl.,Vrydagzynea,lancifolia Ridl.,,,,2025-09-07 07:10:36.024006,2025-09-07 07:10:36.024008
7367,Vrydagzynea micronesiaca Schltr.,Vrydagzynea,micronesiaca Schltr.,,,,2025-09-07 07:10:36.065927,2025-09-07 07:10:36.065928
7368,Vrydagzynea neohibernica Schltr.,Vrydagzynea,neohibernica Schltr.,,,,2025-09-07 07:10:36.108079,2025-09-07 07:10:36.108096
7369,Vrydagzynea novaguineensis J. J. Sm.,Vrydagzynea,novaguineensis J.,,,,2025-09-07 07:10:36.150538,2025-09-07 07:10:36.150541
7370,Vrydagzynea nuda Blume,Vrydagzynea,nuda Blume,,,,2025-09-07 07:10:36.192653,2025-09-07 07:10:36.192656
7371,Vrydagzynea obliqua Schltr.,Vrydagzynea,obliqua Schltr.,,,,2025-09-07 07:10:36.236601,2025-09-07 07:10:36.236604
7372,Vrydagzynea paludosa J. J. Sm.,Vrydagzynea,paludosa J.,,,,2025-09-07 07:10:36.2795,2025-09-07 07:10:36.279503
7373,Vrydagzynea pauciflora J. J. Sm.,Vrydagzynea,pauciflora J.,,,,2025-09-07 07:10:36.322246,2025-09-07 07:10:36.322249
7374,Vrydagzynea pauciflora J. J. Sm. var. unistriata J. J. Sm.,Vrydagzynea,pauciflora J.,,,,2025-09-07 07:10:36.364996,2025-09-07 07:10:36.365
7375,Vrydagzynea purpurea Blume,Vrydagzynea,purpurea Blume,,,,2025-09-07 07:10:36.407072,2025-09-07 07:10:36.407075
7376,Vrydagzynea salomonensis Schltr.,Vrydagzynea,salomonensis Schltr.,,,,2025-09-07 07:10:36.449988,2025-09-07 07:10:36.449992
7377,Vrydagzynea samoana Schltr.,Vrydagzynea,samoana Schltr.,,,,2025-09-07 07:10:36.492566,2025-09-07 07:10:36.49257
7378,Vrydagzynea schumanniana Kraenzl.,Vrydagzynea,schumanniana Kraenzl.,,,,2025-09-07 07:10:36.535351,2025-09-07 07:10:36.535354
7379,Vrydagzynea semicordata J. J. Sm.,Vrydagzynea,semicordata J.,,,,2025-09-07 07:10:36.591437,2025-09-07 07:10:36.59144
7380,Vrydagzynea sessilifolia Ormerod,Vrydagzynea,sessilifolia Ormerod,,,,2025-09-07 07:10:36.633847,2025-09-07 07:10:36.633849
7381,Vrydagzynea suddeei Chuchuea & Seelanan,Vrydagzynea,suddeei Chuchuea,,,,2025-09-07 07:10:36.675555,2025-09-07 07:10:36.675557
7382,Vrydagzynea tilungensis J. J. Sm.,Vrydagzynea,tilungensis J.,,,,2025-09-07 07:10:36.717512,2025-09-07 07:10:36.717513
7383,Vrydagzynea triangularis Ormerod & J. J. Wood,Vrydagzynea,triangularis Ormerod,,,,2025-09-07 07:10:36.75942,2025-09-07 07:10:36.759421
7384,Vrydagzynea tristriata Ridl.,Vrydagzynea,tristriata Ridl.,,,,2025-09-07 07:10:36.801733,2025-09-07 07:10:36.801736
7385,Vrydagzynea truncicola Schltr.,Vrydagzynea,truncicola Schltr.,,,,2025-09-07 07:10:36.844192,2025-09-07 07:10:36.844195
7386,Vrydagzynea uncinata Blume,Vrydagzynea,uncinata Blume,,,,2025-09-07 07:10:36.886079,2025-09-07 07:10:36.886081
7387,Vrydagzynea vitiensis Rchb.f.,Vrydagzynea,vitiensis Rchb.f.,,,,2025-09-07 07:10:36.928306,2025-09-07 07:10:36.928307
7388,Vrydagzynea vrydagzynoides (Ames) Ormerod,Vrydagzynea,vrydagzynoides Ames,,,,2025-09-07 07:10:36.970376,2025-09-07 07:10:36.970378
7389,Vrydagzynea weberi Ames,Vrydagzynea,weberi Ames,,,,2025-09-07 07:10:37.012662,2025-09-07 07:10:37.012663
7390,Odontochilus Blume,Odontochilus,Blume,,,,2025-09-07 07:10:37.054823,2025-09-07 07:10:37.054825
7391,Odontochilus acalcaratus (Aver.) Ormerod,Odontochilus,acalcaratus Aver.,,,,2025-09-07 07:10:37.097026,2025-09-07 07:10:37.097028
7392,Odontochilus asraoa (J. Joseph & Abbar.) Ormerod,Odontochilus,asraoa J.,,,,2025-09-07 07:10:37.139435,2025-09-07 07:10:37.139438
7393,Odontochilus aureus Aver.,Odontochilus,aureus Aver.,,,,2025-09-07 07:10:37.181883,2025-09-07 07:10:37.181885
7394,Odontochilus bakhimensis (D. Maity,Odontochilus,bakhimensis D.,,,,2025-09-07 07:10:37.224419,2025-09-07 07:10:37.224423
7395,Odontochilus bilobuliferus (J. J. Sm.) T. Yukawa,Odontochilus,bilobuliferus J.,,,,2025-09-07 07:10:37.266791,2025-09-07 07:10:37.266795
7396,Odontochilus brachyscapus (Aver.,Odontochilus,brachyscapus Aver.,,,,2025-09-07 07:10:37.309369,2025-09-07 07:10:37.309372
7397,Odontochilus brevistylis ssp. brevistylis Hook.f.,Odontochilus,brevistylis ssp.,,,,2025-09-07 07:10:37.352214,2025-09-07 07:10:37.352216
7398,Odontochilus brevistylis ssp. candidus (T. P. Lin & C. C. Hsu) T. P. Lin,Odontochilus,brevistylis ssp.,,,,2025-09-07 07:10:37.39466,2025-09-07 07:10:37.394664
7399,Odontochilus buruensis Ormerod & Juswara,Odontochilus,buruensis Ormerod,,,,2025-09-07 07:10:37.436963,2025-09-07 07:10:37.436966
7400,Odontochilus chalmersii (Schltr.) T. Yukawa,Odontochilus,chalmersii Schltr.,,,,2025-09-07 07:10:37.479384,2025-09-07 07:10:37.479388
7401,Odontochilus chinensis (Rolfe) T. Yukawa,Odontochilus,chinensis Rolfe,,,,2025-09-07 07:10:37.522437,2025-09-07 07:10:37.522441
7402,Odontochilus clarkei Hook.f.,Odontochilus,clarkei Hook.f.,,,,2025-09-07 07:10:37.565135,2025-09-07 07:10:37.565137
7403,Odontochilus coerulescens (Schltr.) J. M. H. Shaw,Odontochilus,coerulescens Schltr.,,,,2025-09-07 07:10:37.608674,2025-09-07 07:10:37.608678
7404,Odontochilus crispus (Lindl.) Hook.f.,Odontochilus,crispus Lindl.,,,,2025-09-07 07:10:37.651177,2025-09-07 07:10:37.65118
7405,Odontochilus degeneri L. O. Williams,Odontochilus,degeneri L.,,,,2025-09-07 07:10:37.693652,2025-09-07 07:10:37.69366
7406,Odontochilus drymoglossifolius (Hayata) T. Yukawa,Odontochilus,drymoglossifolius Hayata,,,,2025-09-07 07:10:37.735927,2025-09-07 07:10:37.735929
7407,Odontochilus duplex (Holttum) Ormerod,Odontochilus,duplex Holttum,,,,2025-09-07 07:10:37.777877,2025-09-07 07:10:37.777879
7408,Odontochilus elongatus (Blume) J. M. H. Shaw,Odontochilus,elongatus Blume,,,,2025-09-07 07:10:37.819822,2025-09-07 07:10:37.819823
7409,Odontochilus elwesii (King & Pantl.) Clarke ex Hook.f.,Odontochilus,elwesii King,,,,2025-09-07 07:10:37.86195,2025-09-07 07:10:37.861954
7410,Odontochilus fimbriatus (J. J. Sm.) J. M. H. Shaw,Odontochilus,fimbriatus J.,,,,2025-09-07 07:10:37.904493,2025-09-07 07:10:37.904497
7411,Odontochilus gilesii (Ormerod) T. Yukawa,Odontochilus,gilesii Ormerod,,,,2025-09-07 07:10:37.94675,2025-09-07 07:10:37.946753
7412,Odontochilus glaber (Blume) T. Yukawa,Odontochilus,glaber Blume,,,,2025-09-07 07:10:37.989205,2025-09-07 07:10:37.989207
7413,Odontochilus gracilis (Blume) T. Yukawa,Odontochilus,gracilis Blume,,,,2025-09-07 07:10:38.031716,2025-09-07 07:10:38.031718
7414,Odontochilus grandiflorus (Lindl.) Benth. & Hook.f.,Odontochilus,grandiflorus Lindl.,,,,2025-09-07 07:10:38.073767,2025-09-07 07:10:38.073769
7415,Odontochilus guangdongensis S. C. Chen,Odontochilus,guangdongensis S.,,,,2025-09-07 07:10:38.115827,2025-09-07 07:10:38.115828
7416,Odontochilus hasseltii (Blume) J. J. Wood,Odontochilus,hasseltii Blume,,,,2025-09-07 07:10:38.157844,2025-09-07 07:10:38.157846
7417,Odontochilus hatumetensis (J. J. Sm.) J. M. H. Shaw,Odontochilus,hatumetensis J.,,,,2025-09-07 07:10:38.19996,2025-09-07 07:10:38.199964
7418,Odontochilus hydrocephalus (J. J. Sm.) J. J. Wood,Odontochilus,hydrocephalus J.,,,,2025-09-07 07:10:38.242549,2025-09-07 07:10:38.242553
7419,Odontochilus integrus (Fukuy.) T. Yukawa,Odontochilus,integrus Fukuy.,,,,2025-09-07 07:10:38.285338,2025-09-07 07:10:38.285342
7420,Odontochilus japonicus (Rchb.f.) T. Yukawa,Odontochilus,japonicus Rchb.f.,,,,2025-09-07 07:10:38.327655,2025-09-07 07:10:38.327659
7421,Odontochilus javanicus (J. J. Sm.) T. Yukawa,Odontochilus,javanicus J.,,,,2025-09-07 07:10:38.370128,2025-09-07 07:10:38.370131
7422,Odontochilus kinabaluensis (Carr) T. Yukawa,Odontochilus,kinabaluensis Carr,,,,2025-09-07 07:10:38.412515,2025-09-07 07:10:38.412525
7423,Odontochilus lanceolatus (Lindl.) Blume,Odontochilus,lanceolatus Lindl.,,,,2025-09-07 07:10:38.455478,2025-09-07 07:10:38.455482
7424,Odontochilus lingulata (J. D. Ya,Odontochilus,lingulata J.,,,,2025-09-07 07:10:38.497849,2025-09-07 07:10:38.497852
7425,Odontochilus longiflorus (Rchb.f.) Benth. & Hook.f.,Odontochilus,longiflorus Rchb.f.,,,,2025-09-07 07:10:38.540002,2025-09-07 07:10:38.540005
7426,Odontochilus longii (J. D. Ya) comb. ined.,Odontochilus,longii J.,,,,2025-09-07 07:10:38.582304,2025-09-07 07:10:38.582307
7427,Odontochilus macranthus Hook.f.,Odontochilus,macranthus Hook.f.,,,,2025-09-07 07:10:38.625408,2025-09-07 07:10:38.625412
7428,Odontochilus marivelensis Ormerod & Cootes,Odontochilus,marivelensis Ormerod,,,,2025-09-07 07:10:38.670388,2025-09-07 07:10:38.670391
7429,Odontochilus mindanaensis (Ames) J. M. H. Shaw,Odontochilus,mindanaensis Ames,,,,2025-09-07 07:10:38.713815,2025-09-07 07:10:38.713818
7430,Odontochilus montanus (Schltr.) J. M. H. Shaw,Odontochilus,montanus Schltr.,,,,2025-09-07 07:10:38.75585,2025-09-07 07:10:38.755852
7431,Odontochilus motuoensis (X. H. Jin & C. Ye) comb. ined.,Odontochilus,motuoensis X.,,,,2025-09-07 07:10:38.797585,2025-09-07 07:10:38.797586
7432,Odontochilus muricatus (J. J. Sm.) T. Yukawa,Odontochilus,muricatus J.,,,,2025-09-07 07:10:38.839191,2025-09-07 07:10:38.839193
7433,Odontochilus nakaianus (F. Maek.) T. Yukawa,Odontochilus,nakaianus F.,,,,2025-09-07 07:10:38.880992,2025-09-07 07:10:38.880994
7434,Odontochilus nandae Raskoti & Kurzweil,Odontochilus,nandae Raskoti,,,,2025-09-07 07:10:38.923943,2025-09-07 07:10:38.923947
7435,Odontochilus nanlingensis (L. P. Siu & K. Y. Lang) Ormerod,Odontochilus,nanlingensis L.,,,,2025-09-07 07:10:38.966777,2025-09-07 07:10:38.96678
7436,Odontochilus napoensis H. Tang & Y. F. Huang,Odontochilus,napoensis H.,,,,2025-09-07 07:10:39.008728,2025-09-07 07:10:39.008731
7437,Odontochilus occultus (Blume) J. M. H. Shaw,Odontochilus,occultus Blume,,,,2025-09-07 07:10:39.050876,2025-09-07 07:10:39.050879
7438,Odontochilus papuanus (J. J. Sm.) T. Yukawa,Odontochilus,papuanus J.,,,,2025-09-07 07:10:39.092789,2025-09-07 07:10:39.092791
7439,Odontochilus pectinifer (Schltr.) J. M. H. Shaw,Odontochilus,pectinifer Schltr.,,,,2025-09-07 07:10:39.134692,2025-09-07 07:10:39.134694
7440,Odontochilus perpusillus (Ames) T. Yukawa,Odontochilus,perpusillus Ames,,,,2025-09-07 07:10:39.176869,2025-09-07 07:10:39.176871
7441,Odontochilus philippinensis (Ames) J. M. H. Shaw,Odontochilus,philippinensis Ames,,,,2025-09-07 07:10:39.22166,2025-09-07 07:10:39.221662
7442,Odontochilus poilanei (Gagnep.) Ormerod,Odontochilus,poilanei Gagnep.,,,,2025-09-07 07:10:39.263745,2025-09-07 07:10:39.263749
7443,Odontochilus puberulus (Schltr.) J. M. H. Shaw,Odontochilus,puberulus Schltr.,,,,2025-09-07 07:10:39.306783,2025-09-07 07:10:39.306787
7444,Odontochilus pubescens (Blume) J. M. H. Shaw,Odontochilus,pubescens Blume,,,,2025-09-07 07:10:39.349564,2025-09-07 07:10:39.349566
7445,Odontochilus pumilus Hook.f.,Odontochilus,pumilus Hook.f.,,,,2025-09-07 07:10:39.391653,2025-09-07 07:10:39.391655
7446,Odontochilus putaoensis X. H. Jin,Odontochilus,putaoensis X.,,,,2025-09-07 07:10:39.434013,2025-09-07 07:10:39.434017
7447,Odontochilus quadrilobatus (Schltr.) T. Yukawa,Odontochilus,quadrilobatus Schltr.,,,,2025-09-07 07:10:39.477855,2025-09-07 07:10:39.477859
7448,Odontochilus rajanus (J. J. Sm.) T. Yukawa,Odontochilus,rajanus J.,,,,2025-09-07 07:10:39.520376,2025-09-07 07:10:39.520379
7449,Odontochilus reniformis (Hook. f) Ormerod,Odontochilus,reniformis Hook.,,,,2025-09-07 07:10:39.562627,2025-09-07 07:10:39.562629
7450,Odontochilus saprophyticus (Aver.) Ormerod,Odontochilus,saprophyticus Aver.,,,,2025-09-07 07:10:39.618225,2025-09-07 07:10:39.618228
7451,Odontochilus seranicus (J. J. Sm.) T. Yukawa,Odontochilus,seranicus J.,,,,2025-09-07 07:10:39.660623,2025-09-07 07:10:39.660626
7452,Odontochilus serriformis (J. J. Sm.) J. J. Wood,Odontochilus,serriformis J.,,,,2025-09-07 07:10:39.702965,2025-09-07 07:10:39.702969
7453,Odontochilus sibelae (Ormerod) T. Yukawa,Odontochilus,sibelae Ormerod,,,,2025-09-07 07:10:39.745208,2025-09-07 07:10:39.745212
7454,Odontochilus spicatus (Blume) J. M. H. Shaw,Odontochilus,spicatus Blume,,,,2025-09-07 07:10:39.787353,2025-09-07 07:10:39.787354
7455,Odontochilus tetrapterus (Hook.f.) Av. Bhattacharjee & H. J. Chowdhery,Odontochilus,tetrapterus Hook.f.,,,,2025-09-07 07:10:39.829367,2025-09-07 07:10:39.829368
7456,Odontochilus tonkinensis (Gagnep.) Ormerod & Aver.,Odontochilus,tonkinensis Gagnep.,,,,2025-09-07 07:10:39.87171,2025-09-07 07:10:39.871711
7457,Odontochilus tortus ssp. tortus King & Pantl.,Odontochilus,tortus ssp.,,,,2025-09-07 07:10:39.913708,2025-09-07 07:10:39.91371
7458,Odontochilus tortus ssp. tashiroi (Maxim.) T. P. Lin,Odontochilus,tortus ssp.,,,,2025-09-07 07:10:39.956945,2025-09-07 07:10:39.956947
7459,Odontochilus tsukusianus (Masam.) T. Yukawa,Odontochilus,tsukusianus Masam.,,,,2025-09-07 07:10:39.999673,2025-09-07 07:10:39.999677
7460,Odontochilus umbrosus (Aver.) Ormerod,Odontochilus,umbrosus Aver.,,,,2025-09-07 07:10:40.041864,2025-09-07 07:10:40.041866
7461,Odontochilus uniflorus (Blume) H. A. Pedersen & Ormerod,Odontochilus,uniflorus Blume,,,,2025-09-07 07:10:40.084315,2025-09-07 07:10:40.084316
7462,Odontochilus urceolatus (Tang & K. Y. Lang) T. Yukawa,Odontochilus,urceolatus Tang,,,,2025-09-07 07:10:40.126742,2025-09-07 07:10:40.126744
7463,Odontochilus whiteheadii (Rendle) T. Yukawa,Odontochilus,whiteheadii Rendle,,,,2025-09-07 07:10:40.168854,2025-09-07 07:10:40.168858
7464,Odontochilus yakushimensis (Yamam.) T. Yukawa,Odontochilus,yakushimensis Yamam.,,,,2025-09-07 07:10:40.211323,2025-09-07 07:10:40.211326
7465,Anoectochilus Blume,Anoectochilus,Blume,,,,2025-09-07 07:10:40.253383,2025-09-07 07:10:40.253385
7466,Anoectochilus albolineatus C. S. P. Parish & Rchb.f.,Anoectochilus,albolineatus C.,,,,2025-09-07 07:10:40.295582,2025-09-07 07:10:40.295585
7467,Anoectochilus albomarginatus Lour.,Anoectochilus,albomarginatus Lour.,,,,2025-09-07 07:10:40.337948,2025-09-07 07:10:40.337951
7468,Anoectochilus baotingensis (K. Y. Lang) Ormerod,Anoectochilus,baotingensis K.,,,,2025-09-07 07:10:40.380464,2025-09-07 07:10:40.380467
7469,Anoectochilus brevilabris Lindl.,Anoectochilus,brevilabris Lindl.,,,,2025-09-07 07:10:40.423303,2025-09-07 07:10:40.423305
7470,Anoectochilus burmannicus Rolfe,Anoectochilus,burmannicus Rolfe,,,,2025-09-07 07:10:40.465399,2025-09-07 07:10:40.465401
7471,Anoectochilus calcareus Aver.,Anoectochilus,calcareus Aver.,,,,2025-09-07 07:10:40.508095,2025-09-07 07:10:40.5081
7472,Anoectochilus chapaensis Gagnep.,Anoectochilus,chapaensis Gagnep.,,,,2025-09-07 07:10:40.551995,2025-09-07 07:10:40.551999
7473,Anoectochilus dewildeorum Ormerod,Anoectochilus,dewildeorum Ormerod,,,,2025-09-07 07:10:40.594373,2025-09-07 07:10:40.594375
7474,Anoectochilus elatus Lindl.,Anoectochilus,elatus Lindl.,,,,2025-09-07 07:10:40.636595,2025-09-07 07:10:40.636598
7475,Anoectochilus emeiensis K. Y. Lang,Anoectochilus,emeiensis K.,,,,2025-09-07 07:10:40.679384,2025-09-07 07:10:40.679387
7476,Anoectochilus flavescens Blume,Anoectochilus,flavescens Blume,,,,2025-09-07 07:10:40.721811,2025-09-07 07:10:40.721814
7477,Anoectochilus formosanus Hayata,Anoectochilus,formosanus Hayata,,,,2025-09-07 07:10:40.765794,2025-09-07 07:10:40.765797
7478,Anoectochilus geniculatus Ridl.,Anoectochilus,geniculatus Ridl.,,,,2025-09-07 07:10:40.808277,2025-09-07 07:10:40.80828
7479,Anoectochilus griffithii Hook.f.,Anoectochilus,griffithii Hook.f.,,,,2025-09-07 07:10:40.850064,2025-09-07 07:10:40.850066
7480,Anoectochilus hainanensis H. Z. Tian,Anoectochilus,hainanensis H.,,,,2025-09-07 07:10:40.892232,2025-09-07 07:10:40.892234
7481,Anoectochilus hatusimanus (Ohwi & Koyama) Hatus.,Anoectochilus,hatusimanus Ohwi,,,,2025-09-07 07:10:40.934818,2025-09-07 07:10:40.934821
7482,Anoectochilus imitans Schltr.,Anoectochilus,imitans Schltr.,,,,2025-09-07 07:10:40.976625,2025-09-07 07:10:40.976627
7483,Anoectochilus insignis Schltr.,Anoectochilus,insignis Schltr.,,,,2025-09-07 07:10:41.019029,2025-09-07 07:10:41.019032
7484,Anoectochilus integrilabris Carr,Anoectochilus,integrilabris Carr,,,,2025-09-07 07:10:41.061253,2025-09-07 07:10:41.061256
7485,Anoectochilus kinabaluensis (Rolfe) J. J. Wood & Ormerod,Anoectochilus,kinabaluensis Rolfe,,,,2025-09-07 07:10:41.103339,2025-09-07 07:10:41.103342
7486,Anoectochilus klabatensis (Schltr.) S. Thomas,Anoectochilus,klabatensis Schltr.,,,,2025-09-07 07:10:41.145621,2025-09-07 07:10:41.145623
7487,Anoectochilus koshunensis Hayata,Anoectochilus,koshunensis Hayata,,,,2025-09-07 07:10:41.18795,2025-09-07 07:10:41.187962
7488,Anoectochilus longicalcaratus J. J. Sm.,Anoectochilus,longicalcaratus J.,,,,2025-09-07 07:10:41.229943,2025-09-07 07:10:41.229945
7489,Anoectochilus longilobus H. Jiang & H. Z. Tian,Anoectochilus,longilobus H.,,,,2025-09-07 07:10:41.271803,2025-09-07 07:10:41.271805
7490,Anoectochilus lylei Rolfe ex Downie,Anoectochilus,lylei Rolfe,,,,2025-09-07 07:10:41.31365,2025-09-07 07:10:41.313652
7491,Anoectochilus malipoensis W. H. Chen & Y. M. Shui,Anoectochilus,malipoensis W.,,,,2025-09-07 07:10:41.355949,2025-09-07 07:10:41.355951
7492,Anoectochilus medogensis H.Z.Tian & Yue Jin,Anoectochilus,medogensis H.Z.Tian,,,,2025-09-07 07:10:41.398176,2025-09-07 07:10:41.398179
7493,Anoectochilus monicae J. J. Wood,Anoectochilus,monicae J.,,,,2025-09-07 07:10:41.440653,2025-09-07 07:10:41.440665
7494,Anoectochilus nandanensis Y. Feng Huang & X. C. Qu,Anoectochilus,nandanensis Y.,,,,2025-09-07 07:10:41.482735,2025-09-07 07:10:41.482737
7495,Anoectochilus nicobaricus N. P. Balakr. & Chakr.,Anoectochilus,nicobaricus N.,,,,2025-09-07 07:10:41.524599,2025-09-07 07:10:41.524601
7496,Anoectochilus papillosus Aver.,Anoectochilus,papillosus Aver.,,,,2025-09-07 07:10:41.567583,2025-09-07 07:10:41.567586
7497,Anoectochilus papuanus (Schltr.) W. Kittr.,Anoectochilus,papuanus Schltr.,,,,2025-09-07 07:10:41.618894,2025-09-07 07:10:41.618899
7498,Anoectochilus pectinatus (Hook.f.) Ridl.,Anoectochilus,pectinatus Hook.f.,,,,2025-09-07 07:10:41.662546,2025-09-07 07:10:41.662549
7499,Anoectochilus pingbianensis K. Y. Lang,Anoectochilus,pingbianensis K.,,,,2025-09-07 07:10:41.70535,2025-09-07 07:10:41.705354
7500,Anoectochilus rhombilabius Ormerod,Anoectochilus,rhombilabius Ormerod,,,,2025-09-07 07:10:41.747861,2025-09-07 07:10:41.747864
7501,Anoectochilus roxburghii (Wall.) Lindl.,Anoectochilus,roxburghii Wall.,,,,2025-09-07 07:10:41.790516,2025-09-07 07:10:41.790519
7502,Anoectochilus sandvicensis Lindl.,Anoectochilus,sandvicensis Lindl.,,,,2025-09-07 07:10:41.832885,2025-09-07 07:10:41.832888
7503,Anoectochilus sanguineus P. T. Ong & P. O'Byrne,Anoectochilus,sanguineus P.,,,,2025-09-07 07:10:41.875343,2025-09-07 07:10:41.875346
7504,Anoectochilus setaceus Blume,Anoectochilus,setaceus Blume,,,,2025-09-07 07:10:41.917432,2025-09-07 07:10:41.917435
7505,Anoectochilus subregularis (Rchb.f.) Ormerod,Anoectochilus,subregularis Rchb.f.,,,,2025-09-07 07:10:41.95964,2025-09-07 07:10:41.959643
7506,Anoectochilus sumatranus (J. J. Sm.) J. B. Comber,Anoectochilus,sumatranus J.,,,,2025-09-07 07:10:42.004868,2025-09-07 07:10:42.00487
7507,Anoectochilus tenebris S. Calleja,Anoectochilus,tenebris S.,,,,2025-09-07 07:10:42.047465,2025-09-07 07:10:42.047467
7508,Anoectochilus tridentatus Seidenf.,Anoectochilus,tridentatus Seidenf.,,,,2025-09-07 07:10:42.089699,2025-09-07 07:10:42.089701
7509,Anoectochilus x buqunhuensis H. Z. Tian & C. Xing Li,Anoectochilus,x buqunhuensis,,,,2025-09-07 07:10:42.131856,2025-09-07 07:10:42.13186
7510,Anoectochilus xingrenensis Z. H. Tsi & X. H. Jin,Anoectochilus,xingrenensis Z.,,,,2025-09-07 07:10:42.174218,2025-09-07 07:10:42.17422
7511,Anoectochilus yatesiae F. M. Bailey,Anoectochilus,yatesiae F.,,,,2025-09-07 07:10:42.21605,2025-09-07 07:10:42.216052
7512,Anoectochilus zhejiangensis Z. Wei & Y. B. Chang,Anoectochilus,zhejiangensis Z.,,,,2025-09-07 07:10:42.258753,2025-09-07 07:10:42.258754
7513,Anoectochilus zhongshanensis C. Jian Zheng & Yan B. Wu,Anoectochilus,zhongshanensis C.,,,,2025-09-07 07:10:42.312395,2025-09-07 07:10:42.312398
7514,Aenhenrya Gopalan,Aenhenrya,Gopalan,,,,2025-09-07 07:10:42.35515,2025-09-07 07:10:42.355153
7515,Aenhenrya rotundifolia (Blatt.) C. S. Kumar & Rasm.,Aenhenrya,rotundifolia Blatt.,,,,2025-09-07 07:10:42.397586,2025-09-07 07:10:42.397589
7516,Galeottiella Schltr.,Galeottiella,Schltr.,,,,2025-09-07 07:10:42.44187,2025-09-07 07:10:42.441873
7517,Galeottiella sarcoglossa (A. Rich. & Galeotti) Schltr.,Galeottiella,sarcoglossa A.,,,,2025-09-07 07:10:42.486942,2025-09-07 07:10:42.486945
7518,Manniella Rchb.f.,Manniella,Rchb.f.,,,,2025-09-07 07:10:42.529858,2025-09-07 07:10:42.529861
7519,Manniella cypripedioides Salazar,Manniella,cypripedioides Salazar,,,,2025-09-07 07:10:42.572066,2025-09-07 07:10:42.572068
7520,Manniella gustavi Rchb.f.,Manniella,gustavi Rchb.f.,,,,2025-09-07 07:10:42.622284,2025-09-07 07:10:42.622287
7521,Discyphus Schltr.,Discyphus,Schltr.,,,,2025-09-07 07:10:42.664591,2025-09-07 07:10:42.664594
7522,Discyphus scopulariae (Rchb.f.) Schltr.,Discyphus,scopulariae Rchb.f.,,,,2025-09-07 07:10:42.707324,2025-09-07 07:10:42.707327
7523,Discyphus scopulariae (Rchb.f.) Schltr. var. longiauriculata Szlach.,Discyphus,scopulariae Rchb.f.,,,,2025-09-07 07:10:42.753329,2025-09-07 07:10:42.753332
7524,Prescottia Lindl.,Prescottia,Lindl.,,,,2025-09-07 07:10:42.795781,2025-09-07 07:10:42.795785
7525,Prescottia auyantepuiensis Carnevali & G. A. Romero,Prescottia,auyantepuiensis Carnevali,,,,2025-09-07 07:10:42.838378,2025-09-07 07:10:42.838382
7526,Prescottia carnosa C. Schweinf.,Prescottia,carnosa C.,,,,2025-09-07 07:10:42.887407,2025-09-07 07:10:42.887411
7527,Prescottia congesta Pupulin,Prescottia,congesta Pupulin,,,,2025-09-07 07:10:42.930009,2025-09-07 07:10:42.930013
7528,Prescottia cordifolia Rchb.f.,Prescottia,cordifolia Rchb.f.,,,,2025-09-07 07:10:42.972285,2025-09-07 07:10:42.972288
7529,Prescottia densiflora (Brongn.) Lindl.,Prescottia,densiflora Brongn.,,,,2025-09-07 07:10:43.014732,2025-09-07 07:10:43.014735
7530,Prescottia ecuadorensis C. O. Azevedo & Van den Berg,Prescottia,ecuadorensis C.,,,,2025-09-07 07:10:43.056855,2025-09-07 07:10:43.056858
7531,Prescottia glazioviana Cogn.,Prescottia,glazioviana Cogn.,,,,2025-09-07 07:10:43.099411,2025-09-07 07:10:43.099414
7532,Prescottia lancifolia Lindl.,Prescottia,lancifolia Lindl.,,,,2025-09-07 07:10:43.141862,2025-09-07 07:10:43.141864
7533,Prescottia leptostachya Lindl.,Prescottia,leptostachya Lindl.,,,,2025-09-07 07:10:43.184174,2025-09-07 07:10:43.184177
7534,Prescottia lojana Dodson,Prescottia,lojana Dodson,,,,2025-09-07 07:10:43.227076,2025-09-07 07:10:43.227079
7535,Prescottia microrhiza Barb. Rodr.,Prescottia,microrhiza Barb.,,,,2025-09-07 07:10:43.269378,2025-09-07 07:10:43.269382
7536,Prescottia montana Barb. Rodr.,Prescottia,montana Barb.,,,,2025-09-07 07:10:43.311546,2025-09-07 07:10:43.31155
7537,Prescottia mucugensis C. O. Azevedo & Van den Berg,Prescottia,mucugensis C.,,,,2025-09-07 07:10:43.363008,2025-09-07 07:10:43.363011
7538,Prescottia nervosa Archila,Prescottia,nervosa Archila,,,,2025-09-07 07:10:43.405371,2025-09-07 07:10:43.405375
7539,Prescottia nivalis Barb. Rodr.,Prescottia,nivalis Barb.,,,,2025-09-07 07:10:43.447466,2025-09-07 07:10:43.447469
7540,Prescottia oligantha (Sw.) Lindl.,Prescottia,oligantha Sw.,,,,2025-09-07 07:10:43.49106,2025-09-07 07:10:43.491064
7541,Prescottia ostenii Pabst,Prescottia,ostenii Pabst,,,,2025-09-07 07:10:43.539839,2025-09-07 07:10:43.539842
7542,Prescottia phleoides Lindl.,Prescottia,phleoides Lindl.,,,,2025-09-07 07:10:43.582033,2025-09-07 07:10:43.582035
7543,Prescottia plantaginifolia Lindl.,Prescottia,plantaginifolia Lindl.,,,,2025-09-07 07:10:43.623906,2025-09-07 07:10:43.623912
7544,Prescottia polyphylla Porsch,Prescottia,polyphylla Porsch,,,,2025-09-07 07:10:43.665705,2025-09-07 07:10:43.665708
7545,Prescottia serrana M. N. Correa,Prescottia,serrana M.,,,,2025-09-07 07:10:43.710279,2025-09-07 07:10:43.710282
7546,Prescottia sibundoyensis S. Nowak,Prescottia,sibundoyensis S.,,,,2025-09-07 07:10:43.758996,2025-09-07 07:10:43.758999
7547,Prescottia stachyodes (Sw.) Lindl.,Prescottia,stachyodes Sw.,,,,2025-09-07 07:10:43.801554,2025-09-07 07:10:43.801557
7548,Prescottia tepuyensis Carnevali & Vargas,Prescottia,tepuyensis Carnevali,,,,2025-09-07 07:10:43.843672,2025-09-07 07:10:43.843676
7549,Galeoglossum A. Rich. & Galeotti,Galeoglossum,A. Rich.,,,,2025-09-07 07:10:43.886681,2025-09-07 07:10:43.886685
7550,Galeoglossum cactorum Salazar & C. Chávez,Galeoglossum,cactorum Salazar,,,,2025-09-07 07:10:43.930037,2025-09-07 07:10:43.93004
7551,Galeoglossum thysanochilum (B. L. Rob. & Greenm.) Salazar,Galeoglossum,thysanochilum B.,,,,2025-09-07 07:10:43.972446,2025-09-07 07:10:43.972449
7552,Galeoglossum tubulosum (Lindl.) Salazar & Soto Arenas,Galeoglossum,tubulosum Lindl.,,,,2025-09-07 07:10:44.014403,2025-09-07 07:10:44.014405
7553,Stenoptera C. Presl,Stenoptera,C. Presl,,,,2025-09-07 07:10:44.065934,2025-09-07 07:10:44.065936
7554,Stenoptera acuta Lindl.,Stenoptera,acuta Lindl.,,,,2025-09-07 07:10:44.108549,2025-09-07 07:10:44.108553
7555,Stenoptera ciliaris C. Schweinf.,Stenoptera,ciliaris C.,,,,2025-09-07 07:10:44.150696,2025-09-07 07:10:44.150697
7556,Stenoptera ecuadorana Dodson & C. Vargas,Stenoptera,ecuadorana Dodson,,,,2025-09-07 07:10:44.192843,2025-09-07 07:10:44.192847
7557,Stenoptera laxiflora C. Schweinf.,Stenoptera,laxiflora C.,,,,2025-09-07 07:10:44.234999,2025-09-07 07:10:44.235002
7558,Stenoptera montana C. Schweinf.,Stenoptera,montana C.,,,,2025-09-07 07:10:44.27717,2025-09-07 07:10:44.277172
7559,Stenoptera peruviana C. Presl,Stenoptera,peruviana C.,,,,2025-09-07 07:10:44.320569,2025-09-07 07:10:44.320572
7560,Gomphichis Lindl.,Gomphichis,Lindl.,,,,2025-09-07 07:10:44.362944,2025-09-07 07:10:44.362946
7561,Gomphichis adnata Schltr.,Gomphichis,adnata Schltr.,,,,2025-09-07 07:10:44.405711,2025-09-07 07:10:44.405714
7562,Gomphichis alba F. Lehm. & Kraenzl.,Gomphichis,alba F.,,,,2025-09-07 07:10:44.447544,2025-09-07 07:10:44.447547
7563,Gomphichis altissima Renz,Gomphichis,altissima Renz,,,,2025-09-07 07:10:44.489884,2025-09-07 07:10:44.489887
7564,Gomphichis bogotensis Renz,Gomphichis,bogotensis Renz,,,,2025-09-07 07:10:44.532427,2025-09-07 07:10:44.53243
7565,Gomphichis carlos-parrae S. Nowak & Szlach.,Gomphichis,carlos-parrae S.,,,,2025-09-07 07:10:44.576349,2025-09-07 07:10:44.576352
7566,Gomphichis caucana Schltr.,Gomphichis,caucana Schltr.,,,,2025-09-07 07:10:44.619582,2025-09-07 07:10:44.619586
7567,Gomphichis cladotricha Renz,Gomphichis,cladotricha Renz,,,,2025-09-07 07:10:44.662018,2025-09-07 07:10:44.662021
7568,Gomphichis costaricensis (Schltr.) Ames,Gomphichis,costaricensis Schltr.,,,,2025-09-07 07:10:44.704033,2025-09-07 07:10:44.704037
7569,Gomphichis crassilabia Garay,Gomphichis,crassilabia Garay,,,,2025-09-07 07:10:44.779122,2025-09-07 07:10:44.779125
7570,Gomphichis cundinamarcae Renz,Gomphichis,cundinamarcae Renz,,,,2025-09-07 07:10:44.841312,2025-09-07 07:10:44.841315
7571,Gomphichis epiphytica Szlach.,Gomphichis,epiphytica Szlach.,,,,2025-09-07 07:10:44.902106,2025-09-07 07:10:44.90211
7572,Gomphichis fernandezii S. Nowak & Szlach.,Gomphichis,fernandezii S.,,,,2025-09-07 07:10:44.944936,2025-09-07 07:10:44.944939
7573,Gomphichis goodyeroides Lindl.,Gomphichis,goodyeroides Lindl.,,,,2025-09-07 07:10:44.988005,2025-09-07 07:10:44.988009
7574,Gomphichis gracilis Schltr.,Gomphichis,gracilis Schltr.,,,,2025-09-07 07:10:45.030035,2025-09-07 07:10:45.030038
7575,Gomphichis hetaerioides Schltr.,Gomphichis,hetaerioides Schltr.,,,,2025-09-07 07:10:45.071879,2025-09-07 07:10:45.071881
7576,Gomphichis jaramilloi S. Nowak & Szlach.,Gomphichis,jaramilloi S.,,,,2025-09-07 07:10:45.113797,2025-09-07 07:10:45.113799
7577,Gomphichis koehleri Schltr.,Gomphichis,koehleri Schltr.,,,,2025-09-07 07:10:45.155938,2025-09-07 07:10:45.15594
7578,Gomphichis lancipetala Schltr.,Gomphichis,lancipetala Schltr.,,,,2025-09-07 07:10:45.197674,2025-09-07 07:10:45.197676
7579,Gomphichis longifolia (Rolfe) Schltr.,Gomphichis,longifolia Rolfe,,,,2025-09-07 07:10:45.239777,2025-09-07 07:10:45.23978
7580,Gomphichis longiscapa (Kraenzl.) Schltr.,Gomphichis,longiscapa Kraenzl.,,,,2025-09-07 07:10:45.282239,2025-09-07 07:10:45.282241
7581,Gomphichis lozanoi S. Nowak & Szlach.,Gomphichis,lozanoi S.,,,,2025-09-07 07:10:45.324209,2025-09-07 07:10:45.324211
7582,Gomphichis macbridei C. Schweinf.,Gomphichis,macbridei C.,,,,2025-09-07 07:10:45.366045,2025-09-07 07:10:45.366046
7583,Gomphichis magnicallosa S. Nowak & Szlach.,Gomphichis,magnicallosa S.,,,,2025-09-07 07:10:45.407996,2025-09-07 07:10:45.407999
7584,Gomphichis monstruosa S. Nowak & Szlach.,Gomphichis,monstruosa S.,,,,2025-09-07 07:10:45.449596,2025-09-07 07:10:45.449599
7585,Gomphichis plantaginea Schltr.,Gomphichis,plantaginea Schltr.,,,,2025-09-07 07:10:45.491443,2025-09-07 07:10:45.491445
7586,Gomphichis plantaginifolia C. Schweinf.,Gomphichis,plantaginifolia C.,,,,2025-09-07 07:10:45.533787,2025-09-07 07:10:45.53379
7587,Gomphichis pseudogoodyeroides S. Nowak & Szlach.,Gomphichis,pseudogoodyeroides S.,,,,2025-09-07 07:10:45.575754,2025-09-07 07:10:45.575756
7588,Gomphichis renziana Szlach.,Gomphichis,renziana Szlach.,,,,2025-09-07 07:10:45.61788,2025-09-07 07:10:45.617883
7589,Gomphichis salamancae S. Nowak & Szlach.,Gomphichis,salamancae S.,,,,2025-09-07 07:10:45.664503,2025-09-07 07:10:45.664506
7590,Gomphichis scaposa Schltr.,Gomphichis,scaposa Schltr.,,,,2025-09-07 07:10:45.706934,2025-09-07 07:10:45.706937
7591,Gomphichis schneideri Szlach.,Gomphichis,schneideri Szlach.,,,,2025-09-07 07:10:45.748931,2025-09-07 07:10:45.748934
7592,Gomphichis steyermarkii Foldats,Gomphichis,steyermarkii Foldats,,,,2025-09-07 07:10:45.791611,2025-09-07 07:10:45.791614
7593,Gomphichis traceyae Rolfe,Gomphichis,traceyae Rolfe,,,,2025-09-07 07:10:45.834166,2025-09-07 07:10:45.834169
7594,Gomphichis valida Rchb.f.,Gomphichis,valida Rchb.f.,,,,2025-09-07 07:10:45.876446,2025-09-07 07:10:45.876449
7595,Gomphichis viscosa (Rchb.f.) Schltr.,Gomphichis,viscosa Rchb.f.,,,,2025-09-07 07:10:45.91859,2025-09-07 07:10:45.918592
7596,Porphyrostachys Rchb.f.,Porphyrostachys,Rchb.f.,,,,2025-09-07 07:10:45.961679,2025-09-07 07:10:45.961682
7597,Porphyrostachys parviflora (C. Schweinf.) Garay,Porphyrostachys,parviflora C.,,,,2025-09-07 07:10:46.01018,2025-09-07 07:10:46.010183
7598,Porphyrostachys pilifera (Kunth) Rchb.f.,Porphyrostachys,pilifera Kunth,,,,2025-09-07 07:10:46.053611,2025-09-07 07:10:46.053614
7599,Solenocentrum Schltr.,Solenocentrum,Schltr.,,,,2025-09-07 07:10:46.097825,2025-09-07 07:10:46.097828
7600,Solenocentrum costaricense Schltr.,Solenocentrum,costaricense Schltr.,,,,2025-09-07 07:10:46.140159,2025-09-07 07:10:46.140162
7601,Solenocentrum lueri Dodson & R. Vásquez,Solenocentrum,lueri Dodson,,,,2025-09-07 07:10:46.18231,2025-09-07 07:10:46.182312
7602,Solenocentrum maasii Dressler,Solenocentrum,maasii Dressler,,,,2025-09-07 07:10:46.225155,2025-09-07 07:10:46.225157
7603,Solenocentrum oblongum Damian & Mitidieri,Solenocentrum,oblongum Damian,,,,2025-09-07 07:10:46.267233,2025-09-07 07:10:46.267236
7604,Pseudocentrum Lindl.,Pseudocentrum,Lindl.,,,,2025-09-07 07:10:46.310374,2025-09-07 07:10:46.310378
7605,Pseudocentrum alpinum Szlach. & Kolan.,Pseudocentrum,alpinum Szlach.,,,,2025-09-07 07:10:46.352489,2025-09-07 07:10:46.352492
7606,Pseudocentrum bursarium Rchb.f.,Pseudocentrum,bursarium Rchb.f.,,,,2025-09-07 07:10:46.394478,2025-09-07 07:10:46.39448
7607,Pseudocentrum cauliifolium Szlach. & Kolan.,Pseudocentrum,cauliifolium Szlach.,,,,2025-09-07 07:10:46.436354,2025-09-07 07:10:46.436357
7608,Pseudocentrum glabrum J. S. Moreno & P. A. Harding,Pseudocentrum,glabrum J.,,,,2025-09-07 07:10:46.478391,2025-09-07 07:10:46.478393
7609,Pseudocentrum guadalupense Cogn.,Pseudocentrum,guadalupense Cogn.,,,,2025-09-07 07:10:46.520093,2025-09-07 07:10:46.520095
7610,Pseudocentrum hirtzii Szlach. & Kolan.,Pseudocentrum,hirtzii Szlach.,,,,2025-09-07 07:10:46.562242,2025-09-07 07:10:46.562244
7611,Pseudocentrum hoffmannii (Rchb.f.) Rchb.f.,Pseudocentrum,hoffmannii Rchb.f.,,,,2025-09-07 07:10:46.604107,2025-09-07 07:10:46.60411
7612,Pseudocentrum kayi Szlach. & Kolan.,Pseudocentrum,kayi Szlach.,,,,2025-09-07 07:10:46.661123,2025-09-07 07:10:46.661126
7613,Pseudocentrum macrostachyum Lindl.,Pseudocentrum,macrostachyum Lindl.,,,,2025-09-07 07:10:46.708909,2025-09-07 07:10:46.708913
7614,Pseudocentrum magnicalcar Szlach. & Kolan.,Pseudocentrum,magnicalcar Szlach.,,,,2025-09-07 07:10:46.751239,2025-09-07 07:10:46.751242
7615,Pseudocentrum minus Benth.,Pseudocentrum,minus Benth.,,,,2025-09-07 07:10:46.793696,2025-09-07 07:10:46.7937
7616,Pseudocentrum purdii Garay,Pseudocentrum,purdii Garay,,,,2025-09-07 07:10:46.836467,2025-09-07 07:10:46.83647
7617,Pseudocentrum silverstonei Szlach. & Kolan.,Pseudocentrum,silverstonei Szlach.,,,,2025-09-07 07:10:46.878424,2025-09-07 07:10:46.878426
7618,Pseudocentrum sylvicola Rchb.f.,Pseudocentrum,sylvicola Rchb.f.,,,,2025-09-07 07:10:46.920394,2025-09-07 07:10:46.920397
7619,Pseudocentrum tandayapense Szlach. & Kolan.,Pseudocentrum,tandayapense Szlach.,,,,2025-09-07 07:10:46.962409,2025-09-07 07:10:46.962412
7620,Pseudocentrum truncipetalum Szlach. & Kolan.,Pseudocentrum,truncipetalum Szlach.,,,,2025-09-07 07:10:47.004603,2025-09-07 07:10:47.004606
7621,Baskervilla Lindl.,Baskervilla,Lindl.,,,,2025-09-07 07:10:47.047958,2025-09-07 07:10:47.047962
7622,Baskervilla asplundii (Garay) Szlach. & Kolan.,Baskervilla,asplundii Garay,,,,2025-09-07 07:10:47.095686,2025-09-07 07:10:47.095689
7623,Baskervilla assurgens Lindl.,Baskervilla,assurgens Lindl.,,,,2025-09-07 07:10:47.138588,2025-09-07 07:10:47.138591
7624,Baskervilla auriculata Garay,Baskervilla,auriculata Garay,,,,2025-09-07 07:10:47.196676,2025-09-07 07:10:47.19668
7625,Baskervilla auriculata Garay var. yungasensis T. Hashim.,Baskervilla,auriculata Garay,,,,2025-09-07 07:10:47.241493,2025-09-07 07:10:47.241496
7626,Baskervilla boliviana T. Hashim.,Baskervilla,boliviana T.,,,,2025-09-07 07:10:47.283977,2025-09-07 07:10:47.28398
7627,Baskervilla colombiana Garay,Baskervilla,colombiana Garay,,,,2025-09-07 07:10:47.32761,2025-09-07 07:10:47.327614
7628,Baskervilla leptantha Dressler,Baskervilla,leptantha Dressler,,,,2025-09-07 07:10:47.370331,2025-09-07 07:10:47.370333
7697,Ponthieva tuerckheimii Schltr.,Ponthieva,tuerckheimii Schltr.,,,,2025-09-07 07:10:50.368144,2025-09-07 07:10:50.368147
7629,Baskervilla machupicchuensis Nauray & Christenson,Baskervilla,machupicchuensis Nauray,,,,2025-09-07 07:10:47.414115,2025-09-07 07:10:47.414118
7630,Baskervilla paranaensis (Kraenzl.) Schltr.,Baskervilla,paranaensis Kraenzl.,,,,2025-09-07 07:10:47.45619,2025-09-07 07:10:47.456193
7631,Baskervilla pastasae Garay,Baskervilla,pastasae Garay,,,,2025-09-07 07:10:47.49838,2025-09-07 07:10:47.498383
7632,Baskervilla stenopetala Dressler,Baskervilla,stenopetala Dressler,,,,2025-09-07 07:10:47.540367,2025-09-07 07:10:47.540369
7633,Baskervilla venezuelana Garay & Dunst.,Baskervilla,venezuelana Garay,,,,2025-09-07 07:10:47.582951,2025-09-07 07:10:47.582954
7634,Ponthieva R. Br.,Ponthieva,R. Br.,,,,2025-09-07 07:10:47.625171,2025-09-07 07:10:47.625174
7635,Ponthieva andicola Rchb.f.,Ponthieva,andicola Rchb.f.,,,,2025-09-07 07:10:47.672136,2025-09-07 07:10:47.672139
7636,Ponthieva appendiculata Schltr.,Ponthieva,appendiculata Schltr.,,,,2025-09-07 07:10:47.719759,2025-09-07 07:10:47.719763
7637,Ponthieva bicornuta C. Schweinf.,Ponthieva,bicornuta C.,,,,2025-09-07 07:10:47.762429,2025-09-07 07:10:47.762432
7638,Ponthieva boliviensis Kolan.,Ponthieva,boliviensis Kolan.,,,,2025-09-07 07:10:47.804457,2025-09-07 07:10:47.80446
7639,Ponthieva brittoniae Ames,Ponthieva,brittoniae Ames,,,,2025-09-07 07:10:47.846417,2025-09-07 07:10:47.846421
7640,Ponthieva camargoi Szlach. & Kolan.,Ponthieva,camargoi Szlach.,,,,2025-09-07 07:10:47.88836,2025-09-07 07:10:47.888363
7641,Ponthieva campestris (Liebm.) Garay,Ponthieva,campestris Liebm.,,,,2025-09-07 07:10:47.930845,2025-09-07 07:10:47.930848
7642,Ponthieva castanedae Szlach. & Kolan.,Ponthieva,castanedae Szlach.,,,,2025-09-07 07:10:47.972991,2025-09-07 07:10:47.972994
7643,Ponthieva cesarensis Szlach. & Kolan.,Ponthieva,cesarensis Szlach.,,,,2025-09-07 07:10:48.016153,2025-09-07 07:10:48.016155
7644,Ponthieva collantesii D. E. Benn. & Christenson,Ponthieva,collantesii D.,,,,2025-09-07 07:10:48.058461,2025-09-07 07:10:48.058464
7645,Ponthieva cornuta Rchb.f.,Ponthieva,cornuta Rchb.f.,,,,2025-09-07 07:10:48.101052,2025-09-07 07:10:48.101054
7646,Ponthieva curvilabia Garay,Ponthieva,curvilabia Garay,,,,2025-09-07 07:10:48.143815,2025-09-07 07:10:48.143818
7647,Ponthieva cuyujana Dodson & Hirtz,Ponthieva,cuyujana Dodson,,,,2025-09-07 07:10:48.207841,2025-09-07 07:10:48.207845
7648,Ponthieva diptera Linden & Rchb.f.,Ponthieva,diptera Linden,,,,2025-09-07 07:10:48.260752,2025-09-07 07:10:48.260756
7649,Ponthieva elata Schltr.,Ponthieva,elata Schltr.,,,,2025-09-07 07:10:48.314817,2025-09-07 07:10:48.31482
7650,Ponthieva elegans (Kraenzl.) Schltr.,Ponthieva,elegans Kraenzl.,,,,2025-09-07 07:10:48.357039,2025-09-07 07:10:48.357042
7651,Ponthieva ephippium Rchb.f.,Ponthieva,ephippium Rchb.f.,,,,2025-09-07 07:10:48.399646,2025-09-07 07:10:48.399648
7652,Ponthieva fertilis (F. Lehm. & Kraenzl.) Salazar,Ponthieva,fertilis F.,,,,2025-09-07 07:10:48.441956,2025-09-07 07:10:48.441958
7653,Ponthieva formosa Schltr.,Ponthieva,formosa Schltr.,,,,2025-09-07 07:10:48.484071,2025-09-07 07:10:48.484073
7654,Ponthieva garayana Dodson & R. Vásquez,Ponthieva,garayana Dodson,,,,2025-09-07 07:10:48.526242,2025-09-07 07:10:48.526245
7655,Ponthieva gimana Dodson,Ponthieva,gimana Dodson,,,,2025-09-07 07:10:48.568194,2025-09-07 07:10:48.568196
7656,Ponthieva glabriflora (Szlach. & Kolan.) J. M. H. Shaw,Ponthieva,glabriflora Szlach.,,,,2025-09-07 07:10:48.610233,2025-09-07 07:10:48.610235
7657,Ponthieva gracilis Renz,Ponthieva,gracilis Renz,,,,2025-09-07 07:10:48.651987,2025-09-07 07:10:48.651989
7658,Ponthieva hameri Dressler,Ponthieva,hameri Dressler,,,,2025-09-07 07:10:48.694149,2025-09-07 07:10:48.694151
7659,Ponthieva hassleri Schltr.,Ponthieva,hassleri Schltr.,,,,2025-09-07 07:10:48.736018,2025-09-07 07:10:48.736021
7660,Ponthieva hermiliae L. Valenz.,Ponthieva,hermiliae L.,,,,2025-09-07 07:10:48.777915,2025-09-07 07:10:48.777919
7661,Ponthieva hildae R. González & Soltero,Ponthieva,hildae R.,,,,2025-09-07 07:10:48.821432,2025-09-07 07:10:48.821434
7662,Ponthieva inaudita Rchb.f.,Ponthieva,inaudita Rchb.f.,,,,2025-09-07 07:10:48.866376,2025-09-07 07:10:48.866379
7663,Ponthieva insularis Dressler,Ponthieva,insularis Dressler,,,,2025-09-07 07:10:48.908138,2025-09-07 07:10:48.908141
7664,Ponthieva jamesonii Kolan. & Szlach.,Ponthieva,jamesonii Kolan.,,,,2025-09-07 07:10:48.950181,2025-09-07 07:10:48.950183
7665,Ponthieva keraia Garay & Dunst.,Ponthieva,keraia Garay,,,,2025-09-07 07:10:48.992317,2025-09-07 07:10:48.99232
7666,Ponthieva kraenzliniana (Szlach. & Kolan.) J. M. H. Shaw,Ponthieva,kraenzliniana Szlach.,,,,2025-09-07 07:10:49.03945,2025-09-07 07:10:49.039453
7667,Ponthieva lilacina C. Schweinf.,Ponthieva,lilacina C.,,,,2025-09-07 07:10:49.081512,2025-09-07 07:10:49.081551
7668,Ponthieva luegii Archila,Ponthieva,luegii Archila,,,,2025-09-07 07:10:49.131996,2025-09-07 07:10:49.131998
7669,Ponthieva maculata Lindl.,Ponthieva,maculata Lindl.,,,,2025-09-07 07:10:49.177458,2025-09-07 07:10:49.177461
7670,Ponthieva mandonii Rchb.f.,Ponthieva,mandonii Rchb.f.,,,,2025-09-07 07:10:49.220685,2025-09-07 07:10:49.220688
7671,Ponthieva mexicana (A. Rich. & Galeotti) Salazar,Ponthieva,mexicana A.,,,,2025-09-07 07:10:49.263388,2025-09-07 07:10:49.263391
7672,Ponthieva micromystax Kraenzl. ex Szlach. & Kolan.,Ponthieva,micromystax Kraenzl.,,,,2025-09-07 07:10:49.306169,2025-09-07 07:10:49.306172
7673,Ponthieva napoensis Szlach.,Ponthieva,napoensis Szlach.,,,,2025-09-07 07:10:49.350334,2025-09-07 07:10:49.350338
7674,Ponthieva nicolasii Archila & Vinc. Bertolini,Ponthieva,nicolasii Archila,,,,2025-09-07 07:10:49.393267,2025-09-07 07:10:49.39327
7675,Ponthieva nigricans Schltr.,Ponthieva,nigricans Schltr.,,,,2025-09-07 07:10:49.435756,2025-09-07 07:10:49.435759
7676,Ponthieva oligoneura Schltr.,Ponthieva,oligoneura Schltr.,,,,2025-09-07 07:10:49.478014,2025-09-07 07:10:49.478017
7677,Ponthieva orchioides Schltr.,Ponthieva,orchioides Schltr.,,,,2025-09-07 07:10:49.520186,2025-09-07 07:10:49.520189
7678,Ponthieva ovatilabia C. Schweinf.,Ponthieva,ovatilabia C.,,,,2025-09-07 07:10:49.562131,2025-09-07 07:10:49.562133
7679,Ponthieva parvilabris (Lindl.) Benth. ex Griseb.,Ponthieva,parvilabris Lindl.,,,,2025-09-07 07:10:49.605426,2025-09-07 07:10:49.605428
7680,Ponthieva parvula Schltr.,Ponthieva,parvula Schltr.,,,,2025-09-07 07:10:49.647529,2025-09-07 07:10:49.647531
7681,Ponthieva pauciflora (Sw.) Fawc. & Rendle,Ponthieva,pauciflora Sw.,,,,2025-09-07 07:10:49.689735,2025-09-07 07:10:49.689737
7682,Ponthieva petiolata Lindl.,Ponthieva,petiolata Lindl.,,,,2025-09-07 07:10:49.731687,2025-09-07 07:10:49.73169
7683,Ponthieva phaenoleuca (Barb. Rodr.) Cogn.,Ponthieva,phaenoleuca Barb.,,,,2025-09-07 07:10:49.773924,2025-09-07 07:10:49.773927
7684,Ponthieva pilosissima (Senghas) Dodson,Ponthieva,pilosissima Senghas,,,,2025-09-07 07:10:49.816005,2025-09-07 07:10:49.816008
7685,Ponthieva pseudoracemosa Garay,Ponthieva,pseudoracemosa Garay,,,,2025-09-07 07:10:49.859423,2025-09-07 07:10:49.859426
7686,Ponthieva pubescens (C. Presl) C. Schweinf.,Ponthieva,pubescens C.,,,,2025-09-07 07:10:49.90182,2025-09-07 07:10:49.901822
7687,Ponthieva pulchella Schltr.,Ponthieva,pulchella Schltr.,,,,2025-09-07 07:10:49.944494,2025-09-07 07:10:49.944496
7688,Ponthieva racemosa (Walt.) C. Mohr,Ponthieva,racemosa Walt.,,,,2025-09-07 07:10:49.98699,2025-09-07 07:10:49.986991
7689,Ponthieva rinconii Salazar,Ponthieva,rinconii Salazar,,,,2025-09-07 07:10:50.028808,2025-09-07 07:10:50.028809
7690,Ponthieva rostrata Lindl.,Ponthieva,rostrata Lindl.,,,,2025-09-07 07:10:50.071424,2025-09-07 07:10:50.071426
7691,Ponthieva schaffneri (Rchb.f.) E. W. Greenw.,Ponthieva,schaffneri Rchb.f.,,,,2025-09-07 07:10:50.113485,2025-09-07 07:10:50.113487
7692,Ponthieva similis C. Schweinf.,Ponthieva,similis C.,,,,2025-09-07 07:10:50.155287,2025-09-07 07:10:50.15529
7693,Ponthieva sprucei Cogn.,Ponthieva,sprucei Cogn.,,,,2025-09-07 07:10:50.197699,2025-09-07 07:10:50.1977
7694,Ponthieva sylvicola Rchb.f.,Ponthieva,sylvicola Rchb.f.,,,,2025-09-07 07:10:50.240028,2025-09-07 07:10:50.240031
7695,Ponthieva triloba Schltr.,Ponthieva,triloba Schltr.,,,,2025-09-07 07:10:50.282526,2025-09-07 07:10:50.282529
7696,Ponthieva trilobata (L. O. Williams) L. O. Williams,Ponthieva,trilobata L.,,,,2025-09-07 07:10:50.325786,2025-09-07 07:10:50.325789
7698,Ponthieva tunguraguae Garay,Ponthieva,tunguraguae Garay,,,,2025-09-07 07:10:50.410857,2025-09-07 07:10:50.41086
7699,Ponthieva unguiculata Ames & C. Schweinf.,Ponthieva,unguiculata Ames,,,,2025-09-07 07:10:50.45394,2025-09-07 07:10:50.453943
7700,Ponthieva vallecaucana Szlach.,Ponthieva,vallecaucana Szlach.,,,,2025-09-07 07:10:50.500427,2025-09-07 07:10:50.500431
7701,Ponthieva vasqueziae Becerra,Ponthieva,vasqueziae Becerra,,,,2025-09-07 07:10:50.543072,2025-09-07 07:10:50.543075
7702,Ponthieva vasquezii Dodson,Ponthieva,vasquezii Dodson,,,,2025-09-07 07:10:50.585162,2025-09-07 07:10:50.585163
7703,Ponthieva ventricosa (Griseb.) Fawc. & Rendle,Ponthieva,ventricosa Griseb.,,,,2025-09-07 07:10:50.627059,2025-09-07 07:10:50.627061
7704,Ponthieva venusta Schltr.,Ponthieva,venusta Schltr.,,,,2025-09-07 07:10:50.669015,2025-09-07 07:10:50.669017
7705,Ponthieva villosa Lindl.,Ponthieva,villosa Lindl.,,,,2025-09-07 07:10:50.710914,2025-09-07 07:10:50.710915
7706,Ponthieva viridilimbata Dressler,Ponthieva,viridilimbata Dressler,,,,2025-09-07 07:10:50.752674,2025-09-07 07:10:50.752676
7707,Ponthieva weberbaueri Schltr.,Ponthieva,weberbaueri Schltr.,,,,2025-09-07 07:10:50.794659,2025-09-07 07:10:50.794661
7708,Pterichis Lindl.,Pterichis,Lindl.,,,,2025-09-07 07:10:50.836553,2025-09-07 07:10:50.836555
7709,Pterichis acuminata Schltr.,Pterichis,acuminata Schltr.,,,,2025-09-07 07:10:50.878841,2025-09-07 07:10:50.878844
7710,Pterichis andreii Kolan. & Szlach.,Pterichis,andreii Kolan.,,,,2025-09-07 07:10:50.92158,2025-09-07 07:10:50.921583
7711,Pterichis ansaloniana Kolan.,Pterichis,ansaloniana Kolan.,,,,2025-09-07 07:10:50.963802,2025-09-07 07:10:50.963804
7712,Pterichis aragogiana Kolan. & Szlach.,Pterichis,aragogiana Kolan.,,,,2025-09-07 07:10:51.00566,2025-09-07 07:10:51.005662
7713,Pterichis avicula Kolan.,Pterichis,avicula Kolan.,,,,2025-09-07 07:10:51.047887,2025-09-07 07:10:51.047889
7714,Pterichis bangii Rolfe,Pterichis,bangii Rolfe,,,,2025-09-07 07:10:51.089817,2025-09-07 07:10:51.089819
7715,Pterichis boliviana Schltr.,Pterichis,boliviana Schltr.,,,,2025-09-07 07:10:51.132025,2025-09-07 07:10:51.132027
7716,Pterichis cajamarcae Kolan.,Pterichis,cajamarcae Kolan.,,,,2025-09-07 07:10:51.174287,2025-09-07 07:10:51.17429
7717,Pterichis colombiana G. Morales,Pterichis,colombiana G.,,,,2025-09-07 07:10:51.21676,2025-09-07 07:10:51.216763
7718,Pterichis diuris Rchb.f.,Pterichis,diuris Rchb.f.,,,,2025-09-07 07:10:51.259291,2025-09-07 07:10:51.259294
7719,Pterichis dodsoniana Kolan.,Pterichis,dodsoniana Kolan.,,,,2025-09-07 07:10:51.301601,2025-09-07 07:10:51.301604
7720,Pterichis elliptica Kolan. & Szlach.,Pterichis,elliptica Kolan.,,,,2025-09-07 07:10:51.349281,2025-09-07 07:10:51.349285
7721,Pterichis elliptica Kolan. & Szlach. var. ecuadorensis Kolan.,Pterichis,elliptica Kolan.,,,,2025-09-07 07:10:51.39179,2025-09-07 07:10:51.391794
7722,Pterichis fernandezii G. Morales,Pterichis,fernandezii G.,,,,2025-09-07 07:10:51.43422,2025-09-07 07:10:51.434223
7723,Pterichis fuentesii Kolan.,Pterichis,fuentesii Kolan.,,,,2025-09-07 07:10:51.476721,2025-09-07 07:10:51.476724
7724,Pterichis galeata Lindl.,Pterichis,galeata Lindl.,,,,2025-09-07 07:10:51.519199,2025-09-07 07:10:51.519202
7725,Pterichis galeata Lindl. var. quilinsayacoana G. Morales,Pterichis,galeata Lindl.,,,,2025-09-07 07:10:51.567028,2025-09-07 07:10:51.567031
7726,Pterichis habenarioides (F. Lehm. & Kraenzl.) Schltr.,Pterichis,habenarioides F.,,,,2025-09-07 07:10:51.612431,2025-09-07 07:10:51.612434
7727,Pterichis habenarioides (F. Lehm. & Kraenzl.) Schltr. var. costaricensis Kolan.,Pterichis,habenarioides F.,,,,2025-09-07 07:10:51.655255,2025-09-07 07:10:51.655258
7728,Pterichis herrerae Kolan.,Pterichis,herrerae Kolan.,,,,2025-09-07 07:10:51.703478,2025-09-07 07:10:51.70348
7729,Pterichis hirtziana Kolan.,Pterichis,hirtziana Kolan.,,,,2025-09-07 07:10:51.748922,2025-09-07 07:10:51.748924
7730,Pterichis isabeliana Szlach. & Kolan.,Pterichis,isabeliana Szlach.,,,,2025-09-07 07:10:51.791034,2025-09-07 07:10:51.791036
7731,Pterichis latifolia Garay & Dunst.,Pterichis,latifolia Garay,,,,2025-09-07 07:10:51.833187,2025-09-07 07:10:51.833189
7732,Pterichis lehmanniana Kolan. & Szlach.,Pterichis,lehmanniana Kolan.,,,,2025-09-07 07:10:51.875496,2025-09-07 07:10:51.875498
7733,Pterichis leucoptera Schltr.,Pterichis,leucoptera Schltr.,,,,2025-09-07 07:10:51.917484,2025-09-07 07:10:51.917486
7734,Pterichis lunatilabia Kolan.,Pterichis,lunatilabia Kolan.,,,,2025-09-07 07:10:51.959761,2025-09-07 07:10:51.959764
7735,Pterichis macbridei Kolan.,Pterichis,macbridei Kolan.,,,,2025-09-07 07:10:52.0019,2025-09-07 07:10:52.001902
7736,Pterichis macroptera Schltr.,Pterichis,macroptera Schltr.,,,,2025-09-07 07:10:52.044081,2025-09-07 07:10:52.044096
7737,Pterichis madsenii Kolan.,Pterichis,madsenii Kolan.,,,,2025-09-07 07:10:52.086407,2025-09-07 07:10:52.086409
7738,Pterichis mandonii (Rchb.f.) Rolfe,Pterichis,mandonii Rchb.f.,,,,2025-09-07 07:10:52.128348,2025-09-07 07:10:52.128349
7739,Pterichis meirax Rchb.f. ex Szlach. & Kolan.,Pterichis,meirax Rchb.f.,,,,2025-09-07 07:10:52.170395,2025-09-07 07:10:52.170397
7740,Pterichis moralesii Kolan. & Szlach.,Pterichis,moralesii Kolan.,,,,2025-09-07 07:10:52.213876,2025-09-07 07:10:52.213878
7741,Pterichis multiflora (Lindl.) Schltr.,Pterichis,multiflora Lindl.,,,,2025-09-07 07:10:52.25599,2025-09-07 07:10:52.255993
7742,Pterichis multiflora (Lindl.) Schltr. var. ecuadorensis Kolan.,Pterichis,multiflora Lindl.,,,,2025-09-07 07:10:52.297911,2025-09-07 07:10:52.297915
7743,Pterichis obcordatilabia Kolan.,Pterichis,obcordatilabia Kolan.,,,,2025-09-07 07:10:52.340001,2025-09-07 07:10:52.340004
7744,Pterichis parvifolia (Lindl.) Schltr.,Pterichis,parvifolia Lindl.,,,,2025-09-07 07:10:52.382412,2025-09-07 07:10:52.382416
7745,Pterichis pauciflora Schltr.,Pterichis,pauciflora Schltr.,,,,2025-09-07 07:10:52.42468,2025-09-07 07:10:52.424683
7746,Pterichis proctorii Garay,Pterichis,proctorii Garay,,,,2025-09-07 07:10:52.468452,2025-09-07 07:10:52.468455
7747,Pterichis sagittata Kolan. & Szlach.,Pterichis,sagittata Kolan.,,,,2025-09-07 07:10:52.511393,2025-09-07 07:10:52.511396
7748,Pterichis saundersii Kolan.,Pterichis,saundersii Kolan.,,,,2025-09-07 07:10:52.553746,2025-09-07 07:10:52.553748
7749,Pterichis saxicola Schltr.,Pterichis,saxicola Schltr.,,,,2025-09-07 07:10:52.596184,2025-09-07 07:10:52.596188
7750,Pterichis silvestris Schltr.,Pterichis,silvestris Schltr.,,,,2025-09-07 07:10:52.639034,2025-09-07 07:10:52.639037
7751,Pterichis tomentosula Schltr.,Pterichis,tomentosula Schltr.,,,,2025-09-07 07:10:52.681947,2025-09-07 07:10:52.68195
7752,Pterichis triangularilabia Kolan. & Szlach.,Pterichis,triangularilabia Kolan.,,,,2025-09-07 07:10:52.724678,2025-09-07 07:10:52.724681
7753,Pterichis triloba (Lindl.) Schltr.,Pterichis,triloba Lindl.,,,,2025-09-07 07:10:52.766712,2025-09-07 07:10:52.766714
7754,Pterichis tunguraguona Rchb.f. ex Szlach. & Kolan.,Pterichis,tunguraguona Rchb.f.,,,,2025-09-07 07:10:52.808736,2025-09-07 07:10:52.808738
7755,Pterichis vasquezii Kolan.,Pterichis,vasquezii Kolan.,,,,2025-09-07 07:10:52.850985,2025-09-07 07:10:52.850987
7756,Pterichis weberbaueriana Kraenzl.,Pterichis,weberbaueriana Kraenzl.,,,,2025-09-07 07:10:52.892946,2025-09-07 07:10:52.892948
7757,Pterichis yungasensis Schltr.,Pterichis,yungasensis Schltr.,,,,2025-09-07 07:10:52.934735,2025-09-07 07:10:52.934736
7758,Cranichis Sw.,Cranichis,Sw.,,,,2025-09-07 07:10:52.976523,2025-09-07 07:10:52.976525
7759,Cranichis acuminatissima Ames & C. Schweinf.,Cranichis,acuminatissima Ames,,,,2025-09-07 07:10:53.01899,2025-09-07 07:10:53.018993
7760,Cranichis amplectens Dod,Cranichis,amplectens Dod,,,,2025-09-07 07:10:53.061352,2025-09-07 07:10:53.061355
7761,Cranichis antioquiensis Schltr.,Cranichis,antioquiensis Schltr.,,,,2025-09-07 07:10:53.103393,2025-09-07 07:10:53.103395
7762,Cranichis apiculata Lindl.,Cranichis,apiculata Lindl.,,,,2025-09-07 07:10:53.145441,2025-09-07 07:10:53.145443
7763,Cranichis atrata Schltr.,Cranichis,atrata Schltr.,,,,2025-09-07 07:10:53.187499,2025-09-07 07:10:53.1875
7764,Cranichis badia Renz ex Kolan. & Szlach.,Cranichis,badia Renz,,,,2025-09-07 07:10:53.229583,2025-09-07 07:10:53.229585
7765,Cranichis barkleyi Szlach. & Kolan.,Cranichis,barkleyi Szlach.,,,,2025-09-07 07:10:53.271372,2025-09-07 07:10:53.271374
7766,Cranichis beckii Kolan.,Cranichis,beckii Kolan.,,,,2025-09-07 07:10:53.313649,2025-09-07 07:10:53.313652
7767,Cranichis brachyblephara Schltr.,Cranichis,brachyblephara Schltr.,,,,2025-09-07 07:10:53.355871,2025-09-07 07:10:53.355874
7768,Cranichis brevirostris Renz ex Kolan. & Szlach.,Cranichis,brevirostris Renz,,,,2025-09-07 07:10:53.398014,2025-09-07 07:10:53.398017
7769,Cranichis callejasii Szlach. & Kolan.,Cranichis,callejasii Szlach.,,,,2025-09-07 07:10:53.440372,2025-09-07 07:10:53.440375
7770,Cranichis callifera Garay,Cranichis,callifera Garay,,,,2025-09-07 07:10:53.482396,2025-09-07 07:10:53.482399
7771,Cranichis calva (Kraenzl.) Schltr.,Cranichis,calva Kraenzl.,,,,2025-09-07 07:10:53.524415,2025-09-07 07:10:53.524419
7772,Cranichis candida (Barb. Rodr.) Cogn.,Cranichis,candida Barb.,,,,2025-09-07 07:10:53.56692,2025-09-07 07:10:53.566923
7773,Cranichis carlos-parrae Szlach. & Kolan.,Cranichis,carlos-parrae Szlach.,,,,2025-09-07 07:10:53.608906,2025-09-07 07:10:53.608909
7774,Cranichis castellanosii L. O. Williams,Cranichis,castellanosii L.,,,,2025-09-07 07:10:53.650965,2025-09-07 07:10:53.650969
7775,Cranichis chiapasensis Beutelsp. & R. García Mart.,Cranichis,chiapasensis Beutelsp.,,,,2025-09-07 07:10:53.693443,2025-09-07 07:10:53.693447
7776,Cranichis ciliata (Kunth) Kunth,Cranichis,ciliata Kunth,,,,2025-09-07 07:10:53.735827,2025-09-07 07:10:53.735831
7777,Cranichis ciliilabia C. Schweinf.,Cranichis,ciliilabia C.,,,,2025-09-07 07:10:53.777768,2025-09-07 07:10:53.777771
7778,Cranichis cochleata Dressler,Cranichis,cochleata Dressler,,,,2025-09-07 07:10:53.81938,2025-09-07 07:10:53.819382
7779,Cranichis crenatifolia Kolan. & Szlach.,Cranichis,crenatifolia Kolan.,,,,2025-09-07 07:10:53.861241,2025-09-07 07:10:53.861244
7780,Cranichis cristalinensis Szlach. & Kolan.,Cranichis,cristalinensis Szlach.,,,,2025-09-07 07:10:53.902803,2025-09-07 07:10:53.902806
7781,Cranichis crumenifera Garay,Cranichis,crumenifera Garay,,,,2025-09-07 07:10:53.944364,2025-09-07 07:10:53.944366
7782,Cranichis cucullata Schltr.,Cranichis,cucullata Schltr.,,,,2025-09-07 07:10:53.986005,2025-09-07 07:10:53.986008
7783,Cranichis cylindrostachys Schltr.,Cranichis,cylindrostachys Schltr.,,,,2025-09-07 07:10:54.027887,2025-09-07 07:10:54.027889
7784,Cranichis diphylla Sw.,Cranichis,diphylla Sw.,,,,2025-09-07 07:10:54.069993,2025-09-07 07:10:54.069996
7785,Cranichis elliptica Schltr.,Cranichis,elliptica Schltr.,,,,2025-09-07 07:10:54.112876,2025-09-07 07:10:54.112879
7786,Cranichis engelii Rchb.f.,Cranichis,engelii Rchb.f.,,,,2025-09-07 07:10:54.154754,2025-09-07 07:10:54.154756
7787,Cranichis fendleri Schltr.,Cranichis,fendleri Schltr.,,,,2025-09-07 07:10:54.19848,2025-09-07 07:10:54.198483
7788,Cranichis foliosa Lindl.,Cranichis,foliosa Lindl.,,,,2025-09-07 07:10:54.240745,2025-09-07 07:10:54.240748
7789,Cranichis galatea Dod,Cranichis,galatea Dod,,,,2025-09-07 07:10:54.282728,2025-09-07 07:10:54.28273
7790,Cranichis garayana Dodson & R. Vásquez,Cranichis,garayana Dodson,,,,2025-09-07 07:10:54.324706,2025-09-07 07:10:54.324709
7791,Cranichis georginae R. González & Lizb. Hern.,Cranichis,georginae R.,,,,2025-09-07 07:10:54.36693,2025-09-07 07:10:54.366933
7792,Cranichis gibbosa Lindl.,Cranichis,gibbosa Lindl.,,,,2025-09-07 07:10:54.409047,2025-09-07 07:10:54.409051
7793,Cranichis glabricaulis Hoehne,Cranichis,glabricaulis Hoehne,,,,2025-09-07 07:10:54.451245,2025-09-07 07:10:54.451248
7794,Cranichis glandulosa A. Rich. & Galeotti,Cranichis,glandulosa A.,,,,2025-09-07 07:10:54.493498,2025-09-07 07:10:54.493501
7795,Cranichis gracilis L. O. Williams,Cranichis,gracilis L.,,,,2025-09-07 07:10:54.536451,2025-09-07 07:10:54.536453
7796,Cranichis hassleri Cogn.,Cranichis,hassleri Cogn.,,,,2025-09-07 07:10:54.586906,2025-09-07 07:10:54.58691
7797,Cranichis hieroglyphica Ames & Correll,Cranichis,hieroglyphica Ames,,,,2025-09-07 07:10:54.629614,2025-09-07 07:10:54.629616
7798,Cranichis juajibioyi Szlach. & Kolan.,Cranichis,juajibioyi Szlach.,,,,2025-09-07 07:10:54.672176,2025-09-07 07:10:54.672179
7799,Cranichis killipii Szlach. & Kolan.,Cranichis,killipii Szlach.,,,,2025-09-07 07:10:54.714623,2025-09-07 07:10:54.714626
7800,Cranichis lankesteri Ames,Cranichis,lankesteri Ames,,,,2025-09-07 07:10:54.758776,2025-09-07 07:10:54.758779
7801,Cranichis lehmanniana (Kraenzl.) L. O. Williams,Cranichis,lehmanniana Kraenzl.,,,,2025-09-07 07:10:54.803127,2025-09-07 07:10:54.80313
7802,Cranichis lehmannii Rchb.f.,Cranichis,lehmannii Rchb.f.,,,,2025-09-07 07:10:54.84547,2025-09-07 07:10:54.845473
7803,Cranichis lichenophila D. Weber,Cranichis,lichenophila D.,,,,2025-09-07 07:10:54.887344,2025-09-07 07:10:54.887346
7804,Cranichis longipetiolata C. Schweinf.,Cranichis,longipetiolata C.,,,,2025-09-07 07:10:54.92937,2025-09-07 07:10:54.929371
7805,Cranichis macroblepharis Rchb.f.,Cranichis,macroblepharis Rchb.f.,,,,2025-09-07 07:10:54.971622,2025-09-07 07:10:54.971624
7806,Cranichis maldonadoana Kolan.,Cranichis,maldonadoana Kolan.,,,,2025-09-07 07:10:55.013452,2025-09-07 07:10:55.013454
7807,Cranichis mandonii Schltr.,Cranichis,mandonii Schltr.,,,,2025-09-07 07:10:55.055256,2025-09-07 07:10:55.055259
7808,Cranichis monophylla Lindl.,Cranichis,monophylla Lindl.,,,,2025-09-07 07:10:55.097336,2025-09-07 07:10:55.097339
7809,Cranichis muscosa Sw.,Cranichis,muscosa Sw.,,,,2025-09-07 07:10:55.143665,2025-09-07 07:10:55.143668
7810,Cranichis neglecta Szlach. & Kolan.,Cranichis,neglecta Szlach.,,,,2025-09-07 07:10:55.185761,2025-09-07 07:10:55.185764
7811,Cranichis nigrescens Schltr.,Cranichis,nigrescens Schltr.,,,,2025-09-07 07:10:55.228464,2025-09-07 07:10:55.228467
7812,Cranichis notata Dressler,Cranichis,notata Dressler,,,,2025-09-07 07:10:55.270291,2025-09-07 07:10:55.270294
7813,Cranichis nudilabia Pabst,Cranichis,nudilabia Pabst,,,,2025-09-07 07:10:55.312571,2025-09-07 07:10:55.312574
7814,Cranichis ovatilabia Schltr.,Cranichis,ovatilabia Schltr.,,,,2025-09-07 07:10:55.354419,2025-09-07 07:10:55.354422
7815,Cranichis parvula Renz,Cranichis,parvula Renz,,,,2025-09-07 07:10:55.396342,2025-09-07 07:10:55.396345
7816,Cranichis pennellii Szlach. & Kolan.,Cranichis,pennellii Szlach.,,,,2025-09-07 07:10:55.438742,2025-09-07 07:10:55.438745
7817,Cranichis perezii R. González & Lizb. Hern.,Cranichis,perezii R.,,,,2025-09-07 07:10:55.480531,2025-09-07 07:10:55.480533
7818,Cranichis picta Rchb.f.,Cranichis,picta Rchb.f.,,,,2025-09-07 07:10:55.52252,2025-09-07 07:10:55.522522
7819,Cranichis pleioneura Schltr.,Cranichis,pleioneura Schltr.,,,,2025-09-07 07:10:55.564674,2025-09-07 07:10:55.564678
7820,Cranichis polyantha Schltr.,Cranichis,polyantha Schltr.,,,,2025-09-07 07:10:55.606814,2025-09-07 07:10:55.606817
7821,Cranichis polyblephara Schltr.,Cranichis,polyblephara Schltr.,,,,2025-09-07 07:10:55.648773,2025-09-07 07:10:55.648776
7822,Cranichis popayanensis Szlach. & Kolan.,Cranichis,popayanensis Szlach.,,,,2025-09-07 07:10:55.691257,2025-09-07 07:10:55.691261
7823,Cranichis pseudomuscosa Szlach. & Kolan.,Cranichis,pseudomuscosa Szlach.,,,,2025-09-07 07:10:55.733949,2025-09-07 07:10:55.733951
7824,Cranichis pulvinifera Garay,Cranichis,pulvinifera Garay,,,,2025-09-07 07:10:55.786489,2025-09-07 07:10:55.786492
7825,Cranichis queremalensis Szlach. & Kolan.,Cranichis,queremalensis Szlach.,,,,2025-09-07 07:10:55.82997,2025-09-07 07:10:55.829974
7826,Cranichis reticulata Rchb.f.,Cranichis,reticulata Rchb.f.,,,,2025-09-07 07:10:55.874412,2025-09-07 07:10:55.874415
7827,Cranichis revoluta Hamer & Garay,Cranichis,revoluta Hamer,,,,2025-09-07 07:10:55.916694,2025-09-07 07:10:55.916697
7828,Cranichis ricartii Ackerman,Cranichis,ricartii Ackerman,,,,2025-09-07 07:10:55.958602,2025-09-07 07:10:55.958603
7829,Cranichis roldanii Szlach. & Kolan.,Cranichis,roldanii Szlach.,,,,2025-09-07 07:10:56.000344,2025-09-07 07:10:56.000345
7830,Cranichis rotundifolia Szlach. & Kolan.,Cranichis,rotundifolia Szlach.,,,,2025-09-07 07:10:56.042674,2025-09-07 07:10:56.042676
7831,Cranichis saccata Ames,Cranichis,saccata Ames,,,,2025-09-07 07:10:56.084717,2025-09-07 07:10:56.084719
7832,Cranichis schlechteri Szlach. & Kolan.,Cranichis,schlechteri Szlach.,,,,2025-09-07 07:10:56.126611,2025-09-07 07:10:56.126613
7833,Cranichis schlimii Rchb.f.,Cranichis,schlimii Rchb.f.,,,,2025-09-07 07:10:56.168771,2025-09-07 07:10:56.168774
7834,Cranichis schultesii Szlach. & Kolan.,Cranichis,schultesii Szlach.,,,,2025-09-07 07:10:56.21116,2025-09-07 07:10:56.211163
7835,Cranichis scripta Kraenzl.,Cranichis,scripta Kraenzl.,,,,2025-09-07 07:10:56.25317,2025-09-07 07:10:56.253172
7836,Cranichis silvicola Renz ex Kolan. & Szlach.,Cranichis,silvicola Renz,,,,2025-09-07 07:10:56.295103,2025-09-07 07:10:56.295106
7837,Cranichis sparrei Garay,Cranichis,sparrei Garay,,,,2025-09-07 07:10:56.337121,2025-09-07 07:10:56.337123
7838,Cranichis stictophylla Schltr.,Cranichis,stictophylla Schltr.,,,,2025-09-07 07:10:56.379046,2025-09-07 07:10:56.379048
7839,Cranichis subumbellata A. Rich. & Galeotti,Cranichis,subumbellata A.,,,,2025-09-07 07:10:56.422411,2025-09-07 07:10:56.422414
7840,Cranichis sylvatica A. Rich. & Galeotti,Cranichis,sylvatica A.,,,,2025-09-07 07:10:56.464412,2025-09-07 07:10:56.464415
7841,Cranichis talamancana Dressler,Cranichis,talamancana Dressler,,,,2025-09-07 07:10:56.506557,2025-09-07 07:10:56.506559
7842,Cranichis tenuis Rchb.f.,Cranichis,tenuis Rchb.f.,,,,2025-09-07 07:10:56.548579,2025-09-07 07:10:56.548582
7843,Cranichis tolimanensis R. González & Lizb. Hern.,Cranichis,tolimanensis R.,,,,2025-09-07 07:10:56.590514,2025-09-07 07:10:56.590517
7844,Cranichis tovariana R. González & Lizb. Hern.,Cranichis,tovariana R.,,,,2025-09-07 07:10:56.632796,2025-09-07 07:10:56.632799
7845,Cranichis turkeliae Christenson,Cranichis,turkeliae Christenson,,,,2025-09-07 07:10:56.675129,2025-09-07 07:10:56.675132
7846,Cranichis viereckii Ames,Cranichis,viereckii Ames,,,,2025-09-07 07:10:56.726065,2025-09-07 07:10:56.726069
7847,Cranichis wageneri Rchb.f.,Cranichis,wageneri Rchb.f.,,,,2025-09-07 07:10:56.768522,2025-09-07 07:10:56.768525
7848,Cranichis werffii Garay,Cranichis,werffii Garay,,,,2025-09-07 07:10:56.810567,2025-09-07 07:10:56.810569
7849,Cranichis zarucchii Szlach. & Kolan.,Cranichis,zarucchii Szlach.,,,,2025-09-07 07:10:56.852681,2025-09-07 07:10:56.852684
7850,Fuertesiella Schltr.,Fuertesiella,Schltr.,,,,2025-09-07 07:10:56.895157,2025-09-07 07:10:56.89516
7851,Fuertesiella pterichoides Schltr.,Fuertesiella,pterichoides Schltr.,,,,2025-09-07 07:10:56.93943,2025-09-07 07:10:56.939433
7852,Altensteinia Kunth,Altensteinia,Kunth,,,,2025-09-07 07:10:56.981935,2025-09-07 07:10:56.981938
7853,Altensteinia citrina Garay,Altensteinia,citrina Garay,,,,2025-09-07 07:10:57.023926,2025-09-07 07:10:57.023928
7854,Altensteinia cundinamarcae S. Nowak,Altensteinia,cundinamarcae S.,,,,2025-09-07 07:10:57.066009,2025-09-07 07:10:57.066011
7855,Altensteinia elliptica C. Schweinf.,Altensteinia,elliptica C.,,,,2025-09-07 07:10:57.107974,2025-09-07 07:10:57.107976
7856,Altensteinia fimbriata Kunth,Altensteinia,fimbriata Kunth,,,,2025-09-07 07:10:57.153674,2025-09-07 07:10:57.153677
7857,Altensteinia longispicata C. Schweinf.,Altensteinia,longispicata C.,,,,2025-09-07 07:10:57.196,2025-09-07 07:10:57.196004
7858,Altensteinia marginata Rchb.f.,Altensteinia,marginata Rchb.f.,,,,2025-09-07 07:10:57.238399,2025-09-07 07:10:57.238402
7859,Altensteinia virescens Lindl.,Altensteinia,virescens Lindl.,,,,2025-09-07 07:10:57.280943,2025-09-07 07:10:57.280946
7860,Myrosmodes Rchb.f.,Myrosmodes,Rchb.f.,,,,2025-09-07 07:10:57.323004,2025-09-07 07:10:57.323007
7861,Myrosmodes brevis (Schltr.) Garay,Myrosmodes,brevis Schltr.,,,,2025-09-07 07:10:57.366759,2025-09-07 07:10:57.366761
7862,Myrosmodes chiogena (Schltr.) C. A. Vargas,Myrosmodes,chiogena Schltr.,,,,2025-09-07 07:10:57.409057,2025-09-07 07:10:57.40906
7863,Myrosmodes cleefii Szlach.,Myrosmodes,cleefii Szlach.,,,,2025-09-07 07:10:57.450781,2025-09-07 07:10:57.450782
7864,Myrosmodes cochlearis Garay,Myrosmodes,cochlearis Garay,,,,2025-09-07 07:10:57.492826,2025-09-07 07:10:57.492828
7865,Myrosmodes filamentosum (Mansf.) Garay,Myrosmodes,filamentosum Mansf.,,,,2025-09-07 07:10:57.535175,2025-09-07 07:10:57.535178
7866,Myrosmodes gymnandra (Rchb.f.) C. A. Vargas,Myrosmodes,gymnandra Rchb.f.,,,,2025-09-07 07:10:57.577168,2025-09-07 07:10:57.57717
7867,Myrosmodes nervosa (Kraenzl.) Novoa,Myrosmodes,nervosa Kraenzl.,,,,2025-09-07 07:10:57.618946,2025-09-07 07:10:57.618949
7868,Myrosmodes noemiae Monsalvo,Myrosmodes,noemiae Monsalvo,,,,2025-09-07 07:10:57.661756,2025-09-07 07:10:57.661759
7869,Myrosmodes nubigena Rchb.f.,Myrosmodes,nubigena Rchb.f.,,,,2025-09-07 07:10:57.703774,2025-09-07 07:10:57.703777
7870,Myrosmodes paludosa (Rchb.f.) C. A. Vargas,Myrosmodes,paludosa Rchb.f.,,,,2025-09-07 07:10:57.74589,2025-09-07 07:10:57.745893
7871,Myrosmodes reticulata Szlach.,Myrosmodes,reticulata Szlach.,,,,2025-09-07 07:10:57.788371,2025-09-07 07:10:57.788374
7872,Myrosmodes rhynchocarpa (Schltr.) Garay,Myrosmodes,rhynchocarpa Schltr.,,,,2025-09-07 07:10:57.833438,2025-09-07 07:10:57.833441
7873,Myrosmodes rostratum (Rchb.f.) Garay,Myrosmodes,rostratum Rchb.f.,,,,2025-09-07 07:10:57.875396,2025-09-07 07:10:57.875399
7874,Myrosmodes subnivalis Szlach.,Myrosmodes,subnivalis Szlach.,,,,2025-09-07 07:10:57.917515,2025-09-07 07:10:57.917518
7875,Myrosmodes ustulatum (Schltr.) Garay,Myrosmodes,ustulatum Schltr.,,,,2025-09-07 07:10:57.959477,2025-09-07 07:10:57.95948
7876,Cotylolabium Garay,Cotylolabium,Garay,,,,2025-09-07 07:10:58.002297,2025-09-07 07:10:58.002301
7877,Cotylolabium lutzii (Pabst) Garay,Cotylolabium,lutzii Pabst,,,,2025-09-07 07:10:58.044853,2025-09-07 07:10:58.044857
7878,Stenorrhynchos Rich.,Stenorrhynchos,Rich.,,,,2025-09-07 07:10:58.087232,2025-09-07 07:10:58.087234
7879,Stenorrhynchos aurantiacum (Lex.) Lindl.,Stenorrhynchos,aurantiacum Lex.,,,,2025-09-07 07:10:58.130523,2025-09-07 07:10:58.130525
7880,Stenorrhynchos austrocompactum Christenson,Stenorrhynchos,austrocompactum Christenson,,,,2025-09-07 07:10:58.172402,2025-09-07 07:10:58.172404
7881,Stenorrhynchos glicensteinii Christenson,Stenorrhynchos,glicensteinii Christenson,,,,2025-09-07 07:10:58.214355,2025-09-07 07:10:58.214356
7882,Stenorrhynchos michuacanus (Lex.) Lindl.,Stenorrhynchos,michuacanus Lex.,,,,2025-09-07 07:10:58.256583,2025-09-07 07:10:58.256585
7883,Stenorrhynchos pubens (A. Rich. & Galeotti) Schltr.,Stenorrhynchos,pubens A.,,,,2025-09-07 07:10:58.299655,2025-09-07 07:10:58.299658
7884,Stenorrhynchos speciosum (Jacq.) Rich.,Stenorrhynchos,speciosum Jacq.,,,,2025-09-07 07:10:58.342058,2025-09-07 07:10:58.342061
7885,Stenorrhynchos speciosum (Jacq.) Rich. var. albidomaculatum (Christenson) Szlach. & Kolan.,Stenorrhynchos,speciosum Jacq.,,,,2025-09-07 07:10:58.384003,2025-09-07 07:10:58.384005
7886,Stenorrhynchos vaginatum (Kunth) Spreng.,Stenorrhynchos,vaginatum Kunth,,,,2025-09-07 07:10:58.426126,2025-09-07 07:10:58.426127
7887,Eltroplectris Raf.,Eltroplectris,Raf.,,,,2025-09-07 07:10:58.468118,2025-09-07 07:10:58.46812
7888,Eltroplectris assumpcaoana Campacci & Kautsky,Eltroplectris,assumpcaoana Campacci,,,,2025-09-07 07:10:58.510318,2025-09-07 07:10:58.510321
7889,Eltroplectris brachycentron Szlach.,Eltroplectris,brachycentron Szlach.,,,,2025-09-07 07:10:58.55251,2025-09-07 07:10:58.552512
7890,Eltroplectris calcarata (Sw.) Garay & H. R. Sweet,Eltroplectris,calcarata Sw.,,,,2025-09-07 07:10:58.594638,2025-09-07 07:10:58.594641
7891,Eltroplectris cogniauxiana (Schltr.) Pabst,Eltroplectris,cogniauxiana Schltr.,,,,2025-09-07 07:10:58.639177,2025-09-07 07:10:58.63918
7892,Eltroplectris dalessandroi Dodson,Eltroplectris,dalessandroi Dodson,,,,2025-09-07 07:10:58.681172,2025-09-07 07:10:58.681175
7893,Eltroplectris janeirensis (Porto & Brade) Pabst,Eltroplectris,janeirensis Porto,,,,2025-09-07 07:10:58.72341,2025-09-07 07:10:58.723413
7894,Eltroplectris jelskiana Szlach.,Eltroplectris,jelskiana Szlach.,,,,2025-09-07 07:10:58.765707,2025-09-07 07:10:58.76571
7895,Eltroplectris kuhlmanniana (Hoehne) Szlach. & Rutk.,Eltroplectris,kuhlmanniana Hoehne,,,,2025-09-07 07:10:58.807988,2025-09-07 07:10:58.807991
7896,Eltroplectris longicornu (Cogn.) Pabst,Eltroplectris,longicornu Cogn.,,,,2025-09-07 07:10:58.851464,2025-09-07 07:10:58.851467
7897,Eltroplectris macrophylla (Schltr.) Pabst,Eltroplectris,macrophylla Schltr.,,,,2025-09-07 07:10:58.894427,2025-09-07 07:10:58.89443
7898,Eltroplectris misera (Kraenzl.) Szlach.,Eltroplectris,misera Kraenzl.,,,,2025-09-07 07:10:58.936562,2025-09-07 07:10:58.936565
7899,Eltroplectris ortiziana (Szlach.,Eltroplectris,ortiziana Szlach.,,,,2025-09-07 07:10:58.978613,2025-09-07 07:10:58.978615
7900,Eltroplectris paranaensis Engels & E. C. Smidt,Eltroplectris,paranaensis Engels,,,,2025-09-07 07:10:59.021182,2025-09-07 07:10:59.021185
7901,Eltroplectris pauciflora (Poepp. & Endl.) Garay,Eltroplectris,pauciflora Poepp.,,,,2025-09-07 07:10:59.063618,2025-09-07 07:10:59.063621
7902,Eltroplectris rossii Dodson & G. A. Romero,Eltroplectris,rossii Dodson,,,,2025-09-07 07:10:59.112513,2025-09-07 07:10:59.112516
7904,Cattleya labiata,Cattleya,labiata,Lindl.,,"Christmas Orchid, Queen of the Orchids",2025-09-24 17:29:00.562905,2025-09-24 17:29:00.562905
7905,Cattleya aurantiaca,Cattleya,aurantiaca,(Bateman ex Lindl.) P.N.Don,,Orange Cattleya,2025-09-24 17:29:00.562905,2025-09-24 17:29:00.562905
7906,Cattleya bicolor,Cattleya,bicolor,Lindl.,,Bicolored Cattleya,2025-09-24 17:29:00.562905,2025-09-24 17:29:00.562905
7907,Cattleya intermedia,Cattleya,intermedia,Graham,,Intermediate Cattleya,2025-09-24 17:29:00.562905,2025-09-24 17:29:00.562905
7908,Cattleya species,Cattleya,species,"",,Cattleya species,2025-09-24 17:29:00.562905,2025-09-24 17:29:00.562905
7909,Laelia anceps,Laelia,anceps,Lindl.,,Two-edged Laelia,2025-09-24 17:29:00.562905,2025-09-24 17:29:00.562905
7910,Laelia purpurata,Laelia,purpurata,Lindl.,,Purple Laelia,2025-09-24 17:29:00.562905,2025-09-24 17:29:00.562905
7911,Laelia species,Laelia,species,"",,Laelia species,2025-09-24 17:29:00.562905,2025-09-24 17:29:00.562905
7912,Dendrobium nobile,Dendrobium,nobile,Lindl.,,Noble Dendrobium,2025-09-24 17:29:00.562905,2025-09-24 17:29:00.562905
7913,Dendrobium bigibbum,Dendrobium,bigibbum,Lindl.,,Cooktown Orchid,2025-09-24 17:29:00.562905,2025-09-24 17:29:00.562905
7914,Dendrobium species,Dendrobium,species,"",,Dendrobium species,2025-09-24 17:29:00.562905,2025-09-24 17:29:00.562905
7915,Phalaenopsis amabilis,Phalaenopsis,amabilis,(L.) Blume,,Moon Orchid,2025-09-24 17:29:00.562905,2025-09-24 17:29:00.562905
7916,Phalaenopsis stuartiana,Phalaenopsis,stuartiana,Rchb.f.,,Stuarts Phalaenopsis,2025-09-24 17:29:00.562905,2025-09-24 17:29:00.562905
7917,Phalaenopsis species,Phalaenopsis,species,"",,Phalaenopsis species,2025-09-24 17:29:00.562905,2025-09-24 17:29:00.562905
7918,Oncidium flexuosum,Oncidium,flexuosum,Sims,,Dancing Lady Orchid,2025-09-24 17:29:00.562905,2025-09-24 17:29:00.562905
7919,Oncidium species,Oncidium,species,"",,Oncidium species,2025-09-24 17:29:00.562905,2025-09-24 17:29:00.562905
7920,Epidendrum nocturnum,Epidendrum,nocturnum,Jacq.,,Night-blooming Epidendrum,2025-09-24 17:29:00.562905,2025-09-24 17:29:00.562905
7921,Epidendrum species,Epidendrum,species,"",,Epidendrum species,2025-09-24 17:29:00.562905,2025-09-24 17:29:00.562905
7922,Bulbophyllum lobbii,Bulbophyllum,lobbii,Lindl.,,Lobbs Bulbophyllum,2025-09-24 17:29:00.562905,2025-09-24 17:29:00.562905
7923,Bulbophyllum species,Bulbophyllum,species,"",,Bulbophyllum species,2025-09-24 17:29:00.562905,2025-09-24 17:29:00.562905
7924,Cymbidium goeringii,Cymbidium,goeringii,(Rchb.f.) Rchb.f.,,Noble Cymbidium,2025-09-24 17:29:00.562905,2025-09-24 17:29:00.562905
7925,Cymbidium species,Cymbidium,species,"",,Cymbidium species,2025-09-24 17:29:00.562905,2025-09-24 17:29:00.562905
7926,Angraecum sesquipedale,Angraecum,sesquipedale,Thouars,,Christmas Star Orchid,2025-09-24 17:29:00.562905,2025-09-24 17:29:00.562905
7927,Angraecum species,Angraecum,species,"",,Angraecum species,2025-09-24 17:29:00.562905,2025-09-24 17:29:00.562905
7928,Potinara hybrid,Potinara,hybrid,"",,Potinara hybrid (Brassavola × Cattleya × Laelia × Sophronitis),2025-09-24 17:29:15.250069,2025-09-24 17:29:15.250069
7929,Trichocentrum species,Trichocentrum,species,"",,Trichocentrum species,2025-09-24 17:29:15.250069,2025-09-24 17:29:15.250069
7930,Iwanagaara hybrid,Iwanagaara,hybrid,"",,Iwanagaara hybrid,2025-09-24 17:29:15.250069,2025-09-24 17:29:15.250069
7931,Brassavola nodosa,Brassavola,nodosa,(L.) Lindl.,,Lady of the Night Orchid,2025-09-24 17:29:15.250069,2025-09-24 17:29:15.250069
7932,Brassavola species,Brassavola,species,"",,Brassavola species,2025-09-24 17:29:15.250069,2025-09-24 17:29:15.250069
7933,Aerangis biloba,Aerangis,biloba,(Lindl.) Schltr.,,Two-lobed Aerangis,2025-09-24 17:29:15.250069,2025-09-24 17:29:15.250069
7934,Aerangis species,Aerangis,species,"",,Aerangis species,2025-09-24 17:29:15.250069,2025-09-24 17:29:15.250069
7935,Intergeneric hybrid,Intergeneric,hybrid,"",,Intergeneric orchid hybrid,2025-09-24 17:29:15.250069,2025-09-24 17:29:15.250069
7936,Brassolaeliocattleya hybrid,Brassolaeliocattleya,hybrid,"",,BLC hybrid (Brassavola × Laelia × Cattleya),2025-09-24 17:29:15.250069,2025-09-24 17:29:15.250069
7937,Laeliocattleya hybrid,Laeliocattleya,hybrid,"",,LC hybrid (Laelia × Cattleya),2025-09-24 17:29:15.250069,2025-09-24 17:29:15.250069
7938,Sophrolaeliocattleya hybrid,Sophrolaeliocattleya,hybrid,"",,SLC hybrid (Sophronitis × Laelia × Cattleya),2025-09-24 17:29:15.250069,2025-09-24 17:29:15.250069
7939,Rhyncholaeliocattleya hybrid,Rhyncholaeliocattleya,hybrid,"",,RLC hybrid (Rhynchostele × Laelia × Cattleya),2025-09-24 17:29:15.250069,2025-09-24 17:29:15.250069
7940,Encyclia cochleata,Encyclia,cochleata,(L.) Dressler,,Cockleshell Orchid,2025-09-24 17:29:15.250069,2025-09-24 17:29:15.250069
7941,Encyclia species,Encyclia,species,"",,Encyclia species,2025-09-24 17:29:15.250069,2025-09-24 17:29:15.250069
7942,Prosthechea cochleata,Prosthechea,cochleata,(L.) W.E.Higgins,,Clamshell Orchid,2025-09-24 17:29:15.250069,2025-09-24 17:29:15.250069
7943,Prosthechea species,Prosthechea,species,"",,Prosthechea species,2025-09-24 17:29:15.250069,2025-09-24 17:29:15.250069
7944,Maxillaria variabilis,Maxillaria,variabilis,Bateman ex Lindl.,,Variable Maxillaria,2025-09-24 17:30:29.457382,2025-09-24 17:30:29.457382
7945,Maxillaria species,Maxillaria,species,"",,Maxillaria species,2025-09-24 17:30:29.457382,2025-09-24 17:30:29.457382
7946,Coelogyne cristata,Coelogyne,cristata,Lindl.,,Crested Coelogyne,2025-09-24 17:30:29.457382,2025-09-24 17:30:29.457382
7947,Coelogyne species,Coelogyne,species,"",,Coelogyne species,2025-09-24 17:30:29.457382,2025-09-24 17:30:29.457382
7948,Masdevallia veitchiana,Masdevallia,veitchiana,Rchb.f.,,Veitch Masdevallia,2025-09-24 17:30:29.457382,2025-09-24 17:30:29.457382
7949,Masdevallia species,Masdevallia,species,"",,Masdevallia species,2025-09-24 17:30:29.457382,2025-09-24 17:30:29.457382
7950,Lycaste skinneri,Lycaste,skinneri,(Bateman ex Lindl.) Lindl.,,Skinner Lycaste,2025-09-24 17:30:29.457382,2025-09-24 17:30:29.457382
7951,Lycaste species,Lycaste,species,"",,Lycaste species,2025-09-24 17:30:29.457382,2025-09-24 17:30:29.457382
7952,Dracula vampira,Dracula,vampira,(Luer) Luer,,Vampire Dracula,2025-09-24 17:30:29.457382,2025-09-24 17:30:29.457382
7953,Dracula species,Dracula,species,"",,Dracula species,2025-09-24 17:30:29.457382,2025-09-24 17:30:29.457382
7954,Sophronitella violacea,Sophronitella,violacea,(Lindl.) Schltr.,,Violet Sophronitella,2025-09-24 17:30:29.457382,2025-09-24 17:30:29.457382
7955,Sophronitella species,Sophronitella,species,"",,Sophronitella species,2025-09-24 17:30:29.457382,2025-09-24 17:30:29.457382
7956,Sarcochilus falcatus,Sarcochilus,falcatus,R.Br.,,Orange Blossom Orchid,2025-09-24 17:30:29.457382,2025-09-24 17:30:29.457382
7957,Sarcochilus species,Sarcochilus,species,"",,Sarcochilus species,2025-09-24 17:30:29.457382,2025-09-24 17:30:29.457382
7958,Pleione formosana,Pleione,formosana,Hayata,,Taiwan Pleione,2025-09-24 17:30:29.457382,2025-09-24 17:30:29.457382
7959,Pleione species,Pleione,species,"",,Pleione species,2025-09-24 17:30:29.457382,2025-09-24 17:30:29.457382
7960,Cycnoches warscewiczii,Cycnoches,warscewiczii,Rchb.f.,,Swan Orchid,2025-09-24 17:30:29.457382,2025-09-24 17:30:29.457382
7961,Cycnoches species,Cycnoches,species,"",,Cycnoches species,2025-09-24 17:30:29.457382,2025-09-24 17:30:29.457382
7962,Catasetum pileatum,Catasetum,pileatum,Rchb.f.,,Helmet Catasetum,2025-09-24 17:30:29.457382,2025-09-24 17:30:29.457382
7963,Catasetum species,Catasetum,species,"",,Catasetum species,2025-09-24 17:30:29.457382,2025-09-24 17:30:29.457382
7964,Vanda tricolor,Vanda,tricolor,Lindl.,,Three-colored Vanda,2025-09-24 17:30:29.457382,2025-09-24 17:30:29.457382
7965,Vanda species,Vanda,species,"",,Vanda species,2025-09-24 17:30:29.457382,2025-09-24 17:30:29.457382
