id,taxonomy_id,image_url,country,elevation_meters,observation_date,latitude,longitude,iucn_red_list_category,life_stage
1,522,https://inaturalist-open-data.s3.amazonaws.com/photos/495243144/original.jpeg,Malaysia,,2025-04-14 16:30:00,1.7573140,110.3205810,,
2,522,https://inaturalist-open-data.s3.amazonaws.com/photos/324104318/original.jpeg,Malaysia,,2023-09-30 13:50:00,2.0644150,103.5291950,,
3,526,https://inaturalist-open-data.s3.amazonaws.com/photos/478971433/original.jpeg,Malaysia,,2025-03-14 13:52:00,1.4719500,110.1034020,,
4,526,https://inaturalist-open-data.s3.amazonaws.com/photos/553348162/original.jpg,Singapore,,2025-08-06 10:46:10,1.2627730,103.7081320,,
5,526,https://inaturalist-open-data.s3.amazonaws.com/photos/244724870/original.jpg,China,,2022-11-24 08:48:04,22.5680850,114.1961350,,
6,526,https://inaturalist-open-data.s3.amazonaws.com/photos/242309944/original.jpg,Hong Kong,,2022-11-06 14:45:00,22.4896950,114.1839000,,
7,526,https://inaturalist-open-data.s3.amazonaws.com/photos/66042868/original.jpg,Malaysia,,2020-03-08 01:41:25,1.5991750,110.1906670,,
8,526,https://inaturalist-open-data.s3.amazonaws.com/photos/112635075/original.jpeg,Malaysia,,2014-03-02 12:52:00,4.9654710,118.1667000,,
9,525,https://inaturalist-open-data.s3.amazonaws.com/photos/465665459/original.jpeg,Australia,,2025-01-23 09:54:00,-17.0994300,145.7005270,,
10,525,https://inaturalist-open-data.s3.amazonaws.com/photos/468191824/original.jpg,Australia,,2025-02-05 09:56:53,-17.0645320,145.8468290,,
11,525,https://inaturalist-open-data.s3.amazonaws.com/photos/471972381/original.jpeg,Australia,,2025-02-21 11:21:00,-16.1447130,145.5717660,,
12,525,https://inaturalist-open-data.s3.amazonaws.com/photos/510519818/original.jpg,Australia,,2025-05-25 15:38:57,-17.3261270,145.8154570,,
13,525,https://inaturalist-open-data.s3.amazonaws.com/photos/348957855/original.jpg,Australia,,2024-01-31 13:40:02,-17.0796910,145.9299240,,
14,525,https://inaturalist-open-data.s3.amazonaws.com/photos/460564283/original.jpeg,Australia,,2024-12-31 09:01:31,-16.6103180,145.6299360,,
15,525,https://inaturalist-open-data.s3.amazonaws.com/photos/250166471/original.jpg,Australia,,2023-01-02 08:53:42,-16.7675580,145.7966310,,
16,525,https://inaturalist-open-data.s3.amazonaws.com/photos/253711485/original.jpeg,Australia,,2023-01-27 12:23:30,-18.4793510,146.1149440,,
17,525,https://inaturalist-open-data.s3.amazonaws.com/photos/279974274/original.jpeg,Australia,,2023-01-29 13:37:00,-17.1721680,145.9851230,,
18,525,https://inaturalist-open-data.s3.amazonaws.com/photos/263649743/original.jpg,Australia,,2023-02-10 17:27:00,-16.7489410,145.7479960,,
19,525,https://inaturalist-open-data.s3.amazonaws.com/photos/285785748/original.jpeg,Australia,,2023-05-23 13:10:00,-16.8228700,145.6740600,,
20,525,https://inaturalist-open-data.s3.amazonaws.com/photos/328461043/original.jpeg,Australia,,2023-10-14 14:45:34,-16.6039750,145.7873510,,
21,525,https://inaturalist-open-data.s3.amazonaws.com/photos/176873395/original.jpeg,Australia,,2022-01-23 13:23:35,-16.0404000,145.4829800,,
22,525,https://inaturalist-open-data.s3.amazonaws.com/photos/180637547/original.jpeg,Australia,,2022-02-25 15:02:00,-16.9794350,145.7069860,,
23,525,https://inaturalist-open-data.s3.amazonaws.com/photos/182968662/original.jpg,Australia,,2022-02-23 11:36:10,-16.8469290,145.7637220,,
24,525,https://inaturalist-open-data.s3.amazonaws.com/photos/181404322/original.jpeg,Australia,,2022-03-03 12:14:08,-16.8479800,145.6583890,,
25,525,https://inaturalist-open-data.s3.amazonaws.com/photos/217823319/original.jpeg,Australia,,2022-03-01 08:06:00,-16.9035640,145.7998800,,
26,525,https://inaturalist-open-data.s3.amazonaws.com/photos/316694796/original.jpeg,Indonesia,,2022-06-04 07:06:52,-0.5107020,112.4303920,,
27,525,https://inaturalist-open-data.s3.amazonaws.com/photos/253799753/original.jpeg,Australia,,2022-12-28 10:21:00,-16.9509380,145.6528500,,
28,525,https://inaturalist-open-data.s3.amazonaws.com/photos/138725378/original.jpg,Australia,,2021-01-15 10:41:00,-16.9216730,145.6360750,,
29,525,https://inaturalist-open-data.s3.amazonaws.com/photos/113550246/original.jpeg,Australia,,2021-02-21 10:32:00,-16.7004430,145.7082960,,
30,525,https://inaturalist-open-data.s3.amazonaws.com/photos/115017716/original.jpg,Australia,,2021-02-25 12:39:00,-17.0407290,145.7752100,,
31,525,https://inaturalist-open-data.s3.amazonaws.com/photos/168127482/original.jpg,Australia,,2021-02-16 09:56:00,-16.9919970,145.7697090,,
32,525,https://inaturalist-open-data.s3.amazonaws.com/photos/116741796/original.jpg,Australia,,2021-03-18 12:41:00,-17.1914600,145.6817060,,
1212,882,https://inaturalist-open-data.s3.amazonaws.com/photos/75991690/original.jpg,United States of America,,,45.6366900,-111.1806880,,
33,525,https://inaturalist-open-data.s3.amazonaws.com/photos/155294462/original.jpg,Australia,,2021-09-05 14:14:54,-17.0053850,145.9432940,,
34,525,https://inaturalist-open-data.s3.amazonaws.com/photos/64928886/original.jpeg,Australia,,2020-03-09 17:44:00,-16.8475940,145.6198970,,
35,525,https://inaturalist-open-data.s3.amazonaws.com/photos/65689539/original.jpeg,Australia,,2020-03-13 11:26:00,-16.9419560,145.6567080,,
36,525,https://inaturalist-open-data.s3.amazonaws.com/photos/71286691/original.jpeg,Australia,,2020-03-08 10:17:49,-16.8772870,145.6907610,,
37,525,https://inaturalist-open-data.s3.amazonaws.com/photos/86662403/original.jpeg,Australia,,2020-07-27 09:29:59,-17.1867920,145.6072900,,
38,525,https://inaturalist-open-data.s3.amazonaws.com/photos/256456153/original.jpg,Australia,,2019-01-13 10:59:39,-17.0443320,145.8051960,,
39,525,https://inaturalist-open-data.s3.amazonaws.com/photos/55829179/original.jpeg,Australia,,2019-02-19 00:00:00,-16.6071490,145.6611610,,
40,525,https://inaturalist-open-data.s3.amazonaws.com/photos/408748968/original.jpg,Malaysia,,2019-11-25 15:40:00,6.0422150,116.7024950,,
41,525,https://inaturalist-open-data.s3.amazonaws.com/photos/113449720/original.jpeg,Australia,,2015-02-15 17:46:00,-16.9566690,145.7751860,,
42,525,https://inaturalist-open-data.s3.amazonaws.com/photos/147059662/original.jpeg,Australia,,2015-02-06 00:47:00,-16.9298680,145.6935250,,
43,525,https://images.ala.org.au/image/proxyImageThumbnailLarge?imageId=7100d3d1-5eff-46cb-a087-1fb1c1a0436c,Australia,,2013-04-28 11:04:00,-16.9000000,145.7000000,,
44,525,https://inaturalist-open-data.s3.amazonaws.com/photos/14942408/original.jpeg,Australia,,2013-04-28 11:33:00,-16.8479260,145.7228850,,
45,525,https://inaturalist-open-data.s3.amazonaws.com/photos/108355800/original.jpg,Australia,,2009-02-10 12:36:00,-16.8582420,145.7336760,,
46,9268,https://inaturalist-open-data.s3.amazonaws.com/photos/232727438/original.jpeg,Thailand,,2022-09-18 11:02:00,19.3020300,97.9654370,,
47,9268,https://inaturalist-open-data.s3.amazonaws.com/photos/238257082/original.jpg,Thailand,,2022-10-12 19:40:00,16.7357670,101.5741280,,
48,9268,https://inaturalist-open-data.s3.amazonaws.com/photos/236956855/original.jpeg,Thailand,,2022-10-13 13:45:37,16.7348630,101.5739350,,
49,9303,https://inaturalist-open-data.s3.amazonaws.com/photos/428437157/original.jpeg,Brazil,,2024-03-18 10:43:35,-20.4417750,-45.8989330,,
50,9308,https://inaturalist-open-data.s3.amazonaws.com/photos/322058524/original.jpeg,,,2023-09-09 19:18:52,,,,
51,9308,https://inaturalist-open-data.s3.amazonaws.com/photos/324248147/original.jpg,Mexico,,2023-09-03 09:16:00,20.6499490,-104.0575650,,
52,9308,https://inaturalist-open-data.s3.amazonaws.com/photos/215611039/original.jpg,Mexico,,2022-07-16 14:39:00,23.6908330,-105.5888890,,
53,9308,https://inaturalist-open-data.s3.amazonaws.com/photos/148723876/original.jpeg,Mexico,,2021-08-04 11:19:52,19.7250510,-101.2778640,,
54,9308,https://inaturalist-open-data.s3.amazonaws.com/photos/84735674/original.jpeg,Mexico,,2020-07-14 15:31:40,23.2943110,-104.9687360,,
55,9308,https://inaturalist-open-data.s3.amazonaws.com/photos/92563552/original.jpeg,Mexico,,2020-08-25 11:47:00,19.4244860,-102.0714540,,
56,9308,https://inaturalist-open-data.s3.amazonaws.com/photos/92563559/original.jpeg,Mexico,,2020-08-25 11:48:00,19.4244860,-102.0714540,,
57,9308,https://inaturalist-open-data.s3.amazonaws.com/photos/51037218/original.jpeg,Mexico,,2019-08-30 00:00:00,19.5015720,-102.3103210,,
58,9308,https://inaturalist-open-data.s3.amazonaws.com/photos/171238523/original.jpg,Mexico,,2018-08-09 13:07:00,19.4244580,-102.0910420,,
59,9308,https://inaturalist-open-data.s3.amazonaws.com/photos/45407694/original.jpeg,Mexico,,2013-08-07 15:37:00,18.9789730,-99.0351680,,
60,9308,https://inaturalist-open-data.s3.amazonaws.com/photos/68224080/original.jpeg,Mexico,,2012-07-15 12:37:55,20.3883570,-105.0768710,,
61,9308,https://inaturalist-open-data.s3.amazonaws.com/photos/2086688/original.JPG,Mexico,,2012-07-15 13:38:30,20.2841100,-105.1506880,,
62,9308,https://inaturalist-open-data.s3.amazonaws.com/photos/65413318/original.jpg,Mexico,,2012-08-12 09:07:00,19.9651700,-104.4708940,,
63,9320,http://www.westafricanplants.senckenberg.de/images/pictures/habenaria_debeerstiana_wightman5353_9007_b94879.jpg,Zambia,,2017-01-29 14:27:37,-12.4190750,31.2035590,,
64,9320,http://www.westafricanplants.senckenberg.de/images/pictures/habenaria_debeerstiana_wightman5352_9007_ef0a34.jpg,Zambia,,2017-01-29 14:27:30,-12.4190750,31.2035590,,
4642,7918,https://observation.org/photos/109969534.jpg,Spain,,,28.3400000,-16.7000000,,
65,9320,http://www.westafricanplants.senckenberg.de/images/pictures/habenaria_debeerstiana_wightman5351_9007_1bbac1.jpg,Zambia,,2017-01-29 14:27:20,-12.4190750,31.2035590,,
66,9357,https://inaturalist-open-data.s3.amazonaws.com/photos/509069742/original.jpg,Mexico,,2024-08-30 09:40:00,22.1315370,-103.9446380,,
67,538,https://inaturalist-open-data.s3.amazonaws.com/photos/41199444/original.jpeg,Colombia,,2019-06-01 00:00:00,3.8133030,-67.8488980,,
68,547,https://inaturalist-open-data.s3.amazonaws.com/photos/466051314/original.jpg,United States of America,,2025-01-25 13:19:58,44.7749000,-93.3301610,LC,
69,547,https://inaturalist-open-data.s3.amazonaws.com/photos/466052529/original.jpg,United States of America,,2025-01-25 14:08:53,44.7068570,-93.3541430,LC,
70,547,https://inaturalist-open-data.s3.amazonaws.com/photos/468260773/original.jpg,United States of America,,2025-02-02 16:34:14,43.3943600,-88.0023450,LC,
71,547,https://inaturalist-open-data.s3.amazonaws.com/photos/468730246/original.jpg,United States of America,,2025-02-07 13:16:46,44.9721220,-93.2151460,LC,
72,547,https://inaturalist-open-data.s3.amazonaws.com/photos/468730105/original.jpg,United States of America,,2025-02-07 13:14:50,44.8276250,-93.3724520,LC,
73,547,https://inaturalist-open-data.s3.amazonaws.com/photos/471283753/original.jpeg,United States of America,,2025-02-10 11:55:20,44.9275200,-93.4040760,LC,
74,547,https://inaturalist-open-data.s3.amazonaws.com/photos/473807810/original.jpg,Canada,,2025-03-02 15:15:25,44.3615170,-64.2240850,LC,
202,548,https://inaturalist-open-data.s3.amazonaws.com/photos/128668676/original.jpg,Japan,,2021-05-07 09:04:00,34.7451390,137.4514320,,
75,547,https://inaturalist-open-data.s3.amazonaws.com/photos/485148436/original.jpg,United States of America,,2025-04-11 07:23:36,30.4308170,-88.6686550,LC,
76,547,https://inaturalist-open-data.s3.amazonaws.com/photos/485102673/original.jpg,United States of America,,2025-04-11 07:22:03,30.4313190,-88.6701900,LC,
77,547,https://inaturalist-open-data.s3.amazonaws.com/photos/486068640/original.jpeg,United States of America,,2025-04-12 12:49:28,30.8638260,-89.0107810,LC,
78,547,https://inaturalist-open-data.s3.amazonaws.com/photos/485865061/original.jpeg,United States of America,,2025-04-12 10:11:00,30.4518260,-88.6571890,LC,
79,547,https://inaturalist-open-data.s3.amazonaws.com/photos/485865236/original.jpeg,United States of America,,2025-04-12 13:01:00,30.4518260,-88.6571890,LC,
80,547,https://inaturalist-open-data.s3.amazonaws.com/photos/486136837/original.jpg,United States of America,,2025-04-12 13:00:57,30.4612620,-88.6929250,LC,
81,547,https://inaturalist-open-data.s3.amazonaws.com/photos/486214545/original.jpg,United States of America,,2025-04-12 15:06:26,30.1900390,-84.8555770,LC,
82,547,https://inaturalist-open-data.s3.amazonaws.com/photos/486059179/original.jpg,United States of America,,2025-04-12 13:46:52,30.0556310,-84.8445530,LC,
83,547,https://inaturalist-open-data.s3.amazonaws.com/photos/486143526/original.jpg,United States of America,,2025-04-13 15:33:59,28.1164120,-82.5081870,LC,
84,547,https://inaturalist-open-data.s3.amazonaws.com/photos/485762428/original.jpg,United States of America,,2025-04-12 12:04:00,30.9936650,-89.1562580,LC,
4643,7918,https://observation.org/photos/110015910.jpg,Germany,,,49.5500000,9.6500000,,
85,547,https://inaturalist-open-data.s3.amazonaws.com/photos/486105307/original.jpg,United States of America,,2025-04-13 09:57:00,26.8010570,-80.0361690,LC,
86,547,https://inaturalist-open-data.s3.amazonaws.com/photos/486553308/original.jpeg,United States of America,,2025-04-14 18:52:03,29.7309660,-85.0860220,LC,
87,547,https://inaturalist-open-data.s3.amazonaws.com/photos/486391844/original.jpg,United States of America,,2025-04-12 19:07:55,30.0485020,-84.8181980,LC,
88,547,https://inaturalist-open-data.s3.amazonaws.com/photos/487482101/original.jpg,United States of America,,2025-04-17 10:43:03,30.8550770,-86.8046340,LC,
89,547,https://inaturalist-open-data.s3.amazonaws.com/photos/487586019/original.jpeg,United States of America,,2025-04-16 14:05:00,30.1448380,-85.1638630,LC,
90,547,https://inaturalist-open-data.s3.amazonaws.com/photos/488112143/original.jpeg,United States of America,,2025-04-18 10:36:38,30.1820720,-85.1626940,LC,
91,547,https://inaturalist-open-data.s3.amazonaws.com/photos/488269142/original.jpg,United States of America,,2025-04-12 15:06:00,30.0751260,-85.1199650,LC,
92,547,https://inaturalist-open-data.s3.amazonaws.com/photos/487969625/original.jpg,United States of America,,2025-04-18 10:23:16,30.0979100,-85.0762000,LC,
93,547,https://inaturalist-open-data.s3.amazonaws.com/photos/488341928/original.jpeg,United States of America,,2025-04-13 12:19:22,29.9233060,-84.9188150,LC,
94,547,https://inaturalist-open-data.s3.amazonaws.com/photos/488553244/original.jpg,United States of America,,2025-04-19 12:22:52,30.5849000,-94.3369130,LC,
95,547,https://inaturalist-open-data.s3.amazonaws.com/photos/489027077/original.jpeg,United States of America,,2025-04-20 12:55:54,33.0531630,-79.7490710,LC,
96,547,https://inaturalist-open-data.s3.amazonaws.com/photos/488262409/original.jpg,United States of America,,2025-04-12 14:33:00,30.0590280,-85.0277170,LC,
97,547,https://inaturalist-open-data.s3.amazonaws.com/photos/488262388/original.jpg,United States of America,,2025-04-12 14:31:00,30.0322250,-85.1618790,LC,
98,547,https://inaturalist-open-data.s3.amazonaws.com/photos/483993456/original.jpeg,United States of America,,2025-04-06 15:46:00,30.5850280,-94.3368720,LC,
99,547,https://inaturalist-open-data.s3.amazonaws.com/photos/489313488/original.jpg,United States of America,,2025-04-21 10:24:08,30.4356920,-88.4267120,LC,
100,547,https://inaturalist-open-data.s3.amazonaws.com/photos/489361819/original.jpeg,United States of America,,2025-04-19 07:16:00,30.4307500,-88.4283260,LC,
101,547,https://inaturalist-open-data.s3.amazonaws.com/photos/489747581/original.jpg,United States of America,,2025-04-22 12:08:44,27.0709320,-80.0516150,LC,
102,547,https://inaturalist-open-data.s3.amazonaws.com/photos/484322659/original.jpeg,United States of America,,2025-04-08 12:36:08,31.0202030,-87.6896160,LC,
103,547,https://inaturalist-open-data.s3.amazonaws.com/photos/489465385/original.jpg,United States of America,,2025-04-21 17:10:32,30.5845720,-94.3368780,LC,
104,547,https://inaturalist-open-data.s3.amazonaws.com/photos/489596463/original.jpg,United States of America,,2025-04-15 19:03:33,30.4057810,-88.8449790,LC,
105,547,https://inaturalist-open-data.s3.amazonaws.com/photos/489684427/original.jpg,United States of America,,2025-04-21 17:13:40,30.5847880,-94.3368620,LC,
1167,643,https://inaturalist-open-data.s3.amazonaws.com/photos/457355480/original.jpg,New Caledonia,,2006-12-09 08:11:00,-21.3691670,165.3335000,LC,
106,547,https://inaturalist-open-data.s3.amazonaws.com/photos/490335835/original.jpg,United States of America,,2025-04-23 14:36:19,30.5318810,-87.0752660,LC,
107,547,https://inaturalist-open-data.s3.amazonaws.com/photos/490581450/original.jpeg,United States of America,,2025-04-18 08:20:00,30.0050500,-85.1699170,LC,
108,547,https://inaturalist-open-data.s3.amazonaws.com/photos/490650073/original.jpeg,United States of America,,2025-04-12 13:00:00,30.4512410,-88.6590230,LC,
109,547,https://inaturalist-open-data.s3.amazonaws.com/photos/491190942/original.jpg,United States of America,,2025-04-09 16:12:00,30.8962810,-82.3733140,LC,
110,547,https://inaturalist-open-data.s3.amazonaws.com/photos/491191064/original.jpg,United States of America,,2025-04-09 16:27:00,30.8241190,-82.2365060,LC,
111,547,https://inaturalist-open-data.s3.amazonaws.com/photos/490551534/original.jpg,United States of America,,2025-04-23 08:59:22,30.5492460,-89.0657380,LC,
112,547,https://inaturalist-open-data.s3.amazonaws.com/photos/491191259/original.jpg,United States of America,,2025-04-09 16:40:00,30.9591110,-82.2718340,LC,
113,547,https://inaturalist-open-data.s3.amazonaws.com/photos/491191243/original.jpg,United States of America,,2025-04-09 16:37:00,30.9632110,-82.3584690,LC,
114,547,https://inaturalist-open-data.s3.amazonaws.com/photos/490805222/original.jpeg,United States of America,,2025-04-24 17:48:34,30.3732600,-89.1090550,LC,
115,547,https://inaturalist-open-data.s3.amazonaws.com/photos/491859597/original.jpeg,United States of America,,2025-04-25 12:39:34,30.1696770,-85.0520810,LC,
116,547,https://inaturalist-open-data.s3.amazonaws.com/photos/491191240/original.jpg,United States of America,,2025-04-09 16:40:00,30.9192820,-82.3756280,LC,
117,547,https://inaturalist-open-data.s3.amazonaws.com/photos/492773672/original.jpg,United States of America,,2025-04-26 14:23:18,30.6806960,-82.1410130,LC,
118,547,https://inaturalist-open-data.s3.amazonaws.com/photos/492918139/original.jpg,United States of America,,2025-04-26 17:24:14,27.9122470,-81.4412380,LC,
119,547,https://inaturalist-open-data.s3.amazonaws.com/photos/492935806/original.jpeg,United States of America,,2025-04-26 17:15:57,27.9883380,-81.4144290,LC,
120,547,https://inaturalist-open-data.s3.amazonaws.com/photos/493598427/original.jpg,United States of America,,2025-04-25 10:00:42,30.0663730,-81.4423030,LC,
121,547,https://inaturalist-open-data.s3.amazonaws.com/photos/492903532/original.jpeg,United States of America,,2025-04-26 16:06:21,30.4708410,-86.6534050,LC,
122,547,https://inaturalist-open-data.s3.amazonaws.com/photos/494214826/original.jpg,United States of America,,2025-04-27 10:53:26,30.8611920,-89.0041370,LC,
123,547,https://inaturalist-open-data.s3.amazonaws.com/photos/494234263/original.jpeg,United States of America,,2025-04-27 10:59:00,34.5918150,-77.7009930,LC,
124,547,https://inaturalist-open-data.s3.amazonaws.com/photos/494749127/original.jpg,United States of America,,2025-04-27 19:13:25,30.1678780,-85.1815160,LC,
125,547,https://inaturalist-open-data.s3.amazonaws.com/photos/494483024/original.jpg,United States of America,,2025-04-27 13:45:00,30.1697990,-84.9875430,LC,
126,547,https://inaturalist-open-data.s3.amazonaws.com/photos/495188392/original.jpg,United States of America,,2025-04-27 18:29:35,30.9501940,-86.9581660,LC,
4644,7918,https://observation.org/photos/110033127.jpg,Cyprus,,,34.7303750,32.6713280,,
127,547,https://inaturalist-open-data.s3.amazonaws.com/photos/495191455/original.jpg,United States of America,,2025-04-27 17:38:54,30.9039570,-86.9417450,LC,
128,547,https://inaturalist-open-data.s3.amazonaws.com/photos/494133097/original.jpeg,United States of America,,2025-04-26 14:01:11,31.9830520,-89.6420700,LC,
129,547,https://inaturalist-open-data.s3.amazonaws.com/photos/495415763/original.jpg,United States of America,,2025-04-26 09:41:20,30.1888460,-84.8003800,LC,
130,547,https://inaturalist-open-data.s3.amazonaws.com/photos/494134682/original.jpeg,United States of America,,2025-04-26 14:02:00,31.8952590,-89.6635580,LC,
131,547,https://inaturalist-open-data.s3.amazonaws.com/photos/496178160/original.jpg,United States of America,,2025-04-26 09:42:48,30.0338670,-84.8495240,LC,
132,547,https://inaturalist-open-data.s3.amazonaws.com/photos/496603681/original.jpg,United States of America,,2025-04-26 12:46:27,30.0121910,-85.1970320,LC,
133,547,https://inaturalist-open-data.s3.amazonaws.com/photos/495416760/original.jpg,United States of America,,2025-04-26 09:42:34,30.0040440,-84.8249900,LC,
134,547,https://inaturalist-open-data.s3.amazonaws.com/photos/496173328/original.jpg,United States of America,,2025-04-26 09:41:27,30.0124800,-84.9160620,LC,
135,547,https://inaturalist-open-data.s3.amazonaws.com/photos/496674865/original.jpg,United States of America,,2025-04-26 12:48:07,30.0254800,-85.0928560,LC,
136,547,https://inaturalist-open-data.s3.amazonaws.com/photos/496645465/original.jpeg,United States of America,,2025-04-28 09:00:00,30.0415790,-85.0087470,LC,
137,547,https://inaturalist-open-data.s3.amazonaws.com/photos/496642423/original.jpeg,United States of America,,2025-04-28 00:00:00,30.0650940,-85.1216890,LC,
138,547,https://inaturalist-open-data.s3.amazonaws.com/photos/496130847/original.jpeg,United States of America,,2025-04-22 11:59:09,33.1668340,-79.6664610,LC,
139,547,https://inaturalist-open-data.s3.amazonaws.com/photos/496641514/original.jpg,United States of America,,2025-04-26 08:42:00,30.2252890,-87.5983410,LC,
140,547,https://inaturalist-open-data.s3.amazonaws.com/photos/496594930/original.jpg,United States of America,,2025-04-26 10:14:17,30.0391950,-85.0988600,LC,
141,547,https://inaturalist-open-data.s3.amazonaws.com/photos/496810761/original.jpeg,United States of America,,2025-04-29 09:36:08,34.5336480,-77.7000470,LC,
142,547,https://inaturalist-open-data.s3.amazonaws.com/photos/503105678/original.jpeg,United States of America,,2025-04-25 18:18:06,30.4775340,-88.1055250,LC,
143,547,https://inaturalist-open-data.s3.amazonaws.com/photos/501504558/original.jpeg,United States of America,,2025-04-20 13:09:46,30.4377160,-88.1438020,LC,
144,547,https://inaturalist-open-data.s3.amazonaws.com/photos/499659271/original.jpeg,United States of America,,2025-04-30 10:50:21,31.0254660,-92.8894900,LC,
145,547,https://inaturalist-open-data.s3.amazonaws.com/photos/500617057/original.jpeg,United States of America,,2025-04-30 13:38:00,33.1557360,-79.6138750,LC,
146,547,https://inaturalist-open-data.s3.amazonaws.com/photos/497619595/original.jpeg,United States of America,,2025-04-20 12:47:50,30.4503000,-88.1720040,LC,
147,547,https://inaturalist-open-data.s3.amazonaws.com/photos/508532762/original.jpg,United States of America,,2025-04-14 11:22:00,28.0593710,-82.5780900,LC,
5947,39820,https://inaturalist-open-data.s3.amazonaws.com/photos/125658501/original.jpeg,Mexico,,,17.5647380,-96.3677570,,
148,547,https://inaturalist-open-data.s3.amazonaws.com/photos/511133337/original.jpg,United States of America,,2025-04-06 16:36:31,30.5849580,-94.3368970,LC,
149,547,https://inaturalist-open-data.s3.amazonaws.com/photos/508732788/original.jpg,United States of America,,2025-04-27 13:44:25,30.3022230,-84.9938990,LC,
150,547,https://inaturalist-open-data.s3.amazonaws.com/photos/511502252/original.jpg,United States of America,,2025-04-24 15:12:43,30.2172130,-87.5159460,LC,
151,547,https://inaturalist-open-data.s3.amazonaws.com/photos/487646049/original.jpeg,United States of America,,2025-04-16 19:27:24,31.0200300,-82.3973010,LC,
152,547,https://inaturalist-open-data.s3.amazonaws.com/photos/517195808/original.jpg,United States of America,,2025-04-19 09:10:45,30.5848850,-94.3368330,LC,
153,547,https://inaturalist-open-data.s3.amazonaws.com/photos/495703633/original.jpg,United States of America,,2025-04-22 12:56:10,30.9802650,-81.4930100,LC,
154,547,https://inaturalist-open-data.s3.amazonaws.com/photos/556810526/original.jpg,United States of America,,2025-04-24 17:03:39,30.4361200,-88.4266040,LC,
155,547,https://inaturalist-open-data.s3.amazonaws.com/photos/501603856/original.jpg,United States of America,,2025-05-07 16:10:26,26.8542850,-80.3865830,LC,
156,547,https://inaturalist-open-data.s3.amazonaws.com/photos/499445896/original.jpg,United States of America,,2025-05-03 12:35:01,27.1023140,-80.0092970,LC,
157,547,https://inaturalist-open-data.s3.amazonaws.com/photos/504122994/original.jpg,United States of America,,2025-05-10 10:25:31,34.1434520,-78.2396100,LC,
168,548,https://inaturalist-open-data.s3.amazonaws.com/photos/513514041/original.jpg,China,,2025-05-31 21:45:30,29.3901430,121.1295030,,
158,547,https://inaturalist-open-data.s3.amazonaws.com/photos/503941639/original.jpg,United States of America,,2025-05-11 17:01:03,35.0386080,-82.4628700,LC,
159,547,https://inaturalist-open-data.s3.amazonaws.com/photos/503498944/original.jpeg,United States of America,,2025-05-11 15:41:59,30.6878410,-86.8108210,LC,
160,547,https://inaturalist-open-data.s3.amazonaws.com/photos/499412714/original.jpg,United States of America,,2025-05-03 12:25:47,30.1183220,-85.1467710,LC,
161,547,https://inaturalist-open-data.s3.amazonaws.com/photos/499553384/original.jpeg,United States of America,,2025-05-01 09:07:00,30.1299080,-84.8657450,LC,
162,547,https://inaturalist-open-data.s3.amazonaws.com/photos/499447013/original.jpg,United States of America,,2025-05-03 12:27:48,27.1657060,-80.1085950,LC,
163,547,https://inaturalist-open-data.s3.amazonaws.com/photos/499822915/original.jpg,United States of America,,2025-05-03 11:48:31,39.8653420,-74.3741290,LC,
164,547,https://inaturalist-open-data.s3.amazonaws.com/photos/503093068/original.jpg,United States of America,,2025-05-10 19:11:23,30.0247250,-85.0416750,LC,
165,547,https://inaturalist-open-data.s3.amazonaws.com/photos/500581277/original.jpeg,United States of America,,2025-05-05 11:47:00,29.4876290,-82.2172740,LC,
166,547,https://inaturalist-open-data.s3.amazonaws.com/photos/500190811/original.jpeg,United States of America,,2025-05-04 10:51:14,27.8380930,-81.5806550,LC,
167,547,https://inaturalist-open-data.s3.amazonaws.com/photos/500310378/original.jpg,United States of America,,2025-05-04 19:23:48,30.8658470,-86.8488100,LC,
1213,882,https://inaturalist-open-data.s3.amazonaws.com/photos/77116105/original.jpg,United States of America,,,45.7971120,-111.0396920,,
169,548,https://inaturalist-open-data.s3.amazonaws.com/photos/513514931/original.jpg,China,,2025-05-31 14:48:06,29.3274500,121.1224610,,
170,548,https://inaturalist-open-data.s3.amazonaws.com/photos/532852498/original.jpg,Japan,,2025-07-07 10:22:49,36.9392380,139.2496030,,
171,548,https://inaturalist-open-data.s3.amazonaws.com/photos/404945717/original.jpg,Russian Federation,,2024-07-09 09:56:00,44.0588490,145.8420260,,
172,548,https://inaturalist-open-data.s3.amazonaws.com/photos/409578925/original.jpg,Russian Federation,,2024-07-21 10:52:00,47.3538250,142.7207490,,
173,548,https://inaturalist-open-data.s3.amazonaws.com/photos/404944895/original.jpg,Russian Federation,,2024-07-09 09:58:00,44.0589490,145.8419650,,
174,548,https://inaturalist-open-data.s3.amazonaws.com/photos/284807857/original.jpg,Japan,,2023-05-30 12:17:14,35.0101390,134.8490840,,
175,548,https://inaturalist-open-data.s3.amazonaws.com/photos/451255699/original.jpeg,Japan,,2023-05-23 16:00:00,34.9986700,134.9279950,,
176,548,https://inaturalist-open-data.s3.amazonaws.com/photos/451255834/original.jpeg,Japan,,2023-05-23 16:12:00,34.9062300,134.8822970,,
177,548,https://inaturalist-open-data.s3.amazonaws.com/photos/451255705/original.jpeg,Japan,,2023-05-23 16:00:00,34.8455220,134.9672980,,
178,548,https://inaturalist-open-data.s3.amazonaws.com/photos/451255697/original.jpeg,Japan,,2023-05-23 15:59:00,34.9904610,134.8229750,,
179,548,https://inaturalist-open-data.s3.amazonaws.com/photos/451255825/original.jpeg,Japan,,2023-05-23 16:12:00,34.9610460,134.9404300,,
180,548,https://inaturalist-open-data.s3.amazonaws.com/photos/451255870/original.jpeg,Japan,,2023-05-23 16:14:00,34.8437860,134.8708100,,
181,548,https://inaturalist-open-data.s3.amazonaws.com/photos/465459392/original.jpeg,Japan,,2023-05-29 07:28:00,35.1867430,134.8830110,,
182,548,https://inaturalist-open-data.s3.amazonaws.com/photos/465459423/original.jpeg,Japan,,2023-05-29 07:44:00,35.1542670,134.8653200,,
183,548,https://inaturalist-open-data.s3.amazonaws.com/photos/465459385/original.jpeg,Japan,,2023-05-29 07:26:00,35.0082620,134.9898330,,
184,548,https://inaturalist-open-data.s3.amazonaws.com/photos/284910557/original.jpg,Japan,,2023-05-30 12:14:00,34.8579520,134.5453790,,
185,548,https://inaturalist-open-data.s3.amazonaws.com/photos/573798337/original.jpg,Japan,,2023-05-30 12:02:03,35.0451860,134.9665370,,
186,548,https://inaturalist-open-data.s3.amazonaws.com/photos/297424431/original.jpeg,Japan,,2023-07-03 17:16:06,43.1465860,144.2473360,,
187,548,https://inaturalist-open-data.s3.amazonaws.com/photos/302678604/original.jpg,Russian Federation,,2023-07-16 16:55:00,44.0614630,145.8631230,,
188,548,https://inaturalist-open-data.s3.amazonaws.com/photos/203127559/original.jpg,Japan,,2022-05-30 11:33:00,35.0683480,137.5209160,,
189,548,https://inaturalist-open-data.s3.amazonaws.com/photos/203127894/original.jpg,Japan,,2022-05-30 10:44:00,35.1383870,137.5358380,,
190,548,https://inaturalist-open-data.s3.amazonaws.com/photos/202185819/original.jpg,Japan,,2022-05-30 09:03:00,34.8184190,137.4194700,,
191,548,https://inaturalist-open-data.s3.amazonaws.com/photos/202187827/original.jpg,Japan,,2022-05-30 10:41:00,35.0746690,137.4381600,,
192,548,https://inaturalist-open-data.s3.amazonaws.com/photos/202187944/original.jpg,Japan,,2022-05-30 10:52:00,35.1821720,137.4961630,,
193,548,https://inaturalist-open-data.s3.amazonaws.com/photos/202690154/original.jpg,Japan,,2022-05-30 10:12:00,35.1292400,137.5449190,,
194,548,https://inaturalist-open-data.s3.amazonaws.com/photos/202689130/original.jpg,Japan,,2022-05-30 10:41:00,35.1495150,137.5754650,,
195,548,https://inaturalist-open-data.s3.amazonaws.com/photos/242299674/original.jpeg,Russian Federation,,2022-07-04 14:32:00,43.7270310,135.2314140,,
196,548,https://inaturalist-open-data.s3.amazonaws.com/photos/242300406/original.jpeg,Russian Federation,,2022-07-09 10:16:00,43.7377640,135.2186170,,
197,548,https://inaturalist-open-data.s3.amazonaws.com/photos/242911693/original.jpg,Japan,,2022-07-11 12:22:08,38.5833160,140.0238820,,
198,548,https://inaturalist-open-data.s3.amazonaws.com/photos/334753149/original.jpeg,Russian Federation,,2022-07-05 13:00:00,43.7259670,135.2246230,,
199,548,https://inaturalist-open-data.s3.amazonaws.com/photos/334753143/original.jpeg,Russian Federation,,2022-07-09 15:43:00,43.7377350,135.2150480,,
200,548,https://inaturalist-open-data.s3.amazonaws.com/photos/334753146/original.jpeg,Russian Federation,,2022-07-09 10:38:00,43.7378500,135.2180200,,
201,548,https://inaturalist-open-data.s3.amazonaws.com/photos/127220038/original.jpg,Japan,,2021-05-07 08:28:00,34.7451390,137.4514320,,
203,548,https://inaturalist-open-data.s3.amazonaws.com/photos/144342376/original.jpeg,Russian Federation,,2021-07-09 10:49:00,45.0653470,136.6606270,,
204,548,https://inaturalist-open-data.s3.amazonaws.com/photos/334753448/original.jpeg,Russian Federation,,2021-07-13 10:34:00,44.9486900,136.5469450,,
205,548,https://inaturalist-open-data.s3.amazonaws.com/photos/107134311/original.jpeg,Japan,,2020-06-25 12:02:00,35.2123690,137.3984370,,
206,548,https://inaturalist-open-data.s3.amazonaws.com/photos/117496480/original.jpg,Russian Federation,,2020-07-24 11:09:00,44.9577980,136.5647010,,
207,548,https://inaturalist-open-data.s3.amazonaws.com/photos/90855682/original.jpeg,Russian Federation,,2019-07-05 16:01:00,46.6435040,136.2948240,,
208,548,https://inaturalist-open-data.s3.amazonaws.com/photos/30869533/original.jpeg,Russian Federation,,2018-08-10 14:23:00,44.1564020,135.6408220,,
209,548,https://inaturalist-open-data.s3.amazonaws.com/photos/30869603/original.jpeg,Russian Federation,,2018-08-11 14:00:00,44.1608050,135.6345010,,
210,548,https://inaturalist-open-data.s3.amazonaws.com/photos/467125295/original.jpeg,Russian Federation,,2017-06-28 15:20:00,48.8368030,132.9325300,,
211,548,https://inaturalist-open-data.s3.amazonaws.com/photos/30869383/original.jpeg,Russian Federation,,2015-07-05 12:57:00,42.9166360,132.7329410,,
212,548,https://inaturalist-open-data.s3.amazonaws.com/photos/446289758/original.jpeg,Japan,,2015-07-25 14:27:00,36.8113840,139.2511050,,
213,548,https://inaturalist-open-data.s3.amazonaws.com/photos/33474064/original.jpeg,Russian Federation,,2014-07-01 19:05:00,44.4425160,135.9912470,,
214,548,https://inaturalist-open-data.s3.amazonaws.com/photos/465832077/original.jpeg,Russian Federation,,2014-07-02 18:07:00,49.0225250,133.0166040,,
215,548,https://inaturalist-open-data.s3.amazonaws.com/photos/33473889/original.jpeg,Russian Federation,,2013-07-22 14:04:00,44.4423620,135.9917470,,
216,548,https://inaturalist-open-data.s3.amazonaws.com/photos/31274730/original.jpeg,Russian Federation,,2008-08-13 08:16:00,43.0330020,134.1494670,,
217,548,https://inaturalist-open-data.s3.amazonaws.com/photos/211410149/original.jpeg,Russian Federation,,2001-07-02 13:25:00,44.3392660,135.7348740,,
218,549,https://inaturalist-open-data.s3.amazonaws.com/photos/294939780/original.jpg,Chinese Taipei,,2023-06-11 09:41:01,23.3948300,120.9335510,,
219,549,https://inaturalist-open-data.s3.amazonaws.com/photos/458982599/original.jpg,Chinese Taipei,,2022-06-29 09:28:00,23.2868680,120.8225210,,
220,549,https://inaturalist-open-data.s3.amazonaws.com/photos/79460304/original.jpg,Chinese Taipei,,2020-06-17 13:19:00,23.3448570,120.9022350,,
221,549,https://inaturalist-open-data.s3.amazonaws.com/photos/107134454/original.jpeg,Japan,,2020-06-25 11:02:00,35.2509460,137.3116800,,
222,549,https://inaturalist-open-data.s3.amazonaws.com/photos/30228292/original.jpg,China,,2013-05-24 17:34:38,26.5112670,114.0444400,,
223,551,https://inaturalist-open-data.s3.amazonaws.com/photos/536465318/original.jpg,Japan,,2025-07-12 13:53:32,38.5369290,140.0071560,,
224,554,https://inaturalist-open-data.s3.amazonaws.com/photos/489991884/original.jpg,United States of America,,2025-04-22 18:27:13,31.0468700,-86.8729260,,
225,554,https://inaturalist-open-data.s3.amazonaws.com/photos/492269594/original.jpg,United States of America,,2025-04-24 18:04:20,30.3957280,-81.9990970,,
226,554,https://inaturalist-open-data.s3.amazonaws.com/photos/492708891/original.jpg,United States of America,,2025-04-26 10:05:01,30.2834800,-81.8622000,,
227,554,https://inaturalist-open-data.s3.amazonaws.com/photos/494749437/original.jpg,United States of America,,2025-04-27 18:49:36,30.1174620,-85.1566780,,
228,554,https://inaturalist-open-data.s3.amazonaws.com/photos/494482696/original.jpg,United States of America,,2025-04-27 13:46:00,30.0844520,-84.8033190,,
229,554,https://inaturalist-open-data.s3.amazonaws.com/photos/496639560/original.jpg,United States of America,,2025-04-26 08:32:00,30.3741330,-87.5333870,,
230,554,https://inaturalist-open-data.s3.amazonaws.com/photos/496622581/original.jpeg,United States of America,,2025-04-28 11:18:00,30.0592340,-84.8848840,,
231,554,https://inaturalist-open-data.s3.amazonaws.com/photos/497564908/original.jpg,United States of America,,2025-04-30 12:02:41,30.4197610,-88.6864170,,
232,554,https://inaturalist-open-data.s3.amazonaws.com/photos/497156245/original.jpeg,United States of America,,2025-04-28 11:19:00,30.1347650,-84.9143560,,
233,554,https://inaturalist-open-data.s3.amazonaws.com/photos/489991275/original.jpg,United States of America,,2025-04-22 17:17:09,31.0860270,-86.9875550,,
234,554,https://inaturalist-open-data.s3.amazonaws.com/photos/492402702/original.jpeg,United States of America,,2025-04-26 10:02:53,30.5775280,-81.8747340,,
1179,645,https://inaturalist-open-data.s3.amazonaws.com/photos/521239429/original.jpg,Chinese Taipei,,2025-06-14 17:00:00,24.8444720,121.4164770,,
235,554,https://inaturalist-open-data.s3.amazonaws.com/photos/495172247/original.jpeg,United States of America,,2025-04-27 09:30:00,30.2676020,-81.9753810,,
236,554,https://inaturalist-open-data.s3.amazonaws.com/photos/495195026/original.jpg,United States of America,,2025-04-27 17:30:34,30.9954330,-86.8769180,,
237,554,https://inaturalist-open-data.s3.amazonaws.com/photos/508732757/original.jpg,United States of America,,2025-04-27 13:46:24,30.3547960,-84.8100380,,
238,554,https://inaturalist-open-data.s3.amazonaws.com/photos/556810571/original.jpg,United States of America,,2025-04-24 16:53:21,30.5329200,-88.4315720,,
239,554,https://inaturalist-open-data.s3.amazonaws.com/photos/492507442/original.jpg,United States of America,,2025-04-26 10:02:44,30.2694130,-81.9567510,,
240,554,https://inaturalist-open-data.s3.amazonaws.com/photos/501197373/original.jpeg,United States of America,,2025-05-05 00:00:00,30.3532280,-82.0984610,,
241,554,https://inaturalist-open-data.s3.amazonaws.com/photos/501420216/original.jpeg,United States of America,,2025-05-07 07:03:31,34.4695420,-77.7151770,,
242,554,https://inaturalist-open-data.s3.amazonaws.com/photos/501975461/original.jpeg,United States of America,,2025-05-08 12:08:48,34.6968030,-76.8527530,,
243,554,https://inaturalist-open-data.s3.amazonaws.com/photos/498779831/original.jpg,United States of America,,2025-05-02 12:22:31,30.8347020,-86.6036680,,
244,554,https://inaturalist-open-data.s3.amazonaws.com/photos/503378317/original.jpg,United States of America,,2025-05-11 10:56:47,30.4387330,-81.8040190,,
1180,645,https://inaturalist-open-data.s3.amazonaws.com/photos/554737638/original.jpg,,,2025-08-19 12:46:12,,,,
245,554,https://inaturalist-open-data.s3.amazonaws.com/photos/498395321/original.jpg,United States of America,,2025-05-01 12:05:19,30.4375860,-82.2249510,,
246,554,https://inaturalist-open-data.s3.amazonaws.com/photos/502369510/original.jpeg,United States of America,,2025-05-09 09:27:15,31.0228860,-87.6852640,,
247,554,https://inaturalist-open-data.s3.amazonaws.com/photos/502769646/original.jpeg,United States of America,,2025-05-10 11:07:20,34.5311490,-77.6744010,,
248,554,https://inaturalist-open-data.s3.amazonaws.com/photos/501087366/original.jpg,United States of America,,2025-05-06 15:16:15,30.5060810,-88.7858880,,
249,554,https://inaturalist-open-data.s3.amazonaws.com/photos/502368817/original.jpeg,United States of America,,2025-05-09 09:24:35,31.0238670,-87.6853750,,
250,554,https://inaturalist-open-data.s3.amazonaws.com/photos/503261562/original.jpg,United States of America,,2025-05-10 10:11:04,34.0531900,-78.2697150,,
251,554,https://inaturalist-open-data.s3.amazonaws.com/photos/504087025/original.jpg,United States of America,,2025-05-07 14:33:44,35.7380730,-77.0720770,,
252,554,https://inaturalist-open-data.s3.amazonaws.com/photos/501369343/original.jpeg,United States of America,,2025-05-06 12:48:00,30.5182810,-88.7540810,,
253,554,https://inaturalist-open-data.s3.amazonaws.com/photos/501197666/original.jpeg,United States of America,,2025-05-05 00:00:00,30.2402260,-82.0612810,,
254,554,https://inaturalist-open-data.s3.amazonaws.com/photos/504086736/original.jpg,United States of America,,2025-05-07 14:29:59,35.7357370,-77.0397960,,
276,554,https://inaturalist-open-data.s3.amazonaws.com/photos/507817916/original.jpg,United States of America,,2025-05-17 19:33:56,30.6294390,-81.6181160,,
255,554,https://inaturalist-open-data.s3.amazonaws.com/photos/499553424/original.jpeg,United States of America,,2025-05-01 09:32:00,29.8727190,-84.9695760,,
256,554,https://inaturalist-open-data.s3.amazonaws.com/photos/502354580/original.jpeg,United States of America,,2025-05-09 09:06:54,31.0251140,-87.6857690,,
257,554,https://inaturalist-open-data.s3.amazonaws.com/photos/503579762/original.jpeg,United States of America,,2025-05-11 14:04:11,30.5561170,-88.6446830,,
258,554,https://inaturalist-open-data.s3.amazonaws.com/photos/503259059/original.jpeg,United States of America,,2025-05-09 12:44:00,30.2862310,-84.7315850,,
259,554,https://inaturalist-open-data.s3.amazonaws.com/photos/508511690/original.jpg,United States of America,,2025-05-21 12:38:08,30.8881990,-81.9768450,,
260,554,https://inaturalist-open-data.s3.amazonaws.com/photos/510547472/original.jpg,United States of America,,2025-05-25 11:43:31,35.2011810,-86.0668080,,
261,554,https://inaturalist-open-data.s3.amazonaws.com/photos/507843270/original.jpg,United States of America,,2025-05-18 16:54:22,35.0247660,-77.0097980,,
262,554,https://inaturalist-open-data.s3.amazonaws.com/photos/507819746/original.jpg,United States of America,,2025-05-17 18:24:29,30.4383740,-81.6364410,,
263,554,https://inaturalist-open-data.s3.amazonaws.com/photos/504605996/original.jpg,United States of America,,2025-05-10 11:57:58,34.1697710,-78.2266920,,
264,554,https://inaturalist-open-data.s3.amazonaws.com/photos/509743442/original.jpg,United States of America,,2025-05-24 09:03:45,33.8055130,-78.8895940,,
265,554,https://inaturalist-open-data.s3.amazonaws.com/photos/507288554/original.jpg,United States of America,,2025-05-08 14:36:08,34.1964620,-78.3444390,,
266,554,https://inaturalist-open-data.s3.amazonaws.com/photos/510626349/original.jpg,United States of America,,2025-05-25 11:42:00,35.2159830,-86.0374590,,
267,554,https://inaturalist-open-data.s3.amazonaws.com/photos/508056898/original.jpg,United States of America,,2025-05-15 10:39:00,31.0225120,-87.6930150,,
268,554,https://inaturalist-open-data.s3.amazonaws.com/photos/504978583/original.jpg,United States of America,,2025-05-14 12:23:53,34.4312110,-77.7818350,,
269,554,https://inaturalist-open-data.s3.amazonaws.com/photos/504614125/original.jpg,United States of America,,2025-05-10 10:12:24,34.0662580,-78.3331970,,
270,554,https://inaturalist-open-data.s3.amazonaws.com/photos/509792627/original.jpg,United States of America,,2025-05-24 13:21:51,34.5540810,-77.5929200,,
271,554,https://inaturalist-open-data.s3.amazonaws.com/photos/511582594/original.jpg,United States of America,,2025-05-27 09:44:13,34.4266510,-77.6363410,,
272,554,https://inaturalist-open-data.s3.amazonaws.com/photos/503259010/original.jpeg,United States of America,,2025-05-09 13:02:00,30.0185810,-84.9271040,,
273,554,https://inaturalist-open-data.s3.amazonaws.com/photos/506222513/original.jpg,United States of America,,2025-05-17 06:36:14,34.4705370,-77.6002180,,
274,554,https://inaturalist-open-data.s3.amazonaws.com/photos/509023309/original.jpg,United States of America,,2025-05-20 13:40:00,34.1177400,-78.3082240,,
275,554,https://inaturalist-open-data.s3.amazonaws.com/photos/509021417/original.jpg,United States of America,,2025-05-20 15:49:00,34.1021150,-78.3056350,,
1214,882,https://inaturalist-open-data.s3.amazonaws.com/photos/85528001/original.jpeg,United States of America,,,45.6059390,-111.0555360,,
277,554,https://inaturalist-open-data.s3.amazonaws.com/photos/510023266/original.jpg,United States of America,,2025-05-23 11:32:00,33.4752570,-79.7917240,,
278,554,https://inaturalist-open-data.s3.amazonaws.com/photos/514749569/original.jpg,United States of America,,2025-05-31 15:11:00,33.9816880,-78.5007150,,
279,554,https://inaturalist-open-data.s3.amazonaws.com/photos/511876336/original.jpg,United States of America,,2025-05-27 15:38:26,34.5798630,-77.6576480,,
280,554,https://inaturalist-open-data.s3.amazonaws.com/photos/514754594/original.jpg,United States of America,,2025-05-31 11:25:00,34.0030830,-78.2121970,,
281,554,https://inaturalist-open-data.s3.amazonaws.com/photos/512066653/original.jpg,United States of America,,2025-05-12 12:32:00,31.1664850,-87.7494610,,
282,554,https://inaturalist-open-data.s3.amazonaws.com/photos/512098413/original.jpg,United States of America,,2025-05-12 14:56:00,30.4296160,-87.5493090,,
283,554,https://inaturalist-open-data.s3.amazonaws.com/photos/513419607/original.jpg,United States of America,,2025-05-13 16:27:54,30.9532790,-84.1654720,,
284,554,https://inaturalist-open-data.s3.amazonaws.com/photos/510957962/original.jpg,United States of America,,2025-05-26 13:13:20,34.1237650,-78.3718100,,
285,554,https://inaturalist-open-data.s3.amazonaws.com/photos/512716339/original.jpg,United States of America,,2025-05-27 14:00:00,34.6156540,-77.0544760,,
286,554,https://inaturalist-open-data.s3.amazonaws.com/photos/508121295/original.jpg,United States of America,,2025-05-20 13:50:35,34.1139340,-78.3911920,,
527,559,https://inaturalist-open-data.s3.amazonaws.com/photos/468585336/original.jpg,Brazil,,2025-02-05 10:21:38,-14.2732700,-47.7423580,,
287,554,https://inaturalist-open-data.s3.amazonaws.com/photos/512712145/original.jpg,United States of America,,2025-05-28 14:31:00,34.5846380,-77.7778110,,
288,554,https://inaturalist-open-data.s3.amazonaws.com/photos/513233367/original.jpg,United States of America,,2025-05-13 15:48:57,30.9989980,-84.0443080,,
289,554,https://inaturalist-open-data.s3.amazonaws.com/photos/511688409/original.jpg,United States of America,,2025-05-27 09:59:45,34.1848620,-78.2048420,,
290,554,https://inaturalist-open-data.s3.amazonaws.com/photos/505911332/original.jpg,United States of America,,2025-05-16 09:05:19,35.2490440,-86.0106890,,
291,554,https://inaturalist-open-data.s3.amazonaws.com/photos/512343196/original.jpg,United States of America,,2025-05-27 09:43:38,34.4018150,-77.6462980,,
292,554,https://inaturalist-open-data.s3.amazonaws.com/photos/512162836/original.jpg,United States of America,,2025-05-28 10:49:38,35.7755860,-81.9226680,,
293,554,https://inaturalist-open-data.s3.amazonaws.com/photos/511876277/original.jpg,United States of America,,2025-05-27 15:35:38,34.5189540,-77.7943860,,
294,554,https://inaturalist-open-data.s3.amazonaws.com/photos/512821400/original.jpg,United States of America,,2025-05-13 15:22:13,30.9891810,-84.0838110,,
295,554,https://inaturalist-open-data.s3.amazonaws.com/photos/511713507/original.jpg,United States of America,,2025-05-27 09:43:49,34.5147910,-77.6627220,,
296,554,https://inaturalist-open-data.s3.amazonaws.com/photos/509899675/original.jpg,United States of America,,2025-05-24 15:14:25,35.3239910,-86.0511470,,
1192,645,https://inaturalist-open-data.s3.amazonaws.com/photos/205681323/original.jpeg,Chinese Taipei,,2022-06-09 12:04:00,22.2430080,120.8354170,,
297,554,https://inaturalist-open-data.s3.amazonaws.com/photos/514433955/original.jpg,United States of America,,2025-05-31 10:14:18,35.3757780,-86.1306170,,
298,554,https://inaturalist-open-data.s3.amazonaws.com/photos/512094703/original.jpg,United States of America,,2025-05-12 14:43:00,30.4264880,-87.5955820,,
299,554,https://inaturalist-open-data.s3.amazonaws.com/photos/512068627/original.jpg,United States of America,,2025-05-12 12:40:00,31.0223770,-87.6850370,,
300,554,https://inaturalist-open-data.s3.amazonaws.com/photos/504600725/original.jpg,United States of America,,2025-05-13 11:37:34,30.9079570,-84.0536210,,
301,554,https://inaturalist-open-data.s3.amazonaws.com/photos/514754507/original.jpg,United States of America,,2025-05-31 10:51:00,34.0083070,-78.2238080,,
302,554,https://inaturalist-open-data.s3.amazonaws.com/photos/513441750/original.jpg,United States of America,,2025-05-31 10:58:24,34.0583100,-78.2597310,,
303,554,https://inaturalist-open-data.s3.amazonaws.com/photos/519094309/original.jpg,United States of America,,2025-05-23 15:17:00,33.0384570,-79.7100630,,
304,554,https://inaturalist-open-data.s3.amazonaws.com/photos/530489745/original.jpg,United States of America,,2025-05-23 11:31:00,33.0494460,-79.6273270,,
305,554,https://inaturalist-open-data.s3.amazonaws.com/photos/506282990/original.jpg,United States of America,,2025-05-17 10:52:20,30.1148320,-84.7699760,,
306,554,https://inaturalist-open-data.s3.amazonaws.com/photos/506951247/original.jpg,United States of America,,2025-05-17 10:54:59,30.0643140,-84.7555160,,
1193,645,https://inaturalist-open-data.s3.amazonaws.com/photos/205681315/original.jpeg,Chinese Taipei,,2022-06-09 12:02:00,22.2430080,120.8354170,,
307,554,https://inaturalist-open-data.s3.amazonaws.com/photos/519092934/original.jpg,United States of America,,2025-05-23 12:55:00,33.0692300,-79.6748230,,
308,554,https://inaturalist-open-data.s3.amazonaws.com/photos/512941144/original.jpg,United States of America,,2025-05-22 09:38:00,35.6007820,-77.1572510,,
309,554,https://inaturalist-open-data.s3.amazonaws.com/photos/498903351/original.jpg,United States of America,,2025-05-02 11:26:31,30.0641890,-84.9230700,,
310,554,https://inaturalist-open-data.s3.amazonaws.com/photos/515914622/original.jpg,United States of America,,2025-06-04 08:13:45,35.0077420,-79.0106040,,
311,554,https://inaturalist-open-data.s3.amazonaws.com/photos/515867182/original.jpg,United States of America,,2025-06-04 08:14:12,35.0836280,-79.1336430,,
312,554,https://inaturalist-open-data.s3.amazonaws.com/photos/519973398/original.jpg,United States of America,,2025-06-05 12:06:56,34.7658600,-76.8742100,,
313,554,https://inaturalist-open-data.s3.amazonaws.com/photos/523412000/original.jpg,United States of America,,2025-06-19 10:14:22,35.9666420,-81.9880780,,
314,554,https://inaturalist-open-data.s3.amazonaws.com/photos/524637346/original.jpg,United States of America,,2025-06-19 11:10:05,36.2091010,-81.0353780,,
315,554,https://inaturalist-open-data.s3.amazonaws.com/photos/528352944/original.jpg,United States of America,,2025-06-27 11:30:52,34.7446400,-83.4722850,,
316,554,https://inaturalist-open-data.s3.amazonaws.com/photos/521052570/original.jpg,United States of America,,2025-06-14 10:19:35,35.8165390,-85.2304100,,
1374,884,https://inaturalist-open-data.s3.amazonaws.com/photos/519410110/original.jpg,Canada,,,45.1853080,-81.5901180,,
317,554,https://inaturalist-open-data.s3.amazonaws.com/photos/528027529/original.jpg,United States of America,,2025-06-22 12:44:53,39.3053130,-79.9752910,,
318,554,https://inaturalist-open-data.s3.amazonaws.com/photos/533715793/original.jpg,United States of America,,2025-06-25 11:06:56,39.3754650,-79.9460020,,
319,554,https://inaturalist-open-data.s3.amazonaws.com/photos/534186381/original.jpg,United States of America,,2025-07-09 10:56:29,35.6420420,-83.4952200,,
320,554,https://inaturalist-open-data.s3.amazonaws.com/photos/535308737/original.jpg,United States of America,,2025-07-09 11:05:00,35.6013740,-83.5636160,,
321,554,https://inaturalist-open-data.s3.amazonaws.com/photos/543866727/original.jpg,United States of America,,2025-07-24 00:00:00,36.9859960,-77.2275690,,
322,554,https://inaturalist-open-data.s3.amazonaws.com/photos/366615278/original.jpg,United States of America,,2024-04-14 18:09:48,29.7197200,-85.3903420,,
323,554,https://inaturalist-open-data.s3.amazonaws.com/photos/372184021/original.jpg,United States of America,,2024-04-27 12:41:46,29.7899760,-85.2978510,,
324,555,https://inaturalist-open-data.s3.amazonaws.com/photos/379091110/original.jpg,United States of America,,2024-05-07 21:20:04,35.2428500,-84.2686530,,
325,555,https://inaturalist-open-data.s3.amazonaws.com/photos/379192354/original.jpg,United States of America,,2024-05-08 20:20:45,35.3423320,-84.2788310,,
326,555,https://inaturalist-open-data.s3.amazonaws.com/photos/384649579/original.jpg,United States of America,,2024-05-21 15:00:17,35.2258490,-84.3159460,,
1399,884,https://inaturalist-open-data.s3.amazonaws.com/photos/532113617/original.jpg,Canada,,,45.2033860,-81.7448110,,
327,555,https://inaturalist-open-data.s3.amazonaws.com/photos/386233589/original.jpg,United States of America,,2024-05-25 10:37:10,35.5071200,-85.9773920,,
328,555,https://inaturalist-open-data.s3.amazonaws.com/photos/388651862/original.jpeg,United States of America,,2024-05-30 09:45:00,34.3639700,-85.7572150,,
329,555,https://inaturalist-open-data.s3.amazonaws.com/photos/390213828/original.jpeg,United States of America,,2024-05-28 18:12:00,36.5901480,-84.7542180,,
330,555,https://inaturalist-open-data.s3.amazonaws.com/photos/398319994/original.jpg,United States of America,,2024-05-27 17:55:00,35.1843590,-82.7722660,,
331,555,https://inaturalist-open-data.s3.amazonaws.com/photos/410867448/original.jpeg,United States of America,,2024-05-28 18:19:53,35.3283640,-84.3356550,,
332,555,https://inaturalist-open-data.s3.amazonaws.com/photos/411238203/original.jpeg,United States of America,,2024-05-22 20:17:46,35.2847420,-84.3676940,,
333,555,https://inaturalist-open-data.s3.amazonaws.com/photos/389994938/original.jpg,United States of America,,2024-05-31 18:51:07,35.3178400,-84.3771940,,
334,555,https://inaturalist-open-data.s3.amazonaws.com/photos/387901241/original.jpg,United States of America,,2024-05-29 11:29:31,35.8009230,-85.3028820,,
335,555,https://inaturalist-open-data.s3.amazonaws.com/photos/390304820/original.jpg,United States of America,,2024-05-30 09:41:16,35.6128950,-83.3387370,,
336,555,https://inaturalist-open-data.s3.amazonaws.com/photos/388811125/original.jpg,United States of America,,2024-05-31 12:02:45,35.7209810,-81.8148000,,
6261,17278,http://mediaphoto.mnhn.fr/media/1441304922746hXxEuKNQtbvhAf2p,India,,,,,,
337,555,https://inaturalist-open-data.s3.amazonaws.com/photos/382192476/original.jpeg,United States of America,,2024-05-16 10:05:00,34.2378800,-85.7679970,,
338,555,https://inaturalist-open-data.s3.amazonaws.com/photos/381169122/original.jpg,United States of America,,2024-05-13 14:36:02,36.4919720,-84.9228000,,
339,555,https://inaturalist-open-data.s3.amazonaws.com/photos/390126260/original.jpg,United States of America,,2024-06-03 11:33:21,34.8984550,-83.1729200,,
340,555,https://inaturalist-open-data.s3.amazonaws.com/photos/392089899/original.jpeg,United States of America,,2024-06-08 16:58:48,37.2789850,-80.5910610,,
341,555,https://inaturalist-open-data.s3.amazonaws.com/photos/392385881/original.jpeg,United States of America,,2024-06-08 15:50:27,35.6068370,-83.8237510,,
342,555,https://inaturalist-open-data.s3.amazonaws.com/photos/400655820/original.jpg,United States of America,,2024-06-25 15:30:18,35.6466510,-83.5188260,,
343,555,https://inaturalist-open-data.s3.amazonaws.com/photos/392577024/original.jpg,United States of America,,2024-06-09 11:57:55,35.7088830,-83.7649930,,
344,555,https://inaturalist-open-data.s3.amazonaws.com/photos/397254999/original.jpg,United States of America,,2024-06-13 10:06:26,35.9044790,-82.7734780,,
345,555,https://inaturalist-open-data.s3.amazonaws.com/photos/390498267/original.jpeg,United States of America,,2024-06-04 17:08:32,35.2762500,-82.7812230,,
346,555,https://inaturalist-open-data.s3.amazonaws.com/photos/412362903/original.jpeg,United States of America,,2024-06-23 10:50:15,35.1283680,-82.7655470,,
1448,885,https://inaturalist-open-data.s3.amazonaws.com/photos/525816954/original.jpg,Canada,,,60.2628120,-134.4357300,,
347,555,https://inaturalist-open-data.s3.amazonaws.com/photos/396680104/original.jpeg,United States of America,,2024-06-19 15:42:44,35.8036280,-81.8185320,,
348,555,https://inaturalist-open-data.s3.amazonaws.com/photos/393809284/original.jpeg,United States of America,,2024-06-12 15:46:49,35.0506590,-82.8115010,,
349,555,https://inaturalist-open-data.s3.amazonaws.com/photos/390529209/original.jpeg,United States of America,,2024-06-02 14:40:18,35.7981450,-83.6963070,,
350,555,https://inaturalist-open-data.s3.amazonaws.com/photos/392091539/original.jpeg,United States of America,,2024-06-08 16:59:31,36.1778870,-81.4414750,,
351,555,https://inaturalist-open-data.s3.amazonaws.com/photos/394116118/original.jpg,United States of America,,2024-06-13 10:32:29,35.3447120,-84.2987900,,
352,555,https://inaturalist-open-data.s3.amazonaws.com/photos/284551620/original.jpg,United States of America,,2023-05-29 08:57:04,37.6388760,-83.7512170,,
353,555,https://inaturalist-open-data.s3.amazonaws.com/photos/283780915/original.jpg,United States of America,,2023-05-25 11:43:17,35.8771900,-81.7077190,,
354,555,https://inaturalist-open-data.s3.amazonaws.com/photos/286504800/original.jpeg,United States of America,,2023-06-03 17:45:41,35.0580100,-82.4994660,,
355,555,https://inaturalist-open-data.s3.amazonaws.com/photos/286517859/original.jpeg,United States of America,,2023-06-03 17:26:46,35.1406880,-82.4920400,,
356,555,https://inaturalist-open-data.s3.amazonaws.com/photos/287957545/original.jpg,,,2023-06-04 11:20:27,,,,
6006,17357,https://inaturalist-open-data.s3.amazonaws.com/photos/557841990/original.jpg,,,,,,,
357,555,https://inaturalist-open-data.s3.amazonaws.com/photos/287596418/original.jpeg,United States of America,,2023-06-04 11:18:00,36.1042060,-84.9618920,,
358,555,https://inaturalist-open-data.s3.amazonaws.com/photos/287596752/original.jpeg,United States of America,,2023-06-04 11:26:00,36.0745190,-84.8427650,,
359,555,https://inaturalist-open-data.s3.amazonaws.com/photos/287088916/original.jpg,United States of America,,2023-06-05 21:07:48,35.2378050,-85.2809050,,
360,555,https://inaturalist-open-data.s3.amazonaws.com/photos/287673804/original.jpeg,United States of America,,2023-06-07 08:45:46,35.0367550,-82.7134080,,
361,555,https://inaturalist-open-data.s3.amazonaws.com/photos/288353656/original.jpg,United States of America,,2023-06-08 18:24:05,35.2375220,-85.2842550,,
362,555,https://inaturalist-open-data.s3.amazonaws.com/photos/287401419/original.jpeg,United States of America,,2023-06-06 10:48:00,35.0817840,-82.5839590,,
363,555,https://inaturalist-open-data.s3.amazonaws.com/photos/292245825/original.jpg,United States of America,,2023-06-04 11:17:22,36.0391510,-84.8548060,,
364,555,https://inaturalist-open-data.s3.amazonaws.com/photos/292245628/original.jpg,United States of America,,2023-06-04 11:26:09,36.0498850,-84.8987550,,
365,555,https://inaturalist-open-data.s3.amazonaws.com/photos/291827435/original.jpg,United States of America,,2023-06-17 11:09:33,35.0446360,-82.7137830,,
366,555,https://inaturalist-open-data.s3.amazonaws.com/photos/292246072/original.jpg,United States of America,,2023-06-04 11:17:16,36.0416900,-84.8566210,,
367,555,https://inaturalist-open-data.s3.amazonaws.com/photos/293882868/original.jpeg,United States of America,,2023-06-25 15:08:33,36.1475620,-85.2683020,,
368,555,https://inaturalist-open-data.s3.amazonaws.com/photos/292245316/original.jpg,United States of America,,2023-06-04 11:37:29,36.1684500,-84.8366120,,
369,555,https://inaturalist-open-data.s3.amazonaws.com/photos/290349571/original.jpg,United States of America,,2023-06-15 15:30:42,35.2999840,-82.2249660,,
370,555,https://inaturalist-open-data.s3.amazonaws.com/photos/292245660/original.jpg,United States of America,,2023-06-04 11:24:53,36.1694030,-84.8102510,,
371,555,https://inaturalist-open-data.s3.amazonaws.com/photos/297895054/original.jpeg,United States of America,,2023-06-04 10:35:00,36.1266170,-84.8298380,,
372,555,https://inaturalist-open-data.s3.amazonaws.com/photos/297895296/original.jpeg,United States of America,,2023-06-04 10:42:00,36.1266500,-84.8901850,,
373,555,https://inaturalist-open-data.s3.amazonaws.com/photos/297895352/original.jpeg,United States of America,,2023-06-04 10:45:00,36.1326690,-84.9453930,,
374,555,https://inaturalist-open-data.s3.amazonaws.com/photos/297895483/original.jpeg,United States of America,,2023-06-04 10:50:00,36.0855690,-84.8161470,,
375,555,https://inaturalist-open-data.s3.amazonaws.com/photos/297895542/original.jpeg,United States of America,,2023-06-04 10:51:00,36.1459100,-84.9383690,,
376,555,https://inaturalist-open-data.s3.amazonaws.com/photos/350418216/original.jpeg,,,2023-06-04 11:16:00,,,,
377,555,https://inaturalist-open-data.s3.amazonaws.com/photos/350418218/original.jpeg,,,2023-06-04 11:17:00,,,,
378,555,https://inaturalist-open-data.s3.amazonaws.com/photos/328911685/original.jpeg,United States of America,,2023-06-01 14:47:00,34.8471810,-83.5762600,,
379,555,https://inaturalist-open-data.s3.amazonaws.com/photos/293752430/original.jpg,United States of America,,2023-06-25 11:16:59,39.3714140,-79.8108250,,
380,555,https://inaturalist-open-data.s3.amazonaws.com/photos/287098483/original.jpeg,United States of America,,2023-06-01 00:00:00,36.5433360,-84.6069820,,
381,555,https://inaturalist-open-data.s3.amazonaws.com/photos/291777103/original.jpg,United States of America,,2023-06-19 10:16:45,37.4785870,-80.1937340,,
382,555,https://inaturalist-open-data.s3.amazonaws.com/photos/293911135/original.jpeg,United States of America,,2023-06-24 19:10:00,35.7052230,-81.8817770,,
383,555,https://inaturalist-open-data.s3.amazonaws.com/photos/291515399/original.jpeg,United States of America,,2023-06-17 13:06:00,35.9667620,-81.8818940,,
384,555,https://inaturalist-open-data.s3.amazonaws.com/photos/291515524/original.jpeg,United States of America,,2023-06-18 10:59:00,35.8446820,-81.8233310,,
385,555,https://inaturalist-open-data.s3.amazonaws.com/photos/290587671/original.jpg,United States of America,,2023-06-15 11:18:37,35.8830360,-85.1329960,,
386,555,https://inaturalist-open-data.s3.amazonaws.com/photos/286161972/original.jpg,United States of America,,2023-06-03 11:24:00,35.3900550,-82.4659440,,
387,555,https://inaturalist-open-data.s3.amazonaws.com/photos/293273946/original.jpeg,United States of America,,2023-06-24 10:10:40,35.6682000,-82.0812720,,
388,555,https://inaturalist-open-data.s3.amazonaws.com/photos/291667147/original.jpg,United States of America,,2023-06-18 15:45:41,35.8550070,-81.8072490,,
1449,885,https://inaturalist-open-data.s3.amazonaws.com/photos/526288338/original.jpg,Canada,,,51.0182460,-115.1323430,,
389,555,https://inaturalist-open-data.s3.amazonaws.com/photos/287545506/original.jpeg,United States of America,,2023-06-01 13:48:00,34.8698720,-83.5058790,,
390,555,https://inaturalist-open-data.s3.amazonaws.com/photos/294005425/original.jpeg,United States of America,,2023-06-25 15:08:10,36.1137450,-85.1895480,,
391,555,https://inaturalist-open-data.s3.amazonaws.com/photos/293753684/original.jpg,United States of America,,2023-06-25 11:33:13,39.3341990,-79.8966900,,
392,555,https://inaturalist-open-data.s3.amazonaws.com/photos/293752958/original.jpg,United States of America,,2023-06-25 11:21:54,39.3395900,-79.9194620,,
393,555,https://inaturalist-open-data.s3.amazonaws.com/photos/296655886/original.jpeg,United States of America,,2023-07-01 12:58:55,35.9718210,-81.9343930,,
394,555,https://inaturalist-open-data.s3.amazonaws.com/photos/298995506/original.jpeg,United States of America,,2023-07-09 04:26:00,36.0025230,-84.9440420,,
395,555,https://inaturalist-open-data.s3.amazonaws.com/photos/298656538/original.jpg,United States of America,,2023-07-09 15:29:12,36.1416840,-84.8209190,,
396,555,https://inaturalist-open-data.s3.amazonaws.com/photos/200511570/original.jpeg,United States of America,,2022-05-24 17:56:00,36.0449150,-84.8840740,,
397,555,https://inaturalist-open-data.s3.amazonaws.com/photos/200208290/original.jpg,United States of America,,2022-05-23 11:13:24,36.7965430,-84.5588550,,
398,555,https://inaturalist-open-data.s3.amazonaws.com/photos/208857945/original.jpeg,United States of America,,2022-05-28 17:43:00,36.3057960,-84.7722850,,
6121,18923,https://medialib.naturalis.nl/file/id/L0056440_MLN/format/large,Indonesia,,,-2.6324600,140.7736100,,
399,555,https://inaturalist-open-data.s3.amazonaws.com/photos/205116846/original.jpg,United States of America,,2022-06-11 08:40:14,35.5687040,-82.7805060,,
400,555,https://inaturalist-open-data.s3.amazonaws.com/photos/205732678/original.jpeg,United States of America,,2022-06-12 12:55:00,35.8641710,-81.8391660,,
401,555,https://inaturalist-open-data.s3.amazonaws.com/photos/206709932/original.jpg,United States of America,,2022-06-13 12:16:00,34.9077790,-83.5329820,,
402,555,https://inaturalist-open-data.s3.amazonaws.com/photos/206063825/original.jpg,United States of America,,2022-06-14 10:13:23,37.7040860,-83.6583920,,
403,555,https://inaturalist-open-data.s3.amazonaws.com/photos/205623449/original.jpeg,United States of America,,2022-06-12 11:26:00,35.8640500,-82.8726570,,
404,555,https://inaturalist-open-data.s3.amazonaws.com/photos/206709904/original.jpg,United States of America,,2022-06-13 12:10:00,34.8571700,-83.4744270,,
405,555,https://inaturalist-open-data.s3.amazonaws.com/photos/209550967/original.jpg,United States of America,,2022-06-26 08:52:00,36.4330760,-82.1545020,,
406,555,https://inaturalist-open-data.s3.amazonaws.com/photos/204738354/original.jpg,United States of America,,2022-06-09 16:39:07,35.8439110,-81.6570140,,
407,555,https://inaturalist-open-data.s3.amazonaws.com/photos/206971526/original.jpg,United States of America,,2022-06-17 15:38:15,39.3565930,-79.9668970,,
408,555,https://inaturalist-open-data.s3.amazonaws.com/photos/207206669/original.jpg,United States of America,,2022-06-18 15:46:40,35.9851390,-85.2672270,,
1215,883,https://inaturalist-open-data.s3.amazonaws.com/photos/508883055/original.jpg,United States of America,,,43.9264820,-72.3528670,,
409,555,https://inaturalist-open-data.s3.amazonaws.com/photos/204705159/original.jpeg,United States of America,,2022-06-08 12:59:16,34.5422800,-85.4024110,,
410,556,https://inaturalist-open-data.s3.amazonaws.com/photos/372315246/original.jpg,United States of America,,2024-04-27 17:25:53,30.2260090,-82.2266800,,
411,556,https://inaturalist-open-data.s3.amazonaws.com/photos/374244241/original.jpeg,United States of America,,2024-04-27 17:06:00,30.2827200,-82.3659830,,
412,556,https://inaturalist-open-data.s3.amazonaws.com/photos/367331027/original.jpg,United States of America,,2024-04-15 20:07:23,30.0425820,-84.8240220,,
413,556,https://inaturalist-open-data.s3.amazonaws.com/photos/376901725/original.jpeg,United States of America,,2024-05-02 11:18:00,30.5370350,-82.1759550,,
414,556,https://inaturalist-open-data.s3.amazonaws.com/photos/376897732/original.jpeg,United States of America,,2024-05-02 11:20:00,30.2476940,-82.1545230,,
415,556,https://inaturalist-open-data.s3.amazonaws.com/photos/376897026/original.jpeg,United States of America,,2024-05-02 11:02:00,30.4319120,-82.1514450,,
416,556,https://inaturalist-open-data.s3.amazonaws.com/photos/379402691/original.jpg,United States of America,,2024-05-09 14:38:20,30.3228090,-82.3298910,,
417,556,https://inaturalist-open-data.s3.amazonaws.com/photos/381998013/original.jpg,United States of America,,2024-05-15 09:47:42,34.6231360,-76.8166210,,
418,556,https://inaturalist-open-data.s3.amazonaws.com/photos/382005104/original.jpg,United States of America,,2024-05-15 10:56:00,31.0668560,-83.5859150,,
1450,885,https://inaturalist-open-data.s3.amazonaws.com/photos/526166688/original.jpg,Canada,,,52.9391670,-118.0316370,,
419,556,https://inaturalist-open-data.s3.amazonaws.com/photos/383931590/original.jpeg,United States of America,,2024-05-20 09:33:13,30.3686480,-81.8709620,,
420,556,https://inaturalist-open-data.s3.amazonaws.com/photos/386921813/original.jpg,United States of America,,2024-05-26 13:48:42,34.5678650,-77.5294470,,
421,556,https://inaturalist-open-data.s3.amazonaws.com/photos/383274721/original.jpg,United States of America,,2024-05-18 16:23:01,35.7897990,-77.0465800,,
422,556,https://inaturalist-open-data.s3.amazonaws.com/photos/386921664/original.jpg,United States of America,,2024-05-26 13:47:38,34.4612480,-77.4791990,,
423,556,https://inaturalist-open-data.s3.amazonaws.com/photos/383274605/original.jpg,United States of America,,2024-05-18 16:20:39,35.6316130,-77.1052620,,
424,556,https://inaturalist-open-data.s3.amazonaws.com/photos/385670650/original.jpg,United States of America,,2024-05-22 17:16:00,34.5595240,-77.6830160,,
425,556,https://inaturalist-open-data.s3.amazonaws.com/photos/387635704/original.jpg,United States of America,,2024-05-27 15:21:42,34.6488740,-77.1352640,,
426,556,https://inaturalist-open-data.s3.amazonaws.com/photos/393618417/original.jpg,United States of America,,2024-05-25 13:47:03,34.0889830,-78.3996580,,
427,556,https://inaturalist-open-data.s3.amazonaws.com/photos/393620099/original.jpg,United States of America,,2024-05-25 14:51:17,34.0249360,-78.2411840,,
428,556,https://inaturalist-open-data.s3.amazonaws.com/photos/393618485/original.jpg,United States of America,,2024-05-25 13:55:15,34.0895240,-78.3874780,,
429,556,https://inaturalist-open-data.s3.amazonaws.com/photos/393620292/original.jpg,United States of America,,2024-05-25 14:00:12,34.1742550,-78.2746370,,
430,556,https://inaturalist-open-data.s3.amazonaws.com/photos/393620524/original.jpg,United States of America,,2024-05-25 15:02:47,34.1545850,-78.3323770,,
431,556,https://inaturalist-open-data.s3.amazonaws.com/photos/393418727/original.jpg,United States of America,,2024-05-24 11:09:23,34.7790390,-76.8861220,,
432,556,https://inaturalist-open-data.s3.amazonaws.com/photos/376902253/original.jpeg,United States of America,,2024-05-02 10:40:00,30.5326870,-82.0575340,,
433,556,https://inaturalist-open-data.s3.amazonaws.com/photos/405407145/original.jpg,United States of America,,2024-05-13 11:24:00,30.2552940,-82.0632230,,
434,556,https://inaturalist-open-data.s3.amazonaws.com/photos/387641539/original.jpg,United States of America,,2024-05-27 17:21:04,34.7881970,-76.8644810,,
435,556,https://inaturalist-open-data.s3.amazonaws.com/photos/387641346/original.jpg,United States of America,,2024-05-27 16:59:34,34.7494300,-76.8130540,,
436,556,https://inaturalist-open-data.s3.amazonaws.com/photos/387635913/original.jpg,United States of America,,2024-05-27 15:24:27,34.6048510,-77.1894760,,
437,556,https://inaturalist-open-data.s3.amazonaws.com/photos/387635803/original.jpg,United States of America,,2024-05-27 15:23:06,34.7180180,-77.1645800,,
438,556,https://inaturalist-open-data.s3.amazonaws.com/photos/376899502/original.jpeg,United States of America,,2024-05-02 10:35:00,30.3525420,-82.1812970,,
439,556,https://inaturalist-open-data.s3.amazonaws.com/photos/383599468/original.jpeg,United States of America,,2024-05-19 10:57:40,33.1313290,-79.6298840,,
440,556,https://inaturalist-open-data.s3.amazonaws.com/photos/384162195/original.jpg,United States of America,,2024-05-20 12:28:19,34.1986590,-78.2947410,,
441,556,https://inaturalist-open-data.s3.amazonaws.com/photos/383838603/original.jpeg,United States of America,,2024-05-19 18:38:00,34.0186970,-78.3955630,,
442,556,https://inaturalist-open-data.s3.amazonaws.com/photos/384775723/original.jpg,United States of America,,2024-05-22 08:26:21,34.1326070,-78.3692000,,
443,556,https://inaturalist-open-data.s3.amazonaws.com/photos/385734816/original.jpg,United States of America,,2024-05-24 19:55:44,33.8028130,-78.8683470,,
444,556,https://inaturalist-open-data.s3.amazonaws.com/photos/382005381/original.jpg,United States of America,,2024-05-15 12:08:22,31.1505850,-83.4984640,,
445,556,https://inaturalist-open-data.s3.amazonaws.com/photos/383694003/original.jpeg,United States of America,,2024-05-17 15:31:00,34.0469230,-78.3676460,,
446,556,https://inaturalist-open-data.s3.amazonaws.com/photos/380755618/original.jpeg,United States of America,,2024-05-12 12:47:00,33.1682570,-79.6150640,,
447,556,https://inaturalist-open-data.s3.amazonaws.com/photos/385253229/original.jpg,United States of America,,2024-05-22 15:28:56,31.2531400,-81.6984560,,
448,556,https://inaturalist-open-data.s3.amazonaws.com/photos/383838679/original.jpeg,United States of America,,2024-05-19 18:49:00,34.0800790,-78.2042370,,
449,556,https://inaturalist-open-data.s3.amazonaws.com/photos/383833071/original.jpeg,United States of America,,2024-05-19 16:15:00,34.0741560,-78.3196220,,
450,556,https://inaturalist-open-data.s3.amazonaws.com/photos/383837969/original.jpeg,United States of America,,2024-05-19 16:37:00,34.0316060,-78.3238860,,
451,556,https://inaturalist-open-data.s3.amazonaws.com/photos/383837906/original.jpeg,United States of America,,2024-05-19 16:35:00,34.1474290,-78.3404870,,
452,556,https://inaturalist-open-data.s3.amazonaws.com/photos/383838089/original.jpeg,United States of America,,2024-05-19 16:49:00,34.0799930,-78.2088410,,
453,556,https://inaturalist-open-data.s3.amazonaws.com/photos/383837976/original.jpeg,United States of America,,2024-05-19 16:39:00,34.1705650,-78.3472790,,
454,556,https://inaturalist-open-data.s3.amazonaws.com/photos/383693940/original.jpeg,United States of America,,2024-05-17 15:36:00,34.0437230,-78.3430140,,
455,556,https://inaturalist-open-data.s3.amazonaws.com/photos/383838591/original.jpeg,United States of America,,2024-05-19 18:25:00,34.1058440,-78.2259600,,
456,556,https://inaturalist-open-data.s3.amazonaws.com/photos/382005703/original.jpg,United States of America,,2024-05-15 12:08:39,31.1345260,-83.4429940,,
457,556,https://inaturalist-open-data.s3.amazonaws.com/photos/386115022/original.jpeg,United States of America,,2024-05-25 13:06:51,33.0638290,-79.7131530,,
458,556,https://inaturalist-open-data.s3.amazonaws.com/photos/386106449/original.jpeg,United States of America,,2024-05-25 11:03:55,33.1520810,-79.7062550,,
459,556,https://inaturalist-open-data.s3.amazonaws.com/photos/386121084/original.jpg,United States of America,,2024-05-25 13:19:22,34.0625000,-78.2701830,,
460,556,https://inaturalist-open-data.s3.amazonaws.com/photos/385680328/original.jpg,United States of America,,2024-05-23 11:13:00,34.0981570,-78.3334130,,
461,556,https://inaturalist-open-data.s3.amazonaws.com/photos/382592976/original.jpeg,United States of America,,2024-05-15 12:08:52,31.0914960,-83.4701960,,
462,556,https://inaturalist-open-data.s3.amazonaws.com/photos/460347115/original.jpg,United States of America,,2024-05-17 17:40:33,34.0910030,-78.2502540,,
463,556,https://inaturalist-open-data.s3.amazonaws.com/photos/460347146/original.jpg,United States of America,,2024-05-17 17:38:48,34.0835800,-78.2589740,,
464,556,https://inaturalist-open-data.s3.amazonaws.com/photos/460349812/original.jpg,United States of America,,2024-05-17 16:35:44,34.0109470,-78.2947660,,
465,557,https://inaturalist-open-data.s3.amazonaws.com/photos/372324554/original.jpg,United States of America,,2024-04-27 18:39:58,30.2922740,-82.5686570,,
466,557,https://inaturalist-open-data.s3.amazonaws.com/photos/370219370/original.jpeg,United States of America,,2024-04-19 19:14:01,29.7978160,-85.0611880,,
467,557,https://inaturalist-open-data.s3.amazonaws.com/photos/369984959/original.jpg,United States of America,,2024-04-24 10:34:57,30.0663000,-84.4186150,,
468,557,https://inaturalist-open-data.s3.amazonaws.com/photos/374654794/original.jpeg,United States of America,,2024-04-29 16:08:43,33.0593770,-79.7967930,,
469,557,https://inaturalist-open-data.s3.amazonaws.com/photos/368638807/original.jpg,United States of America,,2024-04-16 17:13:00,30.2301810,-82.4342400,,
470,557,https://inaturalist-open-data.s3.amazonaws.com/photos/369016428/original.jpg,United States of America,,2024-04-21 10:21:30,30.3309320,-86.1007650,,
471,557,https://inaturalist-open-data.s3.amazonaws.com/photos/367326537/original.jpg,United States of America,,2024-04-15 20:06:54,30.1006000,-84.9320980,,
472,557,https://inaturalist-open-data.s3.amazonaws.com/photos/374246758/original.jpeg,United States of America,,2024-04-27 18:54:26,30.2031820,-82.4700500,,
473,557,https://inaturalist-open-data.s3.amazonaws.com/photos/375365815/original.jpeg,United States of America,,2024-04-29 09:12:00,30.1675760,-84.9000650,,
474,557,https://inaturalist-open-data.s3.amazonaws.com/photos/371359834/original.jpg,United States of America,,2024-04-26 15:07:00,30.5460600,-89.9004470,,
475,557,https://inaturalist-open-data.s3.amazonaws.com/photos/376265195/original.jpg,United States of America,,2024-04-28 13:25:46,30.1554270,-85.1162750,,
476,557,https://inaturalist-open-data.s3.amazonaws.com/photos/425740313/original.jpeg,United States of America,,2024-04-23 16:52:40,31.3974480,-81.5812290,,
477,557,https://inaturalist-open-data.s3.amazonaws.com/photos/371118134/original.jpeg,United States of America,,2024-04-26 14:50:41,30.4035410,-89.9393950,,
478,557,https://inaturalist-open-data.s3.amazonaws.com/photos/372179904/original.jpeg,,,2024-04-27 13:26:48,,,,
479,557,https://inaturalist-open-data.s3.amazonaws.com/photos/372277633/original.jpeg,United States of America,,2024-04-27 13:14:51,30.2780430,-84.8666450,,
480,557,https://inaturalist-open-data.s3.amazonaws.com/photos/376063184/original.jpeg,United States of America,,2024-05-01 18:24:18,29.7327360,-84.9060820,,
481,557,https://inaturalist-open-data.s3.amazonaws.com/photos/376726823/original.jpg,United States of America,,2024-05-03 11:04:00,30.5811230,-88.7505820,,
482,557,https://inaturalist-open-data.s3.amazonaws.com/photos/377996608/original.jpg,United States of America,,2024-05-05 19:36:05,30.6628250,-86.9463470,,
483,557,https://inaturalist-open-data.s3.amazonaws.com/photos/377897714/original.jpg,United States of America,,2024-05-05 16:58:57,30.5704340,-89.9410760,,
484,557,https://inaturalist-open-data.s3.amazonaws.com/photos/379587425/original.jpg,United States of America,,2024-05-07 16:16:00,30.2833570,-84.4932900,,
485,557,https://inaturalist-open-data.s3.amazonaws.com/photos/381135374/original.jpg,United States of America,,2024-05-13 13:19:16,30.3875830,-84.8314040,,
486,557,https://inaturalist-open-data.s3.amazonaws.com/photos/380845445/original.jpg,United States of America,,2024-05-12 17:55:58,30.7188230,-86.8238680,,
487,557,https://inaturalist-open-data.s3.amazonaws.com/photos/380793865/original.jpeg,United States of America,,2024-05-12 15:38:52,34.6995980,-77.1468780,,
488,557,https://inaturalist-open-data.s3.amazonaws.com/photos/377243700/original.jpg,United States of America,,2024-05-04 11:14:01,30.2083590,-88.6628410,,
489,557,https://inaturalist-open-data.s3.amazonaws.com/photos/379471597/original.jpg,United States of America,,2024-05-09 13:19:00,30.4649460,-88.6891840,,
490,557,https://inaturalist-open-data.s3.amazonaws.com/photos/377097579/original.jpg,United States of America,,2024-05-02 13:46:00,30.3025660,-88.7043420,,
491,557,https://inaturalist-open-data.s3.amazonaws.com/photos/379672726/original.jpeg,United States of America,,2024-05-09 13:20:00,30.4323300,-88.6068610,,
492,557,https://inaturalist-open-data.s3.amazonaws.com/photos/377694089/original.jpg,United States of America,,2024-05-05 10:00:03,30.5743480,-89.8917240,,
493,557,https://inaturalist-open-data.s3.amazonaws.com/photos/379076933/original.jpg,United States of America,,2024-05-05 13:35:23,30.4931960,-89.9453470,,
494,557,https://inaturalist-open-data.s3.amazonaws.com/photos/380800960/original.jpeg,United States of America,,2024-05-12 15:40:22,34.6024920,-77.1495650,,
1216,883,https://inaturalist-open-data.s3.amazonaws.com/photos/506748160/original.jpg,United States of America,,,42.4245700,-83.9327780,,
495,557,https://inaturalist-open-data.s3.amazonaws.com/photos/376788966/original.jpeg,United States of America,,2024-05-02 13:48:00,30.3249110,-88.7691800,,
496,557,https://inaturalist-open-data.s3.amazonaws.com/photos/381213844/original.jpg,United States of America,,2024-05-13 13:20:36,30.2702480,-84.8551170,,
497,557,https://inaturalist-open-data.s3.amazonaws.com/photos/379588070/original.jpg,United States of America,,2024-05-08 21:23:00,30.2554020,-84.8879930,,
498,557,https://inaturalist-open-data.s3.amazonaws.com/photos/381996453/original.jpg,United States of America,,2024-05-15 09:31:19,34.7477090,-76.8577050,,
499,557,https://inaturalist-open-data.s3.amazonaws.com/photos/383544532/original.jpg,United States of America,,2024-05-16 16:45:00,34.7765160,-77.1619400,,
500,557,https://inaturalist-open-data.s3.amazonaws.com/photos/384616860/original.jpeg,United States of America,,2024-05-11 13:19:50,30.3890370,-84.6345800,,
501,557,https://inaturalist-open-data.s3.amazonaws.com/photos/378324453/original.jpeg,United States of America,,2024-05-05 16:19:00,30.1477300,-84.8917400,,
502,557,https://inaturalist-open-data.s3.amazonaws.com/photos/378323417/original.jpeg,United States of America,,2024-05-05 16:19:00,30.1685500,-84.9023540,,
503,557,https://inaturalist-open-data.s3.amazonaws.com/photos/378323777/original.jpeg,United States of America,,2024-05-05 16:17:00,30.1167300,-84.9158640,,
504,557,https://inaturalist-open-data.s3.amazonaws.com/photos/393106552/original.jpg,United States of America,,2024-05-25 14:54:05,34.0226820,-78.3436140,,
1217,883,https://inaturalist-open-data.s3.amazonaws.com/photos/506747874/original.jpg,United States of America,,,42.4245630,-83.9330300,,
505,557,https://inaturalist-open-data.s3.amazonaws.com/photos/408327954/original.jpeg,United States of America,,2024-05-08 17:13:00,30.4441040,-88.4718710,,
506,557,https://inaturalist-open-data.s3.amazonaws.com/photos/408325809/original.jpeg,United States of America,,2024-05-08 16:16:00,30.5697150,-88.4758600,,
507,557,https://inaturalist-open-data.s3.amazonaws.com/photos/380979369/original.jpg,United States of America,,2024-05-12 16:43:55,34.7194470,-76.9556790,,
508,557,https://inaturalist-open-data.s3.amazonaws.com/photos/380140706/original.jpg,United States of America,,2024-05-11 10:13:42,34.1386150,-78.3728000,,
509,557,https://inaturalist-open-data.s3.amazonaws.com/photos/383693756/original.jpeg,United States of America,,2024-05-17 15:43:00,34.0115570,-78.3247020,,
510,557,https://inaturalist-open-data.s3.amazonaws.com/photos/380756204/original.jpeg,,,2024-05-12 13:11:06,,,,
511,557,https://inaturalist-open-data.s3.amazonaws.com/photos/380768007/original.jpeg,United States of America,,2024-05-12 15:39:58,34.6943480,-77.0245760,,
512,557,https://inaturalist-open-data.s3.amazonaws.com/photos/383692775/original.jpg,United States of America,,2024-05-17 16:38:00,34.0374650,-78.2494670,,
513,557,https://inaturalist-open-data.s3.amazonaws.com/photos/380949028/original.jpg,,,2024-05-12 13:02:39,,,,
514,557,https://inaturalist-open-data.s3.amazonaws.com/photos/379813941/original.jpeg,United States of America,,2024-05-10 12:44:57,34.4416770,-77.7226800,,
515,557,https://inaturalist-open-data.s3.amazonaws.com/photos/385682738/original.jpg,United States of America,,2024-05-23 13:05:00,34.0216180,-78.3027110,,
516,557,https://inaturalist-open-data.s3.amazonaws.com/photos/381093692/original.jpg,United States of America,,2024-05-13 13:26:55,30.2135750,-84.8731750,,
517,557,https://inaturalist-open-data.s3.amazonaws.com/photos/460350664/original.jpg,United States of America,,2024-05-17 16:47:32,34.0445210,-78.2169500,,
518,557,https://inaturalist-open-data.s3.amazonaws.com/photos/266287816/original.jpg,United States of America,,2023-04-07 14:02:18,30.1201080,-84.8849650,,
519,557,https://inaturalist-open-data.s3.amazonaws.com/photos/266414510/original.jpeg,United States of America,,2023-04-09 15:58:00,30.2888830,-88.6756490,,
520,557,https://inaturalist-open-data.s3.amazonaws.com/photos/265813341/original.jpg,United States of America,,2023-04-07 09:59:28,29.9220520,-84.9268010,,
521,557,https://inaturalist-open-data.s3.amazonaws.com/photos/267142515/original.jpg,United States of America,,2023-04-11 13:20:17,30.2232890,-86.0322870,,
522,557,https://inaturalist-open-data.s3.amazonaws.com/photos/268759408/original.jpg,United States of America,,2023-04-13 17:30:00,30.0759930,-84.9647450,,
523,557,https://inaturalist-open-data.s3.amazonaws.com/photos/269370659/original.jpeg,United States of America,,2023-04-16 14:19:54,30.0683710,-84.9131180,,
524,559,https://inaturalist-open-data.s3.amazonaws.com/photos/464182723/original.jpeg,French Guiana,,2025-01-13 09:07:00,5.4093370,-53.0949850,,
525,559,https://inaturalist-open-data.s3.amazonaws.com/photos/465996575/original.jpeg,French Guiana,,2025-01-25 17:34:20,4.2997910,-52.1998010,,
526,559,https://inaturalist-open-data.s3.amazonaws.com/photos/466822854/original.jpg,French Guiana,,2025-01-22 14:26:00,5.3342370,-52.9165070,,
528,559,https://inaturalist-open-data.s3.amazonaws.com/photos/473047497/original.jpeg,French Guiana,,2025-02-27 13:47:00,4.9488370,-52.3832630,,
529,559,https://inaturalist-open-data.s3.amazonaws.com/photos/559118602/original.jpg,Brazil,,2025-02-25 10:09:42,-20.3706470,-43.4648050,,
530,559,https://inaturalist-open-data.s3.amazonaws.com/photos/473487825/original.jpeg,French Guiana,,2025-03-01 16:45:24,4.3072130,-52.1444740,,
531,559,https://inaturalist-open-data.s3.amazonaws.com/photos/473854073/original.jpg,French Guiana,,2025-03-02 15:13:00,5.4544070,-53.1679730,,
532,559,https://inaturalist-open-data.s3.amazonaws.com/photos/478978285/original.jpeg,French Guiana,,2025-03-21 22:15:00,4.6179850,-52.4987500,,
533,559,https://inaturalist-open-data.s3.amazonaws.com/photos/478652215/original.jpeg,French Guiana,,2025-03-21 22:43:12,5.2894300,-53.0542330,,
534,559,https://inaturalist-open-data.s3.amazonaws.com/photos/478798249/original.jpg,French Guiana,,2025-03-22 19:17:09,4.0964080,-52.6829300,,
535,559,https://inaturalist-open-data.s3.amazonaws.com/photos/478977734/original.jpg,French Guiana,,2025-03-22 08:15:00,4.6138570,-52.4989090,,
536,559,https://inaturalist-open-data.s3.amazonaws.com/photos/479906598/original.jpg,Brazil,,2025-03-25 08:40:14,-28.4124450,-49.5400050,,
537,559,https://inaturalist-open-data.s3.amazonaws.com/photos/485575211/original.jpg,Colombia,,2025-04-07 11:14:00,1.6959400,-76.0431160,,
538,559,https://inaturalist-open-data.s3.amazonaws.com/photos/485661465/original.jpeg,French Guiana,,2025-04-12 15:25:52,4.3772520,-52.3096150,,
539,559,https://inaturalist-open-data.s3.amazonaws.com/photos/489822908/original.jpeg,Brazil,,2025-04-22 10:40:00,-27.6525880,-48.4693920,,
540,559,https://inaturalist-open-data.s3.amazonaws.com/photos/492838212/original.jpeg,French Guiana,,2025-04-26 08:08:17,4.7924550,-52.5025630,,
541,559,https://inaturalist-open-data.s3.amazonaws.com/photos/495077131/original.jpeg,French Guiana,,2025-04-25 18:13:00,4.5695930,-52.2176820,,
542,559,https://inaturalist-open-data.s3.amazonaws.com/photos/497074613/original.jpeg,Colombia,,2025-04-29 16:01:22,1.2204820,-70.2345100,,
543,559,https://inaturalist-open-data.s3.amazonaws.com/photos/535920132/original.jpg,Colombia,,2025-04-29 16:01:00,1.2231080,-70.2357470,,
544,559,https://inaturalist-open-data.s3.amazonaws.com/photos/487975251/original.jpeg,Colombia,,2025-04-18 11:37:23,6.8489940,-73.3648130,,
545,559,https://inaturalist-open-data.s3.amazonaws.com/photos/503914030/original.jpg,French Guiana,,2025-05-11 15:54:27,5.1152750,-52.7834630,,
546,559,https://inaturalist-open-data.s3.amazonaws.com/photos/510037818/original.jpg,French Guiana,,2025-05-24 13:32:00,4.7890800,-52.3447810,,
547,559,https://inaturalist-open-data.s3.amazonaws.com/photos/508507787/original.jpg,Brazil,,2025-05-21 20:45:00,-24.0581350,-47.9911680,,
548,559,https://inaturalist-open-data.s3.amazonaws.com/photos/521690004/original.jpg,French Guiana,,2025-05-01 16:38:00,3.5187930,-52.3209040,,
1218,883,https://inaturalist-open-data.s3.amazonaws.com/photos/507046714/original.jpg,United States of America,,,43.9855770,-72.2609490,,
549,559,https://inaturalist-open-data.s3.amazonaws.com/photos/514861894/original.jpg,Colombia,,2025-06-01 12:29:02,6.2630290,-75.2187340,,
550,559,https://inaturalist-open-data.s3.amazonaws.com/photos/517140689/original.jpg,Colombia,,2025-06-07 09:21:27,6.9853340,-75.1138690,,
551,559,https://inaturalist-open-data.s3.amazonaws.com/photos/517126233/original.jpg,Colombia,,2025-06-07 08:29:58,6.9853340,-75.1138690,,
552,559,https://inaturalist-open-data.s3.amazonaws.com/photos/518039742/original.jpg,French Guiana,,2025-06-05 11:43:00,5.5993580,-53.8934940,,
553,559,https://inaturalist-open-data.s3.amazonaws.com/photos/519935559/original.jpg,French Guiana,,2025-06-11 14:31:00,4.8920950,-52.5134360,,
554,559,https://inaturalist-open-data.s3.amazonaws.com/photos/527964474/original.jpg,French Guiana,,2025-06-18 09:03:00,5.0633430,-52.6034090,,
555,559,https://inaturalist-open-data.s3.amazonaws.com/photos/564618706/original.jpg,Panama,,2025-06-28 12:07:00,9.2494450,-79.3525120,,
556,559,https://inaturalist-open-data.s3.amazonaws.com/photos/564626993/original.jpg,Panama,,2025-06-28 14:38:00,9.2170160,-79.3908970,,
557,559,https://inaturalist-open-data.s3.amazonaws.com/photos/536735051/original.jpg,Panama,,2025-07-14 12:21:48,8.8003940,-82.6603240,,
558,559,https://inaturalist-open-data.s3.amazonaws.com/photos/544094182/original.jpg,Brazil,,2025-07-28 13:21:00,-27.6223550,-48.4585060,,
559,559,https://inaturalist-open-data.s3.amazonaws.com/photos/539310287/original.jpg,Colombia,,2025-07-10 15:38:55,11.1101670,-74.1042470,,
560,559,https://inaturalist-open-data.s3.amazonaws.com/photos/551063185/original.jpg,Colombia,,2025-08-08 16:53:50,5.5575880,-75.8598640,,
561,559,https://inaturalist-open-data.s3.amazonaws.com/photos/346704660/original.jpg,Brazil,,2024-01-16 19:36:21,-15.9754030,-47.9483830,,
562,559,https://inaturalist-open-data.s3.amazonaws.com/photos/349680223/original.jpg,Brazil,,2024-02-03 18:53:15,-26.4740670,-49.2695370,,
563,559,https://inaturalist-open-data.s3.amazonaws.com/photos/350226480/original.jpeg,Brazil,,2024-02-07 18:09:42,-27.0899810,-48.9850200,,
564,559,https://inaturalist-open-data.s3.amazonaws.com/photos/353242402/original.jpeg,French Guiana,,2024-02-22 11:57:00,5.1217110,-52.6653220,,
565,559,https://inaturalist-open-data.s3.amazonaws.com/photos/550365027/original.jpg,Brazil,,2024-02-20 15:12:32,-27.4227910,-48.3648020,,
566,559,https://inaturalist-open-data.s3.amazonaws.com/photos/355464077/original.jpeg,French Guiana,,2024-03-05 11:05:46,4.7994320,-52.3706860,,
567,559,https://inaturalist-open-data.s3.amazonaws.com/photos/355063709/original.jpeg,Brazil,,2024-03-02 11:45:14,-20.5020900,-41.0425470,,
568,559,https://inaturalist-open-data.s3.amazonaws.com/photos/360210782/original.jpg,French Guiana,,2024-03-24 11:26:00,4.8329370,-52.3492810,,
569,559,https://inaturalist-open-data.s3.amazonaws.com/photos/360541906/original.jpg,French Guiana,,2024-03-18 14:26:00,4.7733380,-52.3538440,,
1219,883,https://inaturalist-open-data.s3.amazonaws.com/photos/510962013/original.jpg,United States of America,,,42.3582590,-83.8075140,,
570,559,https://inaturalist-open-data.s3.amazonaws.com/photos/360112533/original.jpeg,Brazil,,2024-03-24 17:21:41,-27.0899810,-48.9850200,,
571,559,https://inaturalist-open-data.s3.amazonaws.com/photos/360207806/original.jpg,French Guiana,,2024-03-24 10:49:00,4.8299760,-52.3528370,,
572,559,https://inaturalist-open-data.s3.amazonaws.com/photos/360214805/original.jpg,French Guiana,,2024-03-24 13:21:00,4.8175390,-52.3452080,,
573,559,https://inaturalist-open-data.s3.amazonaws.com/photos/364156085/original.jpeg,Brazil,,2024-04-07 13:39:42,-27.0797560,-49.0167610,,
574,559,https://inaturalist-open-data.s3.amazonaws.com/photos/372541452/original.jpg,French Guiana,,2024-04-27 16:47:00,4.8001540,-52.3699890,,
575,559,https://inaturalist-open-data.s3.amazonaws.com/photos/374312561/original.jpeg,Brazil,,2024-04-29 15:56:20,-27.0913950,-48.9896280,,
576,559,https://inaturalist-open-data.s3.amazonaws.com/photos/372813764/original.jpeg,French Guiana,,2024-04-27 16:10:00,4.7757120,-52.3536490,,
577,559,https://inaturalist-open-data.s3.amazonaws.com/photos/372107646/original.jpeg,French Guiana,,2024-04-27 16:48:35,4.8001510,-52.3699850,,
578,559,https://inaturalist-open-data.s3.amazonaws.com/photos/376688939/original.jpeg,French Guiana,,2024-04-30 10:03:41,4.1966770,-52.1538770,,
579,559,https://inaturalist-open-data.s3.amazonaws.com/photos/383980477/original.jpg,Brazil,,2024-04-18 09:42:00,-27.7658110,-48.4796550,,
1220,883,https://inaturalist-open-data.s3.amazonaws.com/photos/511470965/original.jpg,Canada,,,44.4687740,-77.2290350,,
580,559,https://inaturalist-open-data.s3.amazonaws.com/photos/470125612/original.jpeg,French Guiana,,2024-05-09 00:00:00,3.9326810,-52.1868270,,
581,559,https://inaturalist-open-data.s3.amazonaws.com/photos/392422714/original.jpg,French Guiana,,2024-06-06 10:31:00,4.7458700,-52.4172560,,
582,559,https://inaturalist-open-data.s3.amazonaws.com/photos/392038883/original.jpg,French Guiana,,2024-06-06 10:31:00,4.7457890,-52.4173020,,
583,559,https://inaturalist-open-data.s3.amazonaws.com/photos/397698220/original.jpg,French Guiana,,2024-06-21 12:10:19,4.8347650,-52.3452640,,
584,559,https://inaturalist-open-data.s3.amazonaws.com/photos/400085826/original.jpg,French Guiana,,2024-06-27 12:05:00,5.2518720,-52.8229370,,
585,559,https://inaturalist-open-data.s3.amazonaws.com/photos/405367945/original.jpg,French Guiana,,2024-07-08 11:46:00,5.1918530,-52.7624620,,
586,559,https://inaturalist-open-data.s3.amazonaws.com/photos/405367862/original.jpg,French Guiana,,2024-07-08 11:26:00,5.1917690,-52.7620190,,
587,559,https://inaturalist-open-data.s3.amazonaws.com/photos/408509649/original.jpeg,French Guiana,,2024-07-17 13:35:00,3.9087920,-51.8062340,,
588,559,https://inaturalist-open-data.s3.amazonaws.com/photos/416381440/original.jpg,Brazil,,2024-07-23 15:51:00,0.9822510,-51.1291710,,
589,559,https://inaturalist-open-data.s3.amazonaws.com/photos/452651750/original.jpeg,Colombia,,2024-07-22 11:44:33,11.0905280,-74.0319800,,
590,559,https://inaturalist-open-data.s3.amazonaws.com/photos/459489977/original.jpeg,Colombia,,2024-12-26 12:15:28,2.7339330,-75.5239580,,
591,559,https://inaturalist-open-data.s3.amazonaws.com/photos/251723791/original.jpeg,French Guiana,,2023-01-12 10:12:00,4.8935780,-52.5093620,,
592,559,https://inaturalist-open-data.s3.amazonaws.com/photos/253689819/original.jpeg,French Guiana,,2023-01-26 15:46:52,5.1752780,-52.7000000,,
593,559,https://inaturalist-open-data.s3.amazonaws.com/photos/259273579/original.jpeg,French Guiana,,2023-03-04 11:51:11,4.8244630,-52.5127380,,
594,559,https://inaturalist-open-data.s3.amazonaws.com/photos/259235633/original.jpeg,French Guiana,,2023-03-05 08:56:10,4.7777780,-52.3988890,,
595,559,https://inaturalist-open-data.s3.amazonaws.com/photos/258559977/original.jpg,French Guiana,,2023-03-01 10:48:00,4.8985690,-52.5045660,,
596,559,https://inaturalist-open-data.s3.amazonaws.com/photos/260727619/original.jpg,French Guiana,,2023-03-14 09:15:00,4.9065630,-52.5663240,,
597,559,https://inaturalist-open-data.s3.amazonaws.com/photos/264625360/original.jpeg,French Guiana,,2023-03-29 17:39:30,4.1967770,-52.1539100,,
598,559,https://inaturalist-open-data.s3.amazonaws.com/photos/466476126/original.jpg,French Guiana,,2023-03-23 16:07:00,4.3974020,-52.3106090,,
599,559,https://inaturalist-open-data.s3.amazonaws.com/photos/481331997/original.jpg,Brazil,,2023-03-04 10:00:00,-27.3369940,-48.5283830,,
600,559,https://inaturalist-open-data.s3.amazonaws.com/photos/526465083/original.jpg,Brazil,,2023-03-04 10:02:00,-27.3371190,-48.5285280,,
1221,883,https://inaturalist-open-data.s3.amazonaws.com/photos/506735258/original.jpg,United States of America,,,42.4244780,-83.9340370,,
601,559,https://inaturalist-open-data.s3.amazonaws.com/photos/264331525/original.jpeg,French Guiana,,2023-04-01 09:24:44,4.1967900,-52.1535230,,
602,559,https://inaturalist-open-data.s3.amazonaws.com/photos/265130790/original.jpeg,Brazil,,2023-04-04 15:51:56,-20.5241680,-41.0156640,,
603,559,https://inaturalist-open-data.s3.amazonaws.com/photos/269003347/original.jpeg,Brazil,,2023-04-19 09:17:22,-27.3450380,-48.8386870,,
604,559,https://inaturalist-open-data.s3.amazonaws.com/photos/270870974/original.jpg,Brazil,,2023-04-19 16:54:00,-27.3554260,-48.5349880,,
605,559,https://inaturalist-open-data.s3.amazonaws.com/photos/273338106/original.jpeg,Colombia,,2023-04-29 08:01:00,6.2710900,-75.6655900,,
606,559,https://inaturalist-open-data.s3.amazonaws.com/photos/280485240/original.jpeg,Brazil,,2023-04-21 07:02:00,-27.7415450,-48.8072720,,
607,559,https://inaturalist-open-data.s3.amazonaws.com/photos/280482758/original.jpeg,Brazil,,2023-04-21 15:07:00,-27.8116920,-48.8450900,,
608,559,https://inaturalist-open-data.s3.amazonaws.com/photos/340563651/original.jpg,Brazil,,2023-04-21 15:58:33,-27.8139170,-48.8499830,,
609,559,https://inaturalist-open-data.s3.amazonaws.com/photos/269560786/original.jpg,Brazil,,2023-04-21 10:15:41,-27.6682670,-48.4918670,,
610,559,https://inaturalist-open-data.s3.amazonaws.com/photos/526466121/original.jpg,Brazil,,2023-04-22 15:36:00,-27.2112760,-48.5005650,,
1451,885,https://inaturalist-open-data.s3.amazonaws.com/photos/525633110/original.jpg,Canada,,,51.0110270,-114.2204930,,
611,559,https://inaturalist-open-data.s3.amazonaws.com/photos/270827725/original.jpeg,Colombia,,2023-04-17 13:04:18,6.2710900,-75.6655900,,
612,559,https://inaturalist-open-data.s3.amazonaws.com/photos/276677609/original.jpeg,French Guiana,,2023-05-06 08:47:44,4.9218640,-52.6117000,,
613,559,https://bs.plantnet.org/image/o/31db7e625208bf2c7eada3448d07aa56229c929d,Brazil,47,2023-05-25 14:17:06.239,-25.5645530,-48.3009750,,
614,559,https://inaturalist-open-data.s3.amazonaws.com/photos/337948779/original.jpeg,Brazil,,2023-06-16 20:42:00,3.7779130,-61.7347660,,
615,559,https://inaturalist-open-data.s3.amazonaws.com/photos/301651106/original.jpeg,French Guiana,,2023-07-18 13:34:00,5.1152730,-52.7832750,,
616,559,https://inaturalist-open-data.s3.amazonaws.com/photos/310846795/original.jpg,Colombia,,2023-08-15 16:22:00,1.4844710,-75.8009560,,
617,559,https://inaturalist-open-data.s3.amazonaws.com/photos/334220761/original.jpg,Colombia,,2023-11-04 12:08:00,11.1100970,-74.1027670,,
618,559,https://inaturalist-open-data.s3.amazonaws.com/photos/340252031/original.jpeg,Panama,,2023-12-10 17:02:00,8.5933540,-80.4465600,,
619,559,https://inaturalist-open-data.s3.amazonaws.com/photos/343659496/original.jpeg,Brazil,,2023-12-31 07:47:14,-27.0861760,-48.9880810,,
620,559,https://inaturalist-open-data.s3.amazonaws.com/photos/181178308/original.jpeg,French Guiana,,2022-02-24 20:10:55,4.0958400,-52.6835080,,
621,559,https://inaturalist-open-data.s3.amazonaws.com/photos/180644795/original.jpg,Colombia,,2022-02-23 17:32:41,3.3269420,-76.5929870,,
622,559,https://inaturalist-open-data.s3.amazonaws.com/photos/181178352/original.jpeg,French Guiana,,2022-02-24 19:54:35,4.0960610,-52.6836750,,
623,559,https://inaturalist-open-data.s3.amazonaws.com/photos/181178341/original.jpeg,French Guiana,,2022-02-24 20:16:21,4.0963270,-52.6833400,,
624,567,https://inaturalist-open-data.s3.amazonaws.com/photos/113821901/original.jpeg,Colombia,,2020-06-22 15:24:00,6.0896510,-75.3006890,,
625,573,https://bs.plantnet.org/image/o/e932c87859e0252753407d381015aa6ad31c804b,French Guiana,408,2022-03-25 18:25:41,4.0967400,-52.6822700,,
626,573,https://inaturalist-open-data.s3.amazonaws.com/photos/252166143/original.jpg,French Guiana,,2022-03-14 20:25:00,4.9192280,-52.5574270,,
627,573,https://inaturalist-open-data.s3.amazonaws.com/photos/251597370/original.jpg,French Guiana,,2022-03-01 14:00:00,4.5639950,-52.2005060,,
628,573,https://inaturalist-open-data.s3.amazonaws.com/photos/252380074/original.jpg,French Guiana,,2022-03-18 17:11:00,4.1970560,-52.1519640,,
629,573,https://inaturalist-open-data.s3.amazonaws.com/photos/251597229/original.jpeg,French Guiana,,2022-04-02 23:46:00,4.8311680,-52.5131890,,
630,573,https://inaturalist-open-data.s3.amazonaws.com/photos/274169006/original.jpg,French Guiana,,2022-04-03 09:36:00,4.9727460,-52.4380190,,
631,573,https://inaturalist-open-data.s3.amazonaws.com/photos/62130054/original.jpg,French Guiana,,2020-02-21 10:54:47,4.9210940,-52.6129330,,
6174,18626,https://medialib.naturalis.nl/file/id/L.1488399/format/large,unknown or invalid,,,,,,
632,573,https://inaturalist-open-data.s3.amazonaws.com/photos/88298879/original.jpeg,French Guiana,,2020-08-04 18:19:00,4.8260020,-52.4979380,,
633,573,https://inaturalist-open-data.s3.amazonaws.com/photos/33485556/original.jpeg,French Guiana,,2019-03-06 08:15:29,4.6243470,-52.3611460,,
634,573,https://inaturalist-open-data.s3.amazonaws.com/photos/199231359/original.jpeg,French Guiana,,2019-03-13 09:27:33,4.0944700,-52.6805800,,
635,573,https://inaturalist-open-data.s3.amazonaws.com/photos/502935544/original.jpeg,French Guiana,,2018-04-03 09:59:00,4.6249730,-52.3112590,,
636,573,https://inaturalist-open-data.s3.amazonaws.com/photos/379646314/original.jpeg,French Guiana,,2016-06-18 21:03:00,4.1961750,-52.1516920,,
637,573,https://inaturalist-open-data.s3.amazonaws.com/photos/362559254/original.jpeg,French Guiana,,2015-03-22 19:16:00,4.0938240,-52.6807220,,
638,573,https://inaturalist-open-data.s3.amazonaws.com/photos/457069353/original.jpg,French Guiana,,2012-03-25 09:12:00,4.1960200,-52.1518250,,
639,573,https://inaturalist-open-data.s3.amazonaws.com/photos/250324368/original.jpeg,French Guiana,,2010-03-14 10:33:00,4.1984320,-52.1306060,,
640,573,https://inaturalist-open-data.s3.amazonaws.com/photos/377364364/original.jpeg,French Guiana,,2010-03-14 10:33:00,4.3232430,-52.2354080,,
641,578,https://inaturalist-open-data.s3.amazonaws.com/photos/192872373/original.jpg,Brazil,,2022-04-30 10:44:00,-27.7283670,-48.7422490,,
1452,885,https://inaturalist-open-data.s3.amazonaws.com/photos/525781620/original.jpg,Canada,,,51.0093560,-114.2150690,,
642,578,https://inaturalist-open-data.s3.amazonaws.com/photos/195474868/original.jpeg,Brazil,,2022-04-28 14:39:00,-26.6571580,-49.4068640,,
643,578,https://inaturalist-open-data.s3.amazonaws.com/photos/85281143/original.jpg,Brazil,,2020-07-18 15:27:17,-27.4747420,-48.3752470,,
644,578,https://inaturalist-open-data.s3.amazonaws.com/photos/304873289/original.png,Brazil,,2013-05-02 15:38:00,-19.9073510,-40.5531640,,
645,589,https://inaturalist-open-data.s3.amazonaws.com/photos/180610348/original.jpeg,Brazil,,2022-02-24 06:43:56,-15.9468430,-47.8327060,,
646,589,https://inaturalist-open-data.s3.amazonaws.com/photos/350023690/original.jpg,Brazil,,2022-02-24 13:56:00,-20.2537150,-46.4199890,,
647,589,https://inaturalist-open-data.s3.amazonaws.com/photos/363502997/original.jpeg,Brazil,,2021-02-12 08:22:00,-17.6943640,-44.1920080,,
648,590,https://inaturalist-open-data.s3.amazonaws.com/photos/181618198/original.jpeg,Brazil,,2022-03-02 17:59:32,-13.2664710,-41.9078970,,
649,590,https://inaturalist-open-data.s3.amazonaws.com/photos/185867582/original.jpeg,Brazil,,2014-06-28 07:28:00,-12.6548340,-41.4419560,,
650,595,https://inaturalist-open-data.s3.amazonaws.com/photos/196391946/original.jpeg,Panama,,2022-05-09 12:13:00,8.6893160,-80.6031410,,
651,595,https://inaturalist-open-data.s3.amazonaws.com/photos/203702275/original.jpeg,Panama,,2022-06-05 02:07:00,9.2366730,-79.3580580,,
652,595,https://inaturalist-open-data.s3.amazonaws.com/photos/217038305/original.jpg,Colombia,,2022-07-16 10:04:33,11.0792530,-74.0723640,,
653,595,https://inaturalist-open-data.s3.amazonaws.com/photos/214286524/original.jpeg,Panama,,2022-07-06 15:02:04,9.2321450,-79.4028640,,
654,595,https://inaturalist-open-data.s3.amazonaws.com/photos/215064627/original.jpeg,Panama,,2022-07-16 10:47:33,9.2266190,-79.3889140,,
655,595,https://inaturalist-open-data.s3.amazonaws.com/photos/215236544/original.jpg,Panama,,2022-07-18 10:10:00,8.4821550,-80.0601210,,
656,595,https://inaturalist-open-data.s3.amazonaws.com/photos/240680902/original.jpg,Colombia,,2022-10-29 16:39:00,2.2605920,-75.8624000,,
657,595,https://inaturalist-open-data.s3.amazonaws.com/photos/286271132/original.jpeg,Brazil,,2021-01-29 15:19:00,-7.1477010,-47.3719670,,
658,595,https://inaturalist-open-data.s3.amazonaws.com/photos/115704798/original.jpeg,Colombia,,2021-02-03 20:39:00,1.6380360,-75.5865700,,
659,595,https://inaturalist-open-data.s3.amazonaws.com/photos/118645265/original.jpg,Colombia,,2021-02-15 17:33:00,2.3839450,-75.8060220,,
660,595,https://inaturalist-open-data.s3.amazonaws.com/photos/121415380/original.jpg,Colombia,,2021-04-17 17:23:46,1.7194000,-75.6774850,,
661,595,https://inaturalist-open-data.s3.amazonaws.com/photos/121350229/original.jpg,Colombia,,2021-04-17 12:11:52,1.7189670,-75.6784880,,
662,595,https://inaturalist-open-data.s3.amazonaws.com/photos/123547915/original.jpeg,Panama,,2021-04-19 20:51:23,9.2321450,-79.4028640,,
663,595,https://inaturalist-open-data.s3.amazonaws.com/photos/136085748/original.jpeg,Panama,,2021-06-13 12:54:04,9.2234790,-79.3716250,,
664,595,https://inaturalist-open-data.s3.amazonaws.com/photos/137884291/original.jpg,Ecuador,,2021-06-20 17:49:36,-4.0645890,-78.9466500,,
665,595,https://inaturalist-open-data.s3.amazonaws.com/photos/143253348/original.jpg,Guyana,,2021-07-13 11:38:39,5.2788750,-59.3231340,,
666,595,https://inaturalist-open-data.s3.amazonaws.com/photos/148138717/original.jpg,Colombia,,2021-07-04 04:30:06,3.8313610,-77.2490570,,
667,595,https://inaturalist-open-data.s3.amazonaws.com/photos/477028781/original.jpeg,Colombia,,2021-07-28 00:00:00,5.9986120,-75.0051800,,
668,595,https://inaturalist-open-data.s3.amazonaws.com/photos/115330221/original.jpg,Ecuador,,2019-04-04 18:07:00,-2.9823150,-78.2267660,,
669,595,https://inaturalist-open-data.s3.amazonaws.com/photos/46114438/original.jpeg,Panama,,2019-07-25 13:31:57,8.5875830,-80.1346740,,
670,595,https://inaturalist-open-data.s3.amazonaws.com/photos/17300871/original.jpg,Ecuador,,2018-04-19 11:38:00,-1.4716860,-78.0099820,,
671,595,https://inaturalist-open-data.s3.amazonaws.com/photos/212938286/original.jpeg,Colombia,,2018-06-07 15:12:00,1.4542370,-75.8906760,,
672,595,https://inaturalist-open-data.s3.amazonaws.com/photos/336911983/original.jpeg,Brazil,,2018-06-16 15:32:00,3.6614800,-61.6308610,,
673,595,https://inaturalist-open-data.s3.amazonaws.com/photos/11762961/original.jpeg,Colombia,,2016-10-06 00:00:00,7.0290150,-75.2371640,,
674,595,https://inaturalist-open-data.s3.amazonaws.com/photos/465589583/original.jpg,Colombia,,2016-10-09 09:53:00,6.0155570,-75.1395440,,
675,595,https://inaturalist-open-data.s3.amazonaws.com/photos/223583713/original.jpeg,Colombia,,2015-05-08 17:54:00,1.7354990,-75.6724020,,
676,595,https://inaturalist-open-data.s3.amazonaws.com/photos/344750024/original.jpg,Ecuador,,2014-01-17 04:45:00,-4.0834750,-79.2054190,,
677,595,https://inaturalist-open-data.s3.amazonaws.com/photos/184429723/original.jpeg,Guyana,,2012-04-05 22:50:00,5.1765160,-59.4807530,,
678,595,https://bs.plantnet.org/image/o/1e168a7b981ec2453775e74922aeaa11cbf9d829,French Guiana,185,2007-03-15 11:18:53,2.5121460,-53.8229650,,
679,595,https://inaturalist-open-data.s3.amazonaws.com/photos/178737793/original.jpg,Panama,,2005-06-10 15:02:00,9.2321490,-79.4028640,,
680,602,https://inaturalist-open-data.s3.amazonaws.com/photos/180972872/original.jpeg,French Guiana,,2022-02-27 18:07:00,4.8271150,-52.4974180,,
681,602,https://inaturalist-open-data.s3.amazonaws.com/photos/250400514/original.jpeg,French Guiana,,2011-02-27 14:40:00,5.4070020,-53.0288880,,
682,602,https://inaturalist-open-data.s3.amazonaws.com/photos/488983376/original.jpg,French Guiana,,2010-03-29 09:44:00,4.9436650,-52.4611630,,
683,602,https://inaturalist-open-data.s3.amazonaws.com/photos/488984700/original.jpg,French Guiana,,2010-04-02 09:34:00,4.7984890,-52.3689220,,
684,602,https://inaturalist-open-data.s3.amazonaws.com/photos/488479250/original.jpg,French Guiana,,2009-02-27 11:04:00,4.9457350,-52.4623980,,
685,602,https://inaturalist-open-data.s3.amazonaws.com/photos/488481343/original.jpg,French Guiana,,2009-02-27 10:19:00,4.9461870,-52.4631500,,
686,602,https://inaturalist-open-data.s3.amazonaws.com/photos/488488938/original.jpg,French Guiana,,2009-02-17 12:27:00,4.9459120,-52.4888780,,
687,609,https://inaturalist-open-data.s3.amazonaws.com/photos/481711930/original.jpeg,,,2025-03-30 10:31:00,,,,
688,609,https://inaturalist-open-data.s3.amazonaws.com/photos/481719973/original.jpeg,,,2025-03-30 10:37:00,,,,
689,609,https://inaturalist-open-data.s3.amazonaws.com/photos/474604796/original.jpg,United States of America,,2025-03-06 11:43:40,42.0111520,-72.3590980,,
690,609,https://inaturalist-open-data.s3.amazonaws.com/photos/493067698/original.jpg,United States of America,,2025-04-25 19:46:00,35.3373270,-82.9591880,,
691,609,https://inaturalist-open-data.s3.amazonaws.com/photos/491839749/original.jpg,United States of America,,2025-04-25 12:52:22,35.6384600,-83.7925910,,
692,609,https://inaturalist-open-data.s3.amazonaws.com/photos/492633208/original.jpg,United States of America,,2025-04-26 13:27:08,39.3934830,-76.9861220,,
693,609,https://inaturalist-open-data.s3.amazonaws.com/photos/494461689/original.jpg,United States of America,,2025-04-27 10:24:32,37.0188530,-82.6026890,,
694,609,https://inaturalist-open-data.s3.amazonaws.com/photos/494293523/original.jpg,United States of America,,2025-04-26 17:38:06,37.1182830,-82.7227120,,
695,609,https://inaturalist-open-data.s3.amazonaws.com/photos/496939326/original.jpeg,United States of America,,2025-04-26 11:41:30,35.7784530,-83.5375640,,
706,609,https://inaturalist-open-data.s3.amazonaws.com/photos/500038145/original.jpg,United States of America,,2025-05-04 14:01:14,38.2473280,-77.5287890,,
696,609,https://inaturalist-open-data.s3.amazonaws.com/photos/496283918/original.jpg,United States of America,,2025-04-26 11:42:49,35.6383740,-83.4808900,,
697,609,https://inaturalist-open-data.s3.amazonaws.com/photos/497025547/original.jpeg,United States of America,,2025-04-28 11:27:46,36.4382760,-84.7304190,,
698,609,https://inaturalist-open-data.s3.amazonaws.com/photos/497137165/original.jpg,United States of America,,2025-04-29 19:51:08,39.4617920,-76.6493550,,
699,609,https://inaturalist-open-data.s3.amazonaws.com/photos/490695941/original.jpg,United States of America,,2025-04-24 09:59:47,35.7563390,-83.3723970,,
700,609,https://inaturalist-open-data.s3.amazonaws.com/photos/497670315/original.jpeg,United States of America,,2025-04-30 10:08:28,34.7039560,-84.0966340,,
701,609,https://inaturalist-open-data.s3.amazonaws.com/photos/518052095/original.jpg,United States of America,,2025-04-25 12:51:38,35.7443570,-83.4072910,,
702,609,https://inaturalist-open-data.s3.amazonaws.com/photos/500349482/original.jpg,United States of America,,2025-05-03 17:51:09,36.5776330,-80.2537230,,
703,609,https://inaturalist-open-data.s3.amazonaws.com/photos/500187924/original.jpeg,United States of America,,2025-05-04 11:56:54,39.0123290,-76.8692210,,
704,609,https://inaturalist-open-data.s3.amazonaws.com/photos/500349175/original.jpg,United States of America,,2025-05-03 17:47:56,36.4923180,-80.2913610,,
705,609,https://inaturalist-open-data.s3.amazonaws.com/photos/500142841/original.jpg,United States of America,,2025-05-03 14:13:12,37.7275380,-76.8034130,,
1453,885,https://inaturalist-open-data.s3.amazonaws.com/photos/526224204/original.jpg,United States of America,,,64.8754420,-147.4407670,,
707,609,https://inaturalist-open-data.s3.amazonaws.com/photos/501534263/original.jpeg,United States of America,,2025-05-07 14:08:00,40.2270960,-75.8000920,,
708,609,https://inaturalist-open-data.s3.amazonaws.com/photos/499884193/original.jpg,United States of America,,2025-05-03 17:48:24,36.5707230,-80.2710800,,
709,609,https://inaturalist-open-data.s3.amazonaws.com/photos/499545619/original.jpg,United States of America,,2025-05-03 17:48:26,36.5330890,-80.2283350,,
710,609,https://inaturalist-open-data.s3.amazonaws.com/photos/501373235/original.jpg,United States of America,,2025-05-07 09:01:13,40.7933180,-77.9296820,,
711,609,https://inaturalist-open-data.s3.amazonaws.com/photos/499286831/original.jpeg,United States of America,,2025-05-03 11:13:17,39.0651590,-77.2906550,,
712,609,https://inaturalist-open-data.s3.amazonaws.com/photos/501795651/original.jpeg,United States of America,,2025-05-03 14:03:00,37.7643020,-76.8655790,,
713,609,https://inaturalist-open-data.s3.amazonaws.com/photos/499580697/original.jpeg,United States of America,,2025-05-03 14:08:35,35.3669060,-82.4269770,,
714,609,https://inaturalist-open-data.s3.amazonaws.com/photos/503667208/original.jpeg,United States of America,,2025-05-11 11:36:00,37.3918690,-80.4985720,,
715,609,https://inaturalist-open-data.s3.amazonaws.com/photos/503973148/original.jpeg,United States of America,,2025-05-11 13:35:18,37.3919580,-80.5012720,,
716,609,https://inaturalist-open-data.s3.amazonaws.com/photos/500440540/original.jpeg,United States of America,,2025-05-04 00:00:00,41.5868240,-72.2501110,,
717,609,https://inaturalist-open-data.s3.amazonaws.com/photos/506459896/original.jpg,United States of America,,2025-05-15 14:42:00,40.6735150,-81.7991150,,
718,609,https://inaturalist-open-data.s3.amazonaws.com/photos/511070442/original.jpg,United States of America,,2025-05-26 15:27:47,44.4533030,-73.2240440,,
719,609,https://inaturalist-open-data.s3.amazonaws.com/photos/506659894/original.jpg,United States of America,,2025-05-17 17:01:26,40.2277450,-75.7941550,,
720,609,https://inaturalist-open-data.s3.amazonaws.com/photos/508306401/original.jpg,United States of America,,2025-05-21 10:32:26,42.1450580,-72.3998000,,
721,609,https://inaturalist-open-data.s3.amazonaws.com/photos/507948791/original.jpg,United States of America,,2025-05-16 00:38:00,42.4652270,-72.4995640,,
722,609,https://inaturalist-open-data.s3.amazonaws.com/photos/505288153/original.jpg,United States of America,,2025-05-15 13:16:21,39.2003080,-77.7385990,,
723,609,https://inaturalist-open-data.s3.amazonaws.com/photos/506459925/original.jpg,United States of America,,2025-05-15 14:54:00,40.6928680,-81.7815320,,
724,609,https://inaturalist-open-data.s3.amazonaws.com/photos/506459889/original.jpg,United States of America,,2025-05-15 14:48:00,40.7086100,-81.6016880,,
725,609,https://inaturalist-open-data.s3.amazonaws.com/photos/500141467/original.jpg,United States of America,,2025-05-04 15:30:31,38.8819800,-77.6900870,,
726,609,https://inaturalist-open-data.s3.amazonaws.com/photos/506660542/original.jpg,United States of America,,2025-05-17 16:36:22,40.2285800,-75.7944990,,
727,609,https://inaturalist-open-data.s3.amazonaws.com/photos/510906347/original.jpg,United States of America,,2025-05-24 16:55:00,36.0450110,-84.7889810,,
1222,883,https://inaturalist-open-data.s3.amazonaws.com/photos/508744775/original.jpg,United States of America,,,42.1174840,-84.0258710,,
728,609,https://inaturalist-open-data.s3.amazonaws.com/photos/506742749/original.jpg,United States of America,,2025-05-17 16:00:47,40.2316320,-75.7940670,,
729,609,https://inaturalist-open-data.s3.amazonaws.com/photos/506664542/original.jpg,United States of America,,2025-05-17 14:14:57,40.2172710,-75.7739930,,
730,609,https://inaturalist-open-data.s3.amazonaws.com/photos/510772366/original.jpg,United States of America,,2025-05-25 15:03:26,37.8131360,-81.2950260,,
731,609,https://inaturalist-open-data.s3.amazonaws.com/photos/506659027/original.jpg,United States of America,,2025-05-17 18:02:20,40.2262500,-75.7938850,,
732,609,https://inaturalist-open-data.s3.amazonaws.com/photos/511604036/original.jpg,United States of America,,2025-05-27 14:12:22,42.6863140,-73.0747010,,
733,609,https://inaturalist-open-data.s3.amazonaws.com/photos/506459870/original.jpg,United States of America,,2025-05-15 14:39:00,40.7079060,-81.7350890,,
734,609,https://inaturalist-open-data.s3.amazonaws.com/photos/510342937/original.jpg,United States of America,,2025-05-25 12:46:22,41.1012790,-81.3394620,,
735,609,https://inaturalist-open-data.s3.amazonaws.com/photos/510906198/original.jpg,United States of America,,2025-05-24 16:46:00,36.0508490,-84.7310850,,
736,609,https://inaturalist-open-data.s3.amazonaws.com/photos/510686371/original.jpg,United States of America,,2025-05-25 09:02:39,42.4059260,-71.4783450,,
737,609,https://inaturalist-open-data.s3.amazonaws.com/photos/506660934/original.jpg,United States of America,,2025-05-17 16:07:28,40.2316320,-75.7940670,,
6175,18626,https://oxalis.br.fgov.be/images/BR0/000/032/804/584/BR0000032804584.jpg,India,,,,,,
738,609,https://inaturalist-open-data.s3.amazonaws.com/photos/511433183/original.jpg,United States of America,,2025-05-27 11:29:32,39.5892380,-77.4685410,,
739,609,https://inaturalist-open-data.s3.amazonaws.com/photos/511604916/original.jpg,United States of America,,2025-05-27 13:33:24,42.7530580,-73.0883630,,
740,609,https://inaturalist-open-data.s3.amazonaws.com/photos/511605512/original.jpg,United States of America,,2025-05-27 14:02:13,42.6049280,-73.1164760,,
741,609,https://inaturalist-open-data.s3.amazonaws.com/photos/509276101/original.jpg,United States of America,,2025-05-23 13:57:16,39.3617540,-77.2637860,,
742,609,https://inaturalist-open-data.s3.amazonaws.com/photos/510388143/original.jpg,United States of America,,2025-05-25 13:55:38,39.4023900,-77.6403540,,
743,609,https://inaturalist-open-data.s3.amazonaws.com/photos/512563659/original.jpg,United States of America,,2025-05-29 14:51:14,39.4165050,-76.8250090,,
744,609,https://inaturalist-open-data.s3.amazonaws.com/photos/512090196/original.jpg,United States of America,,2025-05-28 00:00:00,35.9877510,-93.4255380,,
745,609,https://inaturalist-open-data.s3.amazonaws.com/photos/514483994/original.jpg,United States of America,,2025-05-25 08:33:00,35.1901810,-82.6305510,,
746,609,https://inaturalist-open-data.s3.amazonaws.com/photos/511662087/original.jpg,United States of America,,2025-05-27 17:18:09,44.4662220,-73.3906080,,
747,609,https://inaturalist-open-data.s3.amazonaws.com/photos/511650359/original.jpg,United States of America,,2025-05-27 11:12:35,38.7347130,-77.3319010,,
1454,885,https://inaturalist-open-data.s3.amazonaws.com/photos/524718953/original.jpg,United States of America,,,63.6771700,-145.8829500,,
748,609,https://inaturalist-open-data.s3.amazonaws.com/photos/512562774/original.jpg,United States of America,,2025-05-29 14:30:44,39.4163830,-76.8251110,,
749,609,https://inaturalist-open-data.s3.amazonaws.com/photos/513719016/original.jpg,United States of America,,2025-05-31 15:00:59,41.6790430,-71.7913980,VU,
750,609,https://inaturalist-open-data.s3.amazonaws.com/photos/503932810/original.jpeg,United States of America,,2025-05-12 13:18:13,39.0174160,-77.3957570,,
751,609,https://inaturalist-open-data.s3.amazonaws.com/photos/525420195/original.jpg,United States of America,,2025-05-16 20:03:24,37.0735450,-77.3555670,,
752,609,https://inaturalist-open-data.s3.amazonaws.com/photos/529805835/original.jpg,United States of America,,2025-05-24 14:07:07,40.2233080,-75.7955590,,
753,609,https://inaturalist-open-data.s3.amazonaws.com/photos/513525975/original.jpg,United States of America,,2025-05-31 13:48:42,37.7338790,-80.3602300,,
754,609,https://inaturalist-open-data.s3.amazonaws.com/photos/505394098/original.jpg,United States of America,,2025-05-15 12:27:40,38.9903430,-77.3804940,,
755,609,https://inaturalist-open-data.s3.amazonaws.com/photos/505394491/original.jpg,United States of America,,2025-05-15 12:19:25,38.8824070,-77.2466850,,
756,609,https://inaturalist-open-data.s3.amazonaws.com/photos/505394227/original.jpg,United States of America,,2025-05-15 12:25:45,38.8580080,-77.3117110,,
757,609,https://inaturalist-open-data.s3.amazonaws.com/photos/505395817/original.jpg,United States of America,,2025-05-15 12:00:09,38.8104570,-77.3805360,,
6262,17278,"https://iiif.rbge.org.uk/herb/iiif/E00050527/full/300,/0/default.jpg",India,,,,,,
758,609,https://inaturalist-open-data.s3.amazonaws.com/photos/505394313/original.jpg,United States of America,,2025-05-15 12:25:13,38.8549630,-77.3331860,,
759,609,https://inaturalist-open-data.s3.amazonaws.com/photos/505390938/original.jpg,United States of America,,2025-05-15 13:04:42,38.8402950,-77.3122270,,
760,609,https://inaturalist-open-data.s3.amazonaws.com/photos/505379616/original.jpg,United States of America,,2025-05-15 12:05:00,38.8174460,-77.3711020,,
761,609,https://inaturalist-open-data.s3.amazonaws.com/photos/505392392/original.jpg,United States of America,,2025-05-15 12:44:26,38.8924820,-77.2385190,,
762,609,https://inaturalist-open-data.s3.amazonaws.com/photos/505391281/original.jpg,United States of America,,2025-05-15 13:03:12,38.9057410,-77.2558870,,
763,609,https://inaturalist-open-data.s3.amazonaws.com/photos/501113506/original.jpg,United States of America,,2025-05-06 09:57:57,37.8735670,-79.6214300,,
764,609,https://inaturalist-open-data.s3.amazonaws.com/photos/504971223/original.jpg,United States of America,,2025-05-14 10:31:20,38.2008530,-79.7821880,,
765,609,https://inaturalist-open-data.s3.amazonaws.com/photos/518112236/original.jpg,United States of America,,2025-06-08 16:32:38,40.8075120,-77.7998370,,
766,609,https://inaturalist-open-data.s3.amazonaws.com/photos/515932203/original.jpg,United States of America,,2025-06-04 12:08:10,34.9315390,-84.5390030,VU,
767,609,https://inaturalist-open-data.s3.amazonaws.com/photos/521687619/original.jpg,United States of America,,2025-06-15 13:50:51,41.6859300,-72.5277540,,
6263,17278,http://mediaphoto.mnhn.fr/media/1441304922727XVegDR81D83enUs7,Nepal,,,,,,
768,609,https://inaturalist-open-data.s3.amazonaws.com/photos/522225210/original.jpg,United States of America,,2025-06-16 09:58:20,35.9093070,-93.5234490,,
769,609,https://inaturalist-open-data.s3.amazonaws.com/photos/521487045/original.jpg,United States of America,,2025-06-15 10:38:07,37.4144750,-80.3704620,,
770,609,https://inaturalist-open-data.s3.amazonaws.com/photos/522122380/original.jpg,United States of America,,2025-06-16 12:06:00,39.1115620,-86.3271640,,
771,609,https://inaturalist-open-data.s3.amazonaws.com/photos/520064977/original.jpg,United States of America,,2025-06-12 11:45:03,37.1000080,-88.5900720,,
772,609,https://inaturalist-open-data.s3.amazonaws.com/photos/525771146/original.jpg,United States of America,,2025-06-11 11:07:00,43.0469870,-71.4623860,VU,
773,609,https://inaturalist-open-data.s3.amazonaws.com/photos/524792431/original.jpg,United States of America,,2025-06-17 11:01:00,39.9168120,-77.5007070,,
774,609,https://inaturalist-open-data.s3.amazonaws.com/photos/525771038/original.jpg,United States of America,,2025-06-11 11:06:00,43.1165080,-71.5622520,VU,
775,609,https://inaturalist-open-data.s3.amazonaws.com/photos/525771076/original.jpg,United States of America,,2025-06-11 11:07:00,43.0396610,-71.4249880,VU,
776,609,https://inaturalist-open-data.s3.amazonaws.com/photos/523831610/original.jpg,United States of America,,2025-06-19 15:30:11,43.0604000,-71.4522250,VU,
777,609,https://inaturalist-open-data.s3.amazonaws.com/photos/529377870/original.jpg,United States of America,,2025-06-16 09:59:00,35.9091220,-93.5494130,,
6717,30243,http://sweetgum.nybg.org/images3/3479/465/04038779.jpg,Costa Rica,,,,,,
778,609,https://inaturalist-open-data.s3.amazonaws.com/photos/527283046/original.jpg,United States of America,,2025-06-26 10:30:32,38.2573130,-86.5481920,,
779,609,https://inaturalist-open-data.s3.amazonaws.com/photos/527279305/original.jpg,United States of America,,2025-06-26 09:15:00,39.3533960,-86.5510310,,
780,609,https://inaturalist-open-data.s3.amazonaws.com/photos/526842446/original.jpg,United States of America,,2025-06-25 09:43:00,39.2697070,-86.5657210,,
781,609,https://inaturalist-open-data.s3.amazonaws.com/photos/515852205/original.jpg,United States of America,,2025-06-04 11:42:07,38.7938260,-77.4844380,VU,
782,609,https://inaturalist-open-data.s3.amazonaws.com/photos/522900586/original.jpg,United States of America,,2025-06-16 12:45:00,42.2482000,-73.5361370,,
783,609,https://inaturalist-open-data.s3.amazonaws.com/photos/522900529/original.jpg,United States of America,,2025-06-16 12:41:00,42.2976220,-73.5842630,,
784,609,https://inaturalist-open-data.s3.amazonaws.com/photos/530906559/original.jpg,United States of America,,2025-07-03 13:27:34,40.4834160,-77.1788260,,
785,609,https://inaturalist-open-data.s3.amazonaws.com/photos/533204312/original.jpg,United States of America,,2025-07-07 11:54:42,35.8423080,-93.5492480,,
786,609,https://inaturalist-open-data.s3.amazonaws.com/photos/530903875/original.jpg,United States of America,,2025-07-03 00:00:00,35.9667520,-93.4288790,,
1223,883,https://inaturalist-open-data.s3.amazonaws.com/photos/506748714/original.jpg,United States of America,,,42.4245330,-83.9323800,,
6264,17278,http://d2seqvvyy3b8p2.cloudfront.net/012fac10461f046deb6f48e11dd9b120.jpg,Nepal,,,,,,
1224,883,https://inaturalist-open-data.s3.amazonaws.com/photos/506736284/original.jpg,United States of America,,,42.4244950,-83.9337920,,
1225,883,https://inaturalist-open-data.s3.amazonaws.com/photos/506736499/original.jpg,United States of America,,,42.4245220,-83.9337000,,
1226,883,https://inaturalist-open-data.s3.amazonaws.com/photos/506377878/original.jpg,United States of America,,,42.4256830,-83.9356130,,
1227,883,https://inaturalist-open-data.s3.amazonaws.com/photos/505875433/original.jpg,Canada,,,43.1933070,-80.3710330,,
1228,883,https://inaturalist-open-data.s3.amazonaws.com/photos/506378834/original.jpg,United States of America,,,42.4256830,-83.9356130,,
1229,883,https://inaturalist-open-data.s3.amazonaws.com/photos/506735559/original.jpg,United States of America,,,42.4245120,-83.9340280,,
1230,883,https://inaturalist-open-data.s3.amazonaws.com/photos/508538998/original.jpg,United States of America,,,42.2131070,-88.1512080,,
1231,883,https://inaturalist-open-data.s3.amazonaws.com/photos/511218027/original.jpg,United States of America,,,42.1539030,-84.0532750,,
1232,883,https://inaturalist-open-data.s3.amazonaws.com/photos/506856805/original.jpg,United States of America,,,43.0156410,-88.9797980,,
1233,883,https://inaturalist-open-data.s3.amazonaws.com/photos/506747721/original.jpg,United States of America,,,42.4245220,-83.9331970,,
1234,883,https://inaturalist-open-data.s3.amazonaws.com/photos/506378740/original.jpg,United States of America,,,42.4256830,-83.9356130,,
2388,957,https://inaturalist-open-data.s3.amazonaws.com/photos/248799718/original.jpg,,,,,,,
1235,883,https://inaturalist-open-data.s3.amazonaws.com/photos/507877434/original.jpg,United States of America,,,41.7071490,-87.2088180,,
1236,883,https://inaturalist-open-data.s3.amazonaws.com/photos/510040697/original.jpg,Canada,,,43.4258470,-80.2651670,,
1237,883,https://inaturalist-open-data.s3.amazonaws.com/photos/511089942/original.jpg,United States of America,,,44.7146480,-93.3561740,,
1238,883,https://inaturalist-open-data.s3.amazonaws.com/photos/511376439/original.jpg,United States of America,,,41.8722610,-80.1245440,,
1239,883,https://inaturalist-open-data.s3.amazonaws.com/photos/510945338/original.jpg,United States of America,,,42.3427770,-83.8320430,,
1240,883,https://inaturalist-open-data.s3.amazonaws.com/photos/511169256/original.jpg,United States of America,,,42.1515720,-84.0506360,,
1241,883,https://inaturalist-open-data.s3.amazonaws.com/photos/511216284/original.jpg,United States of America,,,42.1475140,-84.0589970,,
1242,883,https://inaturalist-open-data.s3.amazonaws.com/photos/511218411/original.jpg,United States of America,,,42.1474810,-84.0590970,,
1243,883,https://inaturalist-open-data.s3.amazonaws.com/photos/511169677/original.jpg,United States of America,,,42.1515170,-84.0506890,,
1244,883,https://inaturalist-open-data.s3.amazonaws.com/photos/510281958/original.jpg,United States of America,,,43.0286790,-78.1375830,,
1245,883,https://inaturalist-open-data.s3.amazonaws.com/photos/512705097/original.jpg,United States of America,,,42.3847120,-84.0646830,,
1455,885,https://inaturalist-open-data.s3.amazonaws.com/photos/523782908/original.jpg,Canada,,,59.5934360,-129.2202170,,
1246,883,https://inaturalist-open-data.s3.amazonaws.com/photos/512704741/original.jpg,United States of America,,,42.3847220,-84.0646830,,
1247,883,https://inaturalist-open-data.s3.amazonaws.com/photos/511874659/original.jpg,United States of America,,,42.7549740,-83.7416550,,
1248,883,https://inaturalist-open-data.s3.amazonaws.com/photos/512705500/original.jpg,United States of America,,,42.3847280,-84.0645360,,
1249,883,https://inaturalist-open-data.s3.amazonaws.com/photos/513639978/original.jpg,United States of America,,,43.0011380,-88.9913710,,
1250,883,https://inaturalist-open-data.s3.amazonaws.com/photos/512704582/original.jpg,United States of America,,,42.3847500,-84.0646830,,
1251,883,https://inaturalist-open-data.s3.amazonaws.com/photos/513639966/original.jpg,United States of America,,,43.1973080,-88.9956000,,
1252,883,https://inaturalist-open-data.s3.amazonaws.com/photos/513037860/original.jpg,United States of America,,,42.8829580,-82.4851960,,
1253,883,https://inaturalist-open-data.s3.amazonaws.com/photos/512705455/original.jpg,United States of America,,,42.3846970,-84.0646890,,
1254,883,https://inaturalist-open-data.s3.amazonaws.com/photos/513142659/original.jpg,Canada,,,50.4739200,-97.4026510,,
1255,883,https://inaturalist-open-data.s3.amazonaws.com/photos/511871222/original.jpg,United States of America,,,47.1879730,-95.1641360,,
1256,883,https://inaturalist-open-data.s3.amazonaws.com/photos/513639981/original.jpg,United States of America,,,43.1409980,-88.8542780,,
2389,957,https://inaturalist-open-data.s3.amazonaws.com/photos/248696944/original.jpg,,,,,,,
1257,883,https://inaturalist-open-data.s3.amazonaws.com/photos/517114453/original.jpg,United States of America,,,43.8812370,-89.4570430,,
1258,883,https://inaturalist-open-data.s3.amazonaws.com/photos/510438536/original.jpg,United States of America,,,42.5929380,-88.2245850,,
1259,883,https://inaturalist-open-data.s3.amazonaws.com/photos/510387420/original.jpg,United States of America,,,42.5070670,-88.3431300,,
1260,883,https://inaturalist-open-data.s3.amazonaws.com/photos/521036782/original.jpg,United States of America,,,42.3564070,-83.8239510,,
1261,883,https://inaturalist-open-data.s3.amazonaws.com/photos/525073583/original.jpg,Canada,,,49.5948910,-96.6326500,,
1262,883,https://inaturalist-open-data.s3.amazonaws.com/photos/514403514/original.jpg,Canada,,,51.1944280,-96.6234450,,
1263,883,https://inaturalist-open-data.s3.amazonaws.com/photos/514070109/original.jpg,Canada,,,49.5654440,-96.8307180,,
1264,883,https://inaturalist-open-data.s3.amazonaws.com/photos/515284262/original.jpg,United States of America,,,47.5057300,-93.4553920,,
1265,883,https://inaturalist-open-data.s3.amazonaws.com/photos/514125889/original.jpg,Canada,,,51.1814830,-96.7923630,,
1266,883,https://inaturalist-open-data.s3.amazonaws.com/photos/517475566/original.jpg,United States of America,,,43.1144660,-82.5923980,,
1267,883,https://inaturalist-open-data.s3.amazonaws.com/photos/515870985/original.jpg,United States of America,,,42.4245120,-83.9332630,,
1268,883,https://inaturalist-open-data.s3.amazonaws.com/photos/515873050/original.jpg,United States of America,,,42.4217920,-83.9351720,,
1269,883,https://inaturalist-open-data.s3.amazonaws.com/photos/515927742/original.jpg,United States of America,,,45.4840780,-92.9757220,,
1270,883,https://inaturalist-open-data.s3.amazonaws.com/photos/515683146/original.jpg,United States of America,,,42.3847370,-84.0644530,,
1271,883,https://inaturalist-open-data.s3.amazonaws.com/photos/515683812/original.jpg,United States of America,,,42.3846530,-84.0645670,,
1272,883,https://inaturalist-open-data.s3.amazonaws.com/photos/515867853/original.jpg,United States of America,,,42.4244950,-83.9337130,,
1273,883,https://inaturalist-open-data.s3.amazonaws.com/photos/516304460/original.jpg,United States of America,,,47.5720220,-94.4590210,,
1274,883,https://inaturalist-open-data.s3.amazonaws.com/photos/515875466/original.jpg,United States of America,,,44.2217870,-94.1001880,,
1275,883,https://inaturalist-open-data.s3.amazonaws.com/photos/518826018/original.jpg,United States of America,,,48.1081170,-88.6034000,,
1276,883,https://inaturalist-open-data.s3.amazonaws.com/photos/518727634/original.jpg,United States of America,,,47.4772250,-93.5150690,,
1277,883,https://inaturalist-open-data.s3.amazonaws.com/photos/517933583/original.jpg,Canada,,,42.9904380,-81.3386380,,
1278,883,https://inaturalist-open-data.s3.amazonaws.com/photos/518512530/original.jpg,Canada,,,51.1681850,-97.6010090,,
1279,883,https://inaturalist-open-data.s3.amazonaws.com/photos/521737940/original.jpg,Canada,,,53.5889620,-113.8158680,,
2390,957,https://inaturalist-open-data.s3.amazonaws.com/photos/249186666/original.jpg,,,,,,,
1280,883,https://inaturalist-open-data.s3.amazonaws.com/photos/519331178/original.jpg,United States of America,,,46.6573370,-92.2951970,,
1281,883,https://inaturalist-open-data.s3.amazonaws.com/photos/519940859/original.jpg,United States of America,,,47.6071020,-96.4880860,,
1282,883,https://inaturalist-open-data.s3.amazonaws.com/photos/523144804/original.jpg,Canada,,,51.1126460,-98.7493260,,
1283,883,https://inaturalist-open-data.s3.amazonaws.com/photos/523218868/original.jpg,Canada,,,45.2576170,-81.6542500,,
1284,883,https://inaturalist-open-data.s3.amazonaws.com/photos/523179006/original.jpg,United States of America,,,45.0530850,-83.3210270,,
1285,883,https://inaturalist-open-data.s3.amazonaws.com/photos/523144631/original.jpg,Canada,,,51.1861520,-98.7164090,,
1286,883,https://inaturalist-open-data.s3.amazonaws.com/photos/523678203/original.jpg,United States of America,,,45.0280640,-87.1173010,,
1287,883,https://inaturalist-open-data.s3.amazonaws.com/photos/523720861/original.jpg,United States of America,,,48.8513940,-94.8185120,,
1288,883,https://inaturalist-open-data.s3.amazonaws.com/photos/523841816/original.jpg,Canada,,,45.9394150,-60.9369560,,
1289,883,https://inaturalist-open-data.s3.amazonaws.com/photos/525078715/original.jpg,Canada,,,50.4204270,-96.5076670,,
1290,883,https://inaturalist-open-data.s3.amazonaws.com/photos/518015200/original.jpg,Canada,,,49.4488700,-96.6385190,,
1291,883,https://inaturalist-open-data.s3.amazonaws.com/photos/529560654/original.jpg,Canada,,,50.4000060,-96.5816740,,
1292,883,https://inaturalist-open-data.s3.amazonaws.com/photos/527372599/original.jpg,United States of America,,,48.5802220,-95.0235830,,
1293,883,https://inaturalist-open-data.s3.amazonaws.com/photos/532717763/original.jpg,Canada,,,49.5213350,-96.9610590,,
1294,883,https://inaturalist-open-data.s3.amazonaws.com/photos/533163263/original.jpg,Canada,,,49.5319250,-96.7961600,,
1295,883,https://inaturalist-open-data.s3.amazonaws.com/photos/530240916/original.jpg,Canada,,,50.4107200,-96.4215810,,
1296,883,https://inaturalist-open-data.s3.amazonaws.com/photos/527051105/original.jpg,United States of America,,,47.5984780,-94.5761500,,
1297,883,https://inaturalist-open-data.s3.amazonaws.com/photos/530240558/original.jpg,Canada,,,50.5344600,-96.4879680,,
1298,883,https://inaturalist-open-data.s3.amazonaws.com/photos/530237005/original.jpg,Canada,,,50.7198140,-96.5472490,,
1299,883,https://inaturalist-open-data.s3.amazonaws.com/photos/533164883/original.jpg,Canada,,,49.9771730,-98.0971550,,
1300,883,https://inaturalist-open-data.s3.amazonaws.com/photos/537817340/original.jpg,Canada,,,49.8229070,-98.2119480,,
1301,883,https://inaturalist-open-data.s3.amazonaws.com/photos/548196413/original.jpg,Canada,,,49.9650630,-98.2943790,,
1302,883,https://inaturalist-open-data.s3.amazonaws.com/photos/542535176/original.jpg,Canada,,,49.9529590,-98.3258950,,
1303,883,https://inaturalist-open-data.s3.amazonaws.com/photos/548195995/original.jpg,Canada,,,49.9023350,-98.3561030,,
1304,883,https://inaturalist-open-data.s3.amazonaws.com/photos/530131577/original.jpg,Canada,,,46.1488410,-70.6512650,,
1305,883,https://inaturalist-open-data.s3.amazonaws.com/photos/381635388/original.jpg,,,,,,,
1306,883,https://inaturalist-open-data.s3.amazonaws.com/photos/380323273/original.jpg,United States of America,,,41.9280870,-83.6339270,,
1307,883,https://inaturalist-open-data.s3.amazonaws.com/photos/383244674/original.jpg,United States of America,,,45.5510070,-93.5774310,,
1308,883,https://inaturalist-open-data.s3.amazonaws.com/photos/382792274/original.jpg,United States of America,,,43.2604650,-73.1811570,,
1309,883,https://inaturalist-open-data.s3.amazonaws.com/photos/387378784/original.jpg,Canada,,,44.1443170,-79.6394880,,
1310,883,https://inaturalist-open-data.s3.amazonaws.com/photos/386171348/original.jpg,United States of America,,,43.2397680,-73.1736160,,
1311,883,https://inaturalist-open-data.s3.amazonaws.com/photos/385138132/original.jpg,United States of America,,,44.7996800,-93.3338230,,
1312,883,https://inaturalist-open-data.s3.amazonaws.com/photos/387085887/original.jpeg,United States of America,,,42.4256830,-83.9356130,,
1313,883,https://inaturalist-open-data.s3.amazonaws.com/photos/387086765/original.jpeg,United States of America,,,42.4256830,-83.9356130,,
1314,883,https://inaturalist-open-data.s3.amazonaws.com/photos/385346898/original.jpg,United States of America,,,44.2614540,-94.0884470,,
1456,885,https://inaturalist-open-data.s3.amazonaws.com/photos/523242923/original.jpg,Canada,,,52.3275300,-117.3289790,,
1315,884,https://inaturalist-open-data.s3.amazonaws.com/photos/487269609/original.jpg,United States of America,,,37.7438270,-88.2621460,,
1316,884,https://inaturalist-open-data.s3.amazonaws.com/photos/488406961/original.jpg,United States of America,,,36.0507240,-92.2689300,,
1317,884,https://inaturalist-open-data.s3.amazonaws.com/photos/488788653/original.jpg,United States of America,,,33.9068250,-86.3675010,,
1318,884,https://inaturalist-open-data.s3.amazonaws.com/photos/490833422/original.jpeg,United States of America,,,36.4759660,-84.6678970,,
1319,884,https://inaturalist-open-data.s3.amazonaws.com/photos/493235203/original.jpg,United States of America,,,35.7487470,-82.5975870,,
1320,884,https://inaturalist-open-data.s3.amazonaws.com/photos/496210960/original.jpeg,United States of America,,,35.6542530,-83.6612010,,
1321,884,https://inaturalist-open-data.s3.amazonaws.com/photos/496627905/original.jpg,United States of America,,,39.0729330,-86.2751370,,
1322,884,https://inaturalist-open-data.s3.amazonaws.com/photos/496947866/original.jpeg,United States of America,,,35.7059600,-83.5824790,,
1323,884,https://inaturalist-open-data.s3.amazonaws.com/photos/497582302/original.jpg,United States of America,,,44.0526130,-94.1304070,,
1324,884,https://inaturalist-open-data.s3.amazonaws.com/photos/497755471/original.jpg,United States of America,,,40.1387120,-87.7657710,,
1325,884,https://inaturalist-open-data.s3.amazonaws.com/photos/530553524/original.jpg,United States of America,,,35.4716280,-83.4907570,,
6265,17278,http://d2seqvvyy3b8p2.cloudfront.net/de5281741abbb7a4b2304ec7e368d11f.jpg,Nepal,,,,,,
1326,884,https://inaturalist-open-data.s3.amazonaws.com/photos/530553445/original.jpg,United States of America,,,35.4974820,-83.4374560,,
1327,884,https://inaturalist-open-data.s3.amazonaws.com/photos/530553498/original.jpg,United States of America,,,35.4999430,-83.5782400,,
1328,884,https://inaturalist-open-data.s3.amazonaws.com/photos/502456974/original.jpg,United States of America,,,44.4430560,-92.7874950,,
1329,884,https://inaturalist-open-data.s3.amazonaws.com/photos/504032269/original.jpeg,United States of America,,,42.9654730,-89.4924020,,
1330,884,https://inaturalist-open-data.s3.amazonaws.com/photos/498979874/original.jpg,United States of America,,,37.6474110,-89.2694490,,
1331,884,https://inaturalist-open-data.s3.amazonaws.com/photos/498907641/original.jpg,United States of America,,,42.0682360,-90.0248420,,
1332,884,https://inaturalist-open-data.s3.amazonaws.com/photos/501704533/original.jpg,United States of America,,,44.1614850,-94.1953900,,
1333,884,https://inaturalist-open-data.s3.amazonaws.com/photos/498940563/original.jpeg,United States of America,,,39.1987490,-90.9481390,,
1334,884,https://inaturalist-open-data.s3.amazonaws.com/photos/500260345/original.jpeg,United States of America,,,42.0120960,-90.1210470,,
1335,884,https://inaturalist-open-data.s3.amazonaws.com/photos/501681032/original.jpeg,United States of America,,,38.3761020,-86.5530770,,
962,610,https://inaturalist-open-data.s3.amazonaws.com/photos/297196341/original.jpg,,,2023-07-05 15:09:33,,,VU,
6742,30243,https://object.jacq.org/europeana/W/134342.jpg,Costa Rica,,,,,,
1336,884,https://inaturalist-open-data.s3.amazonaws.com/photos/505459741/original.jpg,United States of America,,,40.4543200,-81.5140940,,
1337,884,https://inaturalist-open-data.s3.amazonaws.com/photos/505946611/original.jpg,United States of America,,,43.0956590,-89.8369800,,
1338,884,https://inaturalist-open-data.s3.amazonaws.com/photos/504543465/original.jpg,United States of America,,,37.1849930,-91.3445100,,
1339,884,https://inaturalist-open-data.s3.amazonaws.com/photos/508688295/original.jpg,United States of America,,,35.0040680,-83.6497960,,
1340,884,https://inaturalist-open-data.s3.amazonaws.com/photos/508872493/original.jpg,United States of America,,,42.3606300,-73.2398590,,
1341,884,https://inaturalist-open-data.s3.amazonaws.com/photos/506015101/original.jpg,United States of America,,,44.0017520,-94.1686810,,
1342,884,https://inaturalist-open-data.s3.amazonaws.com/photos/503479370/original.jpg,United States of America,,,42.3824440,-87.9630110,,
1343,884,https://inaturalist-open-data.s3.amazonaws.com/photos/506647624/original.jpg,Canada,,,45.0579930,-75.8536450,,
1344,884,https://inaturalist-open-data.s3.amazonaws.com/photos/509005871/original.jpg,United States of America,,,45.5339090,-84.7377730,,
1345,884,https://inaturalist-open-data.s3.amazonaws.com/photos/507786931/original.jpg,Canada,,,44.5722920,-78.1370920,,
1346,884,https://inaturalist-open-data.s3.amazonaws.com/photos/504936278/original.jpg,United States of America,,,43.3289150,-89.8229650,,
1586,887,https://inaturalist-open-data.s3.amazonaws.com/photos/521572868/original.jpg,Canada,,,44.7427130,-81.2346030,,
1347,884,https://inaturalist-open-data.s3.amazonaws.com/photos/507523676/original.jpg,United States of America,,,43.1507750,-73.0728220,,
1348,884,https://inaturalist-open-data.s3.amazonaws.com/photos/505458712/original.jpg,United States of America,,,40.4337510,-81.4462960,,
1349,884,https://inaturalist-open-data.s3.amazonaws.com/photos/514774735/original.jpg,United States of America,,,44.8577350,-87.5051070,,
1350,884,https://inaturalist-open-data.s3.amazonaws.com/photos/515256281/original.jpg,United States of America,,,35.1071790,-83.5161870,,
1351,884,https://inaturalist-open-data.s3.amazonaws.com/photos/517275234/original.jpg,United States of America,,,44.2666580,-68.3970980,,
1352,884,https://inaturalist-open-data.s3.amazonaws.com/photos/515937770/original.jpg,Canada,,,44.4149970,-81.4747520,,
1353,884,https://inaturalist-open-data.s3.amazonaws.com/photos/516156521/original.jpg,United States of America,,,40.7862700,-75.1442390,,
1354,884,https://inaturalist-open-data.s3.amazonaws.com/photos/525071208/original.jpg,Canada,,,49.4680020,-96.7914280,,
1355,884,https://inaturalist-open-data.s3.amazonaws.com/photos/535112985/original.jpg,United States of America,,,43.2757240,-90.1298860,,
1356,884,https://inaturalist-open-data.s3.amazonaws.com/photos/545661715/original.jpg,United States of America,,,41.3451110,-81.5964950,,
1357,884,https://inaturalist-open-data.s3.amazonaws.com/photos/518822335/original.jpg,Canada,,,46.0372600,-67.6366610,,
1358,884,https://inaturalist-open-data.s3.amazonaws.com/photos/516302274/original.jpg,Canada,,,49.4512130,-96.8465800,,
1359,884,https://inaturalist-open-data.s3.amazonaws.com/photos/518734225/original.jpg,Canada,,,50.5999080,-97.5221610,,
1360,884,https://inaturalist-open-data.s3.amazonaws.com/photos/515864136/original.jpg,Canada,,,44.3872350,-79.8919340,,
1361,884,https://inaturalist-open-data.s3.amazonaws.com/photos/517475996/original.jpg,United States of America,,,43.0674910,-82.5686420,,
1362,884,https://inaturalist-open-data.s3.amazonaws.com/photos/518831672/original.jpg,Canada,,,46.0073740,-67.7935780,,
1363,884,https://inaturalist-open-data.s3.amazonaws.com/photos/517966916/original.jpg,Canada,,,44.2993620,-81.5983100,,
1364,884,https://inaturalist-open-data.s3.amazonaws.com/photos/517952869/original.jpg,Canada,,,50.2171610,-98.0561510,,
1365,884,https://inaturalist-open-data.s3.amazonaws.com/photos/516907375/original.jpg,Canada,,,50.7392750,-104.2654590,,
1366,884,https://inaturalist-open-data.s3.amazonaws.com/photos/518987196/original.jpg,Canada,,,49.6633740,-100.4559680,,
919,610,https://inaturalist-open-data.s3.amazonaws.com/photos/385660392/original.jpg,United States of America,,2024-05-23 10:31:02,38.3846670,-79.8462850,VU,
920,610,https://inaturalist-open-data.s3.amazonaws.com/photos/385905450/original.jpg,United States of America,,2024-05-17 14:26:00,38.7379690,-77.3254170,VU,
921,610,https://inaturalist-open-data.s3.amazonaws.com/photos/388270047/original.jpg,,,2024-05-30 10:40:24,,,VU,
6266,17278,http://d2seqvvyy3b8p2.cloudfront.net/699c7f8f0e949abd37f6df4bd4f95d72.jpg,Nepal,,,,,,
922,610,https://inaturalist-open-data.s3.amazonaws.com/photos/389069700/original.jpg,United States of America,,2024-06-01 11:31:31,44.3749920,-70.9024810,VU,
923,610,https://inaturalist-open-data.s3.amazonaws.com/photos/390177518/original.jpg,United States of America,,2024-06-01 11:41:13,44.2539750,-70.9559190,VU,
924,610,https://inaturalist-open-data.s3.amazonaws.com/photos/393240754/original.jpeg,United States of America,,2024-06-08 00:00:00,43.4740910,-71.3400990,VU,
925,610,https://inaturalist-open-data.s3.amazonaws.com/photos/395810112/original.jpg,United States of America,,2024-06-17 10:18:37,38.5190130,-77.5435600,VU,
926,610,https://inaturalist-open-data.s3.amazonaws.com/photos/394399747/original.jpeg,United States of America,,2024-06-12 13:42:59,44.1137960,-70.7062230,VU,
927,610,https://inaturalist-open-data.s3.amazonaws.com/photos/398023880/original.jpg,United States of America,,2024-06-13 13:08:58,43.3776610,-70.7686760,VU,
928,610,https://inaturalist-open-data.s3.amazonaws.com/photos/395810732/original.jpg,United States of America,,2024-06-17 10:11:23,38.5575140,-77.4370350,VU,
929,610,https://inaturalist-open-data.s3.amazonaws.com/photos/395809469/original.jpg,United States of America,,2024-06-17 10:22:59,38.5783410,-77.5947690,VU,
930,610,https://inaturalist-open-data.s3.amazonaws.com/photos/400090931/original.jpg,United States of America,,2024-06-11 16:48:00,43.0864520,-71.5666100,VU,
931,610,https://inaturalist-open-data.s3.amazonaws.com/photos/399272391/original.jpg,United States of America,,2024-06-25 12:28:05,44.3887290,-70.8090260,VU,
6267,17278,"https://iiif.rbge.org.uk/herb/iiif/E00050526/full/300,/0/default.jpg",,,,,,,
932,610,https://inaturalist-open-data.s3.amazonaws.com/photos/399662699/original.jpg,United States of America,,2024-06-26 13:00:55,43.5763030,-70.9775270,VU,
933,610,https://inaturalist-open-data.s3.amazonaws.com/photos/393803671/original.jpg,United States of America,,2024-06-12 09:44:03,37.6037850,-76.5896000,VU,
934,610,https://inaturalist-open-data.s3.amazonaws.com/photos/399264406/original.jpg,United States of America,,2024-06-25 10:24:35,44.3477390,-70.9191240,VU,
935,610,https://inaturalist-open-data.s3.amazonaws.com/photos/392945228/original.jpg,,,2024-06-10 10:19:40,,,VU,
936,610,https://inaturalist-open-data.s3.amazonaws.com/photos/406721875/original.jpeg,United States of America,,2024-07-12 10:52:10,44.2364380,-70.8038310,VU,
937,610,https://inaturalist-open-data.s3.amazonaws.com/photos/406717998/original.jpeg,United States of America,,2024-07-10 12:53:12,44.0727940,-70.9660720,VU,
938,610,https://inaturalist-open-data.s3.amazonaws.com/photos/406724295/original.jpeg,United States of America,,2024-07-12 14:52:32,44.3493960,-70.8203240,VU,
939,610,https://inaturalist-open-data.s3.amazonaws.com/photos/422051494/original.jpeg,United States of America,,2024-08-06 10:49:00,43.1293510,-71.3719600,VU,
