id,genus,species,image_url,source,country,locality,observer,license,created_at
227497,Thrixspermum,flammeum,https://iiif.rbge.org.uk/herb/iiif/E00850599/manifest,GBIF,,,,,2025-11-09 10:53:00.641958
185137,Catasetum,viridiflavum,https://inaturalist-open-data.s3.amazonaws.com/photos/405795509/original.jpeg,GBIF,,,,,2025-11-08 23:29:45.221748
267902,Epidendrum,lignosum,https://inaturalist-open-data.s3.amazonaws.com/photos/507324727/original.jpg,GBIF,,,,,2025-11-09 19:37:45.883425
298292,Bulbophyllum,schimperianum,https://images.mobot.org/tropicosimages4/detailimages/TropicosImagesVol4/101061000/5DF4D3AB-0F1F-4BBA-976D-752B28054D3D.jpg,GBIF,,,,,2025-11-10 03:21:03.196668
224255,Phreatia,elongata,"https://iiif.rbge.org.uk/herb/iiif/E01313092/full/1600,/0/default.jpg",GBIF,,,,,2025-11-09 08:55:28.982734
5255,Bulbophyllum,beccarii,https://inaturalist-open-data.s3.amazonaws.com/photos/425511366/original.jpg,GBIF,Brunei Darussalam,,Foo Chuan Wei,http://creativecommons.org/licenses/by-nc/4.0/,2025-10-19 14:02:13.140590
1747,Cypripedium,x andrewsii,https://inaturalist-open-data.s3.amazonaws.com/photos/18983894/original.jpg,GBIF,United States of America,,Greg Funka,http://creativecommons.org/licenses/by-nc/4.0/,2025-10-19 11:20:44.318985
213552,Gomphichis,plantaginifolia C.,https://inaturalist-open-data.s3.amazonaws.com/photos/192187324/original.jpeg,GBIF,,,,,2025-11-09 06:22:15.806037
258101,Masdevallia,minuta,https://inaturalist-open-data.s3.amazonaws.com/photos/384855534/original.jpeg,GBIF,,,,,2025-11-09 17:15:30.311845
212743,Coelogyne,usitana,http://repo.rbge.org.uk/image_server.php?kind=1500&path_base64=L2l0ZW1faW1hZ2VzL2FjY2Vzc2lvbnMvMjAvMDQvMTgvMjAvQS9QaG90b181YzNjY2M1YzAzMjIwLmpwZw==,GBIF,,,,,2025-11-09 06:08:06.646581
206700,Dactylorhiza,sambucina,https://www.artsobservasjoner.no/MediaLibrary/2025/4/70235cdb-3093-4315-85b9-3b209e9e3ff8_image.jpg,GBIF,,,,,2025-11-09 04:36:24.097432
176412,Pinalia,ringens,http://data.huh.harvard.edu/b4a80dc3-d8a8-44bd-be67-ee25b3a2f33e/image,GBIF,,,,,2025-11-08 21:20:57.294062
185606,Bulbophyllum,uncinatum,https://medialib.naturalis.nl/file/id/L.1493419/format/large,GBIF,,,,,2025-11-08 23:36:21.531882
249120,Angraecopsis,ischnopus,http://mediaphoto.mnhn.fr/media/1441306315985kSLIYZ2ZIibY6pfm,GBIF,,,,,2025-11-09 15:08:45.606795
246731,Stelis,ekmanii,https://media-service.nrm.se/images?dataset=fbo&id=large/S07-007001/S07-7542.jpg,GBIF,,,,,2025-11-09 14:31:20.374992
264818,Lueddemannia,pescatorei,https://collections.nmnh.si.edu/media/?i=13053972&h=1024,GBIF,,,,,2025-11-09 18:50:08.805399
209057,Robiquetia,brassii,http://data.huh.harvard.edu/41d5e347-5433-43aa-9e14-6d91d84cd073/image,GBIF,,,,,2025-11-09 05:12:36.560001
222853,Dendrobium,erectifolium,https://medialib.naturalis.nl/file/id/U.1460562/format/large,GBIF,,,,,2025-11-09 08:34:11.789903
9426,Dendrobium,adae,https://inaturalist-open-data.s3.amazonaws.com/photos/473104237/original.jpeg,GBIF,Australia,,Rene,http://creativecommons.org/licenses/by-nc/4.0/,2025-10-20 02:27:40.490078
210698,Cranichis,reticulata Rchb.f.,https://inaturalist-open-data.s3.amazonaws.com/photos/170539242/original.jpg,GBIF,,,,,2025-11-09 05:37:59.513411
140440,Neuwiedia,singapureana Wall.,https://plant.depo.msu.ru/open/public/item/MW0735367/img/0.jpg?gbif,GBIF,Viet Nam,,Nuraliev M. S.,http://creativecommons.org/licenses/by/4.0/,2025-11-06 01:20:01.096127
257496,Pleurothallis,gomezii,https://inaturalist-open-data.s3.amazonaws.com/photos/341692218/original.jpeg,GBIF,,,,,2025-11-09 17:07:17.802443
178323,Pleurothallis,anthrax,https://images.mobot.org/tropicosimages4/detailimages/TropicosImagesVol4/101043000/FCF76124-2357-4A02-AEF7-CEFC6A0D5B68.jpg,GBIF,,,,,2025-11-08 21:47:54.491503
271872,Goodyera,rubicunda Blume,https://inaturalist-open-data.s3.amazonaws.com/photos/384701336/original.jpeg,GBIF,,,,,2025-11-09 22:21:01.725291
164513,Orleanesia,amazonica,https://inaturalist-open-data.s3.amazonaws.com/photos/245597205/original.jpg,GBIF,French Guiana,,Guillaume Léotard,http://creativecommons.org/licenses/by-nc/4.0/legalcode,2025-11-06 22:30:45.647079
303189,Gongora,aromatica,https://cdn.floridamuseum.ufl.edu/Herbarium/420aa760-7a51-4242-a043-c8483ee734ca,GBIF,,,,,2025-11-10 04:35:06.617213
219707,Platanthera,holmboei H.,https://inaturalist-open-data.s3.amazonaws.com/photos/368402118/original.jpg,GBIF,,,,,2025-11-09 07:45:18.508806
179326,Epidendrum,tumuc-humaciense,http://jbrj-public-img.s3-sa-east-1.amazonaws.com/JPG/rb/0/65/5/21/00650521.jpg,GBIF,,,,,2025-11-08 22:03:14.152516
259780,Platylepis,densiflora Rolfe,http://mediaphoto.mnhn.fr/media/1441343010481w8WzDFqxtZQFj5u5,GBIF,,,,,2025-11-09 17:41:32.119870
191384,Porroglossum,mordax,http://fm-digital-assets.fieldmuseum.org/1541/851/25456.jpg,GBIF,,,,,2025-11-09 00:56:35.571794
202114,Prosthechea,mejia,https://inaturalist-open-data.s3.amazonaws.com/photos/282073114/original.jpeg,GBIF,,,,,2025-11-09 03:35:11.093662
6698,Maxillaria,standleyi,https://inaturalist-open-data.s3.amazonaws.com/photos/275706112/original.jpg,GBIF,Colombia,,Julian Alzate,http://creativecommons.org/licenses/by-nc/4.0/,2025-10-20 01:36:26.510537
247241,Habenaria,lavrensis Hoehne,http://sweetgum.nybg.org/images3/2006/453/01031853.jpg,GBIF,,,,,2025-11-09 14:39:16.707177
285275,Herminium,coeloceras Finet,"https://iiif.rbge.org.uk/herb/iiif/E00292226/full/1600,/0/default.jpg",GBIF,,,,,2025-11-10 00:09:06.442584
290381,Pterostylis,silvicultrix F.,https://inaturalist-open-data.s3.amazonaws.com/photos/458620448/original.jpg,GBIF,,,,,2025-11-10 01:27:23.712836
252747,Caladenia,denticulata ssp.,https://inaturalist-open-data.s3.amazonaws.com/photos/421172291/original.jpg,GBIF,,,,,2025-11-09 16:01:36.797311
238082,Thelymitra,juncifolia Lindl.,https://inaturalist-open-data.s3.amazonaws.com/photos/577612787/original.jpg,GBIF,,,,,2025-11-09 12:28:47.716833
191770,Vanda,cristata,https://inaturalist-open-data.s3.amazonaws.com/photos/196682413/original.jpeg,GBIF,,,,,2025-11-09 01:04:08.303954
177188,Cyrtochilum,carinatum,http://pictures.snsb.info/BSMvplantscoll/web/M-0232/M-0232056_20140710_111948.jpg,GBIF,,,,,2025-11-08 21:33:05.921942
4139,Bulbophyllum,species,https://inaturalist-open-data.s3.amazonaws.com/photos/562256925/original.jpg,GBIF,Gabon,,Léo Giardi,http://creativecommons.org/licenses/by-nc/4.0/,2025-10-19 13:58:45.290643
220409,Oncidium,cirrhosum,https://inaturalist-open-data.s3.amazonaws.com/photos/428327532/original.jpeg,GBIF,,,,,2025-11-09 07:54:25.923269
10496,Dendrobium,polytrichum,https://images.mobot.org/tropicosimages4/detailimages/TropicosImagesVol4/101098000/51660012-EC57-4D79-B22D-269BC1A448FC.jpg,GBIF,Philippines,,Adolph D. E. Elmer,http://creativecommons.org/licenses/by-nc-sa/3.0/,2025-10-21 07:26:27.322792
181669,Goodyera,rostellata,https://iiif.rbge.org.uk/herb/iiif/E01267907/manifest,GBIF,,,,,2025-11-08 22:39:01.065512
250655,Oncidium,luteum,https://quod.lib.umich.edu/cgi/i/image/api/image/herb00ic:1653108:MICH-V-1653108/full/res:0/0/native.jpg,GBIF,,,,,2025-11-09 15:30:25.301107
175348,Prosthechea,fragrans,https://inaturalist-open-data.s3.amazonaws.com/photos/355483110/original.jpg,GBIF,,,,,2025-11-08 21:07:12.608271
219243,Maxillaria,escobarii,http://data.huh.harvard.edu/141808d7-23c2-41ea-85ba-11dfe26c069d/image,GBIF,,,,,2025-11-09 07:38:33.673404
223216,Crepidium,versicolor,https://indiabiodiversity.org/biodiv/observations//8835c3a2-606b-4127-a13d-3673f527d9f1/6393.JPG,GBIF,,,,,2025-11-09 08:39:13.576735
204283,Rhipidoglossum,densiflorum,https://d2jcv3kl45hlgi.cloudfront.net/a2b48cd2e68f658eb362c797a9737ca8.jpg,GBIF,,,,,2025-11-09 04:05:19.074629
230177,Cyrtochilum,midas,https://inaturalist-open-data.s3.amazonaws.com/photos/446682660/original.jpeg,GBIF,,,,,2025-11-09 10:54:52.787840
182355,Disa,stachyoides Rchb.f.,https://inaturalist-open-data.s3.amazonaws.com/photos/573725845/original.jpg,GBIF,,,,,2025-11-08 22:46:57.994672
181023,Stelis,nutans,https://images.mobot.org/tropicosimages4/detailimages/TropicosImagesVol4/101074000/1C4B73B5-F743-42C3-8770-B519465E0990.jpg,GBIF,,,,,2025-11-08 22:29:22.794958
266536,Stelis,verbiformis,https://images.mobot.org/tropicosimages4/detailimages/TropicosImagesVol4/101057000/35381EF7-57AD-4B88-BC1C-FA80D7C3A007.jpg,GBIF,,,,,2025-11-09 19:14:37.696843
246108,Schoenorchis,vanoverberghii,https://inaturalist-open-data.s3.amazonaws.com/photos/356203928/original.jpeg,GBIF,,,,,2025-11-09 14:22:21.894075
293120,Govenia,pauciflora,https://inaturalist-open-data.s3.amazonaws.com/photos/416990759/original.jpeg,GBIF,,,,,2025-11-10 02:03:39.212174
229213,Cypripedium,irapeanum Lex.,https://inaturalist-open-data.s3.amazonaws.com/photos/316862741/original.jpg,GBIF,,,,,2025-11-09 10:54:14.047097
194569,Diceratostele,gabonensis,https://images.mobot.org/tropicosimages4/detailimages/TropicosImagesVol4/101132000/8A522D75-2356-4A04-91E3-6CB823920724.jpg,GBIF,,,,,2025-11-09 01:40:53.606367
259455,Masdevallia,wendlandiana,http://data.huh.harvard.edu/db4bed09-3fed-46a7-8c51-deb2497b37c9/image,GBIF,,,,,2025-11-09 17:36:47.051984
196873,Pleione,grandiflora,http://sweetgum.nybg.org/images3/3561/971/04131861.jpg,GBIF,,,,,2025-11-09 02:17:21.028353
294078,Earina,autumnalis,https://inaturalist-open-data.s3.amazonaws.com/photos/462625949/original.jpeg,GBIF,,,,,2025-11-10 02:19:39.592267
297532,Ancistrorhynchus,ovatus,https://iiif-manifest.oxalis.br.fgov.be/specimen/BR0000008809896/manifest,GBIF,,,,,2025-11-10 03:13:37.917323
258606,Prasophyllum,colensoi Hook.f.,https://inaturalist-open-data.s3.amazonaws.com/photos/462074121/original.jpeg,GBIF,,,,,2025-11-09 17:23:09.837261
255669,Dendrobium,subcarinatum,https://quod.lib.umich.edu/cgi/i/image/api/image/herb00ic:1649117:MICH-V-1649117/full/res:0/0/native.jpg,GBIF,,,,,2025-11-09 16:43:53.520059
237254,Maxillaria,fulgens,https://inaturalist-open-data.s3.amazonaws.com/photos/465246513/original.jpg,GBIF,,,,,2025-11-09 12:12:16.462296
222782,Dichaea,histrio,http://sweetgum.nybg.org/images3/2004/764/00414921.jpg,GBIF,,,,,2025-11-09 08:33:40.292561
200677,Veyretia,neuroptera,http://sweetgum.nybg.org/images3/2041/714/00625695.jpg,GBIF,,,,,2025-11-09 03:17:03.464016
252029,Aerangis,carnea,https://d2seqvvyy3b8p2.cloudfront.net/304d22c5de5bcae0ba710004d91f1008.jpg,GBIF,,,,,2025-11-09 15:49:58.692330
220483,Stelis,scansor,http://data.huh.harvard.edu/85c534d1-c97e-41dd-a30c-fcbdaeef6f17/image,GBIF,,,,,2025-11-09 07:55:13.733715
203657,Gomesa,concolor,https://inaturalist-open-data.s3.amazonaws.com/photos/436325430/original.jpeg,GBIF,,,,,2025-11-09 03:57:30.912393
6480,Dendrobium,schoeninum,https://inaturalist-open-data.s3.amazonaws.com/photos/315413187/original.jpeg,GBIF,Australia,,Stephen Csurhes,http://creativecommons.org/licenses/by-nc/4.0/,2025-10-20 01:25:34.832204
140487,Duckeella,adolphii Porto,https://images.mobot.org/tropicosimages4/detailimages/TropicosImagesVol4/101100000/7F5526F7-1EE8-4F32-A4F2-D599763E0431.jpg,GBIF,Brazil,,Alberto Vicentini,http://creativecommons.org/licenses/by-nc-sa/3.0/,2025-11-06 01:20:42.054507
273154,Thrixspermum,anceps,https://inaturalist-open-data.s3.amazonaws.com/photos/49780565/original.jpeg,GBIF,,,,,2025-11-09 22:22:07.001794
295923,Caladenia,orestes D.,https://inaturalist-open-data.s3.amazonaws.com/photos/475966405/original.jpg,GBIF,,,,,2025-11-10 02:48:38.426865
181407,Genoplesium,anthracinum D.,https://inaturalist-open-data.s3.amazonaws.com/photos/366321745/original.jpeg,GBIF,,,,,2025-11-08 22:35:34.984452
7189,Oncidium,sphacelatum,https://inaturalist-open-data.s3.amazonaws.com/photos/487160922/original.jpeg,GBIF,Mexico,,Edison Díaz,http://creativecommons.org/licenses/by-nc-sa/4.0/,2025-10-20 01:45:05.419973
269380,Disa,bifida Thunb.,https://inaturalist-open-data.s3.amazonaws.com/photos/506690668/original.jpg,GBIF,,,,,2025-11-09 19:53:47.543999
251128,Bulbophyllum,tripudians,https://d2seqvvyy3b8p2.cloudfront.net/dcd2ec3ac006413a2803f1cf980d3c53.jpg,GBIF,,,,,2025-11-09 15:37:01.310045
179541,Dendrobium,pugioniforme,https://inaturalist-open-data.s3.amazonaws.com/photos/499666763/original.jpg,GBIF,,,,,2025-11-08 22:05:21.133448
222073,Coelogyne,bracteosa,https://medialib.naturalis.nl/file/id/L.4175300/format/large,GBIF,,,,,2025-11-09 08:22:50.279059
209552,Prosthechea,guttata,http://fm-digital-assets.fieldmuseum.org/990/052/ORCH_pros_macu_1901206.jpg,GBIF,,,,,2025-11-09 05:19:21.006188
265527,Epidendrum,porpax,https://inaturalist-open-data.s3.amazonaws.com/photos/177545890/original.jpeg,GBIF,,,,,2025-11-09 18:59:17.393787
225854,Pterygodium,cleistogamum Schltr.,https://inaturalist-open-data.s3.amazonaws.com/photos/238837103/original.jpeg,GBIF,,,,,2025-11-09 09:09:31.856117
219645,Platanthera,elegans ssp.,https://inaturalist-open-data.s3.amazonaws.com/photos/536048816/original.jpg,GBIF,,,,,2025-11-09 07:44:46.866715
254846,Dendrobium,lancilobum,https://d2jcv3kl45hlgi.cloudfront.net/d490c5261974b05fe0b9c67a29997fd8.jpg,GBIF,,,,,2025-11-09 16:33:58.479862
151385,Disa,buchenaviana Kraenzl.,https://inaturalist-open-data.s3.amazonaws.com/photos/457851352/original.jpg,GBIF,Madagascar,,Landy Rita,http://creativecommons.org/licenses/by-nc/4.0/,2025-11-06 02:32:24.393947
262291,Orchis,x,https://inaturalist-open-data.s3.amazonaws.com/photos/476057255/original.jpeg,GBIF,,,,,2025-11-09 18:12:53.706952
145796,Paphiopedilum,charlesworthii Rolfe,https://d2jcv3kl45hlgi.cloudfront.net/52ae9dbea9507b0a0ef583cb72d084e7.jpg,GBIF,Myanmar,,,http://creativecommons.org/licenses/by/4.0/,2025-11-06 01:58:21.647379
228441,Chiloglottis,pluricallata D.,https://inaturalist-open-data.s3.amazonaws.com/photos/348789418/original.jpg,GBIF,,,,,2025-11-09 10:53:53.933932
184447,Blepharoglossum,condylobulbon,https://inaturalist-open-data.s3.amazonaws.com/photos/337977271/original.jpg,GBIF,,,,,2025-11-08 23:21:02.227505
188427,Solenangis,scandens,https://images.mobot.org/tropicosimages4/detailimages/TropicosImagesVol4/101087000/1A105103-F026-44A6-976D-6F0C579BCEB3.jpg,GBIF,,,,,2025-11-09 00:16:56.147450
187130,Epidendrum,vulgoamparoanum,https://inaturalist-open-data.s3.amazonaws.com/photos/88793889/original.jpeg,GBIF,,,,,2025-11-08 23:59:29.317224
265319,Bulbophyllum,nematocaulon,http://sweetgum.nybg.org/images3/3717/523/04203983.jpg,GBIF,,,,,2025-11-09 18:56:06.611382
201649,Caladenia,varians,https://inaturalist-open-data.s3.amazonaws.com/photos/561549895/original.jpg,GBIF,,,,,2025-11-09 03:29:30.630022
235563,Ophrys,kotschyi H.,https://inaturalist-open-data.s3.amazonaws.com/photos/476035169/original.jpeg,GBIF,,,,,2025-11-09 11:19:48.015585
451,Cleistesiopsis,divaricata L.,https://inaturalist-open-data.s3.amazonaws.com/photos/383837906/original.jpeg,GBIF,United States of America,,gman122,http://creativecommons.org/licenses/by-nc/4.0/,2025-10-19 08:37:56.135930
190141,Oncidium,panchrysum,https://inaturalist-open-data.s3.amazonaws.com/photos/55289540/original.jpeg,GBIF,,,,,2025-11-09 00:39:48.099020
256350,Epigeneium,rotundatum,https://inaturalist-open-data.s3.amazonaws.com/photos/381801281/original.jpg,GBIF,,,,,2025-11-09 16:52:45.167705
170512,xPseudorhiza,x,https://inaturalist-open-data.s3.amazonaws.com/photos/62513843/original.jpg,GBIF,France,,Wolfgang Blum,,2025-11-07 16:44:55.194287
277511,Cyrtochilum,englerianum,http://data.huh.harvard.edu/d014f0c6-6c67-4e5a-a870-b0bbaf129efb/image,GBIF,,,,,2025-11-09 22:26:42.405467
260961,Taeniophyllum,compactum,https://inaturalist-open-data.s3.amazonaws.com/photos/257615507/original.jpeg,GBIF,,,,,2025-11-09 17:55:57.702973
193435,Mormodes,tuxtlensis,https://d2jcv3kl45hlgi.cloudfront.net/d63baec8d518b271df6c3cbba6d134d0.jpg,GBIF,,,,,2025-11-09 01:27:39.827849
257850,Eulophia,litoralis,https://inaturalist-open-data.s3.amazonaws.com/photos/455305082/original.jpeg,GBIF,,,,,2025-11-09 17:12:11.966738
174534,Gongora,batemanni,https://inaturalist-open-data.s3.amazonaws.com/photos/551355163/original.jpg,GBIF,,,,,2025-11-08 20:51:33.462051
265598,Triphora,trianthophoros,https://inaturalist-open-data.s3.amazonaws.com/photos/541838021/original.jpg,GBIF,,,,,2025-11-09 18:59:49.493153
171178,Habenaria,alterosula,http://sweetgum.nybg.org/images3/3533/017/04094370.jpg,GBIF,Suriname,,J. G. Wessels Boer,,2025-11-07 16:46:54.089600
7640,Bulbophyllum,brachystachyum,https://medialib.naturalis.nl/file/id/L.1492607/format/large,GBIF,Madagascar,,Alleizette AC d',http://creativecommons.org/publicdomain/zero/1.0/,2025-10-20 01:50:30.423370
140420,Neuwiedia,elongata de,https://medialib.naturalis.nl/file/id/L.1164006/format/large,GBIF,Indonesia,,Kostermans AJGH,http://creativecommons.org/publicdomain/zero/1.0/,2025-11-06 01:19:47.328667
290114,Crepidium,lunatum,http://mediaphoto.mnhn.fr/media/1441306976786CBrApMPiEMnVJEnB,GBIF,,,,,2025-11-10 01:23:25.392877
260616,Bulbophyllum,lasioglossum,http://data.huh.harvard.edu/88af8d0d-5108-4eb8-9450-522fc4d08811/image,GBIF,,,,,2025-11-09 17:52:14.899076
265984,Caladenia,x coactescens,https://inaturalist-open-data.s3.amazonaws.com/photos/177906438/original.jpeg,GBIF,,,,,2025-11-09 19:05:38.095932
247387,Cleisostoma,koeteiense,https://medialib.naturalis.nl/file/id/L.1489974/format/large,GBIF,,,,,2025-11-09 14:40:35.381175
255997,Habenaria,stylites ssp.,https://d2seqvvyy3b8p2.cloudfront.net/4082c3e26d7ebe45d06220f532423c58.jpg,GBIF,,,,,2025-11-09 16:48:31.281519
193737,Zeuxine,longilabris Lindl.,https://inaturalist-open-data.s3.amazonaws.com/photos/351591547/original.jpeg,GBIF,,,,,2025-11-09 01:31:30.259844
194702,Bifrenaria,charlesworthii,https://oxalis.br.fgov.be/images/BR0/000/032/802/719/BR0000032802719.jpg,GBIF,,,,,2025-11-09 01:43:16.113275
259848,Dendrobium,kentrophyllum,https://d2jcv3kl45hlgi.cloudfront.net/9186bc83bcc2145466e587db12e52ea0.jpg,GBIF,,,,,2025-11-09 17:42:43.643331
303062,Goodyera,macrophylla Lowe,https://inaturalist-open-data.s3.amazonaws.com/photos/429119482/original.jpeg,GBIF,,,,,2025-11-10 04:32:59.341049
187162,Jumellea,fragrans,http://mediaphoto.mnhn.fr/media/1441306917276k8KVvg6DwHwUZOnR,GBIF,,,,,2025-11-08 23:59:37.055533
288686,Bulbophyllum,johnsonii,https://inaturalist-open-data.s3.amazonaws.com/photos/355984601/original.jpg,GBIF,,,,,2025-11-10 01:01:52.991594
244922,Myoxanthus,sotoanus,https://images.mobot.org/tropicosimages4/detailimages/TropicosImagesVol4/101223000/FC0CBD21-EDFA-426D-8F99-0D65F27F7AA9.jpg,GBIF,,,,,2025-11-09 14:06:28.931439
290821,Polystachya,mystacioides,http://riha.african-herbaria.org/img/parts/UCJ/UCJ013985.jpg,GBIF,,,,,2025-11-10 01:34:39.235107
179885,Masdevallia,dimorphotricha,https://inaturalist-open-data.s3.amazonaws.com/photos/366058590/original.jpg,GBIF,,,,,2025-11-08 22:09:58.762523
228171,Podangis,rhipsalisocia,https://images.mobot.org/tropicosimages3/detailimages/TropicosImages2/100301000/EB020ACC-C146-4C93-8611-510C1ABCE8EA.jpg,GBIF,,,,,2025-11-09 10:53:42.366689
253517,Cryptochilus,roseus,https://inaturalist-open-data.s3.amazonaws.com/photos/354642352/original.jpg,GBIF,,,,,2025-11-09 16:12:34.853386
232261,Stelis,campanulifera,https://quod.lib.umich.edu/cgi/i/image/api/image/herb00ic:1115272:MICH-V-1115272/full/res:0/0/native.jpg,GBIF,,,,,2025-11-09 10:56:50.095533
267464,Epidendrum,stangeanum,https://images.mobot.org/tropicosimages4/detailimages/TropicosImagesVol4/101148000/2E486414-F0E4-4EB4-A595-692A662963F8.jpg,GBIF,,,,,2025-11-09 19:30:14.136495
285022,Dendrobium,longicolle,https://d2jcv3kl45hlgi.cloudfront.net/9a92da66e4a47e1a934582a9c16eb80c.jpg,GBIF,,,,,2025-11-10 00:04:44.543844
295125,Dendrobium,striolatum,https://inaturalist-open-data.s3.amazonaws.com/photos/480381201/original.jpeg,GBIF,,,,,2025-11-10 02:37:14.230589
4445,Cymbidium,goeringii,https://inaturalist-open-data.s3.amazonaws.com/photos/476445686/original.jpeg,GBIF,China,,李博恒,http://creativecommons.org/licenses/by-nc/4.0/,2025-10-19 13:59:14.469672
281781,Bletia,arizonica,https://inaturalist-open-data.s3.amazonaws.com/photos/529317113/original.jpg,GBIF,,,,,2025-11-09 23:25:09.752874
246145,Stelis,lentiginosa,https://images.mobot.org/tropicosimages4/detailimages/TropicosImagesVol4/101075000/4DF4D0DD-3D62-4DD9-AFD4-DAE7A5C6EC79.jpg,GBIF,,,,,2025-11-09 14:22:29.400377
198123,Oncidium,luteopurpureum,https://inaturalist-open-data.s3.amazonaws.com/photos/474775017/original.jpeg,GBIF,,,,,2025-11-09 02:40:13.939363
179790,Dracula,carcinopsis,https://inaturalist-open-data.s3.amazonaws.com/photos/414747840/original.jpeg,GBIF,,,,,2025-11-08 22:07:51.746224
684,Cleistes,tenuis Rchb.f.,https://inaturalist-open-data.s3.amazonaws.com/photos/488479250/original.jpg,GBIF,French Guiana,,Olivier Claessens,http://creativecommons.org/licenses/by-nc/4.0/,2025-10-19 08:45:21.820429
249105,Habenaria,salaccensis Blume,https://medialib.naturalis.nl/file/id/L.1516838/format/large,GBIF,,,,,2025-11-09 15:08:37.008686
184838,Bulbophyllum,guttulatum,https://data.nhm.ac.uk/media/d265f82c-72c4-4244-a808-6fa200354490,GBIF,,,,,2025-11-08 23:26:11.677829
266363,Holcoglossum,kimballianum,http://mediaphoto.mnhn.fr/media/1441307101922PGqLy8yzPGDhbgY0,GBIF,,,,,2025-11-09 19:10:55.842008
192572,Stelis,oestlundiana,https://images.mobot.org/tropicosimages3/detailimages/Tropicos/235/C3382955-5DBD-44DC-815C-1BBB97F13794.jpg,GBIF,,,,,2025-11-09 01:14:35.079438
221467,Epidendrum,quisayanum,https://images.mobot.org/tropicosimages4/detailimages/TropicosImagesVol4/101149000/06E11FE2-A2C6-4B0A-925A-9AD69A8A2ACF.jpg,GBIF,,,,,2025-11-09 08:11:59.482307
191669,Chroniochilus,minimus,https://medialib.naturalis.nl/file/id/U.1456829/format/large,GBIF,,,,,2025-11-09 01:02:24.544278
258678,Benthamia,humbertii H.,http://mediaphoto.mnhn.fr/media/1441306730678n260ksxH3ZcHXItN,GBIF,,,,,2025-11-09 17:23:49.053023
186485,Platanthera,x reznicekii,https://inaturalist-open-data.s3.amazonaws.com/photos/407358477/original.jpeg,GBIF,,,,,2025-11-08 23:50:13.347793
253707,Pterostylis,concava D.,https://inaturalist-open-data.s3.amazonaws.com/photos/207926569/original.jpeg,GBIF,,,,,2025-11-09 16:14:25.707992
230566,Lepanthes,elata,https://inaturalist-open-data.s3.amazonaws.com/photos/359418142/original.jpg,GBIF,,,,,2025-11-09 10:55:08.287878
206855,Coelogyne,prolifera,https://inaturalist-open-data.s3.amazonaws.com/photos/288054089/original.jpeg,GBIF,,,,,2025-11-09 04:37:50.935573
208614,Pleurothallis,niveoglobula,https://inaturalist-open-data.s3.amazonaws.com/photos/251981746/original.jpg,GBIF,,,,,2025-11-09 05:05:36.705898
215992,Pterostylis,amabilis,https://inaturalist-open-data.s3.amazonaws.com/photos/464247954/original.jpeg,GBIF,,,,,2025-11-09 06:51:53.366459
219350,Platycoryne,latipetala Summerh.,https://d2jcv3kl45hlgi.cloudfront.net/dd0b2e5832bb1225568625ef45329ce8.jpg,GBIF,,,,,2025-11-09 07:40:00.855081
282560,Blepharoglossum,pallidum,https://medialib.naturalis.nl/file/id/U.1470491/format/large,GBIF,,,,,2025-11-09 23:47:12.817494
227158,Bletia,gracilis,https://inaturalist-open-data.s3.amazonaws.com/photos/426892945/original.jpg,GBIF,,,,,2025-11-09 10:52:50.949433
168972,Stelis,pompalis,https://inaturalist-open-data.s3.amazonaws.com/photos/439384434/original.jpeg,GBIF,Costa Rica,,Criss Acuña,,2025-11-07 16:39:04.564619
304122,Deiregyne,albovaginata,https://inaturalist-open-data.s3.amazonaws.com/photos/396535810/original.jpg,GBIF,,,,,2025-11-10 04:51:06.420227
233804,Habenaria,transvaalensis Schltr.,http://data.huh.harvard.edu/b214e55b-5dfc-4860-bd83-96652ea01791/image,GBIF,,,,,2025-11-09 10:58:11.396057
267220,Orchis,mascula ssp.,https://inaturalist-open-data.s3.amazonaws.com/photos/371212950/original.jpg,GBIF,,,,,2025-11-09 19:24:49.031223
165131,Herminium,macrophyllum D.,https://data.nhm.ac.uk/media/c470cf1c-a4b3-40b7-9c3e-ea18755b2771,GBIF,Nepal,,,,2025-11-07 01:57:26.518442
233636,Mediocalcar,bifolium,https://iiif.rbge.org.uk/herb/iiif/E00176888/manifest,GBIF,,,,,2025-11-09 10:58:04.139082
171841,Rodriguezia,refracta,https://cdn.plantatlas.org/img/specimens/USF/28878.jpg,GBIF,Colombia,,J. Cuatrecasas,,2025-11-07 17:50:03.853844
3909,Vanda,species,https://inaturalist-open-data.s3.amazonaws.com/photos/444879538/original.jpeg,GBIF,India,,Subhajit Roy,http://creativecommons.org/licenses/by-nc-nd/4.0/,2025-10-19 13:58:11.428304
193199,Dendrobium,primulinum,https://inaturalist-open-data.s3.amazonaws.com/photos/481781617/original.jpg,GBIF,,,,,2025-11-09 01:25:01.554289
197154,Sarcochilus,odoratus,"https://iiif.rbge.org.uk/herb/iiif/E00394269/full/1600,/0/default.jpg",GBIF,,,,,2025-11-09 02:21:10.846792
260755,Bulbophyllum,congestum,https://d2jcv3kl45hlgi.cloudfront.net/f8555b0586817fe9ae62f93894591616.jpg,GBIF,,,,,2025-11-09 17:53:34.721061
243914,Calanthe,zollingeri,https://inaturalist-open-data.s3.amazonaws.com/photos/433791175/original.jpeg,GBIF,,,,,2025-11-09 13:52:04.839955
291990,Calanthe,argenteostriata,https://images.mobot.org/tropicosimages4/detailimages/TropicosImagesVol4/101062000/60978767-CA7A-43B3-8E86-5F1AB02CC2FB.jpg,GBIF,,,,,2025-11-10 01:48:58.580739
303623,Polystachya,eurygnatha,https://oxalis.br.fgov.be/images/BR0/000/009/077/850/BR0000009077850.jpg,GBIF,,,,,2025-11-10 04:43:01.568413
233542,Caladenia,thinicola,https://inaturalist-open-data.s3.amazonaws.com/photos/580229984/original.jpg,GBIF,,,,,2025-11-09 10:57:57.726130
258663,Aerides,multiflora,https://inaturalist-open-data.s3.amazonaws.com/photos/392858315/original.jpg,GBIF,,,,,2025-11-09 17:23:25.289114
291566,Habenaria,truncata Lindl.,http://mediaphoto.mnhn.fr/media/1441306047933Wm5t58ruBBWbXI91,GBIF,,,,,2025-11-10 01:43:48.713820
174497,Dendrobium,compressimentum,http://data.huh.harvard.edu/d9d17ee7-b037-4610-a6c8-5e1d425e0064/image,GBIF,,,,,2025-11-08 20:51:03.118477
189840,Oncidium,lehmannii,https://inaturalist-open-data.s3.amazonaws.com/photos/493838808/original.jpeg,GBIF,,,,,2025-11-09 00:35:03.037137
226913,Acianthera,decurrens,https://object.jacq.org/europeana/W/395326.jpg,GBIF,,,,,2025-11-09 09:15:07.805131
1227,Cypripedium,parviflorum Salisb.,https://inaturalist-open-data.s3.amazonaws.com/photos/505875433/original.jpg,GBIF,Canada,,William Van Hemessen,http://creativecommons.org/licenses/by-nc/4.0/,2025-10-19 11:18:59.413928
303683,Epidendrum,blepharistes,https://inaturalist-open-data.s3.amazonaws.com/photos/490380131/original.jpeg,GBIF,,,,,2025-11-10 04:43:25.770905
285903,Bletia,amabilis,https://inaturalist-open-data.s3.amazonaws.com/photos/49056174/original.jpg,GBIF,,,,,2025-11-10 00:17:10.668936
197778,Maxillaria,graminifolia,https://inaturalist-open-data.s3.amazonaws.com/photos/363868697/original.jpeg,GBIF,,,,,2025-11-09 02:31:37.714636
152257,Disa,elegans Sond.,https://inaturalist-open-data.s3.amazonaws.com/photos/457914566/original.jpeg,GBIF,South Africa,,Debbie Wall Smith,http://creativecommons.org/licenses/by-nc/4.0/,2025-11-06 02:36:27.261649
185383,Platanthera,ussuriensis Regel,https://inaturalist-open-data.s3.amazonaws.com/photos/485027030/original.jpeg,GBIF,,,,,2025-11-08 23:33:11.640093
233062,Satyrium,coriifolium Sw.,https://inaturalist-open-data.s3.amazonaws.com/photos/555453370/original.jpg,GBIF,,,,,2025-11-09 10:57:28.943209
202390,Cleisostoma,paniculatum,https://inaturalist-open-data.s3.amazonaws.com/photos/524311462/original.jpg,GBIF,,,,,2025-11-09 03:39:33.039731
177063,Maxillaria,divaricata,http://sweetgum.nybg.org/images3/2006/640/01032148.jpg,GBIF,,,,,2025-11-08 21:31:31.188779
10202,Oncidium,ghiesbreghtianum,https://inaturalist-open-data.s3.amazonaws.com/photos/399335408/original.jpeg,GBIF,Mexico,,lyz17,http://creativecommons.org/licenses/by-nc/4.0/,2025-10-20 19:40:56.686141
300459,Pterostylis,scapula D.,https://inaturalist-open-data.s3.amazonaws.com/photos/524160184/original.jpg,GBIF,,,,,2025-11-10 03:52:31.712299
279282,Bifrenaria,inodora,https://inaturalist-open-data.s3.amazonaws.com/photos/450787879/original.jpeg,GBIF,,,,,2025-11-09 22:28:16.647089
146277,Paphiopedilum,malipoense S.,https://web.corral.tacc.utexas.edu/brit/BRIT/BRIT0002000/BRIT02853.jpg,GBIF,Viet Nam,,"L. Averyanov; N. T. Ban, N. Q. Binh, A. Budantzev, L. Budantzev, N. T. Hiep, D. D. Huyen, P. K. Loc, N. X. Tam, G. Yakovlev",http://creativecommons.org/publicdomain/zero/1.0/,2025-11-06 02:01:46.854626
184867,Gongora,cruciformis,https://cdn.floridamuseum.ufl.edu/Herbarium/27af7cf4-1b25-40e0-85ef-0b4b29aef923,GBIF,,,,,2025-11-08 23:26:27.028959
196150,Spiranthes,porrifolia,https://inaturalist-open-data.s3.amazonaws.com/photos/503007263/original.jpg,GBIF,,,,,2025-11-09 02:06:31.900554
204624,Polystachya,laxiflora,https://images.mobot.org/RISScanning02/detailImages/RISScanning02/103186000/D2FD4642-F110-4BA3-9F7A-FF088FA3FB5C.jpg,GBIF,,,,,2025-11-09 04:09:57.372972
228898,Caladenia,lowanensis G.,https://inaturalist-open-data.s3.amazonaws.com/photos/322335474/original.jpg,GBIF,,,,,2025-11-09 10:54:07.011511
176733,Dendrobium,rhodopterygium,http://data.huh.harvard.edu/7596b4cd-f392-4989-be2c-242ccff83f3e/image,GBIF,,,,,2025-11-08 21:25:19.250587
206734,Gongora,maculata,http://was.tacc.utexas.edu/fileget?coll=TEX-LL&type=O&filename=sp67431835705655324704.att.jpg,GBIF,,,,,2025-11-09 04:36:39.453981
1586,Cypripedium,reginae Walt.,https://inaturalist-open-data.s3.amazonaws.com/photos/521572868/original.jpg,GBIF,Canada,,SR,http://creativecommons.org/licenses/by-nc/4.0/,2025-10-19 11:19:36.731505
173185,Rhyncholaelia,glauca,https://drive.google.com/uc?export=view&id=1F3VsglLg2DdpSt2IID5kFP8OaCx1PrXZ,Roberta Fox Collection,,,,Private Collection,2025-11-08 07:12:22.857945
215314,Maxillaria,nubigena,https://images.mobot.org/tropicosimages4/detailimages/TropicosImagesVol4/101223000/0CD4C3C7-D3A3-4DBE-83B1-1714DBA23CB1.jpg,GBIF,,,,,2025-11-09 06:43:33.296780
223295,Oberonia,cavaleriei,https://d2jcv3kl45hlgi.cloudfront.net/f4b3e754bfb7c84f5a9455068d0f1ce7.jpg,GBIF,,,,,2025-11-09 08:40:09.574131
244616,Trichocentrum,lindenii,https://inaturalist-open-data.s3.amazonaws.com/photos/230475584/original.jpg,GBIF,,,,,2025-11-09 14:01:35.925253
11220,Epidendrum,eburneum,https://images.mobot.org/tropicosimages4/detailimages/TropicosImagesVol4/101100000/EC4FF80F-A717-4E53-8AE2-1AE3C0F7012A.jpg,Tropicos - Missouri Botanical Garden,,,,,2025-10-21 17:53:27.528927
305035,Cattleya,tenebrosa,https://media01.symbiota.org/media/h_seinet/seinet/KHD/KHD00027/KHD00027348_lg.jpg,GBIF,,,,,2025-11-10 05:05:49.786563
218142,Eria,gagnepainii,https://medialib.naturalis.nl/file/id/L.1511200/format/large,GBIF,,,,,2025-11-09 07:23:44.216876
236076,Lepanthes,aurea,http://mediaphoto.mnhn.fr/media/1441306654961opGrMA2CDxYLsyYx,GBIF,,,,,2025-11-09 11:29:49.244634
233162,Bletia,antillana,https://inaturalist-open-data.s3.amazonaws.com/photos/29727382/original.jpg,GBIF,,,,,2025-11-09 10:57:38.692478
301117,Calanthe,kinabaluensis,https://inaturalist-open-data.s3.amazonaws.com/photos/44694576/original.jpeg,GBIF,,,,,2025-11-10 04:04:41.644112
305939,Stelis,nanegalensis,https://inaturalist-open-data.s3.amazonaws.com/photos/184976215/original.jpeg,GBIF,,,,,2025-11-10 05:15:35.240951
289791,Habenaria,elongata R.,http://data.huh.harvard.edu/ced6bb73-84af-4d3b-9e8c-f9718092f5f1/image,GBIF,,,,,2025-11-10 01:18:23.482278
252883,Pleurothallis,carduela,https://inaturalist-open-data.s3.amazonaws.com/photos/330809544/original.jpg,GBIF,,,,,2025-11-09 16:02:55.493864
197864,Catasetum,gnomus,https://images.mobot.org/tropicosimages4/detailimages/TropicosImagesVol4/101084000/3AA73D34-9B0A-442A-BA5C-ECDB31A728E2.jpg,GBIF,,,,,2025-11-09 02:33:20.426644
252447,Encyclia,amazonica,http://mediaphoto.mnhn.fr/media/1441306217960yEQuQW8JERo0X0Eh,GBIF,,,,,2025-11-09 15:56:42.375968
206330,Goodyera,sechellarum S.,http://mediaphoto.mnhn.fr/media/1441452427682NrJ4UYzgESGUFQXp,GBIF,,,,,2025-11-09 04:31:14.315574
300760,Acianthera,crassilabia,http://data.huh.harvard.edu/5048d42b-3a1b-4746-8f93-101c62ea0d23/image,GBIF,,,,,2025-11-10 03:56:21.878685
224801,Bulbophyllum,trachyanthum,"https://iiif.rbge.org.uk/herb/iiif/E01306280/full/300,/0/default.jpg",GBIF,,,,,2025-11-09 09:02:37.853524
5979,Dendrobium,cariniferum,https://inaturalist-open-data.s3.amazonaws.com/photos/500369443/original.jpeg,GBIF,Thailand,,Bruno D'Agosto,http://creativecommons.org/licenses/by-nc/4.0/,2025-10-19 19:43:25.227634
220977,Rhipidoglossum,clavatum,https://d2jcv3kl45hlgi.cloudfront.net/dd2b9ffa852e529b1fd1e1e40e6d1927.jpg,GBIF,,,,,2025-11-09 08:02:53.319164
183127,Ida,locusta,https://d2jcv3kl45hlgi.cloudfront.net/b061228c0e2e7fed102194af20bc67c2.jpg,GBIF,,,,,2025-11-08 22:59:46.338337
303116,Dendrobium,niueense,http://data.huh.harvard.edu/08606f50-c7aa-42ce-940c-fb1910daaaff/image,GBIF,,,,,2025-11-10 04:33:46.428334
176193,Caladenia,brumalis D.,https://inaturalist-open-data.s3.amazonaws.com/photos/560298051/original.jpg,GBIF,,,,,2025-11-08 21:17:39.216929
224720,Glomera,nigrimarginata,http://data.huh.harvard.edu/0828c20c-2e43-4181-ab19-ac5a16af0e4c/image,GBIF,,,,,2025-11-09 09:02:05.417543
262443,Coelogyne,veitchii,https://medialib.naturalis.nl/file/id/L.1496611/format/large,GBIF,,,,,2025-11-09 18:15:47.545597
231407,Lepanthes,parvilabia,https://object.jacq.org/europeana/W/125968.jpg,GBIF,,,,,2025-11-09 10:55:55.237777
192322,Cyrtochilum,caespitosum,https://inaturalist-open-data.s3.amazonaws.com/photos/538344343/original.jpg,GBIF,,,,,2025-11-09 01:10:44.085042
226937,Pterostylis,erythroconcha M.,https://inaturalist-open-data.s3.amazonaws.com/photos/426289499/original.jpg,GBIF,,,,,2025-11-09 09:15:16.050688
10712,Epidendrum,envigadoense,https://images.mobot.org/tropicosimages4/detailimages/TropicosImagesVol4/101144000/F1F5298F-E96C-42F3-874F-F7F697A43A91.jpg,GBIF,Colombia,,Calaway H. Dodson|Rodrigo Escobar|E. Valencia,http://creativecommons.org/licenses/by-nc-sa/3.0/,2025-10-21 07:29:42.645518
170890,Dendrobium,bracteosum,https://inaturalist-open-data.s3.amazonaws.com/photos/340438594/original.jpeg,GBIF,Indonesia,,leithallb,,2025-11-07 16:46:19.621761
244649,Gomphichis,viscosa Rchb.f.,http://data.huh.harvard.edu/d3bb6dba-c845-4e47-a654-463a29a55590/image,GBIF,,,,,2025-11-09 14:02:39.550894
8521,Bulbophyllum,wightii,https://d2jcv3kl45hlgi.cloudfront.net/74d128f6482e20c69dfa5e6a14b5174d.jpg,GBIF,Sri Lanka,,"Walker, A.W.",http://creativecommons.org/licenses/by/4.0/,2025-10-20 01:58:48.926313
169238,Callostylis,pulchella,https://medialib.naturalis.nl/file/id/L.1510941/format/large,GBIF,Indonesia,,Docters van Leeuwen-Reijnvaan J,,2025-11-07 16:39:41.299058
107409,Platanthera,dilatata,https://inaturalist-open-data.s3.amazonaws.com/photos/516819995/original.jpg,GBIF,Canada,,Max Miner,http://creativecommons.org/licenses/by-nc/4.0/,2025-11-04 03:12:49.981986
4504,Cymbidium,goeringii,https://inaturalist-open-data.s3.amazonaws.com/photos/479553601/original.jpg,GBIF,China,,thermophis,http://creativecommons.org/licenses/by-nc/4.0/,2025-10-19 13:59:14.469672
303528,Maxillaria,errata,https://d2jcv3kl45hlgi.cloudfront.net/21e0b7e3d0efa419a39323720469e3f2.jpg,GBIF,,,,,2025-11-10 04:41:26.446342
269830,Epidendrum,endresii,https://inaturalist-open-data.s3.amazonaws.com/photos/178207038/original.jpg,GBIF,,,,,2025-11-09 19:55:55.359455
299476,Masdevallia,ventricosa,https://iiif-manifest.oxalis.br.fgov.be/specimen/BR0000033167879/manifest,GBIF,,,,,2025-11-10 03:38:46.500777
181875,Caladenia,venusta G.,https://inaturalist-open-data.s3.amazonaws.com/photos/572972214/original.jpg,GBIF,,,,,2025-11-08 22:40:44.642087
179058,Bulbophyllum,lineatum,https://d2jcv3kl45hlgi.cloudfront.net/66dbd9d342084c3eeb6ef2965811a3ee.jpg,GBIF,,,,,2025-11-08 21:58:20.477225
231777,Calochilus,pulchellus D.,https://inaturalist-open-data.s3.amazonaws.com/photos/241530153/original.jpeg,GBIF,,,,,2025-11-09 10:56:25.372877
274297,Masdevallia,sceptrum,https://inaturalist-open-data.s3.amazonaws.com/photos/197390133/original.jpg,GBIF,,,,,2025-11-09 22:23:29.977730
181498,Prasophyllum,drummondii Rchb.f.,https://inaturalist-open-data.s3.amazonaws.com/photos/344434662/original.jpeg,GBIF,,,,,2025-11-08 22:36:39.048973
7896,Bulbophyllum,rolfei,http://mediaphoto.mnhn.fr/media/1441452401825InvamCnIwyv8I6mH,GBIF,India,,"Pantling, R.",http://creativecommons.org/licenses/by/4.0/,2025-10-20 01:54:46.862795
192436,Appendicula,carnosa,https://medialib.naturalis.nl/file/id/L.1482710/format/large,GBIF,,,,,2025-11-09 01:11:56.199329
237066,Sacoila,argentina,https://inaturalist-open-data.s3.amazonaws.com/photos/252651427/original.jpeg,GBIF,,,,,2025-11-09 12:08:03.592217
179440,Pinalia,dura,https://data.nhm.ac.uk/media/934ce1aa-2d60-4619-89c2-bce98c861ec4,GBIF,,,,,2025-11-08 22:04:33.389928
268958,Bulbophyllum,striatellum,https://iiif.rbge.org.uk/herb/iiif/E01307942/manifest,GBIF,,,,,2025-11-09 19:51:15.773906
236165,Corybas,vitreus Lehnebach,https://inaturalist-open-data.s3.amazonaws.com/photos/539798449/original.jpg,GBIF,,,,,2025-11-09 11:31:25.074804
196002,Dactylorhiza,majalis ssp.,https://medialib.naturalis.nl/file/id/L.1530910/format/large,GBIF,,,,,2025-11-09 02:03:44.680834
212064,Elleanthus,scopula,http://sweetgum.nybg.org/images3/3855/505/04070741.jpg,GBIF,,,,,2025-11-09 05:57:01.107919
258969,Elleanthus,ligularis,https://images.mobot.org/tropicosimages4/detailimages/TropicosImagesVol4/101090000/C9C72E5B-E89A-48E9-80AA-A53697AC72C7.jpg,GBIF,,,,,2025-11-09 17:28:50.919331
181365,Dendrobium,tenue,https://medialib.naturalis.nl/file/id/L0059672_MLN/format/large,GBIF,,,,,2025-11-08 22:35:03.255244
292505,Dendrobium,kurashigei,http://data.huh.harvard.edu/2c7a989c-c5ae-4dcd-a14e-0895714cca06/image,GBIF,,,,,2025-11-10 01:55:19.024450
238406,Macodes,celebica Rolfe,https://d2jcv3kl45hlgi.cloudfront.net/baaff116b29afeb6abb6b1b9221aa4a7.jpg,GBIF,,,,,2025-11-09 12:43:17.797060
218691,Cephalanthera,falcata,https://inaturalist-open-data.s3.amazonaws.com/photos/493012650/original.jpeg,GBIF,,,,,2025-11-09 07:31:40.479418
219699,Platanthera,holmboei H.,https://inaturalist-open-data.s3.amazonaws.com/photos/507892338/original.jpg,GBIF,,,,,2025-11-09 07:45:18.457462
247356,Prosthechea,glumacea,https://inaturalist-open-data.s3.amazonaws.com/photos/60679693/original.jpeg,GBIF,,,,,2025-11-09 14:40:11.890382
230811,Spathoglottis,papuana,http://data.huh.harvard.edu/b6f263ae-3e24-4478-9c38-c07cdce07f00/image,GBIF,,,,,2025-11-09 10:55:22.411191
298749,Stenia,jarae,http://sweetgum.nybg.org/images3/3551/890/04157299.jpg,GBIF,,,,,2025-11-10 03:28:50.918990
293533,Cyrtochilum,pastasae,https://inaturalist-open-data.s3.amazonaws.com/photos/563646174/original.jpg,GBIF,,,,,2025-11-10 02:09:11.729237
264988,Xylobium,palmifolium,https://media-service.nrm.se/images?dataset=fbo&id=large/S11-031001/S11-31802_a.jpg,GBIF,,,,,2025-11-09 18:51:44.106265
192707,Ophrys,cornuta Steven,http://data.huh.harvard.edu/d0f611ea-5c00-4540-87bc-4ebc860bc53f/image,GBIF,,,,,2025-11-09 01:16:34.808732
190213,Gomesa,laxiflora,http://jbrj-public-img.s3-sa-east-1.amazonaws.com/JPG/rb/1/2/56/67/01025667.jpg,GBIF,,,,,2025-11-09 00:41:14.864635
177173,Epidendrum,tandapioides,https://inaturalist-open-data.s3.amazonaws.com/photos/339890017/original.jpg,GBIF,,,,,2025-11-08 21:32:34.412307
6655,Epidendrum,hymenodes,https://inaturalist-open-data.s3.amazonaws.com/photos/529713251/original.jpg,GBIF,Colombia,,Apipa,http://creativecommons.org/licenses/by-nc/4.0/,2025-10-20 01:28:22.110046
258824,Agrostophyllum,torricellense,https://d2jcv3kl45hlgi.cloudfront.net/7710fbd8bc7ad1b90ab0048d7cbca1a7.jpg,GBIF,,,,,2025-11-09 17:26:03.506535
270150,Paraholcoglossum,amesianum,http://mediaphoto.mnhn.fr/media/1441307196459mZNqcWBJirWFf4cX,GBIF,,,,,2025-11-09 19:57:57.613507
296582,Epidendrum,chloranthum,http://jbrj-public-img.s3-sa-east-1.amazonaws.com/JPG/rb/0/52/53/79/00525379.jpg,GBIF,,,,,2025-11-10 02:58:32.767730
273404,Bulbophyllum,propinquum,https://d2seqvvyy3b8p2.cloudfront.net/e005bffb2380b1d1c4907adbae05520a.jpg,GBIF,,,,,2025-11-09 22:22:20.937844
252367,Fernandezia,myrtillus,https://inaturalist-open-data.s3.amazonaws.com/photos/470965698/original.jpeg,GBIF,,,,,2025-11-09 15:55:47.738817
271559,Spiranthes,flexuosa,https://images.mobot.org/tropicosimages5/detailimages/TropicosImagesVol5/101492000/0A0C04C2-3BE0-4007-B858-FB4E6D245A7E.jpg,GBIF,,,,,2025-11-09 22:20:45.387455
228666,Habenaria,subfiliformis Cogn.,https://inaturalist-open-data.s3.amazonaws.com/photos/400114150/original.jpeg,GBIF,,,,,2025-11-09 10:54:01.993984
220549,Trichoglottis,pantherina,https://cdn.floridamuseum.ufl.edu/Herbarium/d3935357-9793-45c5-b3ba-47d7c0097c5b,GBIF,,,,,2025-11-09 07:56:55.810858
228849,Pterostylis,alata Labill.,https://inaturalist-open-data.s3.amazonaws.com/photos/541096020/original.jpg,GBIF,,,,,2025-11-09 10:54:05.381171
143686,Cyrtosia,taiwanica K.,https://inaturalist-open-data.s3.amazonaws.com/photos/529570874/original.jpg,GBIF,Chinese Taipei,,Casper,http://creativecommons.org/licenses/by-nc/4.0/,2025-11-06 01:40:32.160893
203580,Maxillaria,bradei,https://inaturalist-open-data.s3.amazonaws.com/photos/197983452/original.jpg,GBIF,,,,,2025-11-09 03:56:35.441068
190881,Habenaria,rzedowskiana,https://images.mobot.org/tropicosimages4/detailimages/TropicosImagesVol4/101172000/3FFE67EB-ACB8-4602-844B-DCAC13003555.jpg,GBIF,,,,,2025-11-09 00:50:38.619252
234107,Hemipilia,kinoshitae Makino,https://inaturalist-open-data.s3.amazonaws.com/photos/419936354/original.jpeg,GBIF,,,,,2025-11-09 10:58:27.538214
143693,Cyrtosia,taiwanica K.,https://inaturalist-open-data.s3.amazonaws.com/photos/312195384/original.jpeg,GBIF,Chinese Taipei,,Chen Shu,http://creativecommons.org/licenses/by-nc/4.0/,2025-11-06 01:40:34.766758
8483,Epidendrum,paniculatum,http://data.huh.harvard.edu/04fd09bf-970e-4570-afd5-bf04a00b8be2/image,GBIF,Costa Rica,,P. C. Standley,https://huh.harvard.edu/access-digital-reproductions-works-public-domain,2025-10-20 01:57:58.467496
296554,Epidendrum,milenae,https://inaturalist-open-data.s3.amazonaws.com/photos/178843316/original.jpeg,GBIF,,,,,2025-11-10 02:57:52.420138
205258,Genoplesium,tasmanicum D.,https://inaturalist-open-data.s3.amazonaws.com/photos/187471677/original.jpg,GBIF,,,,,2025-11-09 04:16:42.546285
243951,Habenaria,magniscutata Catling,http://sweetgum.nybg.org/images3/2006/489/01031910.jpg,GBIF,,,,,2025-11-09 13:52:20.642755
267263,Bulbophyllum,disjunctum,https://medialib.naturalis.nl/file/id/L.1492728/format/large,GBIF,,,,,2025-11-09 19:26:31.887946
211725,Odontochilus,elwesii King,https://inaturalist-open-data.s3.amazonaws.com/photos/149649894/original.jpeg,GBIF,,,,,2025-11-09 05:51:52.371272
227296,Epidendrum,anoglossum,https://inaturalist-open-data.s3.amazonaws.com/photos/432241188/original.jpeg,GBIF,,,,,2025-11-09 10:52:54.931113
7341,Oncidium,sphacelatum,https://inaturalist-open-data.s3.amazonaws.com/photos/277602655/original.jpeg,GBIF,Mexico,,Tliltekuani,http://creativecommons.org/licenses/by-nc/4.0/,2025-10-20 01:45:05.419973
267826,Telipogon,portilloi,https://inaturalist-open-data.s3.amazonaws.com/photos/229787425/original.jpeg,GBIF,,,,,2025-11-09 19:37:05.770836
200969,Epidendrum,cordiforme,https://cdn.floridamuseum.ufl.edu/Herbarium/5e4f1b8e-1087-4a36-9049-b925e6aabf78,GBIF,,,,,2025-11-09 03:20:46.558196
261131,Vanilla,roscheri Rchb.f.,https://inaturalist-open-data.s3.amazonaws.com/photos/190058067/original.jpeg,GBIF,,,,,2025-11-09 17:57:49.108865
4143,Bulbophyllum,species,https://inaturalist-open-data.s3.amazonaws.com/photos/473829866/original.jpeg,GBIF,New Zealand,,J.R. Kuethe,http://creativecommons.org/licenses/by-nc/4.0/,2025-10-19 13:58:45.290643
253157,Aeridostachya,mearnsii,http://data.huh.harvard.edu/86395f35-7a1b-4880-a828-0fecee58fd9d/image,GBIF,,,,,2025-11-09 16:06:29.405819
266256,Bulbophyllum,moniliforme,http://mediaphoto.mnhn.fr/media/1441304925505ch9e3i7dHvp3LZcP,GBIF,,,,,2025-11-09 19:09:36.525689
207183,Eulophia,bracteosa,"https://iiif.rbge.org.uk/herb/iiif/E01306490/full/1600,/0/default.jpg",GBIF,,,,,2025-11-09 04:43:08.674228
266364,Holcoglossum,kimballianum,http://mediaphoto.mnhn.fr/media/1442317436258CHr4FK2CHbPhh4DJ,GBIF,,,,,2025-11-09 19:10:55.850339
245560,Encyclia,osmantha,https://inaturalist-open-data.s3.amazonaws.com/photos/431153023/original.jpg,GBIF,,,,,2025-11-09 14:14:41.200019
249385,Epidendrum,roseoscriptum,http://fm-digital-assets.fieldmuseum.org/989/135/ORCH_epid_rose_872351.jpg,GBIF,,,,,2025-11-09 15:14:17.411028
210774,Cattleya,caulescens,http://jbrj-public-img.s3-sa-east-1.amazonaws.com/JPG/rb/0/83/58/62/00835862.jpg,GBIF,,,,,2025-11-09 05:38:22.936779
291877,Oncidium,harryanum,https://iiif-manifest.oxalis.br.fgov.be/specimen/BR0000033177496/manifest,GBIF,,,,,2025-11-10 01:47:06.729895
248489,Bulbophyllum,pipio,https://d2jcv3kl45hlgi.cloudfront.net/2329c66887308978177e225aed21ce12.jpg,GBIF,,,,,2025-11-09 14:57:31.139460
222744,Epidendrum,bifarium,https://oxalis.br.fgov.be/images/BR0/000/032/830/781/BR0000032830781.jpg,GBIF,,,,,2025-11-09 08:32:52.789045
243631,Eulophia,tricristata,https://inaturalist-open-data.s3.amazonaws.com/photos/448372294/original.jpeg,GBIF,,,,,2025-11-09 13:48:46.376182
300287,Malaxis,macrostachya,https://inaturalist-open-data.s3.amazonaws.com/photos/546626289/original.jpg,GBIF,,,,,2025-11-10 03:50:00.860778
177183,Epidendrum,portoricense,https://inaturalist-open-data.s3.amazonaws.com/photos/109952762/original.jpg,GBIF,,,,,2025-11-08 21:32:42.202700
191285,Malaxis,major,https://inaturalist-open-data.s3.amazonaws.com/photos/338140524/original.jpeg,GBIF,,,,,2025-11-09 00:56:03.523634
297044,Cynorkis,anisoloba Summerh.,https://images.mobot.org/tropicosimages4/detailimages/TropicosImagesVol4/101098000/1CBB41FD-E5AA-4493-BFA2-F916C9542415.jpg,GBIF,,,,,2025-11-10 03:05:01.491778
261982,Diaphananthe,vesicata,https://medialib.naturalis.nl/file/id/WAG.1131853/format/large,GBIF,,,,,2025-11-09 18:07:52.521145
5939,Pleurothallis,cardiothallis,https://inaturalist-open-data.s3.amazonaws.com/photos/71407419/original.jpeg,GBIF,Honduras,,delmer jonathan,http://creativecommons.org/licenses/by-nc/4.0/,2025-10-19 19:43:07.079406
243919,Calanthe,zollingeri,https://inaturalist-open-data.s3.amazonaws.com/photos/309981412/original.jpg,GBIF,,,,,2025-11-09 13:52:04.863935
1649,Cypripedium,taiwanalpinum Y.,https://inaturalist-open-data.s3.amazonaws.com/photos/103229410/original.jpg,GBIF,Chinese Taipei,,Tzu-lun Hung,http://creativecommons.org/licenses/by-nc-sa/4.0/,2025-10-19 11:19:53.925380
267003,Polystachya,fusiformis,https://inaturalist-open-data.s3.amazonaws.com/photos/292836415/original.jpg,GBIF,,,,,2025-11-09 19:22:02.799717
243832,Jumellea,recta,https://inaturalist-open-data.s3.amazonaws.com/photos/215411234/original.jpg,GBIF,,,,,2025-11-09 13:51:01.472344
209195,Coelogyne,pandurata,https://inaturalist-open-data.s3.amazonaws.com/photos/352646414/original.jpg,GBIF,,,,,2025-11-09 05:14:59.391233
293572,Liparis,phyllocardia,http://mediaphoto.mnhn.fr/media/14413069766665Nx5UMs7JyGb50g1,GBIF,,,,,2025-11-10 02:10:07.375282
213047,Masdevallia,macropus,http://data.huh.harvard.edu/65847b27-4891-4824-a7d3-f920b9a493df/image,GBIF,,,,,2025-11-09 06:13:56.067597
231108,Stanhopea,costaricensis,http://media.canadensys.net/mt-specimens/large/MT00234240_2.jpg,GBIF,,,,,2025-11-09 10:55:41.054288
196293,Liparis,rheedei,https://medialib.naturalis.nl/file/id/L.1522253/format/large,GBIF,,,,,2025-11-09 02:07:58.537494
257765,Pheladenia,deformis R.,https://inaturalist-open-data.s3.amazonaws.com/photos/531584389/original.jpg,GBIF,,,,,2025-11-09 17:10:12.583047
172248,Drymoanthus,minimus,https://inaturalist-open-data.s3.amazonaws.com/photos/454782202/original.jpg,GBIF,New Caledonia,,juju98,,2025-11-07 18:40:41.233865
3858,Vanda,species,https://inaturalist-open-data.s3.amazonaws.com/photos/365021835/original.jpeg,GBIF,India,,Brenda Connolly,http://creativecommons.org/licenses/by-nc/4.0/,2025-10-19 13:58:11.428304
223594,Pteroglossa,roseoalba,https://inaturalist-open-data.s3.amazonaws.com/photos/506681041/original.jpg,GBIF,,,,,2025-11-09 08:44:15.268641
227628,Mycaranthes,oblitterata,https://medialib.naturalis.nl/file/id/L.1510671/format/large,GBIF,,,,,2025-11-09 10:53:04.247367
286938,Neottia,listeroides,http://mediaphoto.mnhn.fr/media/1441306315039RPtSdiMfmJKvJYzc,GBIF,,,,,2025-11-10 00:31:59.723278
224095,Caladenia,brevisura,https://inaturalist-open-data.s3.amazonaws.com/photos/566718583/original.jpg,GBIF,,,,,2025-11-09 08:54:09.618528
253605,Miltonia,flavescens,https://inaturalist-open-data.s3.amazonaws.com/photos/447408661/original.jpeg,GBIF,,,,,2025-11-09 16:13:53.895464
174191,Ophrys,phryganae Devillers-Tersch.,https://inaturalist-open-data.s3.amazonaws.com/photos/485855465/original.jpeg,GBIF,,,,,2025-11-08 20:47:18.113664
4694,Oncidium,flexuosum,https://inaturalist-open-data.s3.amazonaws.com/photos/462386113/original.jpeg,GBIF,South Africa,,Jean Stephenson,http://creativecommons.org/licenses/by-nc/4.0/,2025-10-19 13:59:45.892208
5208,Aerides,maculosa,https://inaturalist-open-data.s3.amazonaws.com/photos/515153090/original.jpg,GBIF,India,,chiragmunje,http://creativecommons.org/licenses/by/4.0/,2025-10-19 14:01:38.534596
255228,Jumellea,maxillarioides,http://mediaphoto.mnhn.fr/media/1441306916906CmpxOX4jr7FQEo5E,GBIF,,,,,2025-11-09 16:39:07.536406
195896,Prosthechea,calamaria,https://inaturalist-open-data.s3.amazonaws.com/photos/516651911/original.jpg,GBIF,,,,,2025-11-09 02:02:49.709175
267522,Vanda,garayi,http://mediaphoto.mnhn.fr/media/1453977395574MCwfAWSPbTK2UNX1,GBIF,,,,,2025-11-09 19:30:29.367672
259430,Polystachya,thomensis,https://data.nhm.ac.uk/media/3d80a09b-781c-4e50-83bc-f010b2253e02,GBIF,,,,,2025-11-09 17:36:22.896739
209673,Glomera,salicornioides,http://data.huh.harvard.edu/143b0b09-9fd2-4c69-9c92-33b0b8b3c013/image,GBIF,,,,,2025-11-09 05:21:20.001815
195369,Bulbophyllum,aemulum,https://iiif.rbge.org.uk/herb/iiif/E00123408/manifest,GBIF,,,,,2025-11-09 01:54:05.556201
305087,Pterostylis,despectans Nicholls,https://inaturalist-open-data.s3.amazonaws.com/photos/581490389/original.jpg,GBIF,,,,,2025-11-10 05:07:14.460971
293241,Goodyera,biflora Lindl.,https://inaturalist-open-data.s3.amazonaws.com/photos/467553743/original.jpeg,GBIF,,,,,2025-11-10 02:05:45.843079
215777,Thelyschista,ghillanyi,http://jbrj-public.s3-sa-east-1.amazonaws.com/fsi/server?type=image&source=DZI/alcb/alcb/0/0/84/52/alcb00008452_1.dzi,GBIF,,,,,2025-11-09 06:49:46.011109
236420,Coelogyne,quadriloba,http://data.huh.harvard.edu/42b1cd43-c99f-41f3-b596-6333049db058/image,GBIF,,,,,2025-11-09 11:40:06.229622
211749,Appendicula,recondita,https://medialib.naturalis.nl/file/id/L0052470_MLN/format/large,GBIF,,,,,2025-11-09 05:52:55.322810
169743,Epidendrum,x,http://fm-digital-assets.fieldmuseum.org/1691/105/V0451239F.jpg,GBIF,Peru,,B. Boyle et al.,,2025-11-07 16:41:35.576746
303275,Vrydagzynea,purpurea Blume,https://medialib.naturalis.nl/file/id/L.1534250/format/large,GBIF,,,,,2025-11-10 04:36:25.322829
303716,Habenaria,thomsonii Rchb.f.,https://d2seqvvyy3b8p2.cloudfront.net/9d71d36c8c5a6351a03cff526697a550.jpg,GBIF,,,,,2025-11-10 04:43:57.120913
272118,Bulbophyllum,josephi,https://images.mobot.org/tropicosimages3/detailimages/TropicosImageVol3/100574000/07B967CE-87E5-4867-A44C-C5F228811761.jpg,GBIF,,,,,2025-11-09 22:21:17.386728
181600,Ceratostylis,flavescens,https://medialib.naturalis.nl/file/id/L.1494727/format/large,GBIF,,,,,2025-11-08 22:38:05.768959
206947,Crepidium,amplectens,https://images.mobot.org/tropicosimages3/detailimages/TropicosImages2/100248000/4F970B78-88C0-4794-934E-84F5C25EE6BF.jpg,GBIF,,,,,2025-11-09 04:39:34.514936
262736,Cynorkis,elata Rolfe,http://mediaphoto.mnhn.fr/media/1441306635403dwWTZul1JS2z3Skb,GBIF,,,,,2025-11-09 18:18:34.239005
242494,Maxillaria,rubioi,https://images.mobot.org/tropicosimages4/detailimages/TropicosImagesVol4/101224000/727C8E44-2FB9-45DE-843F-EA6099DECEB8.jpg,GBIF,,,,,2025-11-09 13:30:16.684667
275401,Octomeria,rubrifolia,https://iiif-manifest.oxalis.br.fgov.be/specimen/BR0000033176734/manifest,GBIF,,,,,2025-11-09 22:24:58.693873
227931,Hetaeria,affinis,https://d2seqvvyy3b8p2.cloudfront.net/8ea01eedfe57cb24a87e1ca9cd94908f.jpg,GBIF,,,,,2025-11-09 10:53:22.894022
222147,Thelymitra,sargentii R.,https://inaturalist-open-data.s3.amazonaws.com/photos/298325686/original.jpeg,GBIF,,,,,2025-11-09 08:23:30.744088
244335,Pabstiella,purpurea,http://jbrj-public-img.s3-sa-east-1.amazonaws.com/JPG/rb/1/12/60/23/01126023-1.jpg,GBIF,,,,,2025-11-09 13:58:01.682811
194796,Sophronitella,violacea,https://inaturalist-open-data.s3.amazonaws.com/photos/546654481/original.jpg,GBIF,,,,,2025-11-09 01:46:02.637447
206572,Chiloschista,phyllorhiza,https://inaturalist-open-data.s3.amazonaws.com/photos/403473700/original.jpg,GBIF,,,,,2025-11-09 04:34:56.918134
305141,Habenaria,montolivaea Kraenzl.,https://iiif-manifest.oxalis.br.fgov.be/specimen/BR0000021829246/manifest,GBIF,,,,,2025-11-10 05:07:45.831603
217893,Styloglossum,leucosceptrum,https://quod.lib.umich.edu/cgi/i/image/api/image/herb00ic:1654798:MICH-V-1654798/full/res:0/0/native.jpg,GBIF,,,,,2025-11-09 07:20:34.220475
261037,Phreatia,myosurus,http://mediaphoto.mnhn.fr/media/1441306491561vzqffahRhxs4GVdB,GBIF,,,,,2025-11-09 17:57:01.062269
300637,Holcoglossum,pumilum,https://inaturalist-open-data.s3.amazonaws.com/photos/578101773/original.jpg,GBIF,,,,,2025-11-10 03:54:39.050962
276951,Prasophyllum,plumiforme Fitzg.,https://inaturalist-open-data.s3.amazonaws.com/photos/162051133/original.jpeg,GBIF,,,,,2025-11-09 22:26:16.570985
167183,Epidendrum,miserum,https://inaturalist-open-data.s3.amazonaws.com/photos/181020962/original.jpeg,GBIF,Mexico,,irene_avila_diaz,,2025-11-07 07:01:59.407473
1408,Cypripedium,parviflorum Salisb.,https://inaturalist-open-data.s3.amazonaws.com/photos/535712057/original.jpg,GBIF,Canada,,William Van Hemessen,http://creativecommons.org/licenses/by-nc/4.0/,2025-10-19 11:19:11.821245
187461,Eltroplectris,cogniauxiana Schltr.,http://imagens4.jbrj.gov.br/fsi/server?type=image&source=smnh/Plantas_do_Brasil_2017_02/S10-18670.jpg,GBIF,,,,,2025-11-09 00:03:34.837595
292811,Peristylus,plantagineus Lindl.,https://inaturalist-open-data.s3.amazonaws.com/photos/97903794/original.jpeg,GBIF,,,,,2025-11-10 01:59:33.317181
304922,Disperis,aphylla Kraenzl.,https://oxalis.br.fgov.be/images/BR0/000/008/811/714/BR0000008811714.jpg,GBIF,,,,,2025-11-10 05:04:27.277090
257317,Epidendrum,calanthum,https://inaturalist-open-data.s3.amazonaws.com/photos/504590546/original.jpg,GBIF,,,,,2025-11-09 17:05:27.831380
190234,Pinalia,micholitziana,https://orphans.gbif.org/DE/85c8e444-f762-11e1-a439-00145eb45e9a/HBG-501671.jpg,GBIF,,,,,2025-11-09 00:41:39.210618
302060,Habenaria,chirensis Rchb.f.,https://oxalis.br.fgov.be/images/BR0/000/021/831/522/BR0000021831522.jpg,GBIF,,,,,2025-11-10 04:16:20.287763
225874,Pterygodium,cleistogamum Schltr.,https://inaturalist-open-data.s3.amazonaws.com/photos/243777054/original.jpeg,GBIF,,,,,2025-11-09 09:09:31.966030
244714,Dichaea,squarrosa,https://inaturalist-open-data.s3.amazonaws.com/photos/304900038/original.jpg,GBIF,,,,,2025-11-09 14:03:35.225053
252127,Eulophia,stricta,http://data.huh.harvard.edu/481ac2fc-ca13-4a2e-814e-cb8fd4405780/image,GBIF,,,,,2025-11-09 15:51:57.721983
12175,Habenaria,debeerstiana,https://images.mobot.org/tropicosimages4/detailimages/TropicosImagesVol4/101182000/50DAA09F-83AE-4CDF-B622-EC04C8E899C0.jpg,Tropicos - Missouri Botanical Garden,,,,,2025-10-21 18:10:49.952091
260717,Dendrobium,smillieae,https://inaturalist-open-data.s3.amazonaws.com/photos/422785549/original.jpg,GBIF,,,,,2025-11-09 17:53:26.974770
232222,Collabium,formosanum,https://inaturalist-open-data.s3.amazonaws.com/photos/461648622/original.jpeg,GBIF,,,,,2025-11-09 10:56:49.648735
266482,Maxillaria,angustissima,https://cdn.floridamuseum.ufl.edu/Herbarium/3e74f7f9-2fd6-4d13-a0ee-d14a53b69e45,GBIF,,,,,2025-11-09 19:13:26.726039
245749,Platanthera,pachycaulon Hook.f.,https://iiif.rbge.org.uk/herb/iiif/E00629871/manifest,GBIF,,,,,2025-11-09 14:16:32.434566
230503,Malaxis,bayardii,https://inaturalist-open-data.s3.amazonaws.com/photos/298522711/original.jpeg,GBIF,,,,,2025-11-09 10:55:06.509263
295486,Pterostylis,tenuissima Nicholls,https://inaturalist-open-data.s3.amazonaws.com/photos/9043345/original.jpg,GBIF,,,,,2025-11-10 02:41:52.690595
196977,Coelogyne,cruciformis,"https://iiif.rbge.org.uk/herb/iiif/E00050133/full/300,/0/default.jpg",GBIF,,,,,2025-11-09 02:18:32.565251
203804,Pterostylis,graminea Hook.f.,https://inaturalist-open-data.s3.amazonaws.com/photos/569369861/original.jpg,GBIF,,,,,2025-11-09 03:58:51.021574
195072,Epidendrum,chartacifolium,https://inaturalist-open-data.s3.amazonaws.com/photos/422744083/original.jpeg,GBIF,,,,,2025-11-09 01:48:48.443645
234160,Miltonia,moreliana,https://inaturalist-open-data.s3.amazonaws.com/photos/337846683/original.jpeg,GBIF,,,,,2025-11-09 10:58:36.556513
186801,Genoplesium,woollsii F.,https://inaturalist-open-data.s3.amazonaws.com/photos/349526043/original.jpg,GBIF,,,,,2025-11-08 23:55:15.382204
292072,Vrydagzynea,albida Blume,https://medialib.naturalis.nl/file/id/L.1533724/format/large,GBIF,,,,,2025-11-10 01:50:17.339100
270389,Maxillaria,desvauxiana,https://images.mobot.org/tropicosimages3/detailimages/TropicosImageVol3/100431000/103623AA-DFF5-4818-BEC7-4E8F3F9E5EC3.jpg,GBIF,,,,,2025-11-09 22:19:53.370053
279787,Nephelaphyllum,tenuiflorum,http://data.huh.harvard.edu/9fe42682-b3c6-4ceb-8f00-b206bb3d0eaf/image,GBIF,,,,,2025-11-09 22:33:32.539125
211098,Eulophia,plantaginea,https://d2seqvvyy3b8p2.cloudfront.net/61c25cd2401c7ad0c6265ec5766e0aec.jpg,GBIF,,,,,2025-11-09 05:43:40.470174
237292,Bletia,concolor,https://d2jcv3kl45hlgi.cloudfront.net/cc71b1080eb48f3616d01b9da62f4b62.jpg,GBIF,,,,,2025-11-09 12:12:24.307038
288623,Cyrtochilum,ramosissimum,https://inaturalist-open-data.s3.amazonaws.com/photos/39138856/original.jpeg,GBIF,,,,,2025-11-10 01:00:32.958892
211263,Coelogyne,guamensis,https://inaturalist-open-data.s3.amazonaws.com/photos/445992282/original.jpeg,GBIF,,,,,2025-11-09 05:45:47.658132
7696,Maxillaria,valenzuelana,https://d2jcv3kl45hlgi.cloudfront.net/d9edf82bb53f1151e66d17364b385c92.jpg,GBIF,,,s.coll.,http://creativecommons.org/licenses/by/4.0/,2025-10-20 01:51:00.644129
268429,Peristylus,maingayi King,http://data.huh.harvard.edu/d1ad2890-e9d0-4990-87ba-bbe43a9a634b/image,GBIF,,,,,2025-11-09 19:45:02.825204
6808,Epidendrum,dodii,http://sweetgum.nybg.org/images3/282/786/v-066-01045685.jpg,GBIF,Dominican Republic,,M. M. Mejía Pimentel,http://creativecommons.org/licenses/by/4.0/,2025-10-20 01:38:00.586566
237734,Coccineorchis,bracteosa,https://images.mobot.org/tropicosimages4/detailimages/TropicosImagesVol4/101066000/C432856F-8C25-4DB6-B1A3-BDA86317EAD8.jpg,GBIF,,,,,2025-11-09 12:22:03.319464
178305,Coelogyne,peltastes,https://medialib.naturalis.nl/file/id/L.1496549/format/large,GBIF,,,,,2025-11-08 21:47:46.951799
209388,Liparis,acuminata,http://mediaphoto.mnhn.fr/media/1441306050384cXc2GOcEbmMyUu7f,GBIF,,,,,2025-11-09 05:17:29.824738
268333,Corallorhiza,ekmanii,http://sweetgum.nybg.org/images3/233/022/v-066-00056018.jpg,GBIF,,,,,2025-11-09 19:44:06.589558
165176,Peristylus,cubitalis L.,http://sweetgum.nybg.org/images3/3533/557/04097084.jpg,GBIF,Sri Lanka,,,,2025-11-07 01:58:38.673555
212813,Pterostylis,chaetophora M.,https://images.ala.org.au/image/proxyImageThumbnailLarge?imageId=558e83c7-238d-4873-b8aa-5e048b450cf6,GBIF,,,,,2025-11-09 06:08:46.613826
277640,Galeandra,bicarinata,https://inaturalist-open-data.s3.amazonaws.com/photos/456264569/original.jpg,GBIF,,,,,2025-11-09 22:26:47.160232
299833,Coelogyne,sparsa,http://mediaphoto.mnhn.fr/media/1441306653082uMCre05GulkxOuTJ,GBIF,,,,,2025-11-10 03:43:48.016615
273908,Oncidium,constrictum,http://mediaphoto.mnhn.fr/media/1441306687206DGr3FhfOYuWo3WGX,GBIF,,,,,2025-11-09 22:22:58.368187
287576,Cattleya,neocardimii,https://inaturalist-open-data.s3.amazonaws.com/photos/363508688/original.jpeg,GBIF,,,,,2025-11-10 00:39:55.917510
198982,Maxillaria,pastensis,https://assets.rjb.csic.es/fileget?coll=Plantas+Vasculares&type=O&filename=sp65528396906160270567.att.jpg&downloadname=MA-01-00669536,GBIF,,,,,2025-11-09 02:53:40.233647
213656,Prasophyllum,helophilum D.,https://inaturalist-open-data.s3.amazonaws.com/photos/111405221/original.jpeg,GBIF,,,,,2025-11-09 06:24:45.097911
188651,Brachycorythis,disoides Ridl.,http://mediaphoto.mnhn.fr/media/14413063975563wxJjMWXQwxZVkos,GBIF,,,,,2025-11-09 00:20:53.938499
215357,Calochilus,uliginosus D.,https://inaturalist-open-data.s3.amazonaws.com/photos/165339469/original.jpeg,GBIF,,,,,2025-11-09 06:44:21.285664
259377,Dryadella,simula,https://images.mobot.org/tropicosimages4/detailimages/TropicosImagesVol4/101066000/E7D23576-CA3D-4E97-95FF-4C4B2F52675A.jpg,GBIF,,,,,2025-11-09 17:35:11.248377
8995,Epidendrum,amphistomum,https://inaturalist-open-data.s3.amazonaws.com/photos/565888806/original.jpg,GBIF,United States of America,,mokilynn,http://creativecommons.org/licenses/by-nc/4.0/,2025-10-20 02:23:38.548775
7777,Dendrobium,lunatum,http://data.huh.harvard.edu/a54719ee-f233-4737-9fa6-c63147d05d85/image,GBIF,Philippines,,F. W. Foxworthy,https://huh.harvard.edu/access-digital-reproductions-works-public-domain,2025-10-20 01:52:17.844115
3709,Epidendrum,nocturnum,https://inaturalist-open-data.s3.amazonaws.com/photos/179953869/original.jpg,GBIF,United States of America,,Vaibhav Dwivedi,http://creativecommons.org/licenses/by-nc/4.0/,2025-10-19 13:56:57.310196
280015,Maxillaria,soconuscana,https://images.mobot.org/tropicosimages3/detailimages/Tropicos/235/796DA57B-8C2A-4C83-A500-AC1594F5BABE.jpg,GBIF,,,,,2025-11-09 22:37:37.330305
245441,Polycycnis,grandiflora,https://images.mobot.org/tropicosimages4/detailimages/TropicosImagesVol4/101290000/033C5863-5648-4903-92E8-A880C19897B6.jpg,GBIF,,,,,2025-11-09 14:12:58.045361
181431,Halleorchis,aspidogynoides,http://mediaphoto.mnhn.fr/media/1442481684917KjxvePtg4cy59Lzv,GBIF,,,,,2025-11-08 22:35:50.321322
257700,Oberonia,disticha,https://inaturalist-open-data.s3.amazonaws.com/photos/455929445/original.jpg,GBIF,,,,,2025-11-09 17:09:41.637302
243781,Dendrophylax,lindenii,https://inaturalist-open-data.s3.amazonaws.com/photos/471453418/original.jpg,GBIF,,,,,2025-11-09 13:50:21.190795
298347,Maxillaria,sophronitis,https://images.mobot.org/tropicosimages4/detailimages/TropicosImagesVol4/101224000/BD4F6CAC-49CD-4B20-98BE-90D615C31ED1.jpg,GBIF,,,,,2025-11-10 03:22:38.306964
247050,Epidendrum,tenue,http://pictures.snsb.info/BSMvplantscoll/web/M-0226/M-0226704_20140215_141213.jpg,GBIF,,,,,2025-11-09 14:34:38.547226
164955,Satyrium,hallackii ssp.,https://inaturalist-open-data.s3.amazonaws.com/photos/467396119/original.jpeg,GBIF,South Africa,,,,2025-11-07 01:56:10.275807
278602,Vanilla,imperialis Kraenzl.,https://iiif-manifest.oxalis.br.fgov.be/specimen/BR0000008406873/manifest,GBIF,,,,,2025-11-09 22:27:19.410556
302843,Malaxis,pringlei,https://inaturalist-open-data.s3.amazonaws.com/photos/314777780/original.jpeg,GBIF,,,,,2025-11-10 04:28:45.685442
11277,Epidendrum,strobiliferum,https://images.mobot.org/tropicosimages4/detailimages/TropicosImagesVol4/101104000/E1B39A7D-7D86-45E3-A664-4F4A87C21418.jpg,Tropicos - Missouri Botanical Garden,,,,,2025-10-21 17:54:10.201872
224057,Townsonia,viridis Hook.f.,https://inaturalist-open-data.s3.amazonaws.com/photos/245807571/original.jpeg,GBIF,,,,,2025-11-09 08:52:50.862036
227227,Elleanthus,magnicallosus,https://images.mobot.org/tropicosimages5/detailimages/TropicosImagesVol5/101485000/A2192CC7-0646-44D4-B520-8267AA870E39.jpg,GBIF,,,,,2025-11-09 10:52:52.153561
222085,Coelogyne,bracteosa,https://medialib.naturalis.nl/file/id/L.4405466/format/large,GBIF,,,,,2025-11-09 08:22:50.358785
211949,Dactylorhiza,x wiefelspuetziana,https://oxalis.br.fgov.be/images/BR0/000/011/283/386/BR0000011283386.jpg,GBIF,,,,,2025-11-09 05:55:10.325288
219694,Platanthera,holmboei H.,https://inaturalist-open-data.s3.amazonaws.com/photos/488192706/original.jpeg,GBIF,,,,,2025-11-09 07:45:18.425334
288542,Calochilus,grandiflorus Benth.,https://inaturalist-open-data.s3.amazonaws.com/photos/241922380/original.jpeg,GBIF,,,,,2025-11-10 00:58:41.880908
201489,Epidendrum,pentadactylum,https://inaturalist-open-data.s3.amazonaws.com/photos/244258269/original.jpeg,GBIF,,,,,2025-11-09 03:27:15.815426
220574,Dipodium,atropurpureum,https://inaturalist-open-data.s3.amazonaws.com/photos/251283517/original.jpg,GBIF,,,,,2025-11-09 07:57:12.731846
2612,Cattleya,labiata,https://inaturalist-open-data.s3.amazonaws.com/photos/253889979/original.jpeg,GBIF,Brazil,,Carlos Otávio Gussoni,http://creativecommons.org/licenses/by-nc/4.0/,2025-10-19 13:53:36.820089
187334,Oncidium,roseoides,"https://iiif.rbge.org.uk/herb/iiif/E01313378/full/1600,/0/default.jpg",GBIF,,,,,2025-11-09 00:01:27.850906
261118,Vanilla,roscheri Rchb.f.,https://inaturalist-open-data.s3.amazonaws.com/photos/315175369/original.jpeg,GBIF,,,,,2025-11-09 17:57:49.034810
170472,Caladenia,meridionalis,https://inaturalist-open-data.s3.amazonaws.com/photos/319338889/original.jpeg,GBIF,Australia,,ramcad1,,2025-11-07 16:44:35.845848
181890,Caladenia,falcata,https://inaturalist-open-data.s3.amazonaws.com/photos/558382051/original.jpg,GBIF,,,,,2025-11-08 22:41:16.591318
228275,Bulbophyllum,humblotii,https://inaturalist-open-data.s3.amazonaws.com/photos/57217546/original.jpeg,GBIF,,,,,2025-11-09 10:53:49.990664
246479,Oncidium,armatum,http://pictures.snsb.info/BSMvplantscoll/web/M-0227/M-0227082_20140302_172023.jpg,GBIF,,,,,2025-11-09 14:27:22.948377
256196,Pterostylis,longipetala Rupp,https://images.ala.org.au/image/proxyImageThumbnailLarge?imageId=4fd148fd-dda9-485a-9560-568725be407d,GBIF,,,,,2025-11-09 16:51:08.912813
255078,Ponthieva,cornuta Rchb.f.,https://inaturalist-open-data.s3.amazonaws.com/photos/85258564/original.jpeg,GBIF,,,,,2025-11-09 16:36:52.631455
245470,Dactylorhiza,saccifera ssp.,https://inaturalist-open-data.s3.amazonaws.com/photos/508213093/original.jpg,GBIF,,,,,2025-11-09 14:13:29.963105
207040,Caladenia,drakeoides Hopper,https://inaturalist-open-data.s3.amazonaws.com/photos/301500546/original.jpeg,GBIF,,,,,2025-11-09 04:41:01.635901
190099,Gastrochilus,bellinus,"https://iiif.rbge.org.uk/herb/iiif/E00788022/full/300,/0/default.jpg",GBIF,,,,,2025-11-09 00:39:25.143890
234545,Stelis,cucullata,http://data.huh.harvard.edu/b4a3b64f-60aa-4c58-a611-ba476e38d594/image,GBIF,,,,,2025-11-09 10:58:59.853190
211357,Disa,scutellifera A.,https://d2seqvvyy3b8p2.cloudfront.net/02f6206b7042a7e64ba5c145ece8884b.jpg,GBIF,,,,,2025-11-09 05:46:42.978178
180339,Platanthera,zothecina,https://inaturalist-open-data.s3.amazonaws.com/photos/212316224/original.jpeg,GBIF,,,,,2025-11-08 22:17:14.541367
285891,Bletia,amabilis,https://inaturalist-open-data.s3.amazonaws.com/photos/419784831/original.jpeg,GBIF,,,,,2025-11-10 00:17:10.617004
143160,Vanilla,phalaenopsis Rchb.f.,https://inaturalist-open-data.s3.amazonaws.com/photos/182406791/original.jpeg,GBIF,Seychelles,,Juan José Areso,http://creativecommons.org/licenses/by-nc/4.0/,2025-11-06 01:37:43.153846
214661,Bulbophyllum,mangenotii,https://images.mobot.org/tropicosimages3/detailimages/TropicosImageVol3/100383000/84C92C5D-1A8B-4DC8-A337-8B10416271A8.jpg,GBIF,,,,,2025-11-09 06:34:41.428074
202018,Angraecum,mofakoko,https://iiif-manifest.oxalis.br.fgov.be/specimen/BR0000008810106/manifest,GBIF,,,,,2025-11-09 03:33:59.464403
218312,Zeuxine,philippinensis Ames,http://data.huh.harvard.edu/c101396b-cf0d-4601-8aa2-89a1fd65ba86/image,GBIF,,,,,2025-11-09 07:27:26.266917
302226,Oreorchis,indica,https://inaturalist-open-data.s3.amazonaws.com/photos/564920999/original.jpg,GBIF,,,,,2025-11-10 04:18:50.858137
199097,Epidendrum,aquaticum,https://inaturalist-open-data.s3.amazonaws.com/photos/185439212/original.jpeg,GBIF,,,,,2025-11-09 02:55:00.126886
142224,Vanilla,giulianettii F.,https://medialib.naturalis.nl/file/id/L.4266707/format/large,GBIF,Papua New Guinea,,Gillison AN,http://creativecommons.org/publicdomain/zero/1.0/,2025-11-06 01:33:12.066105
238145,Corybas,sulcatus M.,https://inaturalist-open-data.s3.amazonaws.com/photos/445944036/original.jpeg,GBIF,,,,,2025-11-09 12:29:37.737683
204221,Benthamia,bathieana Schltr.,http://mediaphoto.mnhn.fr/media/1464696049523U793ZtyO14npiG0p,GBIF,,,,,2025-11-09 04:04:47.712369
197890,Hemipilia,chusua D.,https://inaturalist-open-data.s3.amazonaws.com/photos/303211167/original.jpg,GBIF,,,,,2025-11-09 02:33:59.787719
233822,Brassia,signata,https://media01.symbiota.org/media/h_seinet/seinet/KHD/KHD00035/KHD00035265_lg.jpg,GBIF,,,,,2025-11-09 10:58:12.466691
230302,Satyrium,situsanguinum,https://inaturalist-open-data.s3.amazonaws.com/photos/454735705/original.jpeg,GBIF,,,,,2025-11-09 10:54:59.031709
257155,Acianthera,leptotifolia,http://data.huh.harvard.edu/c89b4f43-1bcc-4b77-bf4d-6d5e656145f5/image,GBIF,,,,,2025-11-09 17:02:25.378620
197878,Hemipilia,chusua D.,https://inaturalist-open-data.s3.amazonaws.com/photos/527007018/original.jpg,GBIF,,,,,2025-11-09 02:33:59.736303
264239,Appendicula,pauciflora,http://data.huh.harvard.edu/f62865ce-5037-4118-af29-b3ff35aeb829/image,GBIF,,,,,2025-11-09 18:39:58.727767
264263,Habenaria,supplicans Summerh.,https://d2seqvvyy3b8p2.cloudfront.net/241f58b1027a8a08f1e14a26a3c5e393.jpg,GBIF,,,,,2025-11-09 18:40:30.310389
3505,Epidendrum,nocturnum,https://inaturalist-open-data.s3.amazonaws.com/photos/562841794/original.jpg,GBIF,United States of America,,Ryan Rey,http://creativecommons.org/licenses/by-nc/4.0/,2025-10-19 13:56:57.310196
234871,Sobralia,leucoxantha,https://inaturalist-open-data.s3.amazonaws.com/photos/458163581/original.jpg,GBIF,,,,,2025-11-09 11:04:52.675631
217296,Microcoelia,aphylla,http://mediaphoto.mnhn.fr/media/1441306006258wZSYa763jOTMTD7W,GBIF,,,,,2025-11-09 07:12:30.165815
260862,Epidendrum,sarcoglottis,http://data.huh.harvard.edu/62d9fad9-643f-4c3f-b411-f503a9b47624/image,GBIF,,,,,2025-11-09 17:54:53.958551
295376,Maxillaria,pumila,http://jbrj-public-img.s3-sa-east-1.amazonaws.com/JPG/rb/0/25/86/5/00258605.jpg,GBIF,,,,,2025-11-10 02:40:25.389288
179190,Appendicula,angustifolia,https://oxalis.br.fgov.be/images/V/BR0/000/026/255/910/BR0000026255910V.jpg,GBIF,,,,,2025-11-08 22:01:30.854776
213331,Epigeneium,cymbidioides,https://medialib.naturalis.nl/file/id/L.1503948/format/large,GBIF,,,,,2025-11-09 06:18:33.369390
169460,Dendrobium,marivelense,http://sweetgum.nybg.org/images3/3484/126/04055791.jpg,GBIF,China,,N. K. Chun,,2025-11-07 16:40:37.759007
233030,Encyclia,thrombodes,https://object.jacq.org/europeana/W/168990.jpg,GBIF,,,,,2025-11-09 10:57:28.560747
221554,Dendrobium,draconis,https://inaturalist-open-data.s3.amazonaws.com/photos/487691025/original.jpg,GBIF,,,,,2025-11-09 08:13:27.220844
5105,Aerides,maculosa,https://inaturalist-open-data.s3.amazonaws.com/photos/517425179/original.jpg,GBIF,,,Aryan K,http://creativecommons.org/licenses/by/4.0/,2025-10-19 14:01:38.534596
196294,Liparis,rheedei,https://medialib.naturalis.nl/file/id/L.1522252/format/large,GBIF,,,,,2025-11-09 02:07:58.542794
216453,Aspasia,principissa,https://inaturalist-open-data.s3.amazonaws.com/photos/256789582/original.jpeg,GBIF,,,,,2025-11-09 07:00:35.760943
249079,Hetaeria,tetraptera Rchb.f.,https://oxalis.br.fgov.be/images/BR0/000/021/828/430/BR0000021828430.jpg,GBIF,,,,,2025-11-09 15:07:57.386464
259077,Cranichis,ovatilabia Schltr.,http://data.huh.harvard.edu/099b84ca-4cf9-485e-bfbd-8b93f774dd46/image,GBIF,,,,,2025-11-09 17:31:05.316546
301599,Octomeria,rodeiensis,http://jbrj-public-img.s3-sa-east-1.amazonaws.com/JPG/rb/0/56/82/39/00568239.jpg,GBIF,,,,,2025-11-10 04:11:18.031710
261902,Fernandezia,callacallae,http://sweetgum.nybg.org/images3/2231/778/02286723.jpg,GBIF,,,,,2025-11-09 18:06:24.838063
223669,Cranichis,scripta Kraenzl.,https://wis.botany.wisc.edu/WIS/v0379426WIS.JPG,GBIF,,,,,2025-11-09 08:45:42.336129
10682,Dendrobium,latipetalum,https://medialib.naturalis.nl/file/id/L0059655_MLN/format/large,GBIF,Indonesia,,Gjellerup K,http://creativecommons.org/publicdomain/zero/1.0/,2025-10-21 07:28:53.879094
253773,Trichopilia,fragrans,https://inaturalist-open-data.s3.amazonaws.com/photos/263125207/original.jpg,GBIF,,,,,2025-11-09 16:15:05.401958
222494,Maxillaria,amplifoliata,https://inaturalist-open-data.s3.amazonaws.com/photos/360718893/original.jpeg,GBIF,,,,,2025-11-09 08:29:42.538990
230123,Catasetum,socco,https://inaturalist-open-data.s3.amazonaws.com/photos/353140122/original.jpg,GBIF,,,,,2025-11-09 10:54:50.931906
181282,Scaphyglottis,aurea,https://inaturalist-open-data.s3.amazonaws.com/photos/535145724/original.jpg,GBIF,,,,,2025-11-08 22:33:20.760801
268086,Orchis,purpurea ssp.,https://inaturalist-open-data.s3.amazonaws.com/photos/503222096/original.jpeg,GBIF,,,,,2025-11-09 19:40:16.739552
256329,Lockhartia,serra,https://images.mobot.org/tropicosimages4/detailimages/TropicosImagesVol4/101207000/CA1D74A5-EEAD-4ED6-A7CB-741DCF827F40.jpg,GBIF,,,,,2025-11-09 16:52:05.230090
265826,Polystachya,anceps,https://d2seqvvyy3b8p2.cloudfront.net/d82001cc882c71db5b9a4a1c20411b43.jpg,GBIF,,,,,2025-11-09 19:03:15.357865
223887,Bulbophyllum,consimile,https://medialib.naturalis.nl/file/id/L0402229_MLN/format/large,GBIF,,,,,2025-11-09 08:49:47.406998
297244,Palmorchis,veyretae,https://inaturalist-open-data.s3.amazonaws.com/photos/563127369/original.jpg,GBIF,,,,,2025-11-10 03:09:23.431562
293936,Liparis,tridens,https://medialib.naturalis.nl/file/id/WAG.1137751/format/large,GBIF,,,,,2025-11-10 02:17:23.809377
281684,Epigeneium,pulchellum,https://medialib.naturalis.nl/file/id/L.1503911/format/large,GBIF,,,,,2025-11-09 23:23:25.734122
251360,Dendrobium,conspicuum,http://mediaphoto.mnhn.fr/media/1442348352532N7JdLxn0LDqazflC,GBIF,,,,,2025-11-09 15:41:23.112001
253725,Podochilus,bicaudatus,http://data.huh.harvard.edu/c0cabf1a-10db-4c92-9706-1b030d8622fb/image,GBIF,,,,,2025-11-09 16:14:33.089424
152101,Disa,dracomontana Schelpe,https://inaturalist-open-data.s3.amazonaws.com/photos/30313385/original.jpeg,GBIF,South Africa,,Robert Taylor,http://creativecommons.org/licenses/by/4.0/,2025-11-06 02:35:49.211686
207292,Coelogyne,aurantiaca,http://data.huh.harvard.edu/b7a12ec1-66b9-4d00-9d90-fe34b6952e42/image,GBIF,,,,,2025-11-09 04:44:43.738325
304338,Maxillaria,aciantha,https://inaturalist-open-data.s3.amazonaws.com/photos/444214354/original.jpeg,GBIF,,,,,2025-11-10 04:53:53.292201
235206,Phreatia,micrantha,https://inaturalist-open-data.s3.amazonaws.com/photos/437438093/original.jpg,GBIF,,,,,2025-11-09 11:12:39.360451
271975,Paphiopedilum,spicerianum Rchb.f.,https://inaturalist-open-data.s3.amazonaws.com/photos/167510989/original.jpeg,GBIF,,,,,2025-11-09 22:21:09.285776
192950,Disa,roseovittata,https://inaturalist-open-data.s3.amazonaws.com/photos/195567095/original.jpeg,GBIF,,,,,2025-11-09 01:20:47.989839
269918,Aa,paleacea,http://sweetgum.nybg.org/images3/3506/443/03988727.jpg,GBIF,,,,,2025-11-09 19:56:19.452304
274332,Dactylorhiza,praetermissa,https://observation.org/photos/115143672.jpg,GBIF,,,,,2025-11-09 22:23:30.983711
272508,Telipogon,gnomus,http://sesam.senckenberg.de/pictures/originale/32/136987.jpg,GBIF,,,,,2025-11-09 22:21:34.606255
9093,Epidendrum,amphistomum,https://inaturalist-open-data.s3.amazonaws.com/photos/272873547/original.jpg,GBIF,United States of America,,Logan Crees,http://creativecommons.org/licenses/by-nc/4.0/,2025-10-20 02:23:38.548775
257706,Caladenia,peisleyi D.,https://inaturalist-open-data.s3.amazonaws.com/photos/443065841/original.jpeg,GBIF,,,,,2025-11-09 17:09:56.890838
2849,Epidendrum,species,https://inaturalist-open-data.s3.amazonaws.com/photos/499313211/original.jpg,GBIF,Brazil,,Tarciso Leão,http://creativecommons.org/licenses/by-nc/4.0/,2025-10-19 13:54:01.651673
219303,Ophrys,x,https://iiif-manifest.oxalis.br.fgov.be/specimen/BR0000006097943/manifest,GBIF,,,,,2025-11-09 07:39:12.702341
259642,Stelis,nonresupinata,https://images.mobot.org/tropicosimages4/detailimages/TropicosImagesVol4/101100000/A86CA5A7-3AC1-48E6-BDB6-50DB56D811E6.jpg,GBIF,,,,,2025-11-09 17:39:17.181825
9169,Dendrobium,lindleyi,https://media01.symbiota.org/media/storage/portals/seinet/arizona/DBG_KHD/KHD00025/KHD00025166_lg.jpg,GBIF,United States of America,,Eleanor Ann Von Bargen,http://creativecommons.org/publicdomain/zero/1.0/,2025-10-20 02:24:07.741168
181504,Prasophyllum,drummondii Rchb.f.,https://inaturalist-open-data.s3.amazonaws.com/photos/348034684/original.jpg,GBIF,,,,,2025-11-08 22:36:39.079379
221303,Paphiopedilum,hookerae Rchb.f.,https://inaturalist-open-data.s3.amazonaws.com/photos/472021087/original.jpeg,GBIF,,,,,2025-11-09 08:08:10.276815
214086,Peristeria,cerina,https://d2jcv3kl45hlgi.cloudfront.net/bcabdd11dd5be8e01e2181c18d8498d6.jpg,GBIF,,,,,2025-11-09 06:29:31.523461
211109,Eulophia,plantaginea,https://inaturalist-open-data.s3.amazonaws.com/photos/92954763/original.jpeg,GBIF,,,,,2025-11-09 05:43:40.535583
236049,Epidendrum,cristatum,https://inaturalist-open-data.s3.amazonaws.com/photos/345259626/original.jpeg,GBIF,,,,,2025-11-09 11:29:25.353303
277410,Lycomormium,squalidum,https://object.jacq.org/europeana/W/152024.jpg,GBIF,,,,,2025-11-09 22:26:38.991133
295985,Dendrobium,leptocladum,https://inaturalist-open-data.s3.amazonaws.com/photos/315714566/original.jpeg,GBIF,,,,,2025-11-10 02:50:05.063186
176332,Ophrys,cilicica Schltr.,"https://iiif.rbge.org.uk/herb/iiif/E00683247/full/1600,/0/default.jpg",GBIF,,,,,2025-11-08 21:20:01.357540
170433,Gastrodia,surcula,https://images.ala.org.au/image/proxyImageThumbnailLarge?imageId=ede00a2e-919c-4fce-bced-785cb47f9382,GBIF,Australia,,"Purdie, R.W.",,2025-11-07 16:44:25.547189
297662,Dendrobium,ochreatum,http://data.huh.harvard.edu/5d8fb520-bc9b-4dea-b3d9-4f7f6e0bf652/image,GBIF,,,,,2025-11-10 03:15:29.270163
181112,Platanthera,metabifolia F.,https://inaturalist-open-data.s3.amazonaws.com/photos/297673305/original.jpeg,GBIF,,,,,2025-11-08 22:30:58.409533
230809,Spathoglottis,papuana,https://medialib.naturalis.nl/file/id/L.1532804/format/large,GBIF,,,,,2025-11-09 10:55:22.400767
221422,Bulbophyllum,plumula,https://medialib.naturalis.nl/file/id/L.1488682/format/large,GBIF,,,,,2025-11-09 08:11:04.787540
188229,Micropera,proboscidea,https://medialib.naturalis.nl/file/id/L.1517185/format/large,GBIF,,,,,2025-11-09 00:14:49.019865
263956,Gastrochilus,obliquus,https://inaturalist-open-data.s3.amazonaws.com/photos/55953918/original.jpeg,GBIF,,,,,2025-11-09 18:36:24.664257
288158,Oncidium,hallii,https://inaturalist-open-data.s3.amazonaws.com/photos/121222818/original.jpeg,GBIF,,,,,2025-11-10 00:50:46.824249
7414,Oncidium,sphacelatum,https://inaturalist-open-data.s3.amazonaws.com/photos/198503028/original.jpg,GBIF,Mexico,,zaydaazuara,http://creativecommons.org/licenses/by-nc/4.0/,2025-10-20 01:45:05.419973
205090,Platanthera,devolii T.,https://inaturalist-open-data.s3.amazonaws.com/photos/408449462/original.jpeg,GBIF,,,,,2025-11-09 04:14:59.657314
188978,Altensteinia,virescens Lindl.,https://images.mobot.org/tropicosimages4/detailimages/TropicosImagesVol4/101042000/6DB45676-E66C-49EB-ABE1-5276649E702D.jpg,GBIF,,,,,2025-11-09 00:23:49.185558
270773,Coelogyne,punctulata,https://inaturalist-open-data.s3.amazonaws.com/photos/381801526/original.jpg,GBIF,,,,,2025-11-09 22:20:06.169479
178759,Corybas,incurvus,https://inaturalist-open-data.s3.amazonaws.com/photos/547796410/original.jpg,GBIF,,,,,2025-11-08 21:55:02.469894
251219,Pterostylis,nigricans D.,https://inaturalist-open-data.s3.amazonaws.com/photos/185315077/original.jpeg,GBIF,,,,,2025-11-09 15:39:08.446212
261334,Habenaria,cultrata A.,https://oxalis.br.fgov.be/images/BR0/000/024/367/400/BR0000024367400.jpg,GBIF,,,,,2025-11-09 18:00:11.519866
183349,Dendrobium,kirchianum,https://iiif-manifest.oxalis.br.fgov.be/specimen/BR0000032823615/manifest,GBIF,,,,,2025-11-08 23:02:40.139386
152465,Disa,ferruginea Thunb.,https://inaturalist-open-data.s3.amazonaws.com/photos/471004742/original.jpeg,GBIF,South Africa,,bio2c,http://creativecommons.org/licenses/by-nc/4.0/,2025-11-06 02:37:21.014750
3479,Epidendrum,nocturnum,https://inaturalist-open-data.s3.amazonaws.com/photos/491688624/original.jpeg,GBIF,French Guiana,,Alexandre MATHIEU,http://creativecommons.org/licenses/by-nc/4.0/,2025-10-19 13:56:57.310196
126536,Acianthera,appendiculata,http://sweetgum.nybg.org/images3/139/164/v-066-00060731.jpg,GBIF,Puerto Rico,Above Maricao,G. W. Bachman,http://creativecommons.org/licenses/by/4.0/,2025-11-05 20:26:14.499205
305959,Maxillaria,schlimii,https://inaturalist-open-data.s3.amazonaws.com/photos/285172536/original.jpeg,GBIF,,,,,2025-11-10 05:15:51.185259
236965,Dendrobium,rigidum,https://inaturalist-open-data.s3.amazonaws.com/photos/524398390/original.jpg,GBIF,,,,,2025-11-09 12:04:45.709166
285352,Vanilla,hostmannii Rolfe,https://inaturalist-open-data.s3.amazonaws.com/photos/353906950/original.jpg,GBIF,,,,,2025-11-10 00:10:33.162171
273209,Caladenia,hoffmanii Hopper,https://inaturalist-open-data.s3.amazonaws.com/photos/482624054/original.jpeg,GBIF,,,,,2025-11-09 22:22:09.162333
193434,Mormodes,tuxtlensis,https://inaturalist-open-data.s3.amazonaws.com/photos/27413013/original.jpeg,GBIF,,,,,2025-11-09 01:27:39.822582
303394,Epistephium,ellipticum,https://inaturalist-open-data.s3.amazonaws.com/photos/301057108/original.jpeg,GBIF,,,,,2025-11-10 04:38:48.217885
212163,Didymoplexiella,siamensis,https://inaturalist-open-data.s3.amazonaws.com/photos/581193735/original.jpg,GBIF,,,,,2025-11-09 05:59:08.065217
207942,Strongyleria,leiophylla,https://medialib.naturalis.nl/file/id/L.1511437/format/large,GBIF,,,,,2025-11-09 04:55:02.392118
166634,Stichorkis,bootanensis,https://medialib.naturalis.nl/file/id/L.1513509/format/large,GBIF,Indonesia,,,,2025-11-07 04:36:55.233785
5030,Bulbophyllum,lobbii,https://inaturalist-open-data.s3.amazonaws.com/photos/454217038/original.jpeg,GBIF,Malaysia,,Te Chang,http://creativecommons.org/licenses/by-nc/4.0/,2025-10-19 14:00:16.168007
278985,Lepanthes,lindleyana,http://data.huh.harvard.edu/5baa0de6-56f2-4634-868f-5f3e17334195/image,GBIF,,,,,2025-11-09 22:27:49.703265
173829,Bulbophyllum,rothschildianum,https://drive.google.com/uc?export=view&id=1ZXKzZZ74OEFMy15qZG59uZx9kQuHDERv,Chris Howard Collection,,,,Private Collection,2025-11-08 07:14:45.580463
179514,Dendrobium,pugioniforme,https://inaturalist-open-data.s3.amazonaws.com/photos/465577021/original.jpg,GBIF,,,,,2025-11-08 22:05:21.004172
740,Isotria,Raf.,https://inaturalist-open-data.s3.amazonaws.com/photos/511605512/original.jpg,GBIF,United States of America,,skyev,http://creativecommons.org/licenses/by-nc/4.0/,2025-10-19 08:45:38.205674
278806,Masdevallia,antonii,https://inaturalist-open-data.s3.amazonaws.com/photos/484551724/original.jpeg,GBIF,,,,,2025-11-09 22:27:34.574771
199840,Prasophyllum,elatum R.,https://inaturalist-open-data.s3.amazonaws.com/photos/566645458/original.jpg,GBIF,,,,,2025-11-09 03:05:10.721963
266998,Polystachya,fusiformis,https://inaturalist-open-data.s3.amazonaws.com/photos/386129260/original.jpeg,GBIF,,,,,2025-11-09 19:22:02.765925
281941,Habenaria,glaucophylla Barb.,http://sweetgum.nybg.org/images3/2005/575/00547663.jpg,GBIF,,,,,2025-11-09 23:30:02.921342
258320,Dendrobium,salaccense,https://medialib.naturalis.nl/file/id/L.1506341/format/large,GBIF,,,,,2025-11-09 17:19:11.961854
196659,Bulbophyllum,cirrhosum,http://data.huh.harvard.edu/21c29d89-6504-455f-a834-0951083f73f8/image,GBIF,,,,,2025-11-09 02:13:46.824767
153902,Disa,ornithantha Schltr.,https://inaturalist-open-data.s3.amazonaws.com/photos/353141012/original.jpeg,GBIF,"Tanzania, United Republic of",,Ryan van Huyssteen,http://creativecommons.org/licenses/by/4.0/,2025-11-06 02:43:10.658760
250943,Caladenia,x exserta,https://inaturalist-open-data.s3.amazonaws.com/photos/73494446/original.jpeg,GBIF,,,,,2025-11-09 15:34:15.499814
208850,Masdevallia,manningii,http://pictures.snsb.info/BSMvplantscoll/web/M-0111/M-0111335_20080409_143153.jpg,GBIF,,,,,2025-11-09 05:08:46.804197
274305,Masdevallia,sceptrum,https://iiif-manifest.oxalis.br.fgov.be/specimen/BR0000006570484/manifest,GBIF,,,,,2025-11-09 22:23:30.021758
195440,Microchilus,roseus Lindl.,http://jbrj-public-img.s3-sa-east-1.amazonaws.com/JPG/rb/0/25/67/85/00256785.jpg,GBIF,,,,,2025-11-09 01:55:42.907463
294582,Elleanthus,petrogeiton,https://iiif-manifest.oxalis.br.fgov.be/specimen/BR0000032828887/manifest,GBIF,,,,,2025-11-10 02:29:02.008942
206790,Platanthera,x bicolor,https://inaturalist-open-data.s3.amazonaws.com/photos/304473174/original.jpg,GBIF,,,,,2025-11-09 04:37:27.522907
150511,Ceratandra,grandiflora Lindl.,https://inaturalist-open-data.s3.amazonaws.com/photos/458306673/original.jpeg,GBIF,South Africa,,Nicola van Berkel,http://creativecommons.org/licenses/by-sa/4.0/,2025-11-06 02:28:59.829864
3871,Vanda,species,https://inaturalist-open-data.s3.amazonaws.com/photos/385458433/original.jpeg,GBIF,India,,Ravi Naidu,http://creativecommons.org/licenses/by-nc/4.0/,2025-10-19 13:58:11.428304
280109,Platanthera,longifolia A.,http://mediaphoto.mnhn.fr/media/1442606127373YXKichdgIfcajw1e,GBIF,,,,,2025-11-09 22:38:17.272003
183541,Tylostigma,tenellum Schltr.,http://mediaphoto.mnhn.fr/media/144248430073365JyhOVn2eUDqmwn,GBIF,,,,,2025-11-08 23:05:02.973569
287942,Herminium,bulleyi Rolfe,"https://iiif.rbge.org.uk/herb/iiif/E01246318/full/300,/0/default.jpg",GBIF,,,,,2025-11-10 00:46:16.407328
8874,Epidendrum,amphistomum,https://inaturalist-open-data.s3.amazonaws.com/photos/481523216/original.jpg,GBIF,United States of America,,Max,http://creativecommons.org/licenses/by-nc/4.0/,2025-10-20 02:23:38.548775
196568,Didymoplexis,verrucosa,https://inaturalist-open-data.s3.amazonaws.com/photos/413934730/original.jpeg,GBIF,,,,,2025-11-09 02:11:40.188076
246634,Habenaria,kleyi Schltr.,https://inaturalist-open-data.s3.amazonaws.com/photos/451122396/original.jpg,GBIF,,,,,2025-11-09 14:29:13.868529
260162,Neottia,makinoana,https://inaturalist-open-data.s3.amazonaws.com/photos/222694764/original.jpg,GBIF,,,,,2025-11-09 17:45:37.808073
187312,Dactylorhiza,saccifera ssp.,https://inaturalist-open-data.s3.amazonaws.com/photos/533557125/original.jpg,GBIF,,,,,2025-11-09 00:01:20.086275
244750,Changnienia,amoena,https://inaturalist-open-data.s3.amazonaws.com/photos/466026009/original.jpeg,GBIF,,,,,2025-11-09 14:04:14.741215
178672,Plocoglottis,borneensis,https://d2seqvvyy3b8p2.cloudfront.net/de8996ed032640b616509eb5d3dff8ab.jpg,GBIF,,,,,2025-11-08 21:54:38.715357
264538,Trichocentrum,crispiflorum,https://images.mobot.org/tropicosimages3/detailimages/TropicosImages2/100124000/235148A6-B94B-4D0D-8314-E84CECDA148E.jpg,GBIF,,,,,2025-11-09 18:46:42.558307
207303,Bulbophyllum,vesiculosum,https://medialib.naturalis.nl/file/id/U.1458326/format/large,GBIF,,,,,2025-11-09 04:44:51.045005
301003,Dendrobium,tetralobatum,https://medialib.naturalis.nl/file/id/L.1520498/format/large,GBIF,,,,,2025-11-10 04:02:10.487163
229042,Dendrobium,antennatum,https://inaturalist-open-data.s3.amazonaws.com/photos/326991979/original.jpg,GBIF,,,,,2025-11-09 10:54:10.366084
251932,Platanthera,hyperborea L.,https://observation.org/photos/122249693.jpg,GBIF,,,,,2025-11-09 15:49:03.349375
229965,Gongora,chocoensis,https://cdn.floridamuseum.ufl.edu/Herbarium/eafcccfb-d5bd-47b5-92bf-ee0f70125278,GBIF,,,,,2025-11-09 10:54:36.897189
262243,Cleistes,moritzii,http://jbrj-public.s3.amazonaws.com/fsi/server?type=image&source=DZI/alcb/alcb/0/0/77/71/alcb00007771.dzi,GBIF,,,,,2025-11-09 18:10:54.681898
258374,Agrostophyllum,mucronatum,https://iiif.rbge.org.uk/herb/iiif/E00180249/manifest,GBIF,,,,,2025-11-09 17:21:26.334489
201023,Cyrtochilum,myanthum,https://inaturalist-open-data.s3.amazonaws.com/photos/363820242/original.jpg,GBIF,,,,,2025-11-09 03:21:18.089563
146986,Pachites,bodkinii Bolus,https://inaturalist-open-data.s3.amazonaws.com/photos/455124672/original.jpeg,GBIF,South Africa,,Hendré,http://creativecommons.org/licenses/by-nc/4.0/,2025-11-06 02:08:05.799972
196105,Ophrys,mirabilis Geniez,https://inaturalist-open-data.s3.amazonaws.com/photos/381166494/original.jpeg,GBIF,,,,,2025-11-09 02:05:28.077772
297957,Barkeria,scandens,https://inaturalist-open-data.s3.amazonaws.com/photos/581913979/original.jpg,GBIF,,,,,2025-11-10 03:18:32.612891
205094,Platanthera,devolii T.,https://inaturalist-open-data.s3.amazonaws.com/photos/411542678/original.jpeg,GBIF,,,,,2025-11-09 04:14:59.681395
2684,Epidendrum,species,https://inaturalist-open-data.s3.amazonaws.com/photos/462580289/original.jpg,GBIF,Puerto Rico,,Roqui Bello,http://creativecommons.org/licenses/by-nc/4.0/,2025-10-19 13:54:01.651673
222693,Dendrobium,sarcophyllum,http://data.huh.harvard.edu/db396edd-3005-4bb8-85cb-300826e536a8/image,GBIF,,,,,2025-11-09 08:31:40.977553
247653,Caladenia,cretacea D.,https://inaturalist-open-data.s3.amazonaws.com/photos/232314731/original.jpeg,GBIF,,,,,2025-11-09 14:44:09.803393
257574,Rhipidoglossum,confusum,https://d2seqvvyy3b8p2.cloudfront.net/2a8937861b79db5a1eed90255ad5d754.jpg,GBIF,,,,,2025-11-09 17:07:57.800076
200671,Bulbophyllum,concinnum,http://data.huh.harvard.edu/ab4d8c16-be0b-4970-aff4-82b889b80b17/image,GBIF,,,,,2025-11-09 03:16:55.940085
257143,Maxillaria,foetida,https://cdn.floridamuseum.ufl.edu/Herbarium/6abe31b3-b927-4342-8cb8-d7f1785dc944,GBIF,,,,,2025-11-09 17:02:00.317908
291264,Habenaria,arianae Geerinck,https://oxalis.br.fgov.be/images/BR0/000/008/903/815/BR0000008903815.jpg,GBIF,,,,,2025-11-10 01:41:08.603031
260772,Ophrys,x sommieri,https://inaturalist-open-data.s3.amazonaws.com/photos/483822112/original.jpg,GBIF,,,,,2025-11-09 17:53:42.952905
242648,Tainia,bicornis,https://inaturalist-open-data.s3.amazonaws.com/photos/141612681/original.jpg,GBIF,,,,,2025-11-09 13:34:52.942029
206314,Masdevallia,polysticta,https://images.mobot.org/tropicosimages4/detailimages/TropicosImagesVol4/101210000/A983B8F9-11FD-4A2A-8906-027E463D44BE.jpg,GBIF,,,,,2025-11-09 04:30:43.335126
251711,Microtis,oblonga R.,https://inaturalist-open-data.s3.amazonaws.com/photos/246780643/original.jpeg,GBIF,,,,,2025-11-09 15:45:29.948309
276707,Vanda,denisoniana,https://cdn.floridamuseum.ufl.edu/Herbarium/7875e560-bf27-4468-818f-302d2dbc88f1,GBIF,,,,,2025-11-09 22:26:01.927800
214014,Maxillaria,concavilabia,http://sweetgum.nybg.org/images3/3476/950/04013581.jpg,GBIF,,,,,2025-11-09 06:29:07.880603
184186,Dendrobium,bullenianum,https://inaturalist-open-data.s3.amazonaws.com/photos/305345564/original.jpeg,GBIF,,,,,2025-11-08 23:17:28.712980
189917,Maxillaria,anceschiana,http://data.huh.harvard.edu/abb8668b-fb4e-43cc-be98-0b33731003bd/image,GBIF,,,,,2025-11-09 00:35:34.525634
278423,Aulosepalum,nelsonii,https://inaturalist-open-data.s3.amazonaws.com/photos/280750028/original.jpeg,GBIF,,,,,2025-11-09 22:27:12.743504
295916,Caladenia,orestes D.,https://inaturalist-open-data.s3.amazonaws.com/photos/475966525/original.jpg,GBIF,,,,,2025-11-10 02:48:38.383521
178002,Stigmatodactylus,dalagangpalawanicum A.,https://inaturalist-open-data.s3.amazonaws.com/photos/551675294/original.jpg,GBIF,,,,,2025-11-08 21:44:27.866492
228839,Pterostylis,alata Labill.,https://inaturalist-open-data.s3.amazonaws.com/photos/531121589/original.jpg,GBIF,,,,,2025-11-09 10:54:05.314513
201286,Ophrys,spruneri Nyman,https://inaturalist-open-data.s3.amazonaws.com/photos/485153623/original.jpg,GBIF,,,,,2025-11-09 03:23:35.692459
203620,Thelymitra,maculata Jeanes,https://inaturalist-open-data.s3.amazonaws.com/photos/553146340/original.jpg,GBIF,,,,,2025-11-09 03:56:59.474507
1922,Phragmipedium,boissierianum Rchb.f.,https://inaturalist-open-data.s3.amazonaws.com/photos/226483887/original.jpeg,GBIF,Peru,,BP Esquerre-Ibañez,http://creativecommons.org/licenses/by-nc/4.0/,2025-10-19 11:33:05.361796
233735,Platycoryne,megalorrhyncha Summerh.,https://d2jcv3kl45hlgi.cloudfront.net/d746d0f374e22e9466b6a15561f76e5e.jpg,GBIF,,,,,2025-11-09 10:58:09.485992
262864,Pleione,formosana,https://inaturalist-open-data.s3.amazonaws.com/photos/480582925/original.jpeg,GBIF,,,,,2025-11-09 18:20:49.363528
290264,Lyroglossa,grisebachii,http://data.huh.harvard.edu/4488ffc9-2696-4f9e-843e-938c8fab6ff3/image,GBIF,,,,,2025-11-10 01:25:16.993633
302441,Platystele,brenneri,https://inaturalist-open-data.s3.amazonaws.com/photos/467938451/original.jpeg,GBIF,,,,,2025-11-10 04:22:40.661677
5316,Pleurothallis,liripipia,https://inaturalist-open-data.s3.amazonaws.com/photos/464358447/original.jpg,GBIF,Colombia,,yeimysomer,http://creativecommons.org/licenses/by-nc/4.0/,2025-10-19 14:02:52.904184
280552,Eriochilus,valens Hopper,https://inaturalist-open-data.s3.amazonaws.com/photos/503436106/original.jpeg,GBIF,,,,,2025-11-09 22:48:12.290815
2588,Maxillaria,variabilis,https://inaturalist-open-data.s3.amazonaws.com/photos/113480479/original.jpeg,GBIF,Guatemala,,Edgar Mó,http://creativecommons.org/licenses/by-nc/4.0/,2025-10-19 13:53:26.328101
232942,Anacamptis,israelitica H.,https://inaturalist-open-data.s3.amazonaws.com/photos/474942129/original.jpg,GBIF,,,,,2025-11-09 10:57:22.731218
251636,Lepanthes,helicocephala,https://images.mobot.org/tropicosimages4/detailimages/TropicosImagesVol4/101199000/CA7616D3-664D-4635-9489-98BBD93BD534.jpg,GBIF,,,,,2025-11-09 15:45:04.676246
223190,Zeuxine,viridiflora J.,https://medialib.naturalis.nl/file/id/L.1534067/format/large,GBIF,,,,,2025-11-09 08:38:48.795485
232962,Anacamptis,israelitica H.,https://inaturalist-open-data.s3.amazonaws.com/photos/259531278/original.jpeg,GBIF,,,,,2025-11-09 10:57:22.843243
176070,Dendrobium,zamboangense,http://data.huh.harvard.edu/2a92b693-bb89-41b6-8042-9be3cb994d76/image,GBIF,,,,,2025-11-08 21:15:55.646366
188870,Epidendrum,campestre,https://inaturalist-open-data.s3.amazonaws.com/photos/153097171/original.jpeg,GBIF,,,,,2025-11-09 00:22:45.015679
238095,Thelymitra,juncifolia Lindl.,https://inaturalist-open-data.s3.amazonaws.com/photos/580878505/original.jpg,GBIF,,,,,2025-11-09 12:28:47.799234
224883,Himantoglossum,hircinum L.,https://observation.org/photos/110179297.jpg,GBIF,,,,,2025-11-09 09:03:34.032439
267746,Stichorkis,gibbosa,https://medialib.naturalis.nl/file/id/L.1513449/format/large,GBIF,,,,,2025-11-09 19:35:31.786915
267261,Bulbophyllum,disjunctum,https://inaturalist-open-data.s3.amazonaws.com/photos/56725424/original.jpg,GBIF,,,,,2025-11-09 19:26:31.879818
209513,Paracaleana,triens,https://inaturalist-open-data.s3.amazonaws.com/photos/570378333/original.jpg,GBIF,,,,,2025-11-09 05:19:12.922679
276829,Phalaenopsis,lueddemanniana,http://data.huh.harvard.edu/3b99c6f3-fe26-4943-a011-ddad8a3c7bf2/image,GBIF,,,,,2025-11-09 22:26:09.072681
262425,Tropidia,effusa,http://data.huh.harvard.edu/583e82e0-d173-4a49-b02b-2f63c0607c41/image,GBIF,,,,,2025-11-09 18:15:32.343461
290452,Epidendrum,viridipurpureum,http://data.huh.harvard.edu/7e0a1271-e099-4ac7-9ade-8280fc1dcc05/image,GBIF,,,,,2025-11-10 01:28:18.821977
177377,Bulbophyllum,pingtungense,https://inaturalist-open-data.s3.amazonaws.com/photos/453150317/original.jpeg,GBIF,,,,,2025-11-08 21:35:12.447731
222687,Dendrobium,sarcophyllum,https://medialib.naturalis.nl/file/id/L.1506353/format/large,GBIF,,,,,2025-11-09 08:31:40.939080
222631,Hetaeria,oblongifolia Blume,https://inaturalist-open-data.s3.amazonaws.com/photos/265048289/original.jpeg,GBIF,,,,,2025-11-09 08:30:54.503866
201973,Zygopetalum,brachypetalum,http://jbrj-public-img.s3-sa-east-1.amazonaws.com/JPG/rb/1/30/28/5/01302805.jpg,GBIF,,,,,2025-11-09 03:33:36.209431
221841,Dichaea,splitgerberi,http://mediaphoto.mnhn.fr/media/14413062814259qgPWk8x7GPfupwf,GBIF,,,,,2025-11-09 08:18:29.021333
231973,Dendrobium,peguanum,https://quod.lib.umich.edu/cgi/i/image/api/image/herb00ic:1493189:MICH-V-1493189/full/res:0/0/native.jpg,GBIF,,,,,2025-11-09 10:56:31.802925
198904,Odontochilus,marivelensis Ormerod,http://data.huh.harvard.edu/a812b9a8-8321-4d11-a896-05a3f4e7de25/image,GBIF,,,,,2025-11-09 02:52:44.744229
209768,Epidendrum,schistochilum,https://inaturalist-open-data.s3.amazonaws.com/photos/578302295/original.jpg,GBIF,,,,,2025-11-09 05:22:47.219697
301569,Miltonia,spectabilis,https://inaturalist-open-data.s3.amazonaws.com/photos/334259552/original.jpeg,GBIF,,,,,2025-11-10 04:10:22.660245
176540,Barkeria,uniflora,https://inaturalist-open-data.s3.amazonaws.com/photos/222665709/original.jpeg,GBIF,,,,,2025-11-08 21:23:04.151443
226417,Pterostylis,stenochila D.,https://inaturalist-open-data.s3.amazonaws.com/photos/568927994/original.jpg,GBIF,,,,,2025-11-09 09:12:27.793972
296665,Trichocentrum,nudum,https://images.mobot.org/tropicosimages4/detailimages/TropicosImagesVol4/101054000/0F6F9F68-93FF-406D-B630-12CBCD58C912.jpg,GBIF,,,,,2025-11-10 03:00:15.788592
297885,Ornithocephalus,bicornis,http://jbrj-public-img.s3-sa-east-1.amazonaws.com/JPG/rb/0/91/77/56/00917756.jpg,GBIF,,,,,2025-11-10 03:17:44.357059
184158,Habenaria,welwitschii Rchb.f.,https://iiif-manifest.oxalis.br.fgov.be/specimen/BR0000009979727/manifest,GBIF,,,,,2025-11-08 23:16:56.512783
261041,Phreatia,myosurus,http://data.landcareresearch.co.nz/Image/5N3X/NZVH,GBIF,,,,,2025-11-09 17:57:01.088510
257459,Andinia,exigua,https://images.mobot.org/tropicosimages4/detailimages/TropicosImagesVol4/101225000/E16B9F95-3F80-4045-95C9-60160A9E16E2.jpg,GBIF,,,,,2025-11-09 17:06:54.132070
217159,Caladenia,latifolia R.,https://inaturalist-open-data.s3.amazonaws.com/photos/527951283/original.jpg,GBIF,,,,,2025-11-09 07:09:52.376642
261895,Oberonia,boerlageana,"https://iiif.rbge.org.uk/herb/iiif/E00311453/full/1600,/0/default.jpg",GBIF,,,,,2025-11-09 18:06:08.884617
288422,Gomesa,dasytyle,https://d2jcv3kl45hlgi.cloudfront.net/ff5e2f6c5563155b2d537e2d85aeef9e.jpg,GBIF,,,,,2025-11-10 00:55:54.937852
231537,Stichorkis,acaulis,https://medialib.naturalis.nl/file/id/L.1513477/format/large,GBIF,,,,,2025-11-09 10:56:09.286377
293768,Microsaccus,sumatranus,https://medialib.naturalis.nl/file/id/L.1517149/format/large,GBIF,,,,,2025-11-10 02:14:37.373591
211422,Nigritella,rhellicani ssp.,https://inaturalist-open-data.s3.amazonaws.com/photos/525655306/original.jpg,GBIF,,,,,2025-11-09 05:47:46.856432
2535,Maxillaria,variabilis,https://inaturalist-open-data.s3.amazonaws.com/photos/164971255/original.jpeg,GBIF,Mexico,,Jorge Eduardo Torres Suárez,http://creativecommons.org/licenses/by-nc/4.0/,2025-10-19 13:53:26.328101
194443,Disa,pulchra Sond.,https://inaturalist-open-data.s3.amazonaws.com/photos/466099624/original.jpg,GBIF,,,,,2025-11-09 01:38:14.980215
246253,Pteroceras,compressum,https://oxalis.br.fgov.be/images/BR0/000/006/590/444/BR0000006590444.jpg,GBIF,,,,,2025-11-09 14:23:48.655906
234395,Bulbophyllum,putidum,https://d2jcv3kl45hlgi.cloudfront.net/09d4b3f005ea64ed925b8c64132f1001.jpg,GBIF,,,,,2025-11-09 10:58:48.748961
220826,Caladenia,arrecta Hopper,https://inaturalist-open-data.s3.amazonaws.com/photos/581191492/original.jpg,GBIF,,,,,2025-11-09 07:59:35.756051
175145,Ophrys,tenthredinifera Willd.,https://inaturalist-open-data.s3.amazonaws.com/photos/469040528/original.jpeg,GBIF,,,,,2025-11-08 21:04:10.255968
303258,Pleurothallis,ensata,https://inaturalist-open-data.s3.amazonaws.com/photos/30210890/original.jpeg,GBIF,,,,,2025-11-10 04:35:53.498855
199082,Epidendrum,aquaticum,https://inaturalist-open-data.s3.amazonaws.com/photos/40851883/original.jpg,GBIF,,,,,2025-11-09 02:55:00.046273
276925,Prasophyllum,plumiforme Fitzg.,https://inaturalist-open-data.s3.amazonaws.com/photos/568991418/original.jpg,GBIF,,,,,2025-11-09 22:26:16.398040
204490,Microchilus,paleaceus Schltr.,https://medialib.naturalis.nl/file/id/U.1466694/format/large,GBIF,,,,,2025-11-09 04:08:45.902986
203948,Paracaleana,brockmanii Hopper,https://inaturalist-open-data.s3.amazonaws.com/photos/244343377/original.jpeg,GBIF,,,,,2025-11-09 04:01:13.020335
264153,Eulophia,chilangensis,https://oxalis.br.fgov.be/images/BR0/000/021/555/251/BR0000021555251.jpg,GBIF,,,,,2025-11-09 18:38:55.264858
254005,Aeranthes,peyrotii,https://inaturalist-open-data.s3.amazonaws.com/photos/107159735/original.jpg,GBIF,,,,,2025-11-09 16:19:42.704069
190283,Phloeophila,echinantha,https://oxalis.br.fgov.be/images/BR0/000/008/434/999/BR0000008434999.jpg,GBIF,,,,,2025-11-09 00:42:10.512704
267791,Dactylorhiza,traunsteineri ssp.,https://s3.hpc.ut.ee/plutof-public/large/8a5fa8a7-1a33-4713-b54c-ee54ae0a11e6.jpg,GBIF,,,,,2025-11-09 19:36:18.972464
4054,Bulbophyllum,species,https://inaturalist-open-data.s3.amazonaws.com/photos/465645448/original.jpeg,GBIF,New Zealand,,Indy Marshall,http://creativecommons.org/licenses/by/4.0/,2025-10-19 13:58:45.290643
293833,Bulbophyllum,pleiopterum,https://images.mobot.org/tropicosimages4/detailimages/TropicosImagesVol4/101062000/CC714081-84E6-4AF8-B299-F142104642A4.jpg,GBIF,,,,,2025-11-10 02:15:40.812504
299399,Gomesa,chrysopterantha,https://object.jacq.org/europeana/W/2008177.jpg,GBIF,,,,,2025-11-10 03:37:50.271981
268210,Dendrobium,toressae,https://inaturalist-open-data.s3.amazonaws.com/photos/577093967/original.jpg,GBIF,,,,,2025-11-09 19:42:07.773227
181926,Leptotes,bicolor,https://inaturalist-open-data.s3.amazonaws.com/photos/344885296/original.jpeg,GBIF,,,,,2025-11-08 22:41:32.659240
189546,Dendrobium,vernicosum,https://medialib.naturalis.nl/file/id/L.1499139/format/large,GBIF,,,,,2025-11-09 00:29:45.341745
300410,Coelogyne,imitator,https://d2seqvvyy3b8p2.cloudfront.net/e38c0ec1c79aaa0c5a088f405b9a1ba2.jpg,GBIF,,,,,2025-11-10 03:52:07.868331
194923,Ionopsis,satyrioides,https://inaturalist-open-data.s3.amazonaws.com/photos/446421015/original.jpeg,GBIF,,,,,2025-11-09 01:47:14.113553
263306,Satyrium,riparium Rchb.f.,https://inaturalist-open-data.s3.amazonaws.com/photos/158339745/original.jpg,GBIF,,,,,2025-11-09 18:24:55.805836
261803,Stelis,aeolica,https://inaturalist-open-data.s3.amazonaws.com/photos/401927826/original.jpeg,GBIF,,,,,2025-11-09 18:04:42.024144
206672,Anacamptis,papilionacea ssp.,https://inaturalist-open-data.s3.amazonaws.com/photos/200506279/original.jpeg,GBIF,,,,,2025-11-09 04:36:15.895587
303122,Pterostylis,glebosa,https://inaturalist-open-data.s3.amazonaws.com/photos/330992296/original.jpeg,GBIF,,,,,2025-11-10 04:33:54.858936
186999,Dendrobium,hercoglossum,http://data.huh.harvard.edu/2288f256-9b63-4b7b-a72c-b1d92eaaea94/image,GBIF,,,,,2025-11-08 23:56:58.977840
244704,Dichaea,squarrosa,https://inaturalist-open-data.s3.amazonaws.com/photos/462122202/original.jpeg,GBIF,,,,,2025-11-09 14:03:35.171565
248309,Soterosanthus,shepheardii,https://d2seqvvyy3b8p2.cloudfront.net/751a21dd9031e082d3180cc26d470aa2.jpg,GBIF,,,,,2025-11-09 14:54:28.486556
196662,Collabium,bicameratum,https://medialib.naturalis.nl/file/id/L0360179_MLN/format/large,GBIF,,,,,2025-11-09 02:14:03.504314
280167,Pleione,bulbocodioides,https://inaturalist-open-data.s3.amazonaws.com/photos/363097179/original.jpeg,GBIF,,,,,2025-11-09 22:39:52.670008
217657,Gomesa,cornigera,https://inaturalist-open-data.s3.amazonaws.com/photos/461423938/original.jpeg,GBIF,,,,,2025-11-09 07:16:59.827899
305519,Chiloschista,usneoides,http://biodiversity.bt/biodiv/observations//d8edd1d6-aa47-43c0-9fdf-b57c02c24343/918.jpg,GBIF,,,,,2025-11-10 05:12:07.876690
270769,Coelogyne,punctulata,https://inaturalist-open-data.s3.amazonaws.com/photos/369648850/original.jpg,GBIF,,,,,2025-11-09 22:20:06.140365
248844,Habenaria,iyoensis Ohwi,https://inaturalist-open-data.s3.amazonaws.com/photos/326859508/original.jpeg,GBIF,,,,,2025-11-09 15:02:00.751730
288823,Pabstiella,alligatorifera,https://iiif-manifest.oxalis.br.fgov.be/specimen/BR0000006585037/manifest,GBIF,,,,,2025-11-10 01:03:51.272214
144379,Cypripedium,californicum A.,https://inaturalist-open-data.s3.amazonaws.com/photos/503943554/original.jpg,GBIF,United States of America,,Dee Shea Himes,http://creativecommons.org/licenses/by/4.0/,2025-11-06 01:44:31.960287
248856,Habenaria,iyoensis Ohwi,https://inaturalist-open-data.s3.amazonaws.com/photos/232062910/original.jpeg,GBIF,,,,,2025-11-09 15:02:00.814741
280720,Epidendrum,rhodochilum,https://inaturalist-open-data.s3.amazonaws.com/photos/259182855/original.jpeg,GBIF,,,,,2025-11-09 22:55:11.004936
187429,Epipactis,dunensis,https://inaturalist-open-data.s3.amazonaws.com/photos/531777123/original.jpg,GBIF,,,,,2025-11-09 00:03:04.095518
207209,Ornithocephalus,polyodon,https://images.mobot.org/tropicosimages4/detailimages/TropicosImagesVol4/101263000/16DBF7D6-F52E-4708-851C-F8D5ADD53D53.jpg,GBIF,,,,,2025-11-09 04:43:40.093743
271680,Bulbophyllum,mutabile,https://medialib.naturalis.nl/file/id/L.1495118/format/large,GBIF,,,,,2025-11-09 22:20:52.848451
181797,Epidendrum,ferrugineum,https://inaturalist-open-data.s3.amazonaws.com/photos/104037820/original.jpeg,GBIF,,,,,2025-11-08 22:39:57.088909
191179,Prosthechea,lambda,https://object.jacq.org/europeana/W/2201522.jpg,GBIF,,,,,2025-11-09 00:54:44.075724
261395,Stelis,velaticaulis,https://images.mobot.org/tropicosimages4/detailimages/TropicosImagesVol4/101072000/065F924A-E757-4CFF-8EAD-AB3B6F2369B1.jpg,GBIF,,,,,2025-11-09 18:00:51.782843
147468,Disperis,breviloba Verdc.,http://www.westafricanplants.senckenberg.de/images/pictures/disperis_breviloba_wightman8432_8997_5d02ad.jpg,GBIF,Zambia,,,All rights reserved; for terms and conditions see http://www.africanplants.senckenberg.de/root/index.php?page_id=84,2025-11-06 02:10:06.389530
261892,Oberonia,boerlageana,https://medialib.naturalis.nl/file/id/L.4172281/format/large,GBIF,,,,,2025-11-09 18:06:08.871143
175799,Aerangis,thomsonii,https://inaturalist-open-data.s3.amazonaws.com/photos/468862151/original.jpg,GBIF,,,,,2025-11-08 21:12:22.439141
302553,Crepidium,damusicum,https://medialib.naturalis.nl/file/id/L.1518223/format/large,GBIF,,,,,2025-11-10 04:24:15.697815
5915,Pleurothallis,cardiothallis,https://inaturalist-open-data.s3.amazonaws.com/photos/179003394/original.jpg,GBIF,Costa Rica,,Chloe and Trevor Van Loon,http://creativecommons.org/licenses/by/4.0/,2025-10-19 19:43:07.079406
170705,Thelymitra,speciosa Jeanes,https://inaturalist-open-data.s3.amazonaws.com/photos/560252698/original.jpg,GBIF,Australia,,kyle_borlini,,2025-11-07 16:45:50.494444
292652,Scaphyglottis,propinqua,https://images.mobot.org/tropicosimages4/detailimages/TropicosImagesVol4/101091000/C71C22D6-87C4-42AC-BAC7-5C736CCBF089.jpg,GBIF,,,,,2025-11-10 01:57:10.106701
212516,Liparis,cleistogama,https://medialib.naturalis.nl/file/id/L0061452_MLN/format/large,GBIF,,,,,2025-11-09 06:03:53.203927
256568,Goodyera,oblongifolia Raf.,https://inaturalist-open-data.s3.amazonaws.com/photos/461468800/original.jpeg,GBIF,,,,,2025-11-09 16:55:19.054625
213984,Oncidium,reflexum,https://inaturalist-open-data.s3.amazonaws.com/photos/468707435/original.jpeg,GBIF,,,,,2025-11-09 06:29:00.189316
210676,Notylia,nemorosa,http://imagens4.jbrj.gov.br/fsi/server?type=image&source=smnh/Tipos_do_Brasil/S07-7874.jpg,GBIF,,,,,2025-11-09 05:37:03.835801
211402,Nigritella,rhellicani ssp.,https://inaturalist-open-data.s3.amazonaws.com/photos/517582743/original.jpg,GBIF,,,,,2025-11-09 05:47:46.736795
210882,Peristylus,tentaculatus Lindl.,https://inaturalist-open-data.s3.amazonaws.com/photos/336221304/original.jpeg,GBIF,,,,,2025-11-09 05:40:46.056678
280266,Dactylorhiza,x aschersoniana,https://medialib.naturalis.nl/file/id/L.1502109/format/large,GBIF,,,,,2025-11-09 22:40:16.683153
180044,Anathallis,polygonoides,https://d2jcv3kl45hlgi.cloudfront.net/079c48c90dc660fbd8d7644ead46f375.jpg,GBIF,,,,,2025-11-08 22:13:00.613783
202583,Coelogyne,radioferens,https://inaturalist-open-data.s3.amazonaws.com/photos/496683794/original.jpeg,GBIF,,,,,2025-11-09 03:43:30.515088
181210,Masdevallia,mutica,https://inaturalist-open-data.s3.amazonaws.com/photos/74535054/original.jpg,GBIF,,,,,2025-11-08 22:32:01.588544
177151,Spiranthes,torta,https://inaturalist-open-data.s3.amazonaws.com/photos/281506772/original.jpg,GBIF,,,,,2025-11-08 21:32:10.854537
244640,Gomphichis,viscosa Rchb.f.,https://images.mobot.org/tropicosimages4/detailimages/TropicosImagesVol4/101162000/A8A5FC0A-8385-4840-A71D-2AF0ADE63989.jpg,GBIF,,,,,2025-11-09 14:02:39.490443
205451,Epigeneium,treacherianum,https://d2jcv3kl45hlgi.cloudfront.net/bba5495bb0356ab7a48ac0118a238ef8.jpg,GBIF,,,,,2025-11-09 04:19:13.318510
190886,Specklinia,trichyphis,https://images.mobot.org/tropicosimages3/detailimages/TropicosImages2/100124000/B722FE60-1D9B-464B-8160-BAB04D4A740B.jpg,GBIF,,,,,2025-11-09 00:50:46.682621
178180,Oberonia,longibracteata,http://mediaphoto.mnhn.fr/media/1493126644043LwVEHbz1Kx6tFgPE,GBIF,,,,,2025-11-08 21:46:43.368874
4209,Bulbophyllum,species,https://inaturalist-open-data.s3.amazonaws.com/photos/486759121/original.jpeg,GBIF,China,,李博恒,http://creativecommons.org/licenses/by-nc/4.0/,2025-10-19 13:58:45.290643
227261,Platystele,hirtzii,https://inaturalist-open-data.s3.amazonaws.com/photos/355297568/original.jpeg,GBIF,,,,,2025-11-09 10:52:54.586817
219673,Cyrtochilum,divaricatum,https://inaturalist-open-data.s3.amazonaws.com/photos/365271596/original.jpeg,GBIF,,,,,2025-11-09 07:45:10.730970
273717,Spiranthes,cernua,https://inaturalist-open-data.s3.amazonaws.com/photos/565782710/original.jpg,GBIF,,,,,2025-11-09 22:22:36.143965
299725,Trichosalpinx,memor,https://images.mobot.org/tropicosimages4/detailimages/TropicosImagesVol4/101069000/DFD740DF-584E-44D6-B1AF-7D4B637D8433.jpg,GBIF,,,,,2025-11-10 03:41:09.201684
267737,Stichorkis,gibbosa,https://object.jacq.org/europeana/W/1593191.jpg,GBIF,,,,,2025-11-09 19:35:31.736353
204068,Acianthera,glumacea,http://jbrj-public-img.s3-sa-east-1.amazonaws.com/JPG/rb/0/71/63/83/00716383.jpg,GBIF,,,,,2025-11-09 04:02:40.318787
293327,Xylobium,elongatum,https://inaturalist-open-data.s3.amazonaws.com/photos/306645419/original.jpg,GBIF,,,,,2025-11-10 02:07:12.912639
166768,Ceratostylis,scariosa,https://d2jcv3kl45hlgi.cloudfront.net/8fbd2f2eb224bd151fa72802a6ef478b.jpg,GBIF,Indonesia,,,,2025-11-07 05:12:04.336498
4816,Oncidium,flexuosum,https://inaturalist-open-data.s3.amazonaws.com/photos/462386894/original.jpeg,GBIF,South Africa,,Jean Stephenson,http://creativecommons.org/licenses/by-nc/4.0/,2025-10-19 13:59:45.892208
185759,Epidendrum,lowilliamsii,https://images.mobot.org/tropicosimages3/detailimages/Tropicos/235/35EB962E-CECB-4184-930A-8BA1BF5BD7DA.jpg,GBIF,,,,,2025-11-08 23:38:36.521517
201528,Ophrys,holosericea Burm.f.,https://inaturalist-open-data.s3.amazonaws.com/photos/485081500/original.jpeg,GBIF,,,,,2025-11-09 03:27:23.755553
154447,Disa,polygonoides Lindl.,https://inaturalist-open-data.s3.amazonaws.com/photos/484778964/original.jpg,GBIF,South Africa,,Caroline Voget,http://creativecommons.org/licenses/by/4.0/,2025-11-06 02:45:01.428092
177202,Dendrobium,nodosum,https://inaturalist-open-data.s3.amazonaws.com/photos/101763616/original.jpeg,GBIF,,,,,2025-11-08 21:33:14.615836
263481,Xylobium,varicosum,"https://iiif.rbge.org.uk/herb/iiif/E01313219/full/1600,/0/default.jpg",GBIF,,,,,2025-11-09 18:27:41.924472
234454,Crepidium,pectinatum,https://medialib.naturalis.nl/file/id/L.1517032/format/large,GBIF,,,,,2025-11-09 10:58:51.850122
227052,Dendrobium,barbatulum,https://inaturalist-open-data.s3.amazonaws.com/photos/477468290/original.jpeg,GBIF,,,,,2025-11-09 10:52:45.481121
600,Cleistes,Rich.,https://inaturalist-open-data.s3.amazonaws.com/photos/526465083/original.jpg,GBIF,Brazil,,Paulo C. O. Cunha,http://creativecommons.org/licenses/by/4.0/,2025-10-19 08:38:18.329517
272433,Masdevallia,platyglossa,https://inaturalist-open-data.s3.amazonaws.com/photos/213498730/original.jpg,GBIF,,,,,2025-11-09 22:21:30.481703
175465,Epidendrum,cardiochilum,http://data.huh.harvard.edu/50aaf390-8d2b-45dc-a011-b0e56693758f/image,GBIF,,,,,2025-11-08 21:08:40.349049
277253,Liparis,campylostalix,https://inaturalist-open-data.s3.amazonaws.com/photos/396851913/original.jpeg,GBIF,,,,,2025-11-09 22:26:29.567429
221426,Bulbophyllum,plumula,"https://iiif.rbge.org.uk/herb/iiif/E00033084/full/300,/0/default.jpg",GBIF,,,,,2025-11-09 08:11:04.804273
261270,Disa,flexuosa L.,https://inaturalist-open-data.s3.amazonaws.com/photos/570030565/original.jpg,GBIF,,,,,2025-11-09 17:59:32.565980
202211,Thelymitra,fuscolutea R.,https://inaturalist-open-data.s3.amazonaws.com/photos/340015389/original.jpg,GBIF,,,,,2025-11-09 03:36:14.797495
232234,Collabium,formosanum,https://inaturalist-open-data.s3.amazonaws.com/photos/395818123/original.jpeg,GBIF,,,,,2025-11-09 10:56:49.723294
6085,Bulbophyllum,nutans,https://live.staticflickr.com/65535/50706873436_1f662dc4a2_b.jpg,GBIF,Réunion,,-1417242299,"Copyright by the creator. For license and creator details, see https://nabu-naturgucker-beobachtungen.de/?sprache=en&bild=1622683961.",2025-10-19 19:44:31.547115
228204,Disa,chrysostachya Sw.,https://inaturalist-open-data.s3.amazonaws.com/photos/471394659/original.jpeg,GBIF,,,,,2025-11-09 10:53:44.877321
4729,Oncidium,flexuosum,https://inaturalist-open-data.s3.amazonaws.com/photos/461139782/original.jpg,GBIF,Australia,,Jo,http://creativecommons.org/licenses/by-nc/4.0/,2025-10-19 13:59:45.892208
200829,Campylocentrum,jamaicense,http://sweetgum.nybg.org/images3/368/380/v-066-00050385.jpg,GBIF,,,,,2025-11-09 03:18:32.165162
257457,Bulbophyllum,ankylochele,https://medialib.naturalis.nl/file/id/L.1488534/format/large,GBIF,,,,,2025-11-09 17:06:38.780916
256826,Holothrix,burchellii Lindl.,https://inaturalist-open-data.s3.amazonaws.com/photos/577234490/original.jpg,GBIF,,,,,2025-11-09 16:58:26.789421
176439,Galearis,cyclochila Franch.,https://plant.depo.msu.ru/open/public/item/MHA0296982/img/0.jpg?gbif,GBIF,,,,,2025-11-08 21:21:20.697073
197230,Genoplesium,geminatum M.,https://inaturalist-open-data.s3.amazonaws.com/photos/470165698/original.jpg,GBIF,,,,,2025-11-09 02:22:46.507366
235481,Elleanthus,tricallosus,https://inaturalist-open-data.s3.amazonaws.com/photos/107867540/original.jpeg,GBIF,,,,,2025-11-09 11:17:40.409127
265441,Habenaria,perpulchra Kraenzl.,http://mediaphoto.mnhn.fr/media/1442452435099DR4mFwLKUiFjGNs0,GBIF,,,,,2025-11-09 18:57:42.369679
293787,Galeoglossum,thysanochilum,http://pictures.snsb.info/GOETvplantscoll/web/GOET0083/GOET008384_20110809_164320.jpg,GBIF,,,,,2025-11-10 02:14:45.730548
233546,Caladenia,thinicola,https://inaturalist-open-data.s3.amazonaws.com/photos/427089058/original.jpeg,GBIF,,,,,2025-11-09 10:57:57.751144
212475,Acianthera,murex,"https://images.collections.yale.edu/iiif/2/ypm:ced76f91-443f-4610-9593-a37bfb5d93a6/full/!1920,1920/0/default.jpg",GBIF,,,,,2025-11-09 06:03:13.724431
209496,Mediocalcar,arfakense,https://medialib.naturalis.nl/file/id/L.1518520/format/large,GBIF,,,,,2025-11-09 05:18:49.414574
197497,Trichocentrum,fuscum,https://inaturalist-open-data.s3.amazonaws.com/photos/509376165/original.jpg,GBIF,,,,,2025-11-09 02:28:58.987218
244519,Pterostylis,saxicola,https://inaturalist-open-data.s3.amazonaws.com/photos/429166635/original.jpeg,GBIF,,,,,2025-11-09 14:00:49.102003
220444,Epidendrum,xylostachyum,https://d2jcv3kl45hlgi.cloudfront.net/c7d46b3306cf13c966d740789cdf3ef6.jpg,GBIF,,,,,2025-11-09 07:54:57.111885
150326,Evotella,rubiginosa Sond.,https://inaturalist-open-data.s3.amazonaws.com/photos/448888967/original.jpeg,GBIF,South Africa,,mikebrunke,http://creativecommons.org/licenses/by-nc/4.0/,2025-11-06 02:28:14.952728
197342,Prasophyllum,sylvestre R.,https://inaturalist-open-data.s3.amazonaws.com/photos/165276440/original.jpg,GBIF,,,,,2025-11-09 02:25:40.875781
280107,Platanthera,longifolia A.,http://data.huh.harvard.edu/cf187a92-9a63-4bdf-8eea-7f81fe766b7c/image,GBIF,,,,,2025-11-09 22:38:17.254850
280752,Oncidium,unguiculatum,"https://iiif.rbge.org.uk/herb/iiif/E01313715/full/300,/0/default.jpg",GBIF,,,,,2025-11-09 22:55:19.214145
292271,Coelogyne,chloroptera,https://inaturalist-open-data.s3.amazonaws.com/photos/456630819/original.jpeg,GBIF,,,,,2025-11-10 01:52:32.089200
232087,Epidendrum,pachycoleum,https://inaturalist-open-data.s3.amazonaws.com/photos/582356404/original.jpg,GBIF,,,,,2025-11-09 10:56:42.212560
5206,Aerides,maculosa,https://inaturalist-open-data.s3.amazonaws.com/photos/58322554/original.jpeg,GBIF,India,,S.MORE,http://creativecommons.org/publicdomain/zero/1.0/,2025-10-19 14:01:38.534596
280027,Elleanthus,cephalotus,https://inaturalist-open-data.s3.amazonaws.com/photos/46302218/original.jpeg,GBIF,,,,,2025-11-09 22:37:45.654396
223841,Cattleya,pabstii,https://inaturalist-open-data.s3.amazonaws.com/photos/186148832/original.jpeg,GBIF,,,,,2025-11-09 08:49:00.536258
172125,Genoplesium,mucronatum Rupp,https://inaturalist-open-data.s3.amazonaws.com/photos/472627311/original.jpg,GBIF,Australia,,muddy77,,2025-11-07 18:39:48.752524
280200,Caladenia,lobata Fitzg.,https://inaturalist-open-data.s3.amazonaws.com/photos/582458516/original.jpg,GBIF,,,,,2025-11-09 22:40:01.536483
5974,Dendrobium,lobulatum,https://inaturalist-open-data.s3.amazonaws.com/photos/93934932/original.jpg,GBIF,Indonesia,,M Daffa I,http://creativecommons.org/licenses/by-nc/4.0/,2025-10-19 19:43:19.222093
227405,Homalopetalum,kienastii,https://inaturalist-open-data.s3.amazonaws.com/photos/275106549/original.jpg,GBIF,,,,,2025-11-09 10:52:58.232589
180896,Maxillaria,weberbaueri,https://inaturalist-open-data.s3.amazonaws.com/photos/102040527/original.jpeg,GBIF,,,,,2025-11-08 22:27:55.619774
278878,Brassia,peruviana,https://object.jacq.org/europeana/W/411808.jpg,GBIF,,,,,2025-11-09 22:27:38.090768
245558,Epidendrum,galeottianum,http://data.huh.harvard.edu/554fa969-d8d9-40c0-aedd-e1b9c886b12d/image,GBIF,,,,,2025-11-09 14:14:33.590777
258685,Benthamia,humbertii H.,http://mediaphoto.mnhn.fr/media/1441306730717EpyzMj5LbdXl6wc5,GBIF,,,,,2025-11-09 17:23:49.088966
254361,Thrixspermum,agusanense,http://data.huh.harvard.edu/d0d81f3a-9881-4faf-b6ba-2ec811bfd696/image,GBIF,,,,,2025-11-09 16:25:15.731720
117,Pogonia,Juss.,https://inaturalist-open-data.s3.amazonaws.com/photos/492773672/original.jpg,GBIF,United States of America,,jack-in-the-pulpit,http://creativecommons.org/licenses/by-nc/4.0/,2025-10-19 08:22:25.342004
244057,Funkiella,nutantiflora,http://data.huh.harvard.edu/1a971bc5-a362-44e8-bbb2-404ac2e26117/image,GBIF,,,,,2025-11-09 13:53:16.892656
303340,Trichoglottis,orchidea,https://medialib.naturalis.nl/file/id/L.1529575/format/large,GBIF,,,,,2025-11-10 04:37:29.262714
268373,Epidendrum,tequendamae,https://data.nhm.ac.uk/media/a50bf23d-1299-4f5c-9cb7-5184603d5fa1,GBIF,,,,,2025-11-09 19:44:22.490208
189355,Cynorkis,uncinata H.,https://images.mobot.org/tropicosimages3/detailimages/TropicosImages2/100256000/4F071955-E5CE-499C-8667-1D5362C98EA4.jpg,GBIF,,,,,2025-11-09 00:27:31.165427
196168,Spiranthes,porrifolia,https://inaturalist-open-data.s3.amazonaws.com/photos/519993155/original.jpg,GBIF,,,,,2025-11-09 02:06:32.014371
243926,Calanthe,zollingeri,https://inaturalist-open-data.s3.amazonaws.com/photos/115166621/original.jpg,GBIF,,,,,2025-11-09 13:52:04.892246
258052,Caladenia,cristata R.,https://inaturalist-open-data.s3.amazonaws.com/photos/572149567/original.jpg,GBIF,,,,,2025-11-09 17:14:58.300455
215936,Calanthe,plantaginea,"https://iiif.rbge.org.uk/herb/iiif/E00050576/full/300,/0/default.jpg",GBIF,,,,,2025-11-09 06:51:20.748791
177873,Habenaria,aristulifera Rchb.f.,http://data.huh.harvard.edu/ace93b6b-a3ea-48af-99d1-46b5cb50ea2b/image,GBIF,,,,,2025-11-08 21:42:45.380380
221066,Notylia,ecuadorensis,https://inaturalist-open-data.s3.amazonaws.com/photos/95559076/original.jpg,GBIF,,,,,2025-11-09 08:05:00.173466
175598,Caladenia,fragrantissima D.,https://inaturalist-open-data.s3.amazonaws.com/photos/581863484/original.jpg,GBIF,,,,,2025-11-08 21:09:51.714983
293164,Cyrtochilum,murinum,https://inaturalist-open-data.s3.amazonaws.com/photos/480458133/original.jpeg,GBIF,,,,,2025-11-10 02:04:26.360815
285417,Malaxis,novogaliciana,https://inaturalist-open-data.s3.amazonaws.com/photos/223076652/original.jpg,GBIF,,,,,2025-11-10 00:11:20.990113
262885,Brassavola,nodosa,https://inaturalist-open-data.s3.amazonaws.com/photos/464826450/original.jpg,GBIF,,,,,2025-11-09 18:21:21.373695
296734,Barkeria,strophinx,https://inaturalist-open-data.s3.amazonaws.com/photos/62645961/original.jpeg,GBIF,,,,,2025-11-10 03:01:10.474201
303066,Goodyera,macrophylla Lowe,https://inaturalist-open-data.s3.amazonaws.com/photos/229283268/original.jpeg,GBIF,,,,,2025-11-10 04:32:59.356949
221030,Dipodium,pandanum,http://data.huh.harvard.edu/14931a66-731a-433e-b17f-0751b50b2580/image,GBIF,,,,,2025-11-09 08:04:20.388783
229856,Dendrobium,brassii,"https://iiif.rbge.org.uk/herb/iiif/E00659875/full/300,/0/default.jpg",GBIF,,,,,2025-11-09 10:54:33.316543
177798,Pabstiella,trifida,https://inaturalist-open-data.s3.amazonaws.com/photos/17451801/original.jpeg,GBIF,,,,,2025-11-08 21:41:33.770220
237952,Bulbophyllum,ciliatilabrum,https://images.mobot.org/tropicosimages3/detailimages/TropicosImages2/100306000/C6BE706B-4903-42C5-AA19-A4F4E2712B16.jpg,GBIF,,,,,2025-11-09 12:25:36.949852
181970,Angraecum,melanostictum,https://d2seqvvyy3b8p2.cloudfront.net/c60eb48706cde656e02c32101bcb7983.jpg,GBIF,,,,,2025-11-08 22:42:28.028120
12066,Maxillaria,aequiloba,https://images.mobot.org/tropicosimages4/detailimages/TropicosImagesVol4/101223000/A76CC4CE-AC44-4C1D-BA8A-650FD3DC46A5.jpg,Tropicos - Missouri Botanical Garden,,,,,2025-10-21 18:05:25.665077
236441,Bulbophyllum,colubrinum,https://oxalis.br.fgov.be/images/BR0/000/016/171/657/BR0000016171657.jpg,GBIF,,,,,2025-11-09 11:41:02.348164
231885,Gastrochilus,inconspicuus,http://mediaphoto.mnhn.fr/media/1441307209993iRpTdrB6y9iPOCN7,GBIF,,,,,2025-11-09 10:56:27.773749
211850,Oncidium,abortivum,https://inaturalist-open-data.s3.amazonaws.com/photos/340113994/original.jpg,GBIF,,,,,2025-11-09 05:53:59.131363
306140,Cleisostoma,striatum,http://mediaphoto.mnhn.fr/media/1442350716026tDBzatTUxllem1ly,GBIF,,,,,2025-11-10 05:18:06.479965
279140,Epidendrum,dermatanthum,https://images.mobot.org/tropicosimages4/detailimages/TropicosImagesVol4/101148000/9E745BF4-B9FB-4597-A373-41E2BDE902AB.jpg,GBIF,,,,,2025-11-09 22:28:09.866489
220482,Stelis,scansor,http://data.huh.harvard.edu/211f4bdc-6d9f-4662-8562-f108ce5c8e71/image,GBIF,,,,,2025-11-09 07:55:13.727805
227980,Coelogyne,rhombophora,https://oxalis.br.fgov.be/images/BR0/000/032/826/753/BR0000032826753.jpg,GBIF,,,,,2025-11-09 10:53:26.204708
171084,Dichaea,trulla,https://inaturalist-open-data.s3.amazonaws.com/photos/226847619/original.jpeg,GBIF,French Guiana,,Sébastien SANT,,2025-11-07 16:46:42.649410
243850,Jumellea,recta,http://mediaphoto.mnhn.fr/media/1441305454747MJaPpczkz5upN7lJ,GBIF,,,,,2025-11-09 13:51:01.602601
175250,Eulophia,gonychila,https://inaturalist-open-data.s3.amazonaws.com/photos/27901507/original.jpeg,GBIF,,,,,2025-11-08 21:05:29.966749
175965,Genoplesium,fimbriatum,https://inaturalist-open-data.s3.amazonaws.com/photos/468960095/original.jpeg,GBIF,,,,,2025-11-08 21:14:13.050062
234426,Orchis,mascula ssp.,https://inaturalist-open-data.s3.amazonaws.com/photos/486382837/original.jpg,GBIF,,,,,2025-11-09 10:58:50.645599
8446,Epidendrum,paniculatum,http://sweetgum.nybg.org/images3/3519/150/04078308.jpg,GBIF,Peru,,E. P. Killip,http://creativecommons.org/licenses/by/4.0/,2025-10-20 01:57:58.467496
203735,Gastrodia,sesamoides,https://inaturalist-open-data.s3.amazonaws.com/photos/575380977/original.jpg,GBIF,,,,,2025-11-09 03:57:46.963345
165347,Habenaria,cryptophila Barb.,https://inaturalist-open-data.s3.amazonaws.com/photos/363786471/original.jpeg,GBIF,Brazil,,,,2025-11-07 02:01:46.957587
262405,Nervilia,punctata,https://medialib.naturalis.nl/file/id/L.4175133/format/large,GBIF,,,,,2025-11-09 18:14:51.929302
1838,Cypripedium,yatabeanum Makino,https://inaturalist-open-data.s3.amazonaws.com/photos/75309011/original.jpg,GBIF,Russian Federation,,Boris Bolshakov,http://creativecommons.org/licenses/by-nc/4.0/,2025-10-19 11:23:34.469963
10158,Dendrobium,monophyllum,https://inaturalist-open-data.s3.amazonaws.com/photos/364348568/original.jpeg,GBIF,Australia,,Pete Woodall,http://creativecommons.org/licenses/by-nc/4.0/,2025-10-20 19:40:33.301924
289538,Disperis,kerstenii Rchb.f.,https://d2seqvvyy3b8p2.cloudfront.net/d3975d946236c0eab4b69fbb31091822.jpg,GBIF,,,,,2025-11-10 01:14:26.073480
262553,Eulophia,foliosa,https://inaturalist-open-data.s3.amazonaws.com/photos/559746442/original.jpg,GBIF,,,,,2025-11-09 18:17:07.381260
283810,Lepanthes,obtusipetala,http://sweetgum.nybg.org/images3/136/589/v-066-00058418.jpg,GBIF,,,,,2025-11-09 23:57:25.326713
9726,Dendrobium,nobile,http://mediaphoto.mnhn.fr/media/1441304927335bUPTVhfa9H10jfMN,GBIF,Lao People’s Democratic Republic,,"Kerr, A.F.G.",http://creativecommons.org/licenses/by/4.0/,2025-10-20 19:35:33.466560
194053,Houlletia,odoratissima,http://sweetgum.nybg.org/images3/2005/596/00547695.jpg,GBIF,,,,,2025-11-09 01:35:04.076537
212817,Gastrodia,confusa,http://data.huh.harvard.edu/5a401c78-7c77-4644-88f9-5a6da3b1055d/image,GBIF,,,,,2025-11-09 06:09:01.991053
279092,Dendrobium,friedericksianum,https://inaturalist-open-data.s3.amazonaws.com/photos/355800289/original.jpg,GBIF,,,,,2025-11-09 22:28:04.750354
287653,Liparis,saundersiana,http://sweetgum.nybg.org/images3/166/366/v-066-00058841.jpg,GBIF,,,,,2025-11-10 00:42:02.987450
261200,Bulbophyllum,cocoinum,https://images.mobot.org/tropicosimages3/detailimages/TropicosImages2/100301000/EF7E6D07-16C2-4AC3-822C-7CF6FF90F82E.jpg,GBIF,,,,,2025-11-09 17:59:00.644999
181247,Liparis,laurisilvatica,https://inaturalist-open-data.s3.amazonaws.com/photos/327860095/original.jpg,GBIF,,,,,2025-11-08 22:32:49.172037
229938,Dendrobium,luxurians,https://medialib.naturalis.nl/file/id/L.1520535/format/large,GBIF,,,,,2025-11-09 10:54:36.625938
224164,Caladenia,atrovespa D.,https://inaturalist-open-data.s3.amazonaws.com/photos/572207670/original.jpg,GBIF,,,,,2025-11-09 08:54:57.375345
257541,Acianthus,caudatus R.,https://inaturalist-open-data.s3.amazonaws.com/photos/535251588/original.jpg,GBIF,,,,,2025-11-09 17:07:42.507857
191561,Micropera,fuscolutea,"https://iiif.rbge.org.uk/herb/iiif/E01318220/full/300,/0/default.jpg",GBIF,,,,,2025-11-09 00:59:45.566677
169784,Corybas,despectans,https://inaturalist-open-data.s3.amazonaws.com/photos/418442494/original.jpg,GBIF,Australia,,Kym Nicolson,,2025-11-07 16:41:38.501208
216526,Cynorkis,squamosa Poir.,https://inaturalist-open-data.s3.amazonaws.com/photos/427167718/original.jpeg,GBIF,,,,,2025-11-09 07:02:27.640589
3367,Dendrobium,bigibbum,https://inaturalist-open-data.s3.amazonaws.com/photos/572717667/original.jpg,GBIF,Brazil,,Juliana Mélo,http://creativecommons.org/licenses/by-nc/4.0/,2025-10-19 13:56:26.083869
214805,Pterostylis,splendens D.,http://mediaphoto.mnhn.fr/media/1441309234266dQyKcJYaPYVMLOp8,GBIF,,,,,2025-11-09 06:35:54.220638
253071,Anoectochilus,yatesiae F.,https://inaturalist-open-data.s3.amazonaws.com/photos/324029455/original.jpeg,GBIF,,,,,2025-11-09 16:04:47.427457
234259,Cynorkis,ridleyi T.,https://inaturalist-open-data.s3.amazonaws.com/photos/408465994/original.jpeg,GBIF,,,,,2025-11-09 10:58:41.695446
265284,Ania,viridifusca,https://inaturalist-open-data.s3.amazonaws.com/photos/254824213/original.jpeg,GBIF,,,,,2025-11-09 18:55:50.967596
243773,Dendrophylax,lindenii,https://inaturalist-open-data.s3.amazonaws.com/photos/468953469/original.jpg,GBIF,,,,,2025-11-09 13:50:21.156998
147614,Disperis,cardiophora Harv.,https://inaturalist-open-data.s3.amazonaws.com/photos/466959920/original.jpg,GBIF,South Africa,,ruthcozien,http://creativecommons.org/licenses/by-nc/4.0/,2025-11-06 02:10:53.989816
1837,Cypripedium,yatabeanum Makino,https://inaturalist-open-data.s3.amazonaws.com/photos/150615577/original.jpg,GBIF,Russian Federation,,Boris Bolshakov,http://creativecommons.org/licenses/by-nc/4.0/,2025-10-19 11:23:34.469963
271314,Odontochilus,uniflorus,https://d2jcv3kl45hlgi.cloudfront.net/757e45fa037e66c426771fd986ac1372.jpg,GBIF,,,,,2025-11-09 22:20:34.400034
4929,Cattleya,intermedia,https://inaturalist-open-data.s3.amazonaws.com/photos/433595273/original.jpg,GBIF,Brazil,,Tiago João Cadorin,http://creativecommons.org/licenses/by-nc/4.0/,2025-10-19 14:00:04.228473
219054,Eulophia,flavopurpurea,https://inaturalist-open-data.s3.amazonaws.com/photos/244261514/original.jpeg,GBIF,,,,,2025-11-09 07:35:54.364595
267009,Polystachya,fusiformis,https://inaturalist-open-data.s3.amazonaws.com/photos/192328895/original.jpeg,GBIF,,,,,2025-11-09 19:22:02.843843
299329,Prosthechea,garciana,http://data.huh.harvard.edu/c15c8a21-719e-4995-b747-463b4e1e8ff5/image,GBIF,,,,,2025-11-10 03:37:11.307800
261992,Diaphananthe,vesicata,https://iiif-manifest.oxalis.br.fgov.be/specimen/BR0000009893832/manifest,GBIF,,,,,2025-11-09 18:07:52.575216
281149,Oxystophyllum,cultratum,https://medialib.naturalis.nl/file/id/L.1498478/format/large,GBIF,,,,,2025-11-09 23:06:40.734017
248812,Caladenia,chapmanii,https://inaturalist-open-data.s3.amazonaws.com/photos/569797389/original.jpg,GBIF,,,,,2025-11-09 15:01:45.483425
194785,Chloraea,longipetala Lindl.,https://inaturalist-open-data.s3.amazonaws.com/photos/571089951/original.jpg,GBIF,,,,,2025-11-09 01:45:38.627409
286678,Paphiopedilum,gratrixianum Mast.,https://iiif-manifest.oxalis.br.fgov.be/specimen/BR0000033197692/manifest,GBIF,,,,,2025-11-10 00:28:33.465981
290966,Caladenia,douglasiorum D.,https://inaturalist-open-data.s3.amazonaws.com/photos/317574270/original.jpeg,GBIF,,,,,2025-11-10 01:37:33.330727
216986,Pelexia,minarum,http://sweetgum.nybg.org/images3/3705/580/00822523.jpg,GBIF,,,,,2025-11-09 07:07:28.548189
189173,Prosthechea,allemanii,https://media-service.nrm.se/images?dataset=fbo&id=large/S17-013001/S17-13335.jpg,GBIF,,,,,2025-11-09 00:26:03.720106
197204,Megastylis,latilabris Schltr.,http://data.landcareresearch.co.nz/Image/5MBA/NZVH,GBIF,,,,,2025-11-09 02:21:27.920603
208252,Dendrobium,aberrans,https://data.nhm.ac.uk/media/2fbb266d-755c-4ff6-9252-f6bc8700408c,GBIF,,,,,2025-11-09 04:59:55.542566
182068,Malaxis,rosilloi,https://inaturalist-open-data.s3.amazonaws.com/photos/416056952/original.jpeg,GBIF,,,,,2025-11-08 22:44:10.475113
176785,Angraecum,multiflorum,https://inaturalist-open-data.s3.amazonaws.com/photos/168202544/original.jpeg,GBIF,,,,,2025-11-08 21:25:58.772125
205037,Phaius,tankervilleae,https://inaturalist-open-data.s3.amazonaws.com/photos/463280162/original.jpg,GBIF,,,,,2025-11-09 04:14:12.183632
1258,Cypripedium,parviflorum Salisb.,https://inaturalist-open-data.s3.amazonaws.com/photos/510438536/original.jpg,GBIF,United States of America,,burd2004,http://creativecommons.org/licenses/by-nc/4.0/,2025-10-19 11:18:59.413928
191784,Oncidium,graminifolium,https://inaturalist-open-data.s3.amazonaws.com/photos/544306608/original.jpg,GBIF,,,,,2025-11-09 01:04:16.082576
285010,Neottia,banksiana,https://inaturalist-open-data.s3.amazonaws.com/photos/507364498/original.jpg,GBIF,,,,,2025-11-10 00:04:36.636753
167266,Holothrix,brevipetala Immelman,https://inaturalist-open-data.s3.amazonaws.com/photos/457913773/original.jpeg,GBIF,South Africa,,Debbie Wall Smith,,2025-11-07 07:02:22.634563
211517,Appendicula,alba,https://medialib.naturalis.nl/file/id/L.1482863/format/large,GBIF,,,,,2025-11-09 05:49:28.792907
152567,Disa,graminifolia Ker,https://inaturalist-open-data.s3.amazonaws.com/photos/465146463/original.jpg,GBIF,South Africa,,Amy Taylor,http://creativecommons.org/licenses/by-nc/4.0/,2025-11-06 02:37:47.586906
297332,Anthogonium,gracile,https://inaturalist-open-data.s3.amazonaws.com/photos/580135970/original.jpg,GBIF,,,,,2025-11-10 03:10:51.024187
266796,Lepanthes,ankistra,https://inaturalist-open-data.s3.amazonaws.com/photos/474677852/original.jpeg,GBIF,,,,,2025-11-09 19:18:52.037538
174356,Encyclia,spatella,http://data.huh.harvard.edu/42bbdf88-8e5a-4aed-8790-45d0c908bb3b/image,GBIF,,,,,2025-11-08 20:48:40.737966
212133,Eulophia,taitensis,https://inaturalist-open-data.s3.amazonaws.com/photos/337160592/original.jpg,GBIF,,,,,2025-11-09 05:58:28.469577
225885,Paphiopedilum,exul Ridl.,https://iiif.rbge.org.uk/herb/iiif/E01227594/manifest,GBIF,,,,,2025-11-09 09:09:40.509471
164582,Bulbophyllum,variegatum,https://images.mobot.org/tropicosimages4/detailimages/TropicosImagesVol4/101057000/90A692E6-6B25-415F-8004-27ABF8CC7581.jpg,GBIF,Madagascar,"Fivondronana: Mahanoro, Firaisana: Ambodibonara, Fokontany: Ambalavontaka. Forêt de Nankinana. Echantillon préservé en alcool.",Richard Razakamalala,http://creativecommons.org/licenses/by/4.0/legalcode,2025-11-06 22:31:03.621520
234044,Epidendrum,viviparum,http://sweetgum.nybg.org/images3/3519/495/04078661.jpg,GBIF,,,,,2025-11-09 10:58:24.519355
287851,Corybas,barbarae D.,https://inaturalist-open-data.s3.amazonaws.com/photos/488476999/original.jpg,GBIF,,,,,2025-11-10 00:44:25.855901
270435,Cynorkis,coccinelloides Frapp.,https://inaturalist-open-data.s3.amazonaws.com/photos/354955234/original.jpeg,GBIF,,,,,2025-11-09 22:19:53.890541
923,Isotria,medeoloides Pursh,https://inaturalist-open-data.s3.amazonaws.com/photos/390177518/original.jpg,GBIF,United States of America,,gaviaimmer24,http://creativecommons.org/licenses/by-nc/4.0/,2025-10-19 08:48:08.278206
149026,Disperis,tysonii Bolus,https://inaturalist-open-data.s3.amazonaws.com/photos/466084717/original.jpg,GBIF,South Africa,,qgrobler,http://creativecommons.org/licenses/by-nc/4.0/,2025-11-06 02:21:55.932249
231559,Stelis,soratana,http://mediaphoto.mnhn.fr/media/1442445158307QGkYW9QtXXPTQu1U,GBIF,,,,,2025-11-09 10:56:14.009280
249480,Eulophia,hebdingiana,http://mediaphoto.mnhn.fr/media/1441306434511AZGSX0PJxNdNOa7X,GBIF,,,,,2025-11-09 15:14:57.206362
295375,Maxillaria,pumila,http://jbrj-public-img.s3-sa-east-1.amazonaws.com/JPG/rb/0/41/87/12/00418712.jpg,GBIF,,,,,2025-11-10 02:40:25.382445
263667,Platanthera,algeriensis,https://inaturalist-open-data.s3.amazonaws.com/photos/521240296/original.jpg,GBIF,,,,,2025-11-09 18:31:39.681672
294248,Epipogium,kentingense,https://inaturalist-open-data.s3.amazonaws.com/photos/254034558/original.jpeg,GBIF,,,,,2025-11-10 02:23:05.294847
251364,Dendrobium,conspicuum,https://d2jcv3kl45hlgi.cloudfront.net/fdc05a336003802d34a672ad24507542.jpg,GBIF,,,,,2025-11-09 15:41:23.156582
224225,Pleione,yunnanensis,https://media01.symbiota.org/media/seinet/midwest/CINC/CINC-V-0006/CINC-V-0006392_lg.jpg,GBIF,,,,,2025-11-09 08:55:20.991776
206613,Masdevallia,rolfeana,https://images.mobot.org/tropicosimages4/detailimages/TropicosImagesVol4/101204000/4F307940-A9E6-4422-94E3-B72FDD18ACA1.jpg,GBIF,,,,,2025-11-09 04:35:20.971285
8760,Dendrobium,lobatum,https://medialib.naturalis.nl/file/id/L.1502587/format/large,GBIF,Indonesia,,Korthals PW,http://creativecommons.org/publicdomain/zero/1.0/,2025-10-20 02:03:08.059486
292877,Nephrangis,bertauxiana,http://mediaphoto.mnhn.fr/media/1452694060225RQHfBqBDSFUHlarA,GBIF,,,,,2025-11-10 02:00:36.354065
221454,Epidendrum,dendrobii,http://was.tacc.utexas.edu/fileget?coll=TEX-LL&type=O&filename=sp63867797213752416189.att.jpg,GBIF,,,,,2025-11-09 08:11:43.857586
1296,Cypripedium,parviflorum Salisb.,https://inaturalist-open-data.s3.amazonaws.com/photos/527051105/original.jpg,GBIF,United States of America,,jacobengel,http://creativecommons.org/licenses/by-nc/4.0/,2025-10-19 11:18:59.413928
260366,Neobolusia,tysonii Bolus,https://inaturalist-open-data.s3.amazonaws.com/photos/467103254/original.jpg,GBIF,,,,,2025-11-09 17:48:25.205582
194111,Holothrix,pilosa Burch.,https://inaturalist-open-data.s3.amazonaws.com/photos/450135952/original.jpeg,GBIF,,,,,2025-11-09 01:35:36.592128
182546,Hemipilia,puberula King,http://mediaphoto.mnhn.fr/media/1442607324582KTtlPkI6IaGmowwQ,GBIF,,,,,2025-11-08 22:49:59.924516
242871,Liparis,madrensis,https://inaturalist-open-data.s3.amazonaws.com/photos/226056541/original.jpeg,GBIF,,,,,2025-11-09 13:38:11.325670
263279,Nervilia,acuminata,"https://iiif.rbge.org.uk/herb/iiif/E01267784/full/300,/0/default.jpg",GBIF,,,,,2025-11-09 18:24:23.412800
217152,Corymborkis,forcipigera,https://inaturalist-open-data.s3.amazonaws.com/photos/291649207/original.jpeg,GBIF,,,,,2025-11-09 07:09:28.139903
216456,Aspasia,principissa,https://inaturalist-open-data.s3.amazonaws.com/photos/177081905/original.jpg,GBIF,,,,,2025-11-09 07:00:35.772555
218858,Oncidium,tripudians,https://inaturalist-open-data.s3.amazonaws.com/photos/220730177/original.jpeg,GBIF,,,,,2025-11-09 07:33:39.588138
260006,Epidendrum,vandifolium,https://inaturalist-open-data.s3.amazonaws.com/photos/232402081/original.jpeg,GBIF,,,,,2025-11-09 17:44:42.768500
179539,Dendrobium,pugioniforme,https://inaturalist-open-data.s3.amazonaws.com/photos/493598272/original.jpeg,GBIF,,,,,2025-11-08 22:05:21.102987
306373,Aerides,odorata,https://inaturalist-open-data.s3.amazonaws.com/photos/507777936/original.jpg,GBIF,,,,,2025-11-10 05:22:59.292766
265052,Lepanthes,cotylisca,https://images.mobot.org/tropicosimages4/detailimages/TropicosImagesVol4/101200000/9FE4F834-8639-45CA-9F81-5085AD7B8BE3.jpg,GBIF,,,,,2025-11-09 18:52:31.640406
166685,Bryobium,pudicum,https://medialib.naturalis.nl/file/id/L.1511278/format/large,GBIF,Malaysia,,,,2025-11-07 04:50:35.300073
8855,Epidendrum,amphistomum,https://inaturalist-open-data.s3.amazonaws.com/photos/478187823/original.jpg,GBIF,United States of America,,Matt Reala,http://creativecommons.org/licenses/by-nc/4.0/,2025-10-20 02:23:38.548775
4644,Oncidium,flexuosum,https://observation.org/photos/110033127.jpg,GBIF,Cyprus,,User 780288,http://creativecommons.org/licenses/by-nc-nd/4.0/,2025-10-19 13:59:45.892208
178503,Platycoryne,guingangae Rchb.f.,https://inaturalist-open-data.s3.amazonaws.com/photos/341970747/original.jpeg,GBIF,,,,,2025-11-08 21:52:31.776086
280840,Oncidium,mirandum,https://inaturalist-open-data.s3.amazonaws.com/photos/420733398/original.jpeg,GBIF,,,,,2025-11-09 22:56:14.878172
271388,Disa,salteri G.,https://inaturalist-open-data.s3.amazonaws.com/photos/487099307/original.jpeg,GBIF,,,,,2025-11-09 22:20:38.259900
5451,Pleurothallis,liripipia,https://inaturalist-open-data.s3.amazonaws.com/photos/568752889/original.jpg,GBIF,Colombia,,Daniel Mesa,http://creativecommons.org/licenses/by/4.0/,2025-10-19 14:02:52.904184
10057,Dendrobium,monophyllum,https://inaturalist-open-data.s3.amazonaws.com/photos/490068504/original.jpg,GBIF,Australia,,Phil MacDonald,http://creativecommons.org/licenses/by-nc/4.0/,2025-10-20 19:40:33.301924
236902,Warczewiczella,guianensis,https://inaturalist-open-data.s3.amazonaws.com/photos/544498224/original.jpg,GBIF,,,,,2025-11-09 12:03:25.774759
250771,Kylicanthe,bueae,https://d2seqvvyy3b8p2.cloudfront.net/16a427f3722c8256a0367e2815351487.jpg,GBIF,,,,,2025-11-09 15:32:24.434428
232280,Platycoryne,paludosa Lindl.,https://images.mobot.org/tropicosimages3/detailimages/TropicosImageVol3/100532000/222C30A7-8203-4B4F-9676-FB0EEF37D354.jpg,GBIF,,,,,2025-11-09 10:56:52.708704
177913,Maxillaria,melina,http://fm-digital-assets.fieldmuseum.org/1691/338/V0459810F.jpg,GBIF,,,,,2025-11-08 21:43:24.305911
196671,Diuris,brumalis D.,https://inaturalist-open-data.s3.amazonaws.com/photos/533841075/original.jpg,GBIF,,,,,2025-11-09 02:14:27.287495
300865,Gomesa,gomezoides,http://jbrj-public-img.s3-sa-east-1.amazonaws.com/JPG/rb/0/25/78/5/00257805.jpg,GBIF,,,,,2025-11-10 03:59:08.591237
243902,Masdevallia,maculata,"https://iiif.rbge.org.uk/herb/iiif/E01270334/full/1600,/0/default.jpg",GBIF,,,,,2025-11-09 13:51:48.937235
169968,Hapalorchis,candida,https://inaturalist-open-data.s3.amazonaws.com/photos/340531724/original.jpeg,GBIF,Puerto Rico,,Omar Monzon Carmona,,2025-11-07 16:42:31.944057
281364,Maxillaria,quadrata,http://data.huh.harvard.edu/f294b270-3525-4859-8d89-de4078758c71/image,GBIF,,,,,2025-11-09 23:09:59.673797
197739,Epidendrum,stevensii,https://images.mobot.org/tropicosimages4/detailimages/TropicosImagesVol4/101073000/BB8B07A1-7B6A-4E20-90FF-785324B5B292.jpg,GBIF,,,,,2025-11-09 02:31:13.800840
180800,Maxillaria,maleolens,https://inaturalist-open-data.s3.amazonaws.com/photos/151289534/original.jpg,GBIF,,,,,2025-11-08 22:25:25.349918
212152,Eulophia,taitensis,https://d2seqvvyy3b8p2.cloudfront.net/fc3e016f4d71b52f6f898f25905dbb1e.jpg,GBIF,,,,,2025-11-09 05:58:28.593606
217128,Corymborkis,forcipigera,https://inaturalist-open-data.s3.amazonaws.com/photos/424349536/original.jpeg,GBIF,,,,,2025-11-09 07:09:28.022919
6830,Cymbidium,sinense,https://inaturalist-open-data.s3.amazonaws.com/photos/325974378/original.jpg,GBIF,Hong Kong,,Edward,http://creativecommons.org/licenses/by-nc/4.0/,2025-10-20 01:39:16.038191
227512,Dipodium,stenocheilum,https://inaturalist-open-data.s3.amazonaws.com/photos/445318462/original.jpeg,GBIF,,,,,2025-11-09 10:53:01.015375
280230,Cyrtochilum,dipterum,https://inaturalist-open-data.s3.amazonaws.com/photos/472313567/original.jpeg,GBIF,,,,,2025-11-09 22:40:09.142604
197792,Bulbophyllum,uniflorum,https://inaturalist-open-data.s3.amazonaws.com/photos/114705658/original.jpg,GBIF,,,,,2025-11-09 02:32:08.945372
232854,Angraecum,distichum,https://images.mobot.org/tropicosimages3/detailimages/TropicosImageVol3/100805000/81DC1E78-A592-465E-B5EF-F7708E31DBE5.jpg,GBIF,,,,,2025-11-09 10:57:20.464325
220642,Cattleya,dormaniana,http://jbrj-public-img.s3-sa-east-1.amazonaws.com/JPG/rb/1/22/50/20/01225020.jpg,GBIF,,,,,2025-11-09 07:57:44.123273
201607,Pterostylis,setulosa D.,https://inaturalist-open-data.s3.amazonaws.com/photos/541134032/original.jpg,GBIF,,,,,2025-11-09 03:28:27.209039
254452,Gonatostylis,vieillardii Rchb.f.,https://inaturalist-open-data.s3.amazonaws.com/photos/434709966/original.jpg,GBIF,,,,,2025-11-09 16:27:22.316949
306932,Spathoglottis,pacifica,https://inaturalist-open-data.s3.amazonaws.com/photos/558875312/original.jpg,GBIF,,,,,2025-11-10 05:26:57.804434
231162,Epidendrum,melistagum,https://inaturalist-open-data.s3.amazonaws.com/photos/224643164/original.jpeg,GBIF,,,,,2025-11-09 10:55:42.086792
183870,Trichocentrum,aurisasinorum,https://images.mobot.org/tropicosimages4/detailimages/TropicosImagesVol4/101069000/B5A66D61-49FB-4564-B018-1BD7B3F70E8E.jpg,GBIF,,,,,2025-11-08 23:11:15.985541
259158,Liparis,longicaulis,https://inaturalist-open-data.s3.amazonaws.com/photos/383106460/original.jpeg,GBIF,,,,,2025-11-09 17:33:04.476473
207001,Galeandra,lagoensis,http://imagens4.jbrj.gov.br/fsi/server?type=image&source=smnh/Plantas_do_Brasil_2017_02/S17-12467.jpg,GBIF,,,,,2025-11-09 04:40:53.335205
181007,Polystachya,tridentata,https://oxalis.br.fgov.be/images/BR0/000/006/626/211/BR0000006626211.jpg,GBIF,,,,,2025-11-08 22:28:59.525457
3645,Epidendrum,nocturnum,https://inaturalist-open-data.s3.amazonaws.com/photos/266982012/original.jpg,GBIF,United States of America,,Tyler Donaghy,http://creativecommons.org/licenses/by-nc/4.0/,2025-10-19 13:56:57.310196
229146,Huttonaea,oreophila Schltr.,"https://iiif.rbge.org.uk/herb/iiif/E01257572/full/300,/0/default.jpg",GBIF,,,,,2025-11-09 10:54:11.846856
210345,Hemipilia,cordifolia Lindl.,"https://iiif.rbge.org.uk/herb/iiif/E00003961/full/1600,/0/default.jpg",GBIF,,,,,2025-11-09 05:31:31.685195
186281,Oncidium,aurarium,https://inaturalist-open-data.s3.amazonaws.com/photos/177364384/original.jpeg,GBIF,,,,,2025-11-08 23:47:11.857013
186068,Telipogon,ampliflorus,https://inaturalist-open-data.s3.amazonaws.com/photos/349179287/original.jpeg,GBIF,,,,,2025-11-08 23:42:50.223410
244961,Phaius,flavus,https://inaturalist-open-data.s3.amazonaws.com/photos/506172072/original.jpg,GBIF,,,,,2025-11-09 14:07:40.675784
229649,Brassia,cochleata,https://ans-images.ansp.org/botany/PH4/CM/Fullsize/354/CM354949.jpg,GBIF,,,,,2025-11-09 10:54:26.997801
230197,Trichocentrum,lacerum,https://inaturalist-open-data.s3.amazonaws.com/photos/257760518/original.jpeg,GBIF,,,,,2025-11-09 10:54:52.953446
178182,Oberonia,longibracteata,http://data.huh.harvard.edu/e4f6374e-728a-4ec1-9ab3-858554e9a4f4/image,GBIF,,,,,2025-11-08 21:46:43.381652
202923,Encyclia,meliosma,https://inaturalist-open-data.s3.amazonaws.com/photos/481885823/original.jpeg,GBIF,,,,,2025-11-09 03:48:47.813403
260833,Bulbophyllum,dissitiflorum,https://inaturalist-open-data.s3.amazonaws.com/photos/345971864/original.jpeg,GBIF,,,,,2025-11-09 17:54:21.562815
229904,Genoplesium,citriodorum,https://inaturalist-open-data.s3.amazonaws.com/photos/61879087/original.jpeg,GBIF,,,,,2025-11-09 10:54:36.561078
288428,Gomesa,dasytyle,"https://iiif.rbge.org.uk/herb/iiif/E00669464/full/1600,/0/default.jpg",GBIF,,,,,2025-11-10 00:55:54.973034
172383,Maxillaria,exaltata,https://images.mobot.org/tropicosimages5/detailimages/TropicosImagesVol5/101586000/EC21FA54-DB84-43D8-981D-939C62B372A2.jpg,GBIF,Peru,,Rodolfo Vásquez|Luis Valenzuela G.|R. Rivera,,2025-11-07 18:41:44.521212
7599,Cattleya,perrinii,"https://iiif.rbge.org.uk/herb/iiif/E01282970/full/1600,/0/default.jpg",GBIF,,,,http://creativecommons.org/publicdomain/zero/1.0/,2025-10-20 01:47:39.659088
11266,Dendrobium,falconeri,https://images.mobot.org/tropicosimages4/detailimages/TropicosImagesVol4/101100000/88E23F71-589B-48EF-92FE-A52AB6191E31.jpg,Tropicos - Missouri Botanical Garden,,,,,2025-10-21 17:53:50.872169
298365,Rhynchostele,rossii,https://inaturalist-open-data.s3.amazonaws.com/photos/464328659/original.jpeg,GBIF,,,,,2025-11-10 03:22:47.079977
210812,Lepanthes,cordeliae,https://images.mobot.org/tropicosimages3/detailimages/Tropicos/235/7F4D3379-9F5F-44CC-8A43-F9724CBFCD95.jpg,GBIF,,,,,2025-11-09 05:39:10.399775
275943,Bulbophyllum,kainochiloides,https://mediaphoto.mnhn.fr/media/1664890464818EPjYVu9JMA7wy1g0,GBIF,,,,,2025-11-09 22:25:20.602474
304129,Deiregyne,albovaginata,https://inaturalist-open-data.s3.amazonaws.com/photos/111015597/original.jpeg,GBIF,,,,,2025-11-10 04:51:06.459849
243535,Corybas,pignalii E.,http://mediaphoto.mnhn.fr/media/14413070722439kbNrXXNBNFKoZsW,GBIF,,,,,2025-11-09 13:47:34.988870
6906,Maxillaria,scorpioidea,http://fm-digital-assets.fieldmuseum.org/283/563/V0087410F.jpg,GBIF,Peru,,I. Sánchez Vega & M. O. Dillon,(c) Field Museum of Natural History - CC BY-NC 4.0,2025-10-20 01:39:30.811092
224420,Epidendrum,villahermosaense,https://inaturalist-open-data.s3.amazonaws.com/photos/381165720/original.jpeg,GBIF,,,,,2025-11-09 08:57:43.438002
300671,Masdevallia,ventricularia,https://d2jcv3kl45hlgi.cloudfront.net/376fb9e30f74091dd7a7c69b209710db.jpg,GBIF,,,,,2025-11-10 03:55:11.168110
252215,Habenaria,brachyphyton Schltr.,https://media-service.nrm.se/images?dataset=fbo&id=large/S05-003001/S05-3631.jpg,GBIF,,,,,2025-11-09 15:53:40.457927
306372,Aerides,odorata,https://inaturalist-open-data.s3.amazonaws.com/photos/499171804/original.jpg,GBIF,,,,,2025-11-10 05:22:59.288577
301916,Phreatia,plantaginifolia,https://d2seqvvyy3b8p2.cloudfront.net/cd26b138ed444c369d2b20040a2a9ddf.jpg,GBIF,,,,,2025-11-10 04:15:01.061444
228255,Epidendrum,noackii,http://jbrj-public-img.s3-sa-east-1.amazonaws.com/JPG/rb/1/44/7/17/01440717.jpg,GBIF,,,,,2025-11-09 10:53:49.001763
203095,Isochilus,major,https://inaturalist-open-data.s3.amazonaws.com/photos/51385567/original.jpg,GBIF,,,,,2025-11-09 03:50:55.058409
178680,Dendrobium,falcorostrum,https://inaturalist-open-data.s3.amazonaws.com/photos/466353456/original.jpg,GBIF,,,,,2025-11-08 21:54:46.396987
269382,Disa,bifida Thunb.,https://inaturalist-open-data.s3.amazonaws.com/photos/538507812/original.jpg,GBIF,,,,,2025-11-09 19:53:47.556887
257553,Acianthus,caudatus R.,https://inaturalist-open-data.s3.amazonaws.com/photos/534110450/original.jpg,GBIF,,,,,2025-11-09 17:07:42.555143
191106,Risleya,atropurpurea,"https://iiif.rbge.org.uk/herb/iiif/E00743121/full/1600,/0/default.jpg",GBIF,,,,,2025-11-09 00:53:40.779513
8796,Maxillaria,paranaensis,https://inaturalist-open-data.s3.amazonaws.com/photos/337138166/original.jpeg,GBIF,Brazil,,Erika Domaniski Dos Santos,http://creativecommons.org/licenses/by-nc/4.0/,2025-10-20 02:22:38.242833
234360,Pterostylis,excelsa M.,https://inaturalist-open-data.s3.amazonaws.com/photos/579206211/original.jpg,GBIF,,,,,2025-11-09 10:58:48.365950
248190,Prosthechea,grammatoglossa,https://inaturalist-open-data.s3.amazonaws.com/photos/458887495/original.jpeg,GBIF,,,,,2025-11-09 14:52:14.612919
287644,Liparis,saundersiana,https://inaturalist-open-data.s3.amazonaws.com/photos/445142235/original.jpeg,GBIF,,,,,2025-11-10 00:42:02.915169
186560,Ceratostylis,mamberamensis,https://medialib.naturalis.nl/file/id/L0062191_MLN/format/large,GBIF,,,,,2025-11-08 23:51:48.469768
201281,Habenaria,polyodon Hook.f.,http://archive.biodiversity.ca/herbarium/hsheet2/27796.jpg,GBIF,,,,,2025-11-09 03:23:17.200648
305868,Stanhopea,frymirei,https://cdn.floridamuseum.ufl.edu/Herbarium/c8a8d8a8-26ff-4b0e-80ce-e75bd1f7d91d,GBIF,,,,,2025-11-10 05:15:10.533935
151220,Disa,bifida Thunb.,https://inaturalist-open-data.s3.amazonaws.com/photos/550185057/original.jpg,GBIF,South Africa,,Abdul-lateef Ismail,http://creativecommons.org/licenses/by-nc/4.0/,2025-11-06 02:31:41.686328
182260,Erycina,hyalinobulbon,https://inaturalist-open-data.s3.amazonaws.com/photos/345101821/original.jpeg,GBIF,,,,,2025-11-08 22:45:54.167858
299672,Ophrys,speculum Link,https://inaturalist-open-data.s3.amazonaws.com/photos/474748800/original.jpg,GBIF,,,,,2025-11-10 03:40:38.493707
175447,Epidendrum,cardiochilum,https://inaturalist-open-data.s3.amazonaws.com/photos/349835267/original.jpeg,GBIF,,,,,2025-11-08 21:08:40.217869
208786,Polystachya,valentina,https://inaturalist-open-data.s3.amazonaws.com/photos/261249521/original.jpg,GBIF,,,,,2025-11-09 05:07:27.838344
187764,Cynorkis,stolonifera Schltr.,https://images.mobot.org/tropicosimages4/detailimages/TropicosImagesVol4/101094000/7B4F28C9-01CD-4759-810A-82F485247DC2.jpg,GBIF,,,,,2025-11-09 00:08:36.651416
231394,Myoxanthus,trachychlamys,http://data.huh.harvard.edu/26a2aa23-9a2e-4834-9c22-9811d77fc40d/image,GBIF,,,,,2025-11-09 10:55:55.163248
363,Cleistesiopsis,bifaria Fernald,https://inaturalist-open-data.s3.amazonaws.com/photos/292245825/original.jpg,GBIF,United States of America,,Jared Shorma,http://creativecommons.org/licenses/by/4.0/,2025-10-19 08:22:59.699494
184399,Epipactis,greuteri,https://inaturalist-open-data.s3.amazonaws.com/photos/409366278/original.jpeg,GBIF,,,,,2025-11-08 23:20:46.357701
187284,Andinia,trimytera,https://inaturalist-open-data.s3.amazonaws.com/photos/470049698/original.jpeg,GBIF,,,,,2025-11-09 00:01:12.301540
143456,Vanilla,somae Hayata,https://inaturalist-open-data.s3.amazonaws.com/photos/461865937/original.jpg,GBIF,Chinese Taipei,,周業偉,http://creativecommons.org/licenses/by-nc/4.0/,2025-11-06 01:39:08.197655
303600,Thelasis,micrantha,https://d2seqvvyy3b8p2.cloudfront.net/fb84d1374fc0be31bf2a4c903cab0b53.jpg,GBIF,,,,,2025-11-10 04:42:45.788403
213202,Ponthieva,mexicana,https://inaturalist-open-data.s3.amazonaws.com/photos/325844199/original.jpg,GBIF,,,,,2025-11-09 06:17:14.736913
195430,Microchilus,roseus Lindl.,https://inaturalist-open-data.s3.amazonaws.com/photos/458109742/original.jpeg,GBIF,,,,,2025-11-09 01:55:42.839874
11886,Pleurothallis,discoidea,https://images.mobot.org/tropicosimages4/detailimages/TropicosImagesVol4/101240000/633962EC-267C-418D-B8D2-BD782A8162FB.jpg,Tropicos - Missouri Botanical Garden,,,,,2025-10-21 18:02:23.391231
208883,Pabstiella,rupicola,http://jbrj-public-img.s3-sa-east-1.amazonaws.com/JPG/rb/0/59/13/91/00591391.jpg,GBIF,,,,,2025-11-09 05:09:09.779892
182586,Crepidium,kerintjiense,https://medialib.naturalis.nl/file/id/L0063704_MLN/format/large,GBIF,,,,,2025-11-08 22:51:42.578909
300164,Dendrobium,habbemense,https://inaturalist-open-data.s3.amazonaws.com/photos/575413971/original.jpg,GBIF,,,,,2025-11-10 03:48:33.173790
181832,Liparis,cordifolia,https://inaturalist-open-data.s3.amazonaws.com/photos/443152617/original.jpeg,GBIF,,,,,2025-11-08 22:40:21.324795
198164,Coelogyne,magniflora,https://medialib.naturalis.nl/file/id/L.1507955/format/large,GBIF,,,,,2025-11-09 02:40:43.511225
2448,Paphiopedilum,Pfitzer,https://inaturalist-open-data.s3.amazonaws.com/photos/546853625/original.jpg,GBIF,Philippines,,Alastair Robinson,http://creativecommons.org/licenses/by-nc/4.0/,2025-10-19 13:10:00.388065
206857,Coelogyne,prolifera,https://inaturalist-open-data.s3.amazonaws.com/photos/288053922/original.jpeg,GBIF,,,,,2025-11-09 04:37:50.948105
243251,Stelis,repens,https://media-service.nrm.se/images?dataset=fbo&id=large/S11-031001/S11-31618.jpg,GBIF,,,,,2025-11-09 13:43:28.939058
9362,Dendrobium,linguella,"https://iiif.rbge.org.uk/herb/iiif/E01296181/full/300,/0/default.jpg",GBIF,,,,Unknown,2025-10-20 02:25:01.011805
234706,Stelis,thecoglossa,http://data.huh.harvard.edu/37fa77b4-5f0f-449a-a533-28498e1eb0d3/image,GBIF,,,,,2025-11-09 11:00:54.915428
8249,Epidendrum,paniculatum,https://images.mobot.org/tropicosimages3/detailimages/TropicosImageVol3/100374000/CFF64B24-7A4D-4C22-8150-C17EF550CF84.jpg,GBIF,Brazil,,Ezechias P. Heringer|Tarciso S. Filgueiras|Roberta C. de Mendonça|B. A. S. Pereira|Anajúlia E. Heringer Salles|F. Silva,http://creativecommons.org/licenses/by-nc-sa/3.0/,2025-10-20 01:57:58.467496
194533,Liparis,pygmaea,http://mediaphoto.mnhn.fr/media/1442948515287Oa4FFsqCbhpmwPJf,GBIF,,,,,2025-11-09 01:39:26.296107
257694,Oberonia,disticha,https://inaturalist-open-data.s3.amazonaws.com/photos/358175260/original.jpg,GBIF,,,,,2025-11-09 17:09:41.614104
254367,Thrixspermum,agusanense,http://mediaphoto.mnhn.fr/media/1441305205642uTYZPdr4ULEVspt7,GBIF,,,,,2025-11-09 16:25:15.773695
295741,Orchis,italica Poir.,https://inaturalist-open-data.s3.amazonaws.com/photos/469925614/original.jpeg,GBIF,,,,,2025-11-10 02:47:09.314269
287600,Gomesa,barbata,https://inaturalist-open-data.s3.amazonaws.com/photos/245996094/original.jpeg,GBIF,,,,,2025-11-10 00:40:20.021965
246393,Coelogyne,cootesii,https://d2seqvvyy3b8p2.cloudfront.net/6d768b7a03fc6e2bbc06ead57b35feec.jpg,GBIF,,,,,2025-11-09 14:25:55.287958
267905,Epidendrum,lignosum,https://inaturalist-open-data.s3.amazonaws.com/photos/507314812/original.jpg,GBIF,,,,,2025-11-09 19:37:45.902872
196408,Epidendrum,nanosimplex,https://inaturalist-open-data.s3.amazonaws.com/photos/110425277/original.jpeg,GBIF,,,,,2025-11-09 02:09:33.557837
180824,Oncidium,ornithocephalum,http://sweetgum.nybg.org/images3/3564/919/04110202.jpg,GBIF,,,,,2025-11-08 22:26:20.968834
301431,Liparis,rusbyi,http://data.huh.harvard.edu/8c5ada51-32e7-4f33-9889-2ccd32481d38/image,GBIF,,,,,2025-11-10 04:08:39.489383
273071,Bulbophyllum,crabro,https://inaturalist-open-data.s3.amazonaws.com/photos/244628634/original.jpeg,GBIF,,,,,2025-11-09 22:22:03.125956
8734,Bulbophyllum,pleurothallidanthum,http://data.huh.harvard.edu/e83d24f5-3cff-4aee-827b-2e614553af01/image,GBIF,Indonesia,,R. Fallon,https://huh.harvard.edu/access-digital-reproductions-works-public-domain,2025-10-20 02:01:55.474883
211323,Epidendrum,spathatum,https://inaturalist-open-data.s3.amazonaws.com/photos/483538600/original.jpg,GBIF,,,,,2025-11-09 05:46:35.154922
200553,Eriochilus,magenteus D.,https://inaturalist-open-data.s3.amazonaws.com/photos/464862090/original.jpg,GBIF,,,,,2025-11-09 03:16:08.072654
192932,Trichotosia,microphylla,https://quod.lib.umich.edu/cgi/i/image/api/image/herb00ic:1656286:MICH-V-1656286/full/res:0/0/native.jpg,GBIF,,,,,2025-11-09 01:20:24.147647
202838,Scaphyglottis,acostae,https://images.mobot.org/tropicosimages4/detailimages/TropicosImagesVol4/101094000/AB4ED0BD-E2C3-4E1A-B6EA-4FEB41CF4735.jpg,GBIF,,,,,2025-11-09 03:47:44.443944
306295,Peristeria,elata,https://inaturalist-open-data.s3.amazonaws.com/photos/351230349/original.jpeg,GBIF,,,,,2025-11-10 05:21:00.626782
191617,Miltonia,phymatochila,https://oxalis.br.fgov.be/images/BR0/000/033/169/118/BR0000033169118.jpg,GBIF,,,,,2025-11-09 01:01:13.785685
263515,Cyrtorchis,hamata,https://images.mobot.org/tropicosimages3/detailimages/TropicosImages2/100195000/76349AC0-B514-4423-A8CB-7A68CDFF2F57.jpg,GBIF,,,,,2025-11-09 18:28:53.405469
289644,Bulbophyllum,wallichii,https://iiif.rbge.org.uk/herb/iiif/E00123404/manifest,GBIF,,,,,2025-11-10 01:16:08.715728
199841,Prasophyllum,elatum R.,https://inaturalist-open-data.s3.amazonaws.com/photos/567274019/original.jpg,GBIF,,,,,2025-11-09 03:05:10.727960
288567,Lepanthes,ximenae,https://images.mobot.org/tropicosimages4/detailimages/TropicosImagesVol4/101207000/7E07F0DC-089D-46DE-8E86-3AABEBB64AAC.jpg,GBIF,,,,,2025-11-10 00:59:21.525732
281182,Bulbophyllum,napellii,https://inaturalist-open-data.s3.amazonaws.com/photos/116961509/original.jpg,GBIF,,,,,2025-11-09 23:06:48.467597
208814,Pterostylis,angusta A.,https://inaturalist-open-data.s3.amazonaws.com/photos/535220612/original.jpg,GBIF,,,,,2025-11-09 05:08:22.995714
261865,Cyrtochilum,cordatum,https://d2jcv3kl45hlgi.cloudfront.net/0d67b21d87e24ec92f700e791947b07b.jpg,GBIF,,,,,2025-11-09 18:05:45.639568
205607,Roeperocharis,wentzeliana Kraenzl.,https://images.mobot.org/tropicosimages4/detailimages/TropicosImagesVol4/101097000/B03AF24F-CBDD-4EBC-8E91-9A0EE0EBB198.jpg,GBIF,,,,,2025-11-09 04:20:40.887643
291465,Caladenia,pygmaea R.,https://inaturalist-open-data.s3.amazonaws.com/photos/569364491/original.jpg,GBIF,,,,,2025-11-10 01:42:44.814169
188671,Caladenia,speciosa Hopper,https://inaturalist-open-data.s3.amazonaws.com/photos/579998656/original.jpg,GBIF,,,,,2025-11-09 00:21:17.917254
232193,Masdevallia,amanda,https://inaturalist-open-data.s3.amazonaws.com/photos/359696434/original.jpeg,GBIF,,,,,2025-11-09 10:56:47.168006
200722,Orchis,x hybrida,https://inaturalist-open-data.s3.amazonaws.com/photos/492383551/original.jpeg,GBIF,,,,,2025-11-09 03:17:28.520032
258121,Epidendrum,pansamalae,https://inaturalist-open-data.s3.amazonaws.com/photos/175660377/original.jpg,GBIF,,,,,2025-11-09 17:15:46.221632
266778,Stelis,parvula,https://data.nhm.ac.uk/media/43cbaa42-2827-478c-83ca-c2f6506dbdf7,GBIF,,,,,2025-11-09 19:18:43.900624
173825,Bulbophyllum,putidum,https://drive.google.com/uc?export=view&id=1EbOaoV5zNNxF__vVcLxOVD5iKlEzD1x-,Chris Howard Collection,,,,Private Collection,2025-11-08 07:14:45.580463
298549,Bulbophyllum,entobaptum,https://medialib.naturalis.nl/file/id/L0284393_MLN/format/large,GBIF,,,,,2025-11-10 03:25:32.737356
174685,Aphyllorchis,pallida,https://d2seqvvyy3b8p2.cloudfront.net/f119ac9913964cd0f542b0dce29895ec.jpg,GBIF,,,,,2025-11-08 20:54:16.939786
179555,Tolumnia,urophylla,https://inaturalist-open-data.s3.amazonaws.com/photos/109302073/original.jpg,GBIF,,,,,2025-11-08 22:05:29.132650
296753,Bulbophyllum,bontocense,http://data.huh.harvard.edu/a61330ea-3502-4e71-ad2f-f5b6f66fbf30/image,GBIF,,,,,2025-11-10 03:01:51.290520
216012,Eulophia,rutenbergiana,https://inaturalist-open-data.s3.amazonaws.com/photos/32810878/original.jpg,GBIF,,,,,2025-11-09 06:52:16.352957
244127,Eulophia,aculeata,https://inaturalist-open-data.s3.amazonaws.com/photos/463343073/original.jpg,GBIF,,,,,2025-11-09 13:53:56.147625
2997,Cattleya,species,https://inaturalist-open-data.s3.amazonaws.com/photos/482507607/original.jpeg,GBIF,Brazil,,Luana Silva,http://creativecommons.org/licenses/by-nc/4.0/,2025-10-19 13:54:41.507695
181229,Liparis,laurisilvatica,https://inaturalist-open-data.s3.amazonaws.com/photos/440610139/original.jpeg,GBIF,,,,,2025-11-08 22:32:49.055434
245139,Dracula,vlad-tepes,https://inaturalist-open-data.s3.amazonaws.com/photos/211572327/original.jpeg,GBIF,,,,,2025-11-09 14:09:31.378961
262991,Dendrobium,williamsonii,https://cch2.org/imglib/cch2/RSA_VascularPlants/RSA0240/RSA0240465_lg.jpg,GBIF,,,,,2025-11-09 18:22:25.367567
9303,Epidendrum,carvalhoi,http://jbrj-public-img.s3-sa-east-1.amazonaws.com/JPG/rb/0/54/25/95/00542595.jpg,GBIF,Brazil,,"Kautsky, R.A.",Unknown,2025-10-20 02:24:33.614981
176689,Catasetum,discolor,https://inaturalist-open-data.s3.amazonaws.com/photos/517228437/original.jpg,GBIF,,,,,2025-11-08 21:24:39.224097
3475,Epidendrum,nocturnum,https://inaturalist-open-data.s3.amazonaws.com/photos/489004472/original.jpeg,GBIF,Guadeloupe,,Guillaume Martin,http://creativecommons.org/licenses/by-nc/4.0/,2025-10-19 13:56:57.310196
220398,Oncidium,cirrhosum,https://inaturalist-open-data.s3.amazonaws.com/photos/356562346/original.jpeg,GBIF,,,,,2025-11-09 07:54:25.846098
199479,Myoxanthus,ceratothallis,https://inaturalist-open-data.s3.amazonaws.com/photos/419970287/original.jpeg,GBIF,,,,,2025-11-09 02:59:29.943954
189594,Stigmatodactylus,oxyglossus Schltr.,https://inaturalist-open-data.s3.amazonaws.com/photos/465035529/original.jpeg,GBIF,,,,,2025-11-09 00:31:28.779681
188326,Disa,caulescens Lindl.,https://inaturalist-open-data.s3.amazonaws.com/photos/467788787/original.jpeg,GBIF,,,,,2025-11-09 00:15:28.928145
203310,Porroglossum,amethystinum,https://inaturalist-open-data.s3.amazonaws.com/photos/392055222/original.jpg,GBIF,,,,,2025-11-09 03:52:53.697597
220335,Aerangis,kotschyana,https://inaturalist-open-data.s3.amazonaws.com/photos/311277607/original.jpeg,GBIF,,,,,2025-11-09 07:53:30.636215
230396,Dendrobium,gratiosissimum,https://inaturalist-open-data.s3.amazonaws.com/photos/379534739/original.jpg,GBIF,,,,,2025-11-09 10:55:04.559047
255023,Glomera,noroma,http://data.huh.harvard.edu/35a9f419-ba07-4235-81bd-256cc8ff3eeb/image,GBIF,,,,,2025-11-09 16:36:20.713296
9253,Dendrobium,lindleyi,http://mediaphoto.mnhn.fr/media/1441306504508BPjyh3pSmoRE1e2j,GBIF,Viet Nam,,"Balansa, B.",http://creativecommons.org/licenses/by/4.0/,2025-10-20 02:24:07.741168
228260,Epidendrum,noackii,http://jbrj-public-img.s3-sa-east-1.amazonaws.com/JPG/rb/1/41/7/72/01410772.jpg,GBIF,,,,,2025-11-09 10:53:49.030955
4252,Bulbophyllum,species,https://inaturalist-open-data.s3.amazonaws.com/photos/497302335/original.jpeg,GBIF,New Zealand,,Joseph Knight,http://creativecommons.org/licenses/by-nc/4.0/,2025-10-19 13:58:45.290643
287888,Cryptostylis,acutata J.,https://inaturalist-open-data.s3.amazonaws.com/photos/458162737/original.jpeg,GBIF,,,,,2025-11-10 00:44:49.401374
184036,Pterostylis,picta M.,https://inaturalist-open-data.s3.amazonaws.com/photos/358999797/original.jpg,GBIF,,,,,2025-11-08 23:14:17.665343
141116,Epistephium,parviflorum Lindl.,http://jbrj-public-img.s3-sa-east-1.amazonaws.com/JPG/rb/0/83/7/57/00830757.jpg,GBIF,Brazil,,E. Pessoa; A. Melo; S. Vasconselos,CC-BY-4.0,2025-11-06 01:26:51.374090
6771,Oncidium,stenoglossum,https://inaturalist-open-data.s3.amazonaws.com/photos/165182821/original.jpeg,GBIF,Honduras,,Eric van den Berghe,http://creativecommons.org/licenses/by-nc/4.0/,2025-10-20 01:37:45.991196
237226,Lockhartia,galeottiana,https://quod.lib.umich.edu/cgi/i/image/api/image/herb00ic:1652414:MICH-V-1652414/full/res:0/0/native.jpg,GBIF,,,,,2025-11-09 12:10:33.269173
5801,Epidendrum,strobiliferum,https://inaturalist-open-data.s3.amazonaws.com/photos/346558192/original.jpeg,GBIF,Brazil,,Guilherme Willrich,http://creativecommons.org/licenses/by-nc/4.0/,2025-10-19 19:39:25.018841
224244,Pleione,yunnanensis,"https://iiif.rbge.org.uk/herb/iiif/E00123214/full/300,/0/default.jpg",GBIF,,,,,2025-11-09 08:55:21.070369
264044,Comparettia,ottonis,https://inaturalist-open-data.s3.amazonaws.com/photos/539277269/original.jpg,GBIF,,,,,2025-11-09 18:37:28.515145
199987,Andreettaea,macroblepharis,https://oxalis.br.fgov.be/images/BR0/000/032/871/319/BR0000032871319.jpg,GBIF,,,,,2025-11-09 03:07:17.524737
181652,Caladenia,pallida Lindl.,http://sweetgum.nybg.org/images3/3476/113/04012571.jpg,GBIF,,,,,2025-11-08 22:38:45.767451
197172,Schizochilus,gerrardii Rchb.f.,http://data.huh.harvard.edu/c280f9e3-680e-4b90-ae0f-2164394b1a55/image,GBIF,,,,,2025-11-09 02:21:19.010140
203302,Porroglossum,amethystinum,https://inaturalist-open-data.s3.amazonaws.com/photos/214965350/original.jpg,GBIF,,,,,2025-11-09 03:52:53.647759
272181,Dactylorhiza,iberica,https://inaturalist-open-data.s3.amazonaws.com/photos/485890000/original.jpeg,GBIF,,,,,2025-11-09 22:21:21.120851
5457,Pleurothallis,liripipia,https://inaturalist-open-data.s3.amazonaws.com/photos/576177374/original.jpg,GBIF,Ecuador,,ecodanielle,http://creativecommons.org/licenses/by-nc/4.0/,2025-10-19 14:02:52.904184
203229,Caladenia,x,https://inaturalist-open-data.s3.amazonaws.com/photos/573660742/original.jpg,GBIF,,,,,2025-11-09 03:52:13.952543
188788,Disa,ophrydea Lindl.,https://inaturalist-open-data.s3.amazonaws.com/photos/577413620/original.jpg,GBIF,,,,,2025-11-09 00:22:13.266076
1286,Cypripedium,parviflorum Salisb.,https://inaturalist-open-data.s3.amazonaws.com/photos/523678203/original.jpg,GBIF,United States of America,,victoriaelizab,http://creativecommons.org/licenses/by/4.0/,2025-10-19 11:18:59.413928
184778,Jumellea,recurva,https://oxalis.br.fgov.be/images/BR0/000/020/026/141/BR0000020026141.jpg,GBIF,,,,,2025-11-08 23:25:39.200354
258302,Dendrobium,salaccense,https://medialib.naturalis.nl/file/id/L.4175307/format/large,GBIF,,,,,2025-11-09 17:19:11.885335
221745,Polystachya,ramulosa,https://images.mobot.org/tropicosimages4/detailimages/TropicosImagesVol4/101143000/5F63DDA6-4BEA-403A-8DE1-C383FBD84F8F.jpg,GBIF,,,,,2025-11-09 08:15:58.134550
8940,Epidendrum,amphistomum,https://inaturalist-open-data.s3.amazonaws.com/photos/350716950/original.jpg,GBIF,United States of America,,Logan Crees,http://creativecommons.org/licenses/by-nc/4.0/,2025-10-20 02:23:38.548775
235884,Holothrix,scopularia Lindl.,https://inaturalist-open-data.s3.amazonaws.com/photos/319353392/original.jpeg,GBIF,,,,,2025-11-09 11:26:31.797176
259370,Dryadella,simula,https://inaturalist-open-data.s3.amazonaws.com/photos/14888119/original.jpg,GBIF,,,,,2025-11-09 17:35:11.210962
300160,Dendrobium,habbemense,https://inaturalist-open-data.s3.amazonaws.com/photos/575414065/original.jpg,GBIF,,,,,2025-11-10 03:48:33.147347
293442,Satyrium,retusum Lindl.,https://inaturalist-open-data.s3.amazonaws.com/photos/473430281/original.jpeg,GBIF,,,,,2025-11-10 02:08:32.814462
268511,Epidendrum,capitellatum,http://data.huh.harvard.edu/c917c71b-576a-4dde-82b3-8a55bf62efe9/image,GBIF,,,,,2025-11-09 19:46:13.973223
203054,Galearis,camtschatica,https://inaturalist-open-data.s3.amazonaws.com/photos/523345857/original.jpg,GBIF,,,,,2025-11-09 03:50:22.307248
236120,Dichaea,morrisii,https://inaturalist-open-data.s3.amazonaws.com/photos/419124667/original.jpeg,GBIF,,,,,2025-11-09 11:30:21.411249
219507,Caladenia,hopperiana,https://inaturalist-open-data.s3.amazonaws.com/photos/385050478/original.jpeg,GBIF,,,,,2025-11-09 07:43:12.142666
298938,Andreettaea,ancora,http://sesam.senckenberg.de/pictures/originale/32/137749.jpg,GBIF,,,,,2025-11-10 03:32:01.447737
289714,Pterostylis,crispula,https://inaturalist-open-data.s3.amazonaws.com/photos/548743539/original.jpg,GBIF,,,,,2025-11-10 01:17:44.268712
247695,Acianthera,serpentula,https://inaturalist-open-data.s3.amazonaws.com/photos/187970709/original.jpeg,GBIF,,,,,2025-11-09 14:44:33.675454
220068,Megastylis,paradoxa,https://www.digitalis.uzh.ch/media/specimen/19/Z-000019018.jpg,GBIF,,,,,2025-11-09 07:49:48.012023
203915,Palmorchis,lobulata,http://data.huh.harvard.edu/ef7519ef-ff75-48de-b41d-3080251380b5/image,GBIF,,,,,2025-11-09 04:00:41.915139
210013,Prasophyllum,regium R.,https://inaturalist-open-data.s3.amazonaws.com/photos/353773466/original.jpeg,GBIF,,,,,2025-11-09 05:27:01.131382
169180,Ophrys,x armentariae,https://observation.org/photos/83755663.jpg,GBIF,Spain,,User 876494,,2025-11-07 16:39:28.524382
229087,Cyrtosia,septentrionalis Rchb.f.,https://inaturalist-open-data.s3.amazonaws.com/photos/413917719/original.jpeg,GBIF,,,,,2025-11-09 10:54:10.556716
200891,Catasetum,luridum,https://inaturalist-open-data.s3.amazonaws.com/photos/256484020/original.jpg,GBIF,,,,,2025-11-09 03:20:22.060067
245336,Neobathiea,spatulata,https://inaturalist-open-data.s3.amazonaws.com/photos/111177913/original.jpeg,GBIF,,,,,2025-11-09 14:11:15.202033
230530,Malaxis,bayardii,https://inaturalist-open-data.s3.amazonaws.com/photos/235368902/original.jpeg,GBIF,,,,,2025-11-09 10:55:06.643401
296573,Epidendrum,chloranthum,https://inaturalist-open-data.s3.amazonaws.com/photos/308115842/original.jpeg,GBIF,,,,,2025-11-10 02:58:32.706750
261779,Gongora,superflua,https://inaturalist-open-data.s3.amazonaws.com/photos/575064176/original.jpg,GBIF,,,,,2025-11-09 18:04:25.867108
246723,Stelis,ekmanii,http://sweetgum.nybg.org/images3/203/580/v-066-00033249.jpg,GBIF,,,,,2025-11-09 14:31:20.324928
258938,Styloglossum,balansae,https://inaturalist-open-data.s3.amazonaws.com/photos/156187936/original.jpeg,GBIF,,,,,2025-11-09 17:28:10.596544
266746,Satyrium,neglectum ssp.,https://d2jcv3kl45hlgi.cloudfront.net/38c755a824b96a403d6f4ef658ff6e86.jpg,GBIF,,,,,2025-11-09 19:17:57.036903
285530,Cypripedium,cordigerum D.,https://inaturalist-open-data.s3.amazonaws.com/photos/10774287/original.jpeg,GBIF,,,,,2025-11-10 00:11:52.711848
209288,Ophrys,cornuta Steven,https://inaturalist-open-data.s3.amazonaws.com/photos/499152048/original.jpeg,GBIF,,,,,2025-11-09 05:15:47.388957
248355,Habenaria,splendens Rendle,https://iiif-manifest.oxalis.br.fgov.be/specimen/BR0000021833236/manifest,GBIF,,,,,2025-11-09 14:55:08.237279
172641,Ophrys,incubacea Bianca,https://live.staticflickr.com/65535/54539751301_4331853605_b.jpg,GBIF,Italy,,2051984334,,2025-11-07 19:15:04.983535
223220,Crepidium,versicolor,https://images.mobot.org/tropicosimages4/detailimages/TropicosImagesVol4/101198000/34FAEAF8-9280-4245-B425-2B07D2A9965C.jpg,GBIF,,,,,2025-11-09 08:39:13.594172
304130,Deiregyne,albovaginata,https://inaturalist-open-data.s3.amazonaws.com/photos/111015593/original.jpeg,GBIF,,,,,2025-11-10 04:51:06.465113
203937,Pinalia,appendiculata,http://repo.rbge.org.uk/image_server.php?kind=1500&path_base64=L2l0ZW1faW1hZ2VzL2FjY2Vzc2lvbnMvMTkvODgvMTQvMTAvUGhvdG9fNTFjMWNiNDAwMGI0OC5qcGc=,GBIF,,,,,2025-11-09 04:00:57.762474
303684,Epidendrum,blepharistes,https://inaturalist-open-data.s3.amazonaws.com/photos/497379312/original.jpeg,GBIF,,,,,2025-11-10 04:43:25.774470
8950,Epidendrum,amphistomum,https://inaturalist-open-data.s3.amazonaws.com/photos/350715995/original.jpg,GBIF,United States of America,,Logan Crees,http://creativecommons.org/licenses/by-nc/4.0/,2025-10-20 02:23:38.548775
174365,Encyclia,spatella,http://fm-digital-assets.fieldmuseum.org/988/886/ORCH_ency_spat_1540405.jpg,GBIF,,,,,2025-11-08 20:48:40.827362
170436,Gastrodia,surcula,https://images.ala.org.au/image/proxyImageThumbnailLarge?imageId=b3f00947-fc8f-4f2b-8b63-546890d5de36,GBIF,Australia,,"Jones, D.L.|Jones, B.E.",,2025-11-07 16:44:26.077326
175663,Habenaria,woodii Schltr.,https://inaturalist-open-data.s3.amazonaws.com/photos/461838149/original.jpg,GBIF,,,,,2025-11-08 21:10:38.722512
3942,Vanda,species,https://inaturalist-open-data.s3.amazonaws.com/photos/277771920/original.jpeg,GBIF,Japan,,hakkahamushi,http://creativecommons.org/licenses/by-nc/4.0/,2025-10-19 13:58:11.428304
225996,Paphiopedilum,lowii Lindl.,https://inaturalist-open-data.s3.amazonaws.com/photos/250702437/original.jpeg,GBIF,,,,,2025-11-09 09:10:27.416354
290868,Oberonia,minutissima,http://data.huh.harvard.edu/92eaff11-4b6d-4200-8511-627a4532318b/image,GBIF,,,,,2025-11-10 01:35:57.970088
9957,Dendrobium,bifalce,https://orphans.gbif.org/DE/85c8e444-f762-11e1-a439-00145eb45e9a/HBG-501552.jpg,GBIF,Papua New Guinea,,"Betche, E.",http://creativecommons.org/licenses/by-sa/4.0/,2025-10-20 19:37:52.989280
186230,Epidendrum,eximium,https://inaturalist-open-data.s3.amazonaws.com/photos/195706038/original.jpeg,GBIF,,,,,2025-11-08 23:46:08.389093
237279,Maxillaria,fulgens,https://inaturalist-open-data.s3.amazonaws.com/photos/444255142/original.jpeg,GBIF,,,,,2025-11-09 12:12:16.614505
287171,Caladenia,strigosa D.,https://inaturalist-open-data.s3.amazonaws.com/photos/572218153/original.jpg,GBIF,,,,,2025-11-10 00:34:46.717174
176423,Lepanthes,erythrocles,https://images.mobot.org/tropicosimages3/detailimages/Tropicos/235/AED158AB-7833-4117-8BCE-0EB60921B78A.jpg,GBIF,,,,,2025-11-08 21:21:04.759158
1218,Cypripedium,parviflorum Salisb.,https://inaturalist-open-data.s3.amazonaws.com/photos/507046714/original.jpg,GBIF,United States of America,,Levi smith,http://creativecommons.org/licenses/by-nc/4.0/,2025-10-19 11:18:59.413928
192230,Epidendrum,fruticosum,https://inaturalist-open-data.s3.amazonaws.com/photos/457599889/original.jpeg,GBIF,,,,,2025-11-09 01:09:56.813328
216763,Bulbophyllum,saltatorium,https://images.mobot.org/tropicosimages3/detailimages/TropicosImageVol3/100549000/6F018858-FD4B-4570-9263-FCBBA22E70E3.jpg,GBIF,,,,,2025-11-09 07:03:54.920210
189997,Epidendrum,stamfordianum,https://inaturalist-open-data.s3.amazonaws.com/photos/471103207/original.jpg,GBIF,,,,,2025-11-09 00:37:10.561013
286687,Oberonia,zeylanica,https://images.mobot.org/tropicosimages4/detailimages/TropicosImagesVol4/101207000/28B70E3A-3068-4B7D-A8E2-FF187992A42C.jpg,GBIF,,,,,2025-11-10 00:28:41.213236
257716,Caladenia,peisleyi D.,https://inaturalist-open-data.s3.amazonaws.com/photos/205059724/original.jpg,GBIF,,,,,2025-11-09 17:09:56.931056
177532,Rhipidoglossum,ovale,http://mediaphoto.mnhn.fr/media/1442482283414mMD6dA71ehIbXuSL,GBIF,,,,,2025-11-08 21:38:31.877632
251880,Chysis,bruennowiana,http://sweetgum.nybg.org/images3/3477/666/04027092.jpg,GBIF,,,,,2025-11-09 15:48:07.473223
4067,Bulbophyllum,species,https://inaturalist-open-data.s3.amazonaws.com/photos/466709170/original.jpeg,GBIF,New Zealand,,Joseph Knight,http://creativecommons.org/licenses/by-nc/4.0/,2025-10-19 13:58:45.290643
246131,Schoenorchis,vanoverberghii,https://d2jcv3kl45hlgi.cloudfront.net/cf6830c2efbf5c497a5811db04753ef6.jpg,GBIF,,,,,2025-11-09 14:22:21.989049
279401,Maxillaria,parvilabia,http://data.huh.harvard.edu/81cff86d-b506-4398-8188-c205cf93f6fb/image,GBIF,,,,,2025-11-09 22:28:23.897033
271846,Goodyera,rubicunda Blume,https://inaturalist-open-data.s3.amazonaws.com/photos/470210435/original.jpeg,GBIF,,,,,2025-11-09 22:21:01.620568
190605,Platystele,pedicellaris,https://inaturalist-open-data.s3.amazonaws.com/photos/396319344/original.jpeg,GBIF,,,,,2025-11-09 00:46:40.585216
235751,Govenia,matudae,https://inaturalist-open-data.s3.amazonaws.com/photos/340577854/large.jpg,iNaturalist,MX,,,,2025-11-09 11:22:46.388859
191251,Glomera,dekockii,https://medialib.naturalis.nl/file/id/L.1521061/format/large,GBIF,,,,,2025-11-09 00:55:40.118502
265388,Stanhopea,graveolens,https://inaturalist-open-data.s3.amazonaws.com/photos/327948134/original.jpg,GBIF,,,,,2025-11-09 18:56:54.785783
202827,Epidendrum,urbanianum,https://inaturalist-open-data.s3.amazonaws.com/photos/451622670/original.jpeg,GBIF,,,,,2025-11-09 03:47:19.680259
266762,Pleurothallis,chicalensis,https://inaturalist-open-data.s3.amazonaws.com/photos/65193315/original.jpeg,GBIF,,,,,2025-11-09 19:18:12.017370
285955,Serapias,lingua ssp.,https://inaturalist-open-data.s3.amazonaws.com/photos/492341848/original.jpeg,GBIF,,,,,2025-11-10 00:17:50.670170
174756,Danhatchia,copelandii,https://inaturalist-open-data.s3.amazonaws.com/photos/60531078/original.jpg,GBIF,,,,,2025-11-08 20:55:42.005983
187033,Coelogyne,remediosae,http://data.huh.harvard.edu/6967087c-b8be-4c84-84ab-0b1cc16fa3db/image,GBIF,,,,,2025-11-08 23:58:01.834255
216126,Vrydagzynea,schumanniana Kraenzl.,https://medialib.naturalis.nl/file/id/L0061219_MLN/format/large,GBIF,,,,,2025-11-09 06:54:15.691942
286476,Gastrochilus,formosanus,https://inaturalist-open-data.s3.amazonaws.com/photos/472646986/original.jpg,GBIF,,,,,2025-11-10 00:26:49.673530
175244,Eulophia,gonychila,https://inaturalist-open-data.s3.amazonaws.com/photos/244060016/original.jpeg,GBIF,,,,,2025-11-08 21:05:29.928058
180445,Anacamptis,pyramidalis L.,https://live.staticflickr.com/65535/53661974381_6f72c3f80f_b.jpg,GBIF,,,,,2025-11-08 22:19:52.602879
222508,Maxillaria,amplifoliata,https://inaturalist-open-data.s3.amazonaws.com/photos/330264515/original.jpg,GBIF,,,,,2025-11-09 08:29:42.604606
291238,Pinalia,formosana,https://inaturalist-open-data.s3.amazonaws.com/photos/491702204/original.jpg,GBIF,,,,,2025-11-10 01:40:45.279942
247703,Acianthera,serpentula,https://inaturalist-open-data.s3.amazonaws.com/photos/184721563/original.jpeg,GBIF,,,,,2025-11-09 14:44:33.732457
191469,Acriopsis,liliifolia,https://inaturalist-open-data.s3.amazonaws.com/photos/501467455/original.jpeg,GBIF,,,,,2025-11-09 00:57:55.282155
218820,Arachnis,x,https://d2jcv3kl45hlgi.cloudfront.net/f783612fbe451d11a080c94560874c86.jpg,GBIF,,,,,2025-11-09 07:33:23.659104
226151,Sertifera,purpurea,https://inaturalist-open-data.s3.amazonaws.com/photos/179114338/original.jpeg,GBIF,,,,,2025-11-09 09:11:15.631488
1660,Cypripedium,tibeticum King,https://inaturalist-open-data.s3.amazonaws.com/photos/201207603/original.jpg,GBIF,China,,danyang-,http://creativecommons.org/licenses/by-nc/4.0/,2025-10-19 11:20:00.293923
257400,Lepanthes,rotundata,http://sweetgum.nybg.org/images3/288/803/v-066-00058472-02.jpg,GBIF,,,,,2025-11-09 17:06:22.170173
286008,Bletia,greenwoodiana,https://inaturalist-open-data.s3.amazonaws.com/photos/418859886/original.jpg,GBIF,,,,,2025-11-10 00:18:14.706036
212548,Maxillaria,densa,https://inaturalist-open-data.s3.amazonaws.com/photos/352622975/original.jpeg,GBIF,,,,,2025-11-09 06:04:48.933392
215762,Thelyschista,ghillanyi,https://inaturalist-open-data.s3.amazonaws.com/photos/502883964/original.jpg,GBIF,,,,,2025-11-09 06:49:45.945850
291166,Epidendrum,laucheanum,https://inaturalist-open-data.s3.amazonaws.com/photos/464841827/original.jpeg,GBIF,,,,,2025-11-10 01:39:48.899209
259443,Masdevallia,wendlandiana,https://images.mobot.org/tropicosimages4/detailimages/TropicosImagesVol4/101209000/42595063-8D42-46A8-949A-23E2DDAB3D01.jpg,GBIF,,,,,2025-11-09 17:36:46.999177
212235,Caladenia,verrucosa G.,https://inaturalist-open-data.s3.amazonaws.com/photos/564527430/original.jpg,GBIF,,,,,2025-11-09 05:59:39.722957
144023,Selenipedium,chica Rchb.f.,https://cdn.floridamuseum.ufl.edu/Herbarium/fdf0d9de-e8a2-47d6-8972-b24060d6825b,GBIF,Ecuador,,Mario Blanco,http://creativecommons.org/licenses/by-nc/4.0/,2025-11-06 01:42:50.960519
10001,Bulbophyllum,careyanum,https://web.corral.tacc.utexas.edu/brit/BRIT/BRIT0472000/BRIT472886.jpg,GBIF,Viet Nam,,"L. Averyanov; N. T. Ban, A. Budantzev, L. Budantzev, N. T. Hiep, D. D. Huyen, P. K. Loc, G. Yakovlev",http://creativecommons.org/publicdomain/zero/1.0/,2025-10-20 19:39:00.850240
235856,Stichorkis,lobongensis,http://data.huh.harvard.edu/7f0209ed-711f-4652-92aa-7a3531ed877b/image,GBIF,,,,,2025-11-09 11:26:23.562839
176426,Galearis,cyclochila Franch.,https://inaturalist-open-data.s3.amazonaws.com/photos/180761858/original.jpg,GBIF,,,,,2025-11-08 21:21:20.645186
181232,Liparis,laurisilvatica,https://inaturalist-open-data.s3.amazonaws.com/photos/443154717/original.jpeg,GBIF,,,,,2025-11-08 22:32:49.074656
263553,Stenorrhynchos,glicensteinii Christenson,https://inaturalist-open-data.s3.amazonaws.com/photos/461489197/original.jpeg,GBIF,,,,,2025-11-09 18:29:25.074776
219495,Caladenia,hopperiana,https://inaturalist-open-data.s3.amazonaws.com/photos/575243883/original.jpg,GBIF,,,,,2025-11-09 07:43:12.080661
257719,Caladenia,peisleyi D.,https://inaturalist-open-data.s3.amazonaws.com/photos/205059785/original.jpg,GBIF,,,,,2025-11-09 17:09:56.942315
215989,Pterostylis,amabilis,https://inaturalist-open-data.s3.amazonaws.com/photos/464247946/original.jpeg,GBIF,,,,,2025-11-09 06:51:53.355362
200790,Caladenia,richardsiorum D.,https://inaturalist-open-data.s3.amazonaws.com/photos/556266107/original.jpg,GBIF,,,,,2025-11-09 03:18:07.453914
191391,Ophrys,x lithinensis,https://inaturalist-open-data.s3.amazonaws.com/photos/466822933/original.jpg,GBIF,,,,,2025-11-09 00:56:51.305213
290319,Crepidium,comans,http://sweetgum.nybg.org/images3/666/550/00009035.jpg,GBIF,,,,,2025-11-10 01:26:35.567398
184374,Hemipilia,cucullata L.,https://inaturalist-open-data.s3.amazonaws.com/photos/524287683/original.jpg,GBIF,,,,,2025-11-08 23:20:22.417642
257561,Rhipidoglossum,confusum,https://images.mobot.org/tropicosimages3/detailimages/TropicosImageVol3/100880000/C704A2EF-7C80-4CEF-9A7E-A7E3CA3D86A8.jpg,GBIF,,,,,2025-11-09 17:07:57.747640
224624,Eurystyles,auriculata,https://inaturalist-open-data.s3.amazonaws.com/photos/123592572/original.jpeg,GBIF,,,,,2025-11-09 09:01:01.756034
141663,Vanilla,arcuata Pansarin,https://inaturalist-open-data.s3.amazonaws.com/photos/507807285/original.jpg,GBIF,Brazil,,William G. Borges,http://creativecommons.org/licenses/by/4.0/,2025-11-06 01:30:02.568454
174026,Dendrobium,lindleyi,https://drive.google.com/uc?export=view&id=1ixZ3y_JwTqjNF_dgq6bpLUpMawjhZED-,Chris Howard Collection,,,,Private Collection,2025-11-08 07:15:27.583007
303891,Chrysoglossum,ornatum,https://inaturalist-open-data.s3.amazonaws.com/photos/266529717/original.jpg,GBIF,,,,,2025-11-10 04:47:07.473618
204317,Epidendrum,schweinfurthianum,https://inaturalist-open-data.s3.amazonaws.com/photos/102555011/original.jpg,GBIF,,,,,2025-11-09 04:05:42.358356
202322,Platanthera,superantha J.,"https://iiif.rbge.org.uk/herb/iiif/E01257487/full/1600,/0/default.jpg",GBIF,,,,,2025-11-09 03:38:29.161508
173312,Laelia,purpurata,https://drive.google.com/uc?export=view&id=14gSF_ui6mqINrvTGmKOBw_DZUMXrMF3M,Roberta Fox Collection,,,,Private Collection,2025-11-08 07:12:56.576303
210669,Notylia,nemorosa,https://media-service.nrm.se/images?dataset=fbo&id=large/S07-007001/S07-7875.jpg,GBIF,,,,,2025-11-09 05:37:03.790187
164600,Bulbophyllum,ellipticifolium,https://medialib.naturalis.nl/file/id/L.4163351/format/large,GBIF,Papua New Guinea,"Libano site, Libano River.",Hort Bot Leiden,http://creativecommons.org/publicdomain/zero/1.0/legalcode,2025-11-06 22:31:25.490070
259401,Dendrolirium,tomentosum,https://images.mobot.org/tropicosimages4/detailimages/TropicosImagesVol4/101107000/0BAE9E21-8B5C-4416-A262-569716149401.jpg,GBIF,,,,,2025-11-09 17:35:19.784106
251494,Jumellea,arachnantha,http://mediaphoto.mnhn.fr/media/1464696212007KKSmEEg3BrDQNqCl,GBIF,,,,,2025-11-09 15:42:50.243974
298794,Dendrobium,capituliflorum,https://media01.symbiota.org/media/storage/portals/seinet/arizona/DBG_KHD/KHD00025/KHD00025833_lg.jpg,GBIF,,,,,2025-11-10 03:29:54.748988
143870,Galeola,nudifolia Lour.,https://images.mobot.org/tropicosimages4/detailimages/TropicosImagesVol4/101172000/5775979A-58D0-4313-A961-059EB6835104.jpg,GBIF,Viet Nam,,L. V. Averyanov|Phan Ke Loc|D.T. Doan,http://creativecommons.org/licenses/by-nc-sa/3.0/,2025-11-06 01:41:41.880171
238265,Lepanthes,biloba,https://inaturalist-open-data.s3.amazonaws.com/photos/154088587/original.jpg,GBIF,,,,,2025-11-09 12:34:36.634626
186700,Bletia,spicata,https://inaturalist-open-data.s3.amazonaws.com/photos/500958470/original.jpg,GBIF,,,,,2025-11-08 23:53:32.019097
242529,Cynorkis,confusa H.,http://mediaphoto.mnhn.fr/media/1441306743576YHMlbMx9RdTiHeon,GBIF,,,,,2025-11-09 13:30:55.704400
190585,Dendrobium,scopa,https://d2seqvvyy3b8p2.cloudfront.net/c25e3ef52eed380bf19b161bcdb116c4.jpg,GBIF,,,,,2025-11-09 00:46:32.696257
182199,Epidendrum,tenuicaule,https://inaturalist-open-data.s3.amazonaws.com/photos/80520535/original.jpg,GBIF,,,,,2025-11-08 22:44:58.122583
275204,Dendrobium,subfalcatum,http://data.huh.harvard.edu/c6b713ca-c615-4fc5-b73d-82a94847fb51/image,GBIF,,,,,2025-11-09 22:24:32.229850
187778,Disa,remota H.,https://inaturalist-open-data.s3.amazonaws.com/photos/44506684/original.jpeg,GBIF,,,,,2025-11-09 00:08:43.916285
292813,Oreorchis,sanguinea,"https://iiif.rbge.org.uk/herb/iiif/E00027282/full/1600,/0/default.jpg",GBIF,,,,,2025-11-10 01:59:40.536233
264226,Brassavola,flagellaris,https://media-service.nrm.se/images?dataset=fbo&id=large/S17-013001/S17-13608.jpg,GBIF,,,,,2025-11-09 18:39:35.501200
299347,Pterostylis,trullifolia Hook.f.,https://inaturalist-open-data.s3.amazonaws.com/photos/497257941/original.jpeg,GBIF,,,,,2025-11-10 03:37:27.555011
174216,Satyrium,cristatum Sond.,https://inaturalist-open-data.s3.amazonaws.com/photos/478387429/original.jpg,GBIF,,,,,2025-11-08 20:47:33.245130
174593,Habenaria,muricata Schauer,http://mediaphoto.mnhn.fr/media/1441306793492GcgfDMXarPgVA7SJ,GBIF,,,,,2025-11-08 20:52:51.048661
273452,Brachycorythis,rhodostachys Schltr.,"https://iiif.rbge.org.uk/herb/iiif/E00193775/full/1600,/0/default.jpg",GBIF,,,,,2025-11-09 22:22:22.581521
298917,Thelymitra,antennifera Lindl.,https://inaturalist-open-data.s3.amazonaws.com/photos/560226428/original.jpg,GBIF,,,,,2025-11-10 03:31:14.281187
288004,Pleurothallis,vinealis,https://images.mobot.org/tropicosimages4/detailimages/TropicosImagesVol4/101286000/230C6C42-9A72-4F0D-B6EC-6E68DF0496EB.jpg,GBIF,,,,,2025-11-10 00:47:59.504306
144445,Cypripedium,candidum Muhl.,https://inaturalist-open-data.s3.amazonaws.com/photos/502566364/original.jpg,GBIF,United States of America,,Brandon Corder,http://creativecommons.org/licenses/by/4.0/,2025-11-06 01:44:53.544838
187544,Maxillaria,pendula,https://images.mobot.org/tropicosimages3/detailimages/TropicosImageVol3/100836000/7F99DE75-3462-4DBB-B73E-F8F3AA8CDC0F.jpg,GBIF,,,,,2025-11-09 00:05:03.081603
173858,Cattleya,forbesii,https://drive.google.com/uc?export=view&id=164YClGsyonYgZplm16pZnFYejz9DUZDc,Chris Howard Collection,,,,Private Collection,2025-11-08 07:14:55.953012
193336,Pterostylis,x furcillata,https://inaturalist-open-data.s3.amazonaws.com/photos/499129727/original.jpg,GBIF,,,,,2025-11-09 01:26:28.185688
185533,Habenaria,verdickii De,https://oxalis.br.fgov.be/images/BR0/000/006/578/299/BR0000006578299.jpg,GBIF,,,,,2025-11-08 23:35:18.493830
217468,Masdevallia,rubiginosa,https://inaturalist-open-data.s3.amazonaws.com/photos/465035558/original.jpeg,GBIF,,,,,2025-11-09 07:14:29.079719
258181,Disa,staerkeriana McMurtry,https://inaturalist-open-data.s3.amazonaws.com/photos/518202682/original.jpg,GBIF,,,,,2025-11-09 17:16:33.267189
210425,Polystachya,laurentii,https://images.mobot.org/tropicosimages4/detailimages/TropicosImagesVol4/101293000/70409077-280C-4DC7-B01D-ED5E9FDB0A7D.jpg,GBIF,,,,,2025-11-09 05:33:29.410753
202709,Dactylorhiza,x latirella,http://data.huh.harvard.edu/7d8eb02d-770d-4f30-960a-37d5ac7f4b40/image,GBIF,,,,,2025-11-09 03:45:52.655827
290769,Encyclia,altissima,https://inaturalist-open-data.s3.amazonaws.com/photos/459897323/original.jpg,GBIF,,,,,2025-11-10 01:33:59.772253
10744,Oncidium,leleui,https://inaturalist-open-data.s3.amazonaws.com/photos/387754063/original.jpg,GBIF,Mexico,,platitas,http://creativecommons.org/licenses/by-nc/4.0/,2025-10-21 07:31:46.123517
3602,Epidendrum,nocturnum,https://inaturalist-open-data.s3.amazonaws.com/photos/252461745/original.jpg,GBIF,United States of America,,lillybyrd,http://creativecommons.org/licenses/by-nc/4.0/,2025-10-19 13:56:57.310196
177878,Pleurothallis,cobriformis,https://images.mobot.org/tropicosimages4/detailimages/TropicosImagesVol4/101291000/B6BF4F6C-2332-4E4F-A029-3648A437F17C.jpg,GBIF,,,,,2025-11-08 21:42:53.016564
222690,Dendrobium,sarcophyllum,"https://iiif.rbge.org.uk/herb/iiif/E00394163/full/300,/0/default.jpg",GBIF,,,,,2025-11-09 08:31:40.958726
210198,Hemipilia,monantha,https://iiif.rbge.org.uk/herb/iiif/E00629879/manifest,GBIF,,,,,2025-11-09 05:29:31.299981
201481,Epidendrum,pentadactylum,https://inaturalist-open-data.s3.amazonaws.com/photos/245847533/original.jpeg,GBIF,,,,,2025-11-09 03:27:15.776750
189441,Masdevallia,garciae,https://medialib.naturalis.nl/file/id/L.1517823/format/large,GBIF,,,,,2025-11-09 00:28:42.047320
5482,Pleurothallis,liripipia,https://inaturalist-open-data.s3.amazonaws.com/photos/354062504/original.jpeg,GBIF,Ecuador,,Nolan Exe,http://creativecommons.org/licenses/by/4.0/,2025-10-19 14:02:52.904184
168593,Gavilea,glandulifera Poepp.,https://inaturalist-open-data.s3.amazonaws.com/photos/461750124/original.jpg,GBIF,Argentina,,Gabriel Celedon,,2025-11-07 16:37:02.597648
148621,Disperis,neilgherrensis Wight,https://inaturalist-open-data.s3.amazonaws.com/photos/537505607/original.jpg,GBIF,India,,kaushik PM,http://creativecommons.org/licenses/by-nc/4.0/,2025-11-06 02:18:56.505778
294024,Prosthechea,ghiesbreghtiana,https://inaturalist-open-data.s3.amazonaws.com/photos/267918176/original.jpeg,GBIF,,,,,2025-11-10 02:19:23.604665
251644,Lepanthes,helicocephala,https://images.mobot.org/tropicosimages4/detailimages/TropicosImagesVol4/101199000/49C44B0C-6CCA-4830-861E-60FE06719753.jpg,GBIF,,,,,2025-11-09 15:45:04.721111
207822,Cynorkis,ambondrombensis Boiteau,http://mediaphoto.mnhn.fr/media/144248552492640LImciRnRpW3FJO,GBIF,,,,,2025-11-09 04:52:38.762920
259140,Caladenia,dimorpha Fitzg.,https://inaturalist-open-data.s3.amazonaws.com/photos/564521703/original.jpg,GBIF,,,,,2025-11-09 17:32:47.824547
234104,Cranichis,apiculata Lindl.,https://inaturalist-open-data.s3.amazonaws.com/photos/4362773/original.jpeg,GBIF,,,,,2025-11-09 10:58:27.332132
247337,Maxillaria,paleata,https://inaturalist-open-data.s3.amazonaws.com/photos/534368777/original.jpg,GBIF,,,,,2025-11-09 14:39:56.113197
247543,Lepanthes,turialvae,http://sweetgum.nybg.org/images3/3546/842/04098291.jpg,GBIF,,,,,2025-11-09 14:43:06.431706
288402,Stelis,guianensis,https://images.mobot.org/tropicosimages4/detailimages/TropicosImagesVol4/101075000/6A29C51C-519B-4BB0-A872-1EFC84AED4F7.jpg,GBIF,,,,,2025-11-10 00:55:00.195538
213056,Pinalia,lyonii,http://data.huh.harvard.edu/486197ae-640c-4b8b-a87d-10bee58b4f57/image,GBIF,,,,,2025-11-09 06:14:11.591418
243862,Thrixspermum,complanatum,https://medialib.naturalis.nl/file/id/L.1540318/format/large,GBIF,,,,,2025-11-09 13:51:24.823457
9650,Cattleya,luteola,https://inaturalist-open-data.s3.amazonaws.com/photos/56363968/original.jpg,GBIF,Peru,,Paul Donahue,http://creativecommons.org/licenses/by-nc/4.0/,2025-10-20 02:55:57.129697
175270,Lepanthes,paivaeana,https://images.mobot.org/tropicosimages3/detailimages/TropicosImageVol3/100512000/8FCA2E9C-E84F-49F5-8377-6A3876C4EA39.jpg,GBIF,,,,,2025-11-08 21:06:00.987984
166472,Coelogyne,endertii,https://medialib.naturalis.nl/file/id/L.1500781/format/large,GBIF,Indonesia,,,,2025-11-07 03:48:58.918832
206775,Platanthera,x bicolor,https://inaturalist-open-data.s3.amazonaws.com/photos/410850436/original.jpeg,GBIF,,,,,2025-11-09 04:37:27.441238
196801,Encyclia,x,https://inaturalist-open-data.s3.amazonaws.com/photos/9938403/original.jpg,GBIF,,,,,2025-11-09 02:16:25.709108
215794,Laelia,autumnalis,https://inaturalist-open-data.s3.amazonaws.com/photos/470297689/original.jpg,GBIF,,,,,2025-11-09 06:50:17.332812
258666,Aerides,multiflora,https://inaturalist-open-data.s3.amazonaws.com/photos/275786374/original.jpeg,GBIF,,,,,2025-11-09 17:23:25.305815
180441,Anacamptis,pyramidalis L.,https://inaturalist-open-data.s3.amazonaws.com/photos/374973064/original.jpg,GBIF,,,,,2025-11-08 22:19:52.581653
556,Cleistes,Rich.,https://inaturalist-open-data.s3.amazonaws.com/photos/564626993/original.jpg,GBIF,Panama,,J.R. Kuethe,http://creativecommons.org/licenses/by-nc/4.0/,2025-10-19 08:38:18.329517
260089,Octomeria,steyermarkii,http://sweetgum.nybg.org/images3/666/620/00009112.jpg,GBIF,,,,,2025-11-09 17:45:14.202759
195489,Epidendrum,mixtecanum,https://quod.lib.umich.edu/cgi/i/image/api/image/herb00ic:1649924:MICH-V-1649924/full/res:0/0/native.jpg,GBIF,,,,,2025-11-09 01:56:44.908503
183044,Dracomonticola,virginea Bolus,https://inaturalist-open-data.s3.amazonaws.com/photos/365204373/original.jpg,GBIF,,,,,2025-11-08 22:59:14.441346
174057,Dendrobium,ochreatum,https://drive.google.com/uc?export=view&id=1EbPloK5Un7w8yMNU4gDx8etrw2kLqRHI,Chris Howard Collection,,,,Private Collection,2025-11-08 07:15:36.570655
297816,Bulbophyllum,lemuraeoides,http://mediaphoto.mnhn.fr/media/1492612475286Gyge9CVRm5KSiufy,GBIF,,,,,2025-11-10 03:16:48.375403
174388,Kefersteinia,lafontainei,https://inaturalist-open-data.s3.amazonaws.com/photos/122077509/original.jpeg,GBIF,,,,,2025-11-08 20:49:03.675110
249035,Platanthera,guatemalensis Schltr.,https://inaturalist-open-data.s3.amazonaws.com/photos/532674640/original.jpg,GBIF,,,,,2025-11-09 15:07:33.288863
186162,Stelis,aurea,https://inaturalist-open-data.s3.amazonaws.com/photos/175744303/original.jpeg,GBIF,,,,,2025-11-08 23:44:33.254641
223677,Habenaria,diplonema Schltr.,http://mediaphoto.mnhn.fr/media/1442610230394tjpGzmEkOGm0Ddow,GBIF,,,,,2025-11-09 08:45:58.147659
297621,Encyclia,duveenii,https://d2jcv3kl45hlgi.cloudfront.net/5f16d6bb824e708c05d024dc7218435d.jpg,GBIF,,,,,2025-11-10 03:14:41.545485
4524,Cymbidium,goeringii,https://inaturalist-open-data.s3.amazonaws.com/photos/483814548/original.jpeg,GBIF,Japan,,mami_t_t,http://creativecommons.org/licenses/by/4.0/,2025-10-19 13:59:14.469672
279783,Nephelaphyllum,tenuiflorum,https://medialib.naturalis.nl/file/id/L.4173016/format/large,GBIF,,,,,2025-11-09 22:33:32.515759
164694,Cleistes,huberi Carnevali,http://sweetgum.nybg.org/images3/3477/721/04027152.jpg,GBIF,Venezuela (Bolivarian Republic of),,,,2025-11-07 01:49:02.146897
261976,Diaphananthe,vesicata,https://images.mobot.org/tropicosimages3/detailimages/TropicosImages2/100300000/43913422-8DB1-44BE-A700-9C8AC69F25A5.jpg,GBIF,,,,,2025-11-09 18:07:52.489705
166583,Bulbophyllum,masonii,https://medialib.naturalis.nl/file/id/L.1484714/format/large,GBIF,Papua New Guinea,,,,2025-11-07 04:22:54.514950
222626,Hetaeria,oblongifolia Blume,https://inaturalist-open-data.s3.amazonaws.com/photos/438112439/original.jpg,GBIF,,,,,2025-11-09 08:30:54.474488
184646,Nigritella,corneliana Beauverd,https://inaturalist-open-data.s3.amazonaws.com/photos/520646543/original.jpg,GBIF,,,,,2025-11-08 23:23:48.679873
292872,Dendrobium,obcordatum,http://data.huh.harvard.edu/c57ac1bd-4abc-48cf-a747-0512dfbfd491/image,GBIF,,,,,2025-11-10 02:00:28.652212
200955,Crepidium,resupinatum,http://bry.byu.edu/Herbarium/imgbry/00/0024/BRYV0024674_lg.jpg,GBIF,,,,,2025-11-09 03:20:38.790643
220077,Disperis,cordata Sw.,https://inaturalist-open-data.s3.amazonaws.com/photos/460119364/original.jpg,GBIF,,,,,2025-11-09 07:50:04.543375
256470,Aulosepalum,ramentaceum,https://data.nhm.ac.uk/media/98f09e7a-ffb2-4c3e-b400-e4486e4b422e,GBIF,,,,,2025-11-09 16:54:35.446544
8023,Phalaenopsis,,https://inaturalist-open-data.s3.amazonaws.com/photos/298812941/original.jpeg,GBIF,India,,Jyotsna Nag,http://creativecommons.org/licenses/by/4.0/,2025-10-20 01:55:36.257621
245776,Prosthechea,aemula,https://inaturalist-open-data.s3.amazonaws.com/photos/481951999/original.jpg,GBIF,,,,,2025-11-09 14:17:19.676329
243699,Schizochilus,lilacinus Schelpe,https://inaturalist-open-data.s3.amazonaws.com/photos/375685881/original.jpeg,GBIF,,,,,2025-11-09 13:49:41.749425
195014,Burnettia,cuneata Lindl.,https://inaturalist-open-data.s3.amazonaws.com/photos/5558083/original.jpg,GBIF,,,,,2025-11-09 01:48:17.286238
223103,Epidendrum,beharorum,https://media01.symbiota.org/media/guatemala/UVG_UVAL/UVAL022/WhatsApp_Image_2022-12-12_at_1_1670875071.jpeg,GBIF,,,,,2025-11-09 08:38:02.221143
285411,Pescatoria,whitei,https://d2jcv3kl45hlgi.cloudfront.net/45b2fd42518550b9bcdbe4d67ca20066.jpg,GBIF,,,,,2025-11-10 00:11:12.922289
296157,Pterostylis,scabrida Lindl.,https://inaturalist-open-data.s3.amazonaws.com/photos/456061245/original.jpeg,GBIF,,,,,2025-11-10 02:52:03.447025
4387,Cymbidium,goeringii,https://inaturalist-open-data.s3.amazonaws.com/photos/475223548/original.jpeg,GBIF,China,,李博恒,http://creativecommons.org/licenses/by-nc/4.0/,2025-10-19 13:59:14.469672
277235,Dendrobium,aridum,https://medialib.naturalis.nl/file/id/L0059355_MLN/format/large,GBIF,,,,,2025-11-09 22:26:29.094959
282558,Blepharoglossum,pallidum,https://medialib.naturalis.nl/file/id/L.1522386/format/large,GBIF,,,,,2025-11-09 23:47:12.807041
210208,Hemipilia,monantha,"https://iiif.rbge.org.uk/herb/iiif/E00629880/full/300,/0/default.jpg",GBIF,,,,,2025-11-09 05:29:31.356761
287332,Habenaria,ensifolia Lindl.,"https://iiif.rbge.org.uk/herb/iiif/E01246373/full/300,/0/default.jpg",GBIF,,,,,2025-11-10 00:36:06.113524
261796,Gongora,superflua,https://cdn.floridamuseum.ufl.edu/Herbarium/9dafcda9-ebda-4022-b3b5-9ca8da94ddbc,GBIF,,,,,2025-11-09 18:04:25.980632
4442,Cymbidium,goeringii,https://inaturalist-open-data.s3.amazonaws.com/photos/476449220/original.jpeg,GBIF,China,,李博恒,http://creativecommons.org/licenses/by-nc/4.0/,2025-10-19 13:59:14.469672
289313,Telipogon,suarezii,https://inaturalist-open-data.s3.amazonaws.com/photos/377478777/original.jpg,GBIF,,,,,2025-11-10 01:10:59.461621
257587,Microtis,eremaea R.,https://inaturalist-open-data.s3.amazonaws.com/photos/445047840/original.jpeg,GBIF,,,,,2025-11-09 17:08:05.023942
290844,Habenaria,malaisseana Geerinck,https://oxalis.br.fgov.be/images/BR0/000/013/684/600/BR0000013684600.jpg,GBIF,,,,,2025-11-10 01:35:03.223681
204545,Hemipilia,flabellata Bureau,https://live.staticflickr.com/841/29185471128_e04d625e3b_b.jpg,GBIF,,,,,2025-11-09 04:09:33.397748
192937,Disa,roseovittata,https://inaturalist-open-data.s3.amazonaws.com/photos/469289661/original.jpeg,GBIF,,,,,2025-11-09 01:20:47.910010
257929,Paphinia,neudeckeri,https://inaturalist-open-data.s3.amazonaws.com/photos/110521089/original.jpeg,GBIF,,,,,2025-11-09 17:13:06.817019
252578,Epidendrum,mantis-religiosae,http://data.huh.harvard.edu/d5707330-a496-4924-a14a-b1f5026e58aa/image,GBIF,,,,,2025-11-09 15:58:33.928758
243060,Lepanthes,hondurensis,http://data.huh.harvard.edu/4673a7f9-0246-48c5-ab56-c0dac3eb1f5d/image,GBIF,,,,,2025-11-09 13:40:22.056512
149204,Disperis,virginalis Schltr.,https://inaturalist-open-data.s3.amazonaws.com/photos/19230932/original.jpg,GBIF,South Africa,,Charles Hopkins,http://creativecommons.org/licenses/by-nc/4.0/,2025-11-06 02:23:23.338915
257640,Caladenia,uliginosa ssp.,https://inaturalist-open-data.s3.amazonaws.com/photos/327389558/original.jpg,GBIF,,,,,2025-11-09 17:08:45.949188
289811,Habenaria,elongata R.,https://d2jcv3kl45hlgi.cloudfront.net/c5958e1afe3a843d4f57415f82e14011.jpg,GBIF,,,,,2025-11-10 01:18:23.606727
171674,Tainia,trinervis,https://medialib.naturalis.nl/file/id/L.1526405/format/large,GBIF,Papua New Guinea,,Dockrill AW; Apo; Umbas,,2025-11-07 17:48:30.582684
220512,Bulbophyllum,lissogaster,https://iiif.rbge.org.uk/herb/iiif/E00033062/manifest,GBIF,,,,,2025-11-09 07:56:00.401843
200347,Diaphananthe,gabonensis,https://images.mobot.org/tropicosimages3/detailimages/TropicosImageVol3/100596000/F85624D5-C807-4821-AA14-E153F187FEDC.jpg,GBIF,,,,,2025-11-09 03:12:57.940318
245921,Gomphichis,adnata Schltr.,https://images.mobot.org/tropicosimages4/detailimages/TropicosImagesVol4/101162000/F789967A-7706-4E29-A4A0-86088FC6F0AF.jpg,GBIF,,,,,2025-11-09 14:19:34.946723
301752,Satyrium,schimperi Hochst.,https://medialib.naturalis.nl/file/id/WAG.1140406/format/large,GBIF,,,,,2025-11-10 04:13:01.253559
298727,Paphiopedilum,javanicum Reinw.,https://inaturalist-open-data.s3.amazonaws.com/photos/115751383/original.jpg,GBIF,,,,,2025-11-10 03:28:28.052253
192194,Catasetum,uncatum,https://d2jcv3kl45hlgi.cloudfront.net/aae9fc8d1c1898cbbae7b6081623ca3d.jpg,GBIF,,,,,2025-11-09 01:09:33.341127
280234,Cyrtochilum,dipterum,https://inaturalist-open-data.s3.amazonaws.com/photos/472313544/original.jpeg,GBIF,,,,,2025-11-09 22:40:09.158356
221445,Epidendrum,dendrobii,https://cdn.floridamuseum.ufl.edu/Herbarium/75a0c6cd-0e08-4022-bdf5-691a27caa7d9,GBIF,,,,,2025-11-09 08:11:43.805087
1530,Cypripedium,reginae Walt.,https://inaturalist-open-data.s3.amazonaws.com/photos/512157425/original.jpg,GBIF,United States of America,,Iris V. Copen,http://creativecommons.org/licenses/by-nc/4.0/,2025-10-19 11:19:36.731505
216844,Angraecum,urschianum,https://inaturalist-open-data.s3.amazonaws.com/photos/454844149/original.png,GBIF,,,,,2025-11-09 07:05:21.503689
304977,Dendrobium,macropus,https://inaturalist-open-data.s3.amazonaws.com/photos/441931721/original.jpeg,GBIF,,,,,2025-11-10 05:05:31.113234
206455,Scaphyglottis,sigmoidea,https://inaturalist-open-data.s3.amazonaws.com/photos/178206563/original.jpg,GBIF,,,,,2025-11-09 04:34:17.066128
5494,Pleurothallis,liripipia,https://inaturalist-open-data.s3.amazonaws.com/photos/437289516/original.jpeg,GBIF,Ecuador,,pierrebonmariage,http://creativecommons.org/licenses/by-nc/4.0/,2025-10-19 14:02:52.904184
174046,Dendrobium,nemorale,https://drive.google.com/uc?export=view&id=1LFwXGKZWhg_CH0M35sJiZV_csqzIFPNE,Chris Howard Collection,,,,Private Collection,2025-11-08 07:15:36.570655
253549,Epidendrum,parkinsonianum,https://inaturalist-open-data.s3.amazonaws.com/photos/521669496/original.jpg,GBIF,,,,,2025-11-09 16:13:21.880067
168970,Dryadella,odontostele,https://images.mobot.org/tropicosimages4/detailimages/TropicosImagesVol4/101066000/8D41ACF3-D7F9-489B-8F25-2F7F03ACEECC.jpg,GBIF,Panama,,James P. Folsom|Robert L. Dressler|Dr. Raul,,2025-11-07 16:39:01.844874
215533,Platanthera,cristata Michx.,https://inaturalist-open-data.s3.amazonaws.com/photos/538273651/original.jpg,GBIF,,,,,2025-11-09 06:46:03.586971
280562,Eriochilus,valens Hopper,https://inaturalist-open-data.s3.amazonaws.com/photos/514556511/original.jpg,GBIF,,,,,2025-11-09 22:48:12.348929
261257,Disa,flexuosa L.,https://inaturalist-open-data.s3.amazonaws.com/photos/566412125/original.jpg,GBIF,,,,,2025-11-09 17:59:32.515518
4124,Bulbophyllum,species,https://inaturalist-open-data.s3.amazonaws.com/photos/493659988/original.jpg,GBIF,Madagascar,,Peter Zschunke,http://creativecommons.org/licenses/by-nc/4.0/,2025-10-19 13:58:45.290643
173165,Cattleya,schilleriana,https://drive.google.com/uc?export=view&id=1Z0uFDC6evlNpOUKg6oIqJgAXmNC-NTe1,Roberta Fox Collection,,,,Private Collection,2025-11-08 07:12:22.857945
7335,Oncidium,sphacelatum,https://inaturalist-open-data.s3.amazonaws.com/photos/272227893/original.jpeg,GBIF,Mexico,,Victor De la Cruz,http://creativecommons.org/licenses/by/4.0/,2025-10-20 01:45:05.419973
183928,Pabstiella,uniflora,http://jbrj-public-img.s3-sa-east-1.amazonaws.com/JPG/rb/0/25/91/17/00259117.jpg,GBIF,,,,,2025-11-08 23:11:47.304616
234227,Cynorkis,henrici Schltr.,https://images.mobot.org/tropicosimages4/detailimages/TropicosImagesVol4/101079000/CD272B0A-8151-40A6-B694-95CCC839210A.jpg,GBIF,,,,,2025-11-09 10:58:41.158919
214163,Paphiopedilum,venustum Wall.,https://d2seqvvyy3b8p2.cloudfront.net/4412fb6f928273ab77df769bf121e316.jpg,GBIF,,,,,2025-11-09 06:30:19.694165
278700,Pterostylis,frenchii D.,https://inaturalist-open-data.s3.amazonaws.com/photos/349618221/original.jpeg,GBIF,,,,,2025-11-09 22:27:22.979400
187747,Pterostylis,arfakensis,https://iiif.rbge.org.uk/herb/iiif/E00250696/manifest,GBIF,,,,,2025-11-09 00:08:21.348690
259548,Mediocalcar,agathodaemonis,http://repo.rbge.org.uk/image_server.php?kind=1500&path_base64=L2l0ZW1faW1hZ2VzL2FjY2Vzc2lvbnMvMjAvMDQvMTEvMDcvUGhvdG9fNTEwYmQ5MGE5OWFmMC5qcGc=,GBIF,,,,,2025-11-09 17:38:05.929251
4439,Cymbidium,goeringii,https://inaturalist-open-data.s3.amazonaws.com/photos/476444396/original.jpeg,GBIF,China,,李博恒,http://creativecommons.org/licenses/by-nc/4.0/,2025-10-19 13:59:14.469672
205112,Acineta,sulcata,https://inaturalist-open-data.s3.amazonaws.com/photos/476268911/original.jpeg,GBIF,,,,,2025-11-09 04:15:31.050307
186440,Cymbidium,tigrinum,https://d2jcv3kl45hlgi.cloudfront.net/d689305cca9b0532be71ab14706ed8dc.jpg,GBIF,,,,,2025-11-08 23:49:49.795066
193911,Malaxis,elliptica,https://inaturalist-open-data.s3.amazonaws.com/photos/152367313/original.jpg,GBIF,,,,,2025-11-09 01:33:29.471164
287630,Stelis,bifalcis,http://data.huh.harvard.edu/6d544534-ed2f-4653-a3e8-ee9610a46407/image,GBIF,,,,,2025-11-10 00:41:14.792740
265613,Cyrtochilum,melanthes,https://wis.botany.wisc.edu/WIS/Magnoliidae2020-02b/v0395305WIS.JPG,GBIF,,,,,2025-11-09 18:59:56.900974
231742,Pleurothallis,loranthophylla,https://inaturalist-open-data.s3.amazonaws.com/photos/519113165/original.jpg,GBIF,,,,,2025-11-09 10:56:24.618589
202845,Scaphyglottis,acostae,https://images.mobot.org/tropicosimages4/detailimages/TropicosImagesVol4/101094000/8F4DAA78-4DAF-4F31-BB2A-CBB6037D4CEA.jpg,GBIF,,,,,2025-11-09 03:47:44.469654
285101,Corycium,dracomontanum,https://inaturalist-open-data.s3.amazonaws.com/photos/468868241/original.jpg,GBIF,,,,,2025-11-10 00:05:55.796219
262097,Pseuderia,ledermannii,https://d2jcv3kl45hlgi.cloudfront.net/5479545e7d37d9e3b53b0b574e77e9ca.jpg,GBIF,,,,,2025-11-09 18:09:50.957852
233799,Habenaria,transvaalensis Schltr.,https://inaturalist-open-data.s3.amazonaws.com/photos/364103406/original.jpeg,GBIF,,,,,2025-11-09 10:58:11.363498
202144,Corybas,dienemus D.,https://inaturalist-open-data.s3.amazonaws.com/photos/578244561/original.jpg,GBIF,,,,,2025-11-09 03:35:27.580304
248082,Chloraea,barbata Lindl.,https://inaturalist-open-data.s3.amazonaws.com/photos/350403921/original.jpeg,GBIF,,,,,2025-11-09 14:51:25.733327
263456,Peristylus,secundus Lindl.,https://d2jcv3kl45hlgi.cloudfront.net/deb5c0a9c56b0873ee6d88c6b10051bb.jpg,GBIF,,,,,2025-11-09 18:27:33.701894
236084,Bulbophyllum,amoenum,https://inaturalist-open-data.s3.amazonaws.com/photos/5677314/original.jpg,GBIF,,,,,2025-11-09 11:30:05.124734
219764,Orchis,x angusticruris,http://mediaphoto.mnhn.fr/media/1513588598794CMggyVUjmyqv1L82,GBIF,,,,,2025-11-09 07:46:14.348974
194633,Cymbidium,finlaysonianum,https://inaturalist-open-data.s3.amazonaws.com/photos/474503733/original.jpg,GBIF,,,,,2025-11-09 01:41:49.273788
232914,Caladenia,ampla D.,https://inaturalist-open-data.s3.amazonaws.com/photos/570522130/original.jpg,GBIF,,,,,2025-11-09 10:57:21.981793
182147,Stelis,sagittata,http://was.tacc.utexas.edu/fileget?coll=TEX-LL&type=O&filename=sp66924715840198342321.att.jpg,GBIF,,,,,2025-11-08 22:44:35.107415
182847,Maxillaria,longissima,https://inaturalist-open-data.s3.amazonaws.com/photos/468892756/original.jpeg,GBIF,,,,,2025-11-08 22:55:16.656909
205644,Pleurothallis,palliolata,https://inaturalist-open-data.s3.amazonaws.com/photos/338381321/original.jpeg,GBIF,,,,,2025-11-09 04:21:12.292978
202970,Angraecum,caulescens,http://mediaphoto.mnhn.fr/media/1441306892578Ay7E2kdfXZC7tDlw,GBIF,,,,,2025-11-09 03:49:27.287351
237675,Elleanthus,caricoides,https://inaturalist-open-data.s3.amazonaws.com/photos/492854026/original.jpeg,GBIF,,,,,2025-11-09 12:21:15.088155
211941,Dactylorhiza,x wiefelspuetziana,https://live.staticflickr.com/65535/52925754524_48339b477a_b.jpg,GBIF,,,,,2025-11-09 05:55:10.273378
143740,Galeola,faberi Rolfe,https://inaturalist-open-data.s3.amazonaws.com/photos/347254301/original.jpg,GBIF,Viet Nam,,Andrey Bragin,http://creativecommons.org/licenses/by-nc/4.0/,2025-11-06 01:40:52.985033
293053,Sobralia,fenzliana,https://inaturalist-open-data.s3.amazonaws.com/photos/478331044/original.jpg,GBIF,,,,,2025-11-10 02:02:59.357204
176630,Gastrodia,cunninghamii,https://inaturalist-open-data.s3.amazonaws.com/photos/462085442/original.jpeg,GBIF,,,,,2025-11-08 21:23:59.457715
275323,Cynorkis,flabellifera H.,https://d2seqvvyy3b8p2.cloudfront.net/90a0de9caeec95d8ec85bbb5dc5703d3.jpg,GBIF,,,,,2025-11-09 22:24:48.982329
234001,Maxillaria,hastulata,https://images.mobot.org/tropicosimages5/detailimages/TropicosImagesVol5/101464000/814DB873-F7EF-4FF4-A1EA-AA09FC599969.jpg,GBIF,,,,,2025-11-09 10:58:24.293319
5481,Pleurothallis,liripipia,https://inaturalist-open-data.s3.amazonaws.com/photos/352978002/original.jpeg,GBIF,Mexico,,Adolfo Diaz,http://creativecommons.org/licenses/by-nc/4.0/,2025-10-19 14:02:52.904184
6155,Vanda,perplexa,https://medialib.naturalis.nl/file/id/L.2069755/format/large,GBIF,Indonesia,,Reinwardt CGC,http://creativecommons.org/publicdomain/zero/1.0/,2025-10-20 01:14:02.236141
285531,Cypripedium,cordigerum D.,https://inaturalist-open-data.s3.amazonaws.com/photos/111936000/original.jpeg,GBIF,,,,,2025-11-10 00:11:52.718887
235038,Ophrys,sicula Tineo,https://static.inaturalist.org/photos/589407155/large.jpg,iNaturalist,Israel,,,,2025-11-09 11:09:47.778919
297965,Barkeria,scandens,https://inaturalist-open-data.s3.amazonaws.com/photos/164277589/original.jpg,GBIF,,,,,2025-11-10 03:18:32.657747
288598,Aganisia,cyanea,https://inaturalist-open-data.s3.amazonaws.com/photos/309737564/original.jpeg,GBIF,,,,,2025-11-10 01:00:25.432992
209050,Caladenia,pachychila Hopper,https://inaturalist-open-data.s3.amazonaws.com/photos/427426787/original.jpeg,GBIF,,,,,2025-11-09 05:12:29.433804
152638,Disa,harveyana ssp.,https://inaturalist-open-data.s3.amazonaws.com/photos/462125273/original.jpeg,GBIF,South Africa,,biogeek,http://creativecommons.org/licenses/by/4.0/,2025-11-06 02:38:03.186450
274634,Oberonia,vieillardii,https://images.mobot.org/tropicosimages4/detailimages/TropicosImagesVol4/101200000/236A9F68-5D2B-4150-A951-94F2DC0D8055.jpg,GBIF,,,,,2025-11-09 22:23:47.813755
271309,Pecteilis,triflora,https://oxalis.br.fgov.be/images/BR0/000/033/199/832/BR0000033199832.jpg,GBIF,,,,,2025-11-09 22:20:33.182148
201320,Trichoglottis,biglandulosa,https://medialib.naturalis.nl/file/id/L.1494900/format/large,GBIF,,,,,2025-11-09 03:24:04.897103
242475,Kefersteinia,lojae,http://fm-digital-assets.fieldmuseum.org/1634/108/V0433701F.jpg,GBIF,,,,,2025-11-09 13:30:08.396518
304133,Vanda,celebica,http://data.huh.harvard.edu/bfa9712f-5ac5-4bdf-9548-e890cbe7e5c0/image,GBIF,,,,,2025-11-10 04:51:13.800059
203268,Pleione,hookeriana,https://inaturalist-open-data.s3.amazonaws.com/photos/466052371/original.jpeg,GBIF,,,,,2025-11-09 03:52:29.571973
200718,Orchis,x hybrida,https://inaturalist-open-data.s3.amazonaws.com/photos/491104732/original.jpeg,GBIF,,,,,2025-11-09 03:17:28.494204
204792,Eulophia,ramosa,https://inaturalist-open-data.s3.amazonaws.com/photos/58513808/original.jpeg,GBIF,,,,,2025-11-09 04:11:56.809087
185393,Platanthera,ussuriensis Regel,https://inaturalist-open-data.s3.amazonaws.com/photos/485026981/original.jpeg,GBIF,,,,,2025-11-08 23:33:11.679335
276035,Cattleya,bicalhoi,https://d2jcv3kl45hlgi.cloudfront.net/05feb2ab6c66dd43d91156669676c755.jpg,GBIF,,,,,2025-11-09 22:25:26.973645
208469,Ponthieva,racemosa Walt.,https://inaturalist-open-data.s3.amazonaws.com/photos/463616852/original.jpg,GBIF,,,,,2025-11-09 05:02:50.383918
237216,Crepidium,insulare,http://data.huh.harvard.edu/7b5da0e5-1f46-4359-87fa-8f013f078b14/image,GBIF,,,,,2025-11-09 12:10:09.564035
143419,Vanilla,seretii De,https://images.mobot.org/tropicosimages4/detailimages/TropicosImagesVol4/101061000/168E695E-10A1-4C08-9D11-1FACD67F8C9B.jpg,GBIF,"Congo, Democratic Republic of the",,C.E.N. Ewango|J.K. Kahindo|al.,http://creativecommons.org/licenses/by-nc-sa/3.0/,2025-11-06 01:38:52.981458
169938,Bulbophyllum,oxychilum,http://sweetgum.nybg.org/images3/3475/779/03998757.jpg,GBIF,Gabon,,J. M. Reitsma,,2025-11-07 16:42:23.455070
302728,Cranichis,muscosa Sw.,https://inaturalist-open-data.s3.amazonaws.com/photos/463165026/original.jpeg,GBIF,,,,,2025-11-10 04:26:30.866017
202622,Coelogyne,aborta,https://oxalis.br.fgov.be/images/BR0/000/025/224/672/BR0000025224672.jpg,GBIF,,,,,2025-11-09 03:44:17.304299
244997,Phalaenopsis,mariae,http://data.huh.harvard.edu/ed64c090-c245-42d8-8d67-1fada188693a/image,GBIF,,,,,2025-11-09 14:08:04.207847
292598,Epidendrum,oaxacanum,http://data.huh.harvard.edu/e818b291-e35b-4c5b-bff7-d7af4a3e1952/image,GBIF,,,,,2025-11-10 01:56:22.555062
178478,Hetaeria,occidentalis Summerh.,https://d2seqvvyy3b8p2.cloudfront.net/26fd659fb7e559587ecc368db69555f7.jpg,GBIF,,,,,2025-11-08 21:52:15.884601
222321,Stelis,emarginata,https://inaturalist-open-data.s3.amazonaws.com/photos/67955937/original.jpeg,GBIF,,,,,2025-11-09 08:25:53.266297
261849,Angraecum,subcordatum,http://mediaphoto.mnhn.fr/media/1441308647623EEXK2dfzqeqiYDfn,GBIF,,,,,2025-11-09 18:05:29.441691
211883,Bulbophyllum,occultum,https://inaturalist-open-data.s3.amazonaws.com/photos/245494505/original.jpeg,GBIF,,,,,2025-11-09 05:54:46.760761
291168,Epidendrum,laucheanum,https://inaturalist-open-data.s3.amazonaws.com/photos/561464825/original.jpg,GBIF,,,,,2025-11-10 01:39:48.908351
289755,Phragmipedium,caudatum Lindl.,https://inaturalist-open-data.s3.amazonaws.com/photos/465964861/original.jpeg,GBIF,,,,,2025-11-10 01:18:07.636884
5291,Oncidium,altissimum,https://inaturalist-open-data.s3.amazonaws.com/photos/276869076/original.jpg,GBIF,Puerto Rico,,eridromanrosario,http://creativecommons.org/licenses/by-nc/4.0/,2025-10-19 14:02:51.560794
243633,Eulophia,tricristata,https://inaturalist-open-data.s3.amazonaws.com/photos/456062777/original.jpg,GBIF,,,,,2025-11-09 13:48:46.384360
204902,Cynorkis,graminea Thouars,https://inaturalist-open-data.s3.amazonaws.com/photos/172376366/original.jpeg,GBIF,,,,,2025-11-09 04:13:08.347105
298443,Dichaea,latifolia,http://sweetgum.nybg.org/images3/140/496/v-066-00056254.jpg,GBIF,,,,,2025-11-10 03:23:33.778541
185267,Myoxanthus,octomerioides,https://object.jacq.org/europeana/W/1498878.jpg,GBIF,,,,,2025-11-08 23:31:35.932727
178636,Polystachya,estrellensis,https://inaturalist-open-data.s3.amazonaws.com/photos/364131687/original.jpeg,GBIF,,,,,2025-11-08 21:53:27.307064
201745,Govenia,sodiroi,https://inaturalist-open-data.s3.amazonaws.com/photos/264903537/original.jpeg,GBIF,,,,,2025-11-09 03:30:49.709834
198512,Pleurothallis,index,https://inaturalist-open-data.s3.amazonaws.com/photos/148170251/original.jpeg,GBIF,,,,,2025-11-09 02:47:11.866789
258296,Dendrobium,salaccense,https://inaturalist-open-data.s3.amazonaws.com/photos/121267057/original.jpg,GBIF,,,,,2025-11-09 17:19:11.856490
259289,Octomeria,yauaperyensis,http://sweetgum.nybg.org/images3/779/638/1721274.jpg,GBIF,,,,,2025-11-09 17:34:25.167221
255316,Cyrtochilum,weirii,https://bs.plantnet.org/image/o/7b930d6a4d1d0c98bf9635551901a37e2d1365af,GBIF,,,,,2025-11-09 16:39:39.254444
252266,Thrixspermum,ancoriferum,http://mediaphoto.mnhn.fr/media/1443110195037IGUoPQHzmwLApmwY,GBIF,,,,,2025-11-09 15:54:04.369213
2904,Epidendrum,species,https://inaturalist-open-data.s3.amazonaws.com/photos/468594688/original.jpeg,GBIF,Colombia,,Benoît Segerer,http://creativecommons.org/licenses/by-nc/4.0/,2025-10-19 13:54:01.651673
208022,Bulbophyllum,tseanum,https://d2jcv3kl45hlgi.cloudfront.net/b07c23fb15c456ce50dae0bf23146bdf.jpg,GBIF,,,,,2025-11-09 04:56:13.340065
303160,Promenaea,xanthina,https://inaturalist-open-data.s3.amazonaws.com/photos/113206281/original.jpeg,GBIF,,,,,2025-11-10 04:34:58.893877
272969,Anathallis,linearifolia,https://inaturalist-open-data.s3.amazonaws.com/photos/333134710/original.jpg,GBIF,,,,,2025-11-09 22:21:56.834173
285081,Pinalia,woodiana,http://data.huh.harvard.edu/34030562-991c-42a7-914c-11f3fc9205e6/image,GBIF,,,,,2025-11-10 00:05:47.853357
212424,Pterostylis,crebriflora,https://inaturalist-open-data.s3.amazonaws.com/photos/306083254/original.jpeg,GBIF,,,,,2025-11-09 06:01:54.993634
285273,Herminium,coeloceras Finet,"https://iiif.rbge.org.uk/herb/iiif/E00292225/full/300,/0/default.jpg",GBIF,,,,,2025-11-10 00:09:06.434585
259526,Oncidium,x,http://data.huh.harvard.edu/77df7756-1d46-4445-9ae9-66a46b0f9bf9/image,GBIF,,,,,2025-11-09 17:37:50.159048
176409,Orchis,canariensis Lindl.,https://inaturalist-open-data.s3.amazonaws.com/photos/479375092/original.jpeg,GBIF,,,,,2025-11-08 21:20:49.310322
151276,Disa,borbonica Balf.f.,https://inaturalist-open-data.s3.amazonaws.com/photos/476526010/original.jpg,GBIF,Réunion,,Marceau Coppée,http://creativecommons.org/licenses/by-nc/4.0/,2025-11-06 02:31:55.468617
10388,Bulbophyllum,imbricans,https://medialib.naturalis.nl/file/id/L0058217_MLN/format/large,GBIF,Indonesia,,Gjellerup K,http://creativecommons.org/publicdomain/zero/1.0/,2025-10-21 00:01:08.761473
177815,Bulbophyllum,xanthochlamys,"https://iiif.rbge.org.uk/herb/iiif/E00032976/full/300,/0/default.jpg",GBIF,,,,,2025-11-08 21:41:49.757314
201230,Rhynchostele,bictoniensis,https://inaturalist-open-data.s3.amazonaws.com/photos/576603346/original.jpg,GBIF,,,,,2025-11-09 03:22:53.727288
204747,Dracula,inaequalis,https://inaturalist-open-data.s3.amazonaws.com/photos/282522757/original.jpeg,GBIF,,,,,2025-11-09 04:11:41.046720
298448,Dichaea,latifolia,http://sweetgum.nybg.org/images3/140/466/v-066-00056222.jpg,GBIF,,,,,2025-11-10 03:23:33.804146
290124,Crepidium,lunatum,https://medialib.naturalis.nl/file/id/L.1518143/format/large,GBIF,,,,,2025-11-10 01:23:25.456434
286540,Epidendrum,macrum,http://data.huh.harvard.edu/8bfe1e91-54f0-45d8-83bb-e25fe27e297b/image,GBIF,,,,,2025-11-10 00:27:30.215818
296898,Prasophyllum,calcicola R.,https://inaturalist-open-data.s3.amazonaws.com/photos/464621986/original.jpeg,GBIF,,,,,2025-11-10 03:03:17.994872
9801,Dendrobium,nobile,https://medialib.naturalis.nl/file/id/L.1503019/format/large,GBIF,unknown or invalid,,Unknown,http://creativecommons.org/publicdomain/zero/1.0/,2025-10-20 19:35:33.466560
189129,Maxillaria,neglecta,https://images.mobot.org/tropicosimages5/detailimages/TropicosImagesVol5/101842000/9DF7E657-5BFA-444A-8C11-CEE11FE29FAC.jpg,GBIF,,,,,2025-11-09 00:25:40.120947
225525,Calochilus,pruinosus D.,https://inaturalist-open-data.s3.amazonaws.com/photos/322897373/original.jpg,GBIF,,,,,2025-11-09 09:07:56.264825
233580,Chondroscaphe,escobariana,https://images.mobot.org/tropicosimages4/detailimages/TropicosImagesVol4/101058000/0CC0F723-EA6E-4596-AD52-A7D8CBD3B140.jpg,GBIF,,,,,2025-11-09 10:57:59.822171
246103,Collabium,evrardii,http://mediaphoto.mnhn.fr/media/1441451976719rf1GiJ8Fq7bdQyuk,GBIF,,,,,2025-11-09 14:22:13.586754
300639,Ceratostylis,robusta,https://medialib.naturalis.nl/file/id/L.4172671/format/large,GBIF,,,,,2025-11-10 03:54:46.728641
182845,Hymenorchis,vanoverberghii,http://data.huh.harvard.edu/a490c059-5e0b-4ef6-8710-e5c442afc4ee/image,GBIF,,,,,2025-11-08 22:55:08.832803
304572,Herminium,himalayanum Renz,https://data.nhm.ac.uk/media/c6f6fedf-1179-4168-b6b0-7a30b9dff26d,GBIF,,,,,2025-11-10 04:58:53.733498
218062,Stanhopea,cirrhata,https://inaturalist-open-data.s3.amazonaws.com/photos/457941073/original.jpg,GBIF,,,,,2025-11-09 07:23:12.158992
253802,Maxillaria,ferdinandiana,http://jbrj-public-img.s3-sa-east-1.amazonaws.com/JPG/rb/0/51/83/61/00518361.jpg,GBIF,,,,,2025-11-09 16:16:00.792275
262849,Pleione,formosana,https://inaturalist-open-data.s3.amazonaws.com/photos/477154936/original.jpeg,GBIF,,,,,2025-11-09 18:20:49.267357
246720,Goodyera,foliosa Lindl.,https://inaturalist-open-data.s3.amazonaws.com/photos/441592855/original.jpeg,GBIF,,,,,2025-11-09 14:30:49.224763
231254,Epidendrum,macrocyphum,https://d2jcv3kl45hlgi.cloudfront.net/8ad5eae3584550b6b2db2ca4cd08a161.jpg,GBIF,,,,,2025-11-09 10:55:46.362148
277602,Coelogyne,sulphurea,https://inaturalist-open-data.s3.amazonaws.com/photos/579476723/original.jpg,GBIF,,,,,2025-11-09 22:26:45.586920
179010,Corybas,rotundifolius Hook.f.,https://inaturalist-open-data.s3.amazonaws.com/photos/531639910/original.jpg,GBIF,,,,,2025-11-08 21:57:56.958423
244686,Coelogyne,palawanensis,https://inaturalist-open-data.s3.amazonaws.com/photos/405966985/original.jpeg,GBIF,,,,,2025-11-09 14:03:18.495561
250838,Maxillaria,mapiriensis,https://inaturalist-open-data.s3.amazonaws.com/photos/285168615/original.jpeg,GBIF,,,,,2025-11-09 15:33:19.887495
227662,Eulophia,macowanii,https://inaturalist-open-data.s3.amazonaws.com/photos/467097137/original.jpeg,GBIF,,,,,2025-11-09 10:53:06.800880
235235,Gastrochilus,ciliaris,https://inaturalist-open-data.s3.amazonaws.com/photos/569373514/original.jpg,GBIF,,,,,2025-11-09 11:12:55.206790
178583,Habenaria,lefebureana,https://medialib.naturalis.nl/file/id/WAG.1137078/format/large,GBIF,,,,,2025-11-08 21:53:03.781899
4176,Bulbophyllum,species,https://inaturalist-open-data.s3.amazonaws.com/photos/479553582/original.jpg,GBIF,Madagascar,,murdache,http://creativecommons.org/licenses/by-nc/4.0/,2025-10-19 13:58:45.290643
235092,Dichaea,intermedia,http://data.huh.harvard.edu/1b72c615-5614-4df9-b1f9-cf3cd2c5545f/image,GBIF,,,,,2025-11-09 11:09:53.442882
262503,Stichorkis,benguetensis,https://oxalis.br.fgov.be/images/BR0/000/033/163/598/BR0000033163598.jpg,GBIF,,,,,2025-11-09 18:16:43.882003
199730,Cattleya,bradei,https://inaturalist-open-data.s3.amazonaws.com/photos/173019167/original.jpeg,GBIF,,,,,2025-11-09 03:03:34.536890
296537,Taeniophyllum,hirtum,http://mediaphoto.mnhn.fr/media/1441306399373emS9XqaxxIihKokz,GBIF,,,,,2025-11-10 02:57:45.869442
288394,Stelis,guianensis,https://images.mobot.org/tropicosimages4/detailimages/TropicosImagesVol4/101076000/9986597F-936F-4B0C-BB45-4265E97081DC.jpg,GBIF,,,,,2025-11-10 00:55:00.135030
154367,Disa,pulchella Hochst.,https://medialib.naturalis.nl/file/id/WAG.1135013/format/large,GBIF,Ethiopia,,Wilde JJFE de,http://creativecommons.org/publicdomain/zero/1.0/,2025-11-06 02:44:45.685985
268000,Peristylus,aliformis,http://sweetgum.nybg.org/images3/3565/833/04111192.jpg,GBIF,,,,,2025-11-09 19:38:57.338448
202309,Platanthera,superantha J.,"https://iiif.rbge.org.uk/herb/iiif/E00123050/full/1600,/0/default.jpg",GBIF,,,,,2025-11-09 03:38:29.048027
179613,xGymnigritella,x,https://inaturalist-open-data.s3.amazonaws.com/photos/406167403/original.jpeg,GBIF,,,,,2025-11-08 22:05:52.907305
3450,Dendrobium,bigibbum,https://inaturalist-open-data.s3.amazonaws.com/photos/109831837/original.jpeg,GBIF,Australia,,sworboys,http://creativecommons.org/licenses/by-nc/4.0/,2025-10-19 13:56:26.083869
244165,Pleione,humilis,https://inaturalist-open-data.s3.amazonaws.com/photos/356197184/original.jpeg,GBIF,,,,,2025-11-09 13:54:36.163855
4975,Cattleya,intermedia,https://inaturalist-open-data.s3.amazonaws.com/photos/173940342/original.jpg,GBIF,Brazil,,aapasa,http://creativecommons.org/licenses/by-nc/4.0/,2025-10-19 14:00:04.228473
223060,Encyclia,enriquearcilae,https://inaturalist-open-data.s3.amazonaws.com/photos/372378946/original.jpeg,GBIF,,,,,2025-11-09 08:37:06.689719
288187,Calanthe,crenulata,https://medialib.naturalis.nl/file/id/L.1495216/format/large,GBIF,,,,,2025-11-10 00:51:09.785081
203872,Styloglossum,caulescens,http://data.huh.harvard.edu/27e69c8f-3c4a-4eac-803b-42c85fac488f/image,GBIF,,,,,2025-11-09 03:59:54.204962
196633,Maxillaria,acutifolia,https://inaturalist-open-data.s3.amazonaws.com/photos/179309406/original.jpeg,GBIF,,,,,2025-11-09 02:13:31.733836
217445,Habenaria,njamnjamica Kraenzl.,https://inaturalist-open-data.s3.amazonaws.com/photos/60029486/original.jpeg,GBIF,,,,,2025-11-09 07:14:13.375885
262783,Tridactyle,fusifera,https://images.mobot.org/tropicosimages3/detailimages/TropicosImages2/100300000/ACE9EF61-6D20-46CF-8250-F0C8EA825EF8.jpg,GBIF,,,,,2025-11-09 18:19:14.393213
234714,Lepanthes,transparens,https://images.mobot.org/tropicosimages4/detailimages/TropicosImagesVol4/101207000/023F27D6-A39B-40CB-8D40-3865267B5629.jpg,GBIF,,,,,2025-11-09 11:01:34.702355
173848,Cattleya,aclandiae,https://drive.google.com/uc?export=view&id=1R0hYY2uOrosX6KvhWhjvfAMbAK3lsKWx,Chris Howard Collection,,,,Private Collection,2025-11-08 07:14:55.953012
211899,Tolumnia,bahamensis,https://inaturalist-open-data.s3.amazonaws.com/photos/491598857/original.jpg,GBIF,,,,,2025-11-09 05:55:02.517412
299682,Caladenia,iridescens R.,https://inaturalist-open-data.s3.amazonaws.com/photos/438905103/original.jpeg,GBIF,,,,,2025-11-10 03:40:53.647544
202907,Corybas,montanus D.,http://data.huh.harvard.edu/79ead72c-2d75-41b6-9a04-81975c019495/image,GBIF,,,,,2025-11-09 03:48:14.981900
204663,Oncidium,noezlianum,http://repo.rbge.org.uk/image_server.php?kind=1500&path_base64=L2l0ZW1faW1hZ2VzL2FjY2Vzc2lvbnMvMTgvOTkvMDEvNDQvUGhvdG9fNTc5ZjFhYzJkMjg0Yi5qcGc=,GBIF,,,,,2025-11-09 04:10:12.620210
204327,Epidendrum,schweinfurthianum,https://inaturalist-open-data.s3.amazonaws.com/photos/31005215/original.jpeg,GBIF,,,,,2025-11-09 04:05:42.395363
189519,Jumellea,pailleri,https://inaturalist-open-data.s3.amazonaws.com/photos/96344891/original.jpg,GBIF,,,,,2025-11-09 00:29:29.852057
197460,Calochilus,paludosus R.,https://inaturalist-open-data.s3.amazonaws.com/photos/571723929/original.jpg,GBIF,,,,,2025-11-09 02:28:19.086959
179055,Bulbophyllum,lineatum,https://d2jcv3kl45hlgi.cloudfront.net/85ddc6dc611c09fae19e2a4855a0dc3c.jpg,GBIF,,,,,2025-11-08 21:58:20.464911
195404,Pterostylis,galgula D.,https://inaturalist-open-data.s3.amazonaws.com/photos/545870083/original.jpg,GBIF,,,,,2025-11-09 01:54:45.806223
251666,Cryptochilus,strictus,"https://iiif.rbge.org.uk/herb/iiif/E01482071/full/1600,/0/default.jpg",GBIF,,,,,2025-11-09 15:45:12.497606
292391,Pabstia,viridis,https://d2jcv3kl45hlgi.cloudfront.net/48e891bac67ea6a465d034e7daec80c3.jpg,GBIF,,,,,2025-11-10 01:53:35.576517
176417,Pinalia,ringens,http://data.huh.harvard.edu/03462e17-8f47-40a7-92c9-ce28ac6d3739/image,GBIF,,,,,2025-11-08 21:20:57.327280
186608,Cyrtopodium,braemii,http://data.huh.harvard.edu/90c68b82-be16-48ef-837c-0c3fcd7084b8/image,GBIF,,,,,2025-11-08 23:52:44.783304
198829,Masdevallia,barlaeana,https://d2jcv3kl45hlgi.cloudfront.net/4eec7113f6ff4f9075b3c7ca6d61cfb8.jpg,GBIF,,,,,2025-11-09 02:51:56.727901
649,Cleistes,parviflora Lindl.,https://inaturalist-open-data.s3.amazonaws.com/photos/185867582/original.jpeg,GBIF,Brazil,,Jake Antonio Heaton,http://creativecommons.org/licenses/by-nc/4.0/,2025-10-19 08:44:44.821420
1136,Eriaxis,Rchb.f.,https://inaturalist-open-data.s3.amazonaws.com/photos/102682661/original.jpeg,GBIF,New Caledonia,,Pierre-Louis Stenger,http://creativecommons.org/licenses/by-nc/4.0/,2025-10-19 08:54:52.645123
177587,Peristeria,pendula,https://inaturalist-open-data.s3.amazonaws.com/photos/444050336/original.jpeg,GBIF,,,,,2025-11-08 21:39:02.790762
229187,Hapalorchis,candida,https://inaturalist-open-data.s3.amazonaws.com/photos/102550427/original.jpg,GBIF,,,,,2025-11-09 10:54:13.630954
222562,Oberonia,costeriana,https://inaturalist-open-data.s3.amazonaws.com/photos/478902540/original.jpg,GBIF,,,,,2025-11-09 08:30:21.606912
247754,Diuris,oraria D.,https://inaturalist-open-data.s3.amazonaws.com/photos/225134231/original.jpeg,GBIF,,,,,2025-11-09 14:45:21.241031
165943,Genoplesium,pumilum Hook.f.,https://inaturalist-open-data.s3.amazonaws.com/photos/474910598/original.jpg,GBIF,Australia,,,,2025-11-07 02:36:47.911848
304312,Stichorkis,coelogynoides,https://inaturalist-open-data.s3.amazonaws.com/photos/347619228/original.jpg,GBIF,,,,,2025-11-10 04:53:37.202484
199109,Dendrobium,distichum,https://medialib.naturalis.nl/file/id/L.1498263/format/large,GBIF,,,,,2025-11-09 02:55:15.737111
250614,Octomeria,estrellensis,http://jbrj-public-img.s3-sa-east-1.amazonaws.com/JPG/rb/0/25/79/25/00257925.jpg,GBIF,,,,,2025-11-09 15:29:37.562136
193417,Dichaea,trichocarpa,https://inaturalist-open-data.s3.amazonaws.com/photos/271237617/original.jpg,GBIF,,,,,2025-11-09 01:27:32.183678
225644,Caladenia,exilis ssp.,https://inaturalist-open-data.s3.amazonaws.com/photos/298328107/original.jpeg,GBIF,,,,,2025-11-09 09:08:27.955110
219486,Caladenia,hopperiana,https://inaturalist-open-data.s3.amazonaws.com/photos/575244058/original.jpg,GBIF,,,,,2025-11-09 07:43:12.032364
270759,Vrydagzynea,lancifolia Ridl.,https://iiif.rbge.org.uk/herb/iiif/E01270080/manifest,GBIF,,,,,2025-11-09 22:20:05.681257
212399,Stelis,poasensis,https://herbarium.bgbm.org/data/iiif/B101139280/manifest.json,GBIF,,,,,2025-11-09 06:01:06.938706
177941,Angraecum,chermezonii,https://images.mobot.org/tropicosimages3/detailimages/TropicosImages2/100291000/6A1DF301-451B-42B6-900D-69B7AAEFCDD5.jpg,GBIF,,,,,2025-11-08 21:43:33.002719
301110,Calanthe,kinabaluensis,https://inaturalist-open-data.s3.amazonaws.com/photos/421456403/original.jpg,GBIF,,,,,2025-11-10 04:04:41.596921
169779,Malaxis,monophyllos,https://inaturalist-open-data.s3.amazonaws.com/photos/507794850/original.jpg,GBIF,Russian Federation,,Сергей,,2025-11-07 16:41:38.144028
6434,Maxillaria,arachnitiflora,http://data.huh.harvard.edu/8a0d1907-b395-4330-b3d3-dc2ca82127a8/image,GBIF,Costa Rica,,C. H. Lankester,https://huh.harvard.edu/access-digital-reproductions-works-public-domain,2025-10-20 01:21:37.668035
299718,Trichosalpinx,memor,https://images.mobot.org/tropicosimages4/detailimages/TropicosImagesVol4/101069000/A188429E-06C9-4B32-8220-F8D048B6F502.jpg,GBIF,,,,,2025-11-10 03:41:09.155899
175024,Lepanthes,exilis,http://sweetgum.nybg.org/images3/3533/704/04098304.jpg,GBIF,,,,,2025-11-08 21:01:40.161871
187534,Maxillaria,pendula,https://inaturalist-open-data.s3.amazonaws.com/photos/322931322/original.jpeg,GBIF,,,,,2025-11-09 00:05:03.002219
175026,Lepanthes,exilis,http://data.huh.harvard.edu/449de751-f924-43cf-af4b-2e8fefed5d11/image,GBIF,,,,,2025-11-08 21:01:40.173118
192438,Appendicula,carnosa,https://medialib.naturalis.nl/file/id/L.1482716/format/large,GBIF,,,,,2025-11-09 01:11:56.213651
178863,Maxillaria,microphyton,https://images.mobot.org/tropicosimages4/detailimages/TropicosImagesVol4/101211000/1491E622-2483-4830-BD0A-DD56A8A5A6FF.jpg,GBIF,,,,,2025-11-08 21:55:42.531856
264355,Dracula,pholeodytes,https://images.mobot.org/tropicosimages4/detailimages/TropicosImagesVol4/101087000/75CF7CD7-1144-4468-B06C-9E08122ED4EB.jpg,GBIF,,,,,2025-11-09 18:43:08.258943
237747,Eulophia,pratensis,http://www.ifpindia.org/hifp/images/HIFP_022420.JPG,GBIF,,,,,2025-11-09 12:22:50.449374
292283,Coelogyne,chloroptera,http://data.huh.harvard.edu/fd3a91a9-4ec8-4efc-ba66-2358cd7d233b/image,GBIF,,,,,2025-11-10 01:52:32.139767
178637,Polystachya,estrellensis,https://inaturalist-open-data.s3.amazonaws.com/photos/364131653/original.jpeg,GBIF,,,,,2025-11-08 21:53:27.313026
147015,Pachites,appressus Lindl.,https://d2jcv3kl45hlgi.cloudfront.net/778e92b7e9e7c5f80ddc83f1bed03f2f.jpg,GBIF,South Africa,,"Burchell, W.J.",http://creativecommons.org/licenses/by/4.0/,2025-11-06 02:08:11.425400
300728,Pleurothallis,linguifera,https://inaturalist-open-data.s3.amazonaws.com/photos/182023697/original.jpeg,GBIF,,,,,2025-11-10 03:56:05.862532
6876,Cymbidium,sinense,http://mediaphoto.mnhn.fr/media/1441306599259AiBbkjR8M02UOUGR,GBIF,,,"Rivière, A.",http://creativecommons.org/licenses/by/4.0/,2025-10-20 01:39:16.038191
301030,Coelogyne,totilabia,https://medialib.naturalis.nl/file/id/L.1507933/format/large,GBIF,,,,,2025-11-10 04:03:06.236171
227008,Diuris,striata Rupp,https://images.ala.org.au/image/proxyImageThumbnailLarge?imageId=1d4ca74d-33d6-4aa4-a235-8c87c99a36da,GBIF,,,,,2025-11-09 10:52:42.924721
265607,Triphora,trianthophoros,https://inaturalist-open-data.s3.amazonaws.com/photos/544577311/original.jpg,GBIF,,,,,2025-11-09 18:59:49.531337
10083,Dendrobium,monophyllum,https://inaturalist-open-data.s3.amazonaws.com/photos/442809126/original.jpeg,GBIF,Australia,,Liz Snow,http://creativecommons.org/licenses/by-nc/4.0/,2025-10-20 19:40:33.301924
246887,Corallorhiza,trifida,https://inaturalist-open-data.s3.amazonaws.com/photos/494933169/original.jpeg,GBIF,,,,,2025-11-09 14:33:19.737021
229874,Masdevallia,pumila,https://images.mobot.org/tropicosimages4/detailimages/TropicosImagesVol4/101210000/37F03176-A6CB-46D9-8FD7-6733D804271C.jpg,GBIF,,,,,2025-11-09 10:54:36.448321
270530,Cyrtochilum,dodianum,https://inaturalist-open-data.s3.amazonaws.com/photos/559399365/original.jpg,GBIF,,,,,2025-11-09 22:19:57.448693
264244,Appendicula,pauciflora,https://medialib.naturalis.nl/file/id/AMD.93255/format/large,GBIF,,,,,2025-11-09 18:39:58.756040
219015,Ponthieva,diptera Linden,https://inaturalist-open-data.s3.amazonaws.com/photos/400416209/original.jpeg,GBIF,,,,,2025-11-09 07:35:39.065864
220222,Epiblastus,basalis,http://repo.rbge.org.uk/image_server.php?kind=1500&path_base64=L2l0ZW1faW1hZ2VzL2FjY2Vzc2lvbnMvMTkvNzIvMTgvNDcvUGhvdG9fNTA2ZWU0ODE0OGJhNC5qcGc=,GBIF,,,,,2025-11-09 07:51:55.085313
237581,Taeniophyllum,retrospiculatum,"https://iiif.rbge.org.uk/herb/iiif/E00082006/full/1600,/0/default.jpg",GBIF,,,,,2025-11-09 12:17:42.535897
203414,Cyrtochilum,scabiosum,https://inaturalist-open-data.s3.amazonaws.com/photos/405178685/original.jpeg,GBIF,,,,,2025-11-09 03:54:20.808487
178813,Prasophyllum,alpinum R.,https://inaturalist-open-data.s3.amazonaws.com/photos/461151722/original.jpeg,GBIF,,,,,2025-11-08 21:55:34.265720
197412,Lepanthes,pubes,https://images.mobot.org/tropicosimages4/detailimages/TropicosImagesVol4/101203000/80B2DE3F-3C32-42CE-9B55-AE1CDC32DED5.jpg,GBIF,,,,,2025-11-09 02:26:59.674558
229159,Habenaria,unifoliata Summerh.,https://d2jcv3kl45hlgi.cloudfront.net/5271d17b9e4c4f3d7bb0f401fce4e6c3.jpg,GBIF,,,,,2025-11-09 10:54:13.405227
295436,Pterostylis,tenuis D.,https://inaturalist-open-data.s3.amazonaws.com/photos/577221271/original.jpg,GBIF,,,,,2025-11-10 02:40:57.868937
220088,Disperis,cordata Sw.,https://inaturalist-open-data.s3.amazonaws.com/photos/259182215/original.jpg,GBIF,,,,,2025-11-09 07:50:04.604947
178367,Dendrobium,microphyton,http://data.huh.harvard.edu/98559fda-bd5f-4392-904e-d804820e9b72/image,GBIF,,,,,2025-11-08 21:50:32.185675
245227,Ceratostylis,radiata,http://mediaphoto.mnhn.fr/media/1441305352929fL1EkSdryInEP1E3,GBIF,,,,,2025-11-09 14:10:35.128483
180651,Sobralia,lindleyana,https://inaturalist-open-data.s3.amazonaws.com/photos/530779950/original.jpg,GBIF,,,,,2025-11-08 22:22:39.143746
266320,Cattleya,pumila,https://media-service.nrm.se/images?dataset=fbo&id=large/S17-013001/S17-13786.jpg,GBIF,,,,,2025-11-09 19:10:15.807475
176532,Barkeria,uniflora,https://inaturalist-open-data.s3.amazonaws.com/photos/336192193/original.jpeg,GBIF,,,,,2025-11-08 21:23:04.095415
296514,Eulophia,kyimbilae,https://inaturalist-open-data.s3.amazonaws.com/photos/221404281/original.jpg,GBIF,,,,,2025-11-10 02:56:41.235085
152642,Disa,hircicornis Rchb.f.,https://inaturalist-open-data.s3.amazonaws.com/photos/447339079/original.jpeg,GBIF,Zambia,,Nicholas Wightman,http://creativecommons.org/licenses/by-nc/4.0/,2025-11-06 02:38:03.769059
4405,Cymbidium,goeringii,https://inaturalist-open-data.s3.amazonaws.com/photos/475224071/original.jpeg,GBIF,China,,李博恒,http://creativecommons.org/licenses/by-nc/4.0/,2025-10-19 13:59:14.469672
267497,Bipinnula,polysyka Kraenzl.,http://data.huh.harvard.edu/c74b85d8-242b-466c-b4be-ba1d24b0abe5/image,GBIF,,,,,2025-11-09 19:30:21.839022
193763,Aerangis,ellisii,https://inaturalist-open-data.s3.amazonaws.com/photos/358189117/original.jpeg,GBIF,,,,,2025-11-09 01:32:09.751542
218458,Phreatia,brachystachys,http://data.huh.harvard.edu/143689ab-88b7-4053-a40f-b5a195ecb3aa/image,GBIF,,,,,2025-11-09 07:29:25.932272
199697,Epidendrum,citrosmum,https://media01.symbiota.org/media/seinet/sernec/BRIT_NLU/NLU0381/NLU0381441.jpg,GBIF,,,,,2025-11-09 03:03:03.682049
63,Habenaria,debeerstiana,http://www.westafricanplants.senckenberg.de/images/pictures/habenaria_debeerstiana_wightman5353_9007_b94879.jpg,GBIF,Zambia,Muchinga Prov.;Mutinondo Wilderness Lodge;miombo woodland area,,All rights reserved; for terms and conditions see http://www.africanplants.senckenberg.de/root/index.php?page_id=84,2025-10-19 08:17:05.540192
259330,Habenaria,macrostele Summerh.,https://oxalis.br.fgov.be/images/BR0/000/008/863/324/BR0000008863324.jpg,GBIF,,,,,2025-11-09 17:34:39.153520
9532,Bulbophyllum,gracillimum,https://inaturalist-open-data.s3.amazonaws.com/photos/175689626/original.jpg,GBIF,Malaysia,,equator77,http://creativecommons.org/licenses/by-nc/4.0/,2025-10-20 02:40:50.443097
292760,Neottia,acuminata,https://inaturalist-open-data.s3.amazonaws.com/photos/558880888/original.jpg,GBIF,,,,,2025-11-10 01:59:25.133168
293268,Habenaria,diffusa,https://iiif-manifest.oxalis.br.fgov.be/specimen/BR0000033154640/manifest,GBIF,,,,,2025-11-10 02:06:18.395294
245475,Dactylorhiza,saccifera ssp.,https://inaturalist-open-data.s3.amazonaws.com/photos/517742468/original.jpg,GBIF,,,,,2025-11-09 14:13:29.995172
289934,Oncidium,lindleyi,https://inaturalist-open-data.s3.amazonaws.com/photos/402946208/original.jpeg,GBIF,,,,,2025-11-10 01:21:02.580829
220586,Dipodium,atropurpureum,https://images.ala.org.au/image/proxyImageThumbnailLarge?imageId=c32af3d0-8993-43c4-b52f-75a2d4f75026,GBIF,,,,,2025-11-09 07:57:12.806739
260845,Acianthera,erythrogramma,https://images.mobot.org/tropicosimages3/detailimages/TropicosImages2/235/C776C96A-DD05-4692-A890-328C2BC132D7.jpg,GBIF,,,,,2025-11-09 17:54:38.303273
303724,Habenaria,thomsonii Rchb.f.,https://data.nhm.ac.uk/media/e41f55e5-8369-4857-878f-f62f804beaf5,GBIF,,,,,2025-11-10 04:43:57.168163
218737,Sobralia,boliviensis,https://live.staticflickr.com/65535/49024444288_7da895caa9_b.jpg,GBIF,,,,,2025-11-09 07:32:28.448838
230963,Acianthera,erinacea,https://images.mobot.org/tropicosimages4/detailimages/TropicosImagesVol4/101240000/94422298-A6A6-405E-8E75-E3E93780911F.jpg,GBIF,,,,,2025-11-09 10:55:32.440526
193841,Jumellea,brachycentra,http://mediaphoto.mnhn.fr/media/1442483245009fJBQVxJ3NB3BZzMe,GBIF,,,,,2025-11-09 01:32:34.017316
194575,Diceratostele,gabonensis,https://images.mobot.org/tropicosimages4/detailimages/TropicosImagesVol4/101132000/C891A31B-3366-45A8-8017-A0E967FEF032.jpg,GBIF,,,,,2025-11-09 01:40:53.634453
299887,Dendrobium,pensile,https://data.nhm.ac.uk/media/6a8a860b-86e5-4ad8-9cf8-01256afcfb46,GBIF,,,,,2025-11-10 03:45:06.607515
268771,Cypripedium,forrestii P.,https://iiif.rbge.org.uk/herb/iiif/E00056784/manifest,GBIF,,,,,2025-11-09 19:49:40.044622
216438,Epidendrum,lancilabium,http://data.huh.harvard.edu/a8ac3eed-f043-4623-b3d0-b9929fb1ea0c/image,GBIF,,,,,2025-11-09 07:00:20.161695
176933,Epidendrum,subpurum,http://data.huh.harvard.edu/1c1386b4-5ab9-40fc-aef9-d98f65ce8f96/image,GBIF,,,,,2025-11-08 21:29:24.373985
143550,Vanilla,utteridgei J.,https://d2jcv3kl45hlgi.cloudfront.net/3f3367b863564c3c9ccf000beb66efb6.jpg,GBIF,Indonesia,,"Utteridge, T.M.A.",http://creativecommons.org/licenses/by/4.0/,2025-11-06 01:39:39.268090
178962,Angraecum,didieri,https://images.mobot.org/tropicosimages3/detailimages/TropicosImageVol3/100572000/56AEE047-43F9-4F4B-B760-07AE28AD6F14.jpg,GBIF,,,,,2025-11-08 21:56:53.784701
209224,Polystachya,humbertii,https://images.mobot.org/tropicosimages4/detailimages/TropicosImagesVol4/101286000/5E335F03-EE07-4EBF-9438-93A00A62B042.jpg,GBIF,,,,,2025-11-09 05:15:22.720707
246212,Caladenia,saxatilis D.,https://inaturalist-open-data.s3.amazonaws.com/photos/564493203/original.jpg,GBIF,,,,,2025-11-09 14:23:33.675381
252369,Fernandezia,myrtillus,https://inaturalist-open-data.s3.amazonaws.com/photos/472167486/original.jpeg,GBIF,,,,,2025-11-09 15:55:47.749470
181736,Epidendrum,lockhartioides,http://data.huh.harvard.edu/9d8e16b4-cab6-4dd5-b5b7-3b98f183872d/image,GBIF,,,,,2025-11-08 22:39:25.346374
301362,Zygopetalum,sellowii,https://d2jcv3kl45hlgi.cloudfront.net/92363d13b5a7c7407256c53c5691093a.jpg,GBIF,,,,,2025-11-10 04:07:35.828842
1921,Phragmipedium,boissierianum Rchb.f.,https://inaturalist-open-data.s3.amazonaws.com/photos/213431687/original.jpg,GBIF,Ecuador,,Paola Ordóñez M.,http://creativecommons.org/licenses/by-nc/4.0/,2025-10-19 11:33:05.361796
253853,Masdevallia,martineae,https://images.mobot.org/tropicosimages3/detailimages/TropicosImages2/235/A0CF3E3B-18A9-4C82-91CC-AD8F25774440.jpg,GBIF,,,,,2025-11-09 16:16:31.940888
169093,Caladenia,minor Hook.f.,https://inaturalist-open-data.s3.amazonaws.com/photos/443471438/original.jpeg,GBIF,New Zealand,,hngamoki,,2025-11-07 16:39:17.732982
169823,Phreatia,plantaginifolia,https://d2seqvvyy3b8p2.cloudfront.net/603698c7c368c94d528ba271de955f2e.jpg,GBIF,Indonesia,,"Comber, J.B.",,2025-11-07 16:41:58.579142
184844,Lepanthes,blephariglossa,https://images.mobot.org/tropicosimages4/detailimages/TropicosImagesVol4/101192000/860C8808-2CEE-41A1-9CC1-9FDEDEB34C19.jpg,GBIF,,,,,2025-11-08 23:26:19.275140
237284,Bletia,concolor,https://inaturalist-open-data.s3.amazonaws.com/photos/325870751/original.jpeg,GBIF,,,,,2025-11-09 12:12:24.273085
213578,Catasetum,randii,https://cdn.plantatlas.org/img/specimens/USF/28727.jpg,GBIF,,,,,2025-11-09 06:22:54.354447
278429,Aulosepalum,nelsonii,https://inaturalist-open-data.s3.amazonaws.com/photos/182220220/original.jpg,GBIF,,,,,2025-11-09 22:27:12.768741
235378,Polystachya,bifida,https://inaturalist-open-data.s3.amazonaws.com/photos/161686879/original.jpeg,GBIF,,,,,2025-11-09 11:15:02.581637
10656,Epidendrum,diothonaeoides,https://inaturalist-open-data.s3.amazonaws.com/photos/477465194/original.jpg,GBIF,Colombia,,alexander_99,http://creativecommons.org/licenses/by-nc/4.0/,2025-10-21 07:28:42.010481
185449,Oncidium,amazonicum,http://mediaphoto.mnhn.fr/media/1441306146367irrMq66fmRFnuaho,GBIF,,,,,2025-11-08 23:34:15.033292
233258,Papilionanthe,hookeriana,https://inaturalist-open-data.s3.amazonaws.com/photos/257239424/original.jpeg,GBIF,,,,,2025-11-09 10:57:44.663326
167349,Caladenia,varians Hopper,https://inaturalist-open-data.s3.amazonaws.com/photos/559780861/original.jpg,GBIF,Australia,,ppolito,,2025-11-07 07:02:47.453317
141713,Vanilla,aphylla Blume,https://live.staticflickr.com/65535/49430025366_87bf138c64_b.jpg,GBIF,Lao People’s Democratic Republic,,-502261208,"Copyright by the creator. For license and creator details, see https://nabu-naturgucker-beobachtungen.de/?sprache=en&bild=1969720827.",2025-11-06 01:30:23.430905
209380,Liparis,acuminata,http://mediaphoto.mnhn.fr/media/14413061782465Lz3drDAZeb0aXT4,GBIF,,,,,2025-11-09 05:17:29.791197
203820,Prasophyllum,canaliculatum Jones,https://inaturalist-open-data.s3.amazonaws.com/photos/350838694/original.jpg,GBIF,,,,,2025-11-09 03:59:21.764571
223894,Angraecopsis,gracillima,https://inaturalist-open-data.s3.amazonaws.com/photos/239207997/original.jpg,GBIF,,,,,2025-11-09 08:50:11.930034
205424,Spiranthes,lacera,https://inaturalist-open-data.s3.amazonaws.com/photos/533164279/original.jpg,GBIF,,,,,2025-11-09 04:19:05.280014
294436,Govenia,quadriplicata,https://images.mobot.org/tropicosimages4/detailimages/TropicosImagesVol4/101311000/97525ECE-2929-4BBF-A9D0-94174FFDE7FA.jpg,GBIF,,,,,2025-11-10 02:26:00.637165
177962,Pterichis,habenarioides,https://inaturalist-open-data.s3.amazonaws.com/photos/535537392/original.jpg,GBIF,,,,,2025-11-08 21:43:49.144059
177167,Anacamptis,x nicodemi,https://mediaphoto.mnhn.fr/media/1550180946432CmQOjMHIoneOky87,GBIF,,,,,2025-11-08 21:32:26.607517
267312,Dendrobium,bismarckiense,https://iiif.rbge.org.uk/herb/iiif/E01297407/manifest,GBIF,,,,,2025-11-09 19:26:47.308769
154168,Disa,pillansii L.,https://inaturalist-open-data.s3.amazonaws.com/photos/574788642/original.jpg,GBIF,South Africa,,Mayur,http://creativecommons.org/licenses/by-nc/4.0/,2025-11-06 02:44:03.118168
270454,Cynorkis,coccinelloides Frapp.,https://bs.plantnet.org/image/o/f2ae80ff67435ae83e89eaa42042a4a9519b5d34,GBIF,,,,,2025-11-09 22:19:54.023803
221187,Epidendrum,cooperianum,http://jbrj-public-img.s3-sa-east-1.amazonaws.com/JPG/rb/0/76/20/35/00762035-5.jpg,GBIF,,,,,2025-11-09 08:06:27.564963
188745,Disa,nivea H.,https://inaturalist-open-data.s3.amazonaws.com/photos/113867332/original.jpg,GBIF,,,,,2025-11-09 00:21:50.849184
254325,Ophrys,x,https://inaturalist-open-data.s3.amazonaws.com/photos/484923668/original.jpeg,GBIF,,,,,2025-11-09 16:24:58.918926
248740,Cottonia,peduncularis,https://inaturalist-open-data.s3.amazonaws.com/photos/389322181/original.jpg,GBIF,,,,,2025-11-09 15:00:49.488419
174636,Masdevallia,elephanticeps,"https://iiif.rbge.org.uk/herb/iiif/E01270298/full/300,/0/default.jpg",GBIF,,,,,2025-11-08 20:54:00.896404
2966,Cattleya,species,https://inaturalist-open-data.s3.amazonaws.com/photos/479826680/original.jpeg,GBIF,Brazil,,andre2de3meijer,http://creativecommons.org/licenses/by-nc/4.0/,2025-10-19 13:54:41.507695
228960,Genoplesium,apostasioides,https://inaturalist-open-data.s3.amazonaws.com/photos/179361858/original.jpg,GBIF,,,,,2025-11-09 10:54:08.376845
267591,Masdevallia,crassicaudis,http://pictures.snsb.info/BSMvplantscoll/web/M-0111/M-0111318_20080409_104512.jpg,GBIF,,,,,2025-11-09 19:31:25.234941
172361,Diaphananthe,odoratissima,https://bs.plantnet.org/image/o/cb1586cee48bafdd042f6efe6af2b6aa2af9acdf,GBIF,Cameroon,,,,2025-11-07 18:41:42.173537
171697,Masdevallia,ustulata,https://inaturalist-open-data.s3.amazonaws.com/photos/514360117/original.jpg,GBIF,Ecuador,,Luis Salagaje,,2025-11-07 17:48:35.414535
258391,Agrostophyllum,mucronatum,http://mediaphoto.mnhn.fr/media/1442348325012EwNWw0xx4r1gOBrK,GBIF,,,,,2025-11-09 17:21:26.402759
733,Isotria,Raf.,https://inaturalist-open-data.s3.amazonaws.com/photos/506459870/original.jpg,GBIF,United States of America,,Tom Fishburn,http://creativecommons.org/licenses/by-nc/4.0/,2025-10-19 08:45:38.205674
8643,Epidendrum,tridactylum,http://data.huh.harvard.edu/fab00b9d-ef02-468c-89a1-0a43576e5bdb/image,GBIF,Peru,,F. Woytkowski,https://huh.harvard.edu/access-digital-reproductions-works-public-domain,2025-10-20 02:00:33.904359
146815,Paphiopedilum,x leeanum,https://ans-images.ansp.org/botany/PH4/CM/Fullsize/347/CM347627.jpg,GBIF,United States of America,,"Lobdell, E.Y.",http://creativecommons.org/publicdomain/zero/1.0/,2025-11-06 02:06:35.720977
290185,Bulbophyllum,sicyobulbon,https://data.nhm.ac.uk/media/51b5b5d8-1ebe-4afc-afa4-9c761407ef61,GBIF,,,,,2025-11-10 01:24:36.630663
5022,Bulbophyllum,lobbii,https://inaturalist-open-data.s3.amazonaws.com/photos/392460042/original.jpeg,GBIF,Malaysia,,alice__lee,http://creativecommons.org/licenses/by-nc/4.0/,2025-10-19 14:00:16.168007
6900,Maxillaria,scorpioidea,https://inaturalist-open-data.s3.amazonaws.com/photos/99255240/original.jpeg,GBIF,Colombia,,Alejandro Castaño Naranjo,http://creativecommons.org/licenses/by-nc/4.0/,2025-10-20 01:39:30.811092
9612,Epidendrum,agoyanense,https://inaturalist-open-data.s3.amazonaws.com/photos/509368231/original.jpg,GBIF,Ecuador,,Esteban Poveda,http://creativecommons.org/licenses/by/4.0/,2025-10-20 02:52:08.690098
125678,Trichotosia,iodantha,https://medialib.naturalis.nl/file/id/L.1529625/format/large,GBIF,Papua New Guinea,,Carr CE,http://creativecommons.org/publicdomain/zero/1.0/,2025-11-05 20:14:32.849197
263245,Bulbophyllum,percorniculatum,https://images.mobot.org/tropicosimages4/detailimages/TropicosImagesVol4/101062000/D735C997-71FD-4833-AC4C-E19C144B977B.jpg,GBIF,,,,,2025-11-09 18:24:15.648923
248551,Restrepia,cymbula,https://inaturalist-open-data.s3.amazonaws.com/photos/460604584/original.jpg,GBIF,,,,,2025-11-09 14:58:10.257627
294181,Arachnis,calcarata,http://data.huh.harvard.edu/5c604c5a-770e-45f1-879b-5c45bda35b14/image,GBIF,,,,,2025-11-10 02:22:01.766830
193327,Pterostylis,x furcillata,https://inaturalist-open-data.s3.amazonaws.com/photos/489217258/original.jpg,GBIF,,,,,2025-11-09 01:26:28.126856
168063,Ceratostylis,capitata,https://medialib.naturalis.nl/file/id/L.1494764/format/large,GBIF,Indonesia,,Koorders SH,,2025-11-07 07:50:32.969632
215066,Platanthera,taiwanensis S.,https://inaturalist-open-data.s3.amazonaws.com/photos/255255057/original.jpeg,GBIF,,,,,2025-11-09 06:38:47.793646
288002,Pabstiella,crenata,"https://iiif.rbge.org.uk/herb/iiif/E01270406/full/1600,/0/default.jpg",GBIF,,,,,2025-11-10 00:47:51.678250
291362,Brachycorythis,helferi Rchb.f.,https://inaturalist-open-data.s3.amazonaws.com/photos/46890695/original.jpg,GBIF,,,,,2025-11-10 01:41:48.959246
293243,Goodyera,biflora Lindl.,https://inaturalist-open-data.s3.amazonaws.com/photos/500943782/original.jpeg,GBIF,,,,,2025-11-10 02:05:45.852316
305311,xDactylodenia,x,https://oxalis.br.fgov.be/images/BR0/000/008/188/342/BR0000008188342.jpg,GBIF,,,,,2025-11-10 05:09:36.787223
201135,Ornithocephalus,ciliatus,http://sweetgum.nybg.org/images3/2041/312/00505107.jpg,GBIF,,,,,2025-11-09 03:22:05.867805
297470,Oberonia,monstruosa,http://data.huh.harvard.edu/c5782acb-06ef-40c4-bc80-52505f87d9b8/image,GBIF,,,,,2025-11-10 03:12:34.232688
151347,Disa,brevicornis Lindl.,https://inaturalist-open-data.s3.amazonaws.com/photos/465685427/original.jpeg,GBIF,South Africa,,Frank Gaude,http://creativecommons.org/licenses/by-nc/4.0/,2025-11-06 02:32:14.022202
237038,Caladenia,marginata Lindl.,https://inaturalist-open-data.s3.amazonaws.com/photos/442171238/original.jpeg,GBIF,,,,,2025-11-09 12:07:15.716228
11094,Cypripedium,parviflorum Salisb.,https://images.mobot.org/tropicosimages3/detailimages/TropicosImages2/100158000/BA8AD028-AAC7-42B1-A0A3-A099201A4531.jpg,Tropicos - Missouri Botanical Garden,,,,,2025-10-21 17:49:01.041661
174658,Didymoplexis,micradenia,https://inaturalist-open-data.s3.amazonaws.com/photos/265027599/original.jpeg,GBIF,,,,,2025-11-08 20:54:09.281205
179272,Tolumnia,variegata,https://live.staticflickr.com/65535/54383871428_ae6e30c076_b.jpg,GBIF,,,,,2025-11-08 22:02:34.622190
288330,Prosthechea,pygmaea,https://inaturalist-open-data.s3.amazonaws.com/photos/351276825/original.jpeg,GBIF,,,,,2025-11-10 00:54:12.822034
211611,Rhyncholaelia,glauca,https://inaturalist-open-data.s3.amazonaws.com/photos/455309493/original.jpg,GBIF,,,,,2025-11-09 05:50:41.055569
3135,Cattleya,species,https://inaturalist-open-data.s3.amazonaws.com/photos/350963435/original.jpeg,GBIF,Brazil,,romulossampaio,http://creativecommons.org/licenses/by-nc/4.0/,2025-10-19 13:54:41.507695
198213,Eulophia,roseovariegata,https://inaturalist-open-data.s3.amazonaws.com/photos/189023999/original.jpeg,GBIF,,,,,2025-11-09 02:40:59.147119
7231,Oncidium,sphacelatum,https://inaturalist-open-data.s3.amazonaws.com/photos/518831120/original.jpg,GBIF,Nicaragua,,Daniel Torrez Lira,http://creativecommons.org/licenses/by-nc/4.0/,2025-10-20 01:45:05.419973
296227,Caladenia,alata R.,https://inaturalist-open-data.s3.amazonaws.com/photos/552198931/original.jpg,GBIF,,,,,2025-11-10 02:53:07.374792
287689,Caladenia,validinervia,https://inaturalist-open-data.s3.amazonaws.com/photos/156832389/original.jpg,GBIF,,,,,2025-11-10 00:42:10.856703
208964,Bromheadia,ensifolia,https://medialib.naturalis.nl/file/id/L.1488301/format/large,GBIF,,,,,2025-11-09 05:10:21.771927
215991,Pterostylis,amabilis,https://inaturalist-open-data.s3.amazonaws.com/photos/464247991/original.jpeg,GBIF,,,,,2025-11-09 06:51:53.362969
215903,Thysanoglossa,organensis,http://jbrj-public-img.s3-sa-east-1.amazonaws.com/JPG/rb/1/37/2/15/01370215.jpg,GBIF,,,,,2025-11-09 06:50:57.089820
188055,Nigritella,x robatschiana,https://inaturalist-open-data.s3.amazonaws.com/photos/525655354/original.jpg,GBIF,,,,,2025-11-09 00:13:05.932939
216948,Scaphyglottis,leucantha,https://images.mobot.org/tropicosimages4/detailimages/TropicosImagesVol4/101094000/2B4B3EE4-CFD8-4B14-A68D-62CE94C64D38.jpg,GBIF,,,,,2025-11-09 07:06:49.884696
278052,Scaphyglottis,hondurensis,https://herbarium.bgbm.org/data/iiif/B100022221/manifest.json,GBIF,,,,,2025-11-09 22:26:59.997692
294067,Earina,autumnalis,https://inaturalist-open-data.s3.amazonaws.com/photos/461328555/original.jpeg,GBIF,,,,,2025-11-10 02:19:39.517694
174999,Coelogyne,pubescens,https://medialib.naturalis.nl/file/id/L.1507601/format/large,GBIF,,,,,2025-11-08 20:59:20.079736
171349,Ionopsis,longicaulis,https://inaturalist-open-data.s3.amazonaws.com/photos/111724783/original.jpg,GBIF,Mexico,,Pablo Cuevas,,2025-11-07 17:47:25.540065
148812,Disperis,renibractea Schltr.,https://inaturalist-open-data.s3.amazonaws.com/photos/472519958/original.jpeg,GBIF,South Africa,,desertnaturalist,http://creativecommons.org/licenses/by/4.0/,2025-11-06 02:20:14.275694
253020,Pterostylis,obtusa R.,https://inaturalist-open-data.s3.amazonaws.com/photos/481721841/original.jpg,GBIF,,,,,2025-11-09 16:03:59.525868
191216,Cynorkis,boinana Schltr.,https://inaturalist-open-data.s3.amazonaws.com/photos/110828919/original.jpeg,GBIF,,,,,2025-11-09 00:55:24.046100
199764,Ceratostylis,retisquama,https://medialib.naturalis.nl/file/id/L.1489542/format/large,GBIF,,,,,2025-11-09 03:04:14.743216
169386,Caladenia,pulchra,https://inaturalist-open-data.s3.amazonaws.com/photos/322710396/original.jpg,GBIF,Australia,,Felix Nicholls,,2025-11-07 16:40:12.790192
199162,Prosthechea,vespa,https://inaturalist-open-data.s3.amazonaws.com/photos/364724701/original.jpg,GBIF,,,,,2025-11-09 02:55:47.234681
221567,Dendrobium,draconis,https://inaturalist-open-data.s3.amazonaws.com/photos/501493240/original.jpeg,GBIF,,,,,2025-11-09 08:13:27.281837
211915,Tolumnia,bahamensis,https://inaturalist-open-data.s3.amazonaws.com/photos/368695062/original.jpg,GBIF,,,,,2025-11-09 05:55:02.587790
191910,Acianthus,fornicatus R.,https://inaturalist-open-data.s3.amazonaws.com/photos/493587324/original.jpg,GBIF,,,,,2025-11-09 01:06:15.377426
199763,Ceratostylis,retisquama,https://images.mobot.org/tropicosimages4/detailimages/TropicosImagesVol4/101064000/4B9E51AB-F51F-460F-8E69-AC262D70D0BE.jpg,GBIF,,,,,2025-11-09 03:04:14.738952
200251,Acineta,superba,https://inaturalist-open-data.s3.amazonaws.com/photos/347392265/original.jpeg,GBIF,,,,,2025-11-09 03:11:15.393348
186823,Hemipilia,takasago-montana Masam.,https://inaturalist-open-data.s3.amazonaws.com/photos/269477807/original.jpg,GBIF,,,,,2025-11-08 23:55:22.851174
192804,Habenaria,commelinifolia Roxb.,https://inaturalist-open-data.s3.amazonaws.com/photos/160981667/original.jpeg,GBIF,,,,,2025-11-09 01:17:38.326565
305185,Fernandezia,lanceolata,https://inaturalist-open-data.s3.amazonaws.com/photos/570785387/original.jpg,GBIF,,,,,2025-11-10 05:08:09.459682
207116,Clowesia,thylaciochila,https://inaturalist-open-data.s3.amazonaws.com/photos/215312054/original.jpg,GBIF,,,,,2025-11-09 04:41:58.422377
269723,Dactylorhiza,cordigera ssp.,https://inaturalist-open-data.s3.amazonaws.com/photos/309333410/original.jpg,GBIF,,,,,2025-11-09 19:55:23.941165
178547,Epidendrum,densifolium,http://sweetgum.nybg.org/images3/3473/600/04077648.jpg,GBIF,,,,,2025-11-08 21:52:39.544921
205562,Coelogyne,uniflora,https://inaturalist-open-data.s3.amazonaws.com/photos/513815402/original.jpg,GBIF,,,,,2025-11-09 04:20:17.118604
6736,Maxillaria,standleyi,https://images.mobot.org/tropicosimages4/detailimages/TropicosImagesVol4/101058000/B933B6F5-99A5-4805-B3F3-F92950BA7324.jpg,GBIF,Panama,,Paul H. Allen,http://creativecommons.org/licenses/by-nc-sa/3.0/,2025-10-20 01:36:26.510537
253472,Lepanthes,tipulifera,https://images.mobot.org/tropicosimages4/detailimages/TropicosImagesVol4/101191000/71F833B0-27D2-4246-83D2-FF743DE7ABB8.jpg,GBIF,,,,,2025-11-09 16:11:46.315010
208934,Ophrys,bornmuelleri M.,https://inaturalist-open-data.s3.amazonaws.com/photos/121816509/original.jpeg,GBIF,,,,,2025-11-09 05:09:42.083043
291723,Anoectochilus,formosanus Hayata,https://inaturalist-open-data.s3.amazonaws.com/photos/467776290/original.jpg,GBIF,,,,,2025-11-10 01:46:03.305817
228225,Disa,chrysostachya Sw.,https://inaturalist-open-data.s3.amazonaws.com/photos/350499477/original.jpeg,GBIF,,,,,2025-11-09 10:53:44.968069
10387,Epidendrum,dialyrhombicum,http://sweetgum.nybg.org/images3/3473/096/01045522.jpg,GBIF,Ecuador,,W. H. Camp,http://creativecommons.org/licenses/by/4.0/,2025-10-21 00:00:33.922538
5038,Bulbophyllum,lobbii,https://inaturalist-open-data.s3.amazonaws.com/photos/343050635/original.jpg,GBIF,Malaysia,,虫虫,http://creativecommons.org/licenses/by-nc/4.0/,2025-10-19 14:00:16.168007
233669,Podochilus,khasianus,http://sweetgum.nybg.org/images3/3562/438/04132329.jpg,GBIF,,,,,2025-11-09 10:58:06.938748
175499,Aerangis,gravenreuthii,https://images.mobot.org/tropicosimages3/detailimages/TropicosImageVol3/100445000/092B8158-7F05-4D4B-9DA8-5DF5AE74EB9D.jpg,GBIF,,,,,2025-11-08 21:09:03.883862
216323,Porpax,nyassana,https://d2seqvvyy3b8p2.cloudfront.net/94139c1b4f6f025c0fe5ee0f0f2d23cc.jpg,GBIF,,,,,2025-11-09 06:57:09.759530
247851,Caladenia,viridescens,https://inaturalist-open-data.s3.amazonaws.com/photos/453451570/original.jpeg,GBIF,,,,,2025-11-09 14:46:33.110985
266595,Caladenia,mentiens D.,https://inaturalist-open-data.s3.amazonaws.com/photos/443449649/original.jpeg,GBIF,,,,,2025-11-09 19:15:41.588590
196548,Stelis,velatipes,https://data.nhm.ac.uk/media/0c173bbc-c783-4b08-a1cc-23f6980859d4,GBIF,,,,,2025-11-09 02:11:01.645747
181723,Epidendrum,lockhartioides,https://cdn.floridamuseum.ufl.edu/Herbarium/e3b3f5df-7581-476f-ab1c-885f71b655d5,GBIF,,,,,2025-11-08 22:39:25.265212
281524,Disa,tripetaloides L.f.,https://inaturalist-open-data.s3.amazonaws.com/photos/461154276/original.jpg,GBIF,,,,,2025-11-09 23:15:16.416344
247938,Caladenia,gracilis R.,https://inaturalist-open-data.s3.amazonaws.com/photos/330181704/original.jpeg,GBIF,,,,,2025-11-09 14:48:47.564785
174933,Laelia,speciosa,https://inaturalist-open-data.s3.amazonaws.com/photos/480965726/original.jpeg,GBIF,,,,,2025-11-08 20:58:56.933782
227718,Epidendrum,microrigidiflorum,https://images.mobot.org/tropicosimages4/detailimages/TropicosImagesVol4/101100000/67CB594C-EAA6-4649-89C7-D2A21EA2491F.jpg,GBIF,,,,,2025-11-09 10:53:09.170094
9131,Dendrobium,lindleyi,https://inaturalist-open-data.s3.amazonaws.com/photos/550156348/original.jpg,GBIF,China,,Haocong_Cat,http://creativecommons.org/licenses/by-nc/4.0/,2025-10-20 02:24:07.741168
243065,Ophrys,fleischmannii Hayek,https://inaturalist-open-data.s3.amazonaws.com/photos/182436064/original.jpg,GBIF,,,,,2025-11-09 13:40:26.668410
255539,Thelymitra,occidentalis Jeanes,https://inaturalist-open-data.s3.amazonaws.com/photos/325699855/original.jpg,GBIF,,,,,2025-11-09 16:41:31.062166
266899,Cyclopogon,apricus,https://inaturalist-open-data.s3.amazonaws.com/photos/275653084/original.jpg,GBIF,,,,,2025-11-09 19:20:34.577590
254392,Thrixspermum,rolfei,https://d2jcv3kl45hlgi.cloudfront.net/659581f0a455308a5c87f111b74fd6e7.jpg,GBIF,,,,,2025-11-09 16:26:18.616035
200840,Campylocentrum,jamaicense,http://pictures.snsb.info/BSMvplantscoll/web/M-0198/M-0198550_20121018_112855.jpg,GBIF,,,,,2025-11-09 03:18:32.208054
218967,Campylocentrum,schiedei,https://inaturalist-open-data.s3.amazonaws.com/photos/555352868/original.jpg,GBIF,,,,,2025-11-09 07:35:07.226846
183514,Caladenia,villosissima G.,https://inaturalist-open-data.s3.amazonaws.com/photos/482893505/original.jpg,GBIF,,,,,2025-11-08 23:04:54.845514
187530,Maxillaria,pendula,https://inaturalist-open-data.s3.amazonaws.com/photos/322931334/original.jpeg,GBIF,,,,,2025-11-09 00:05:02.969444
210864,Peristylus,tentaculatus Lindl.,https://inaturalist-open-data.s3.amazonaws.com/photos/578028735/original.jpg,GBIF,,,,,2025-11-09 05:40:45.934824
193285,Maxillaria,sanguinea,https://d2jcv3kl45hlgi.cloudfront.net/ebdda66aeaa6d3f278d7682930201f2d.jpg,GBIF,,,,,2025-11-09 01:25:33.182351
300705,Chamelophyton,kegelii,https://inaturalist-open-data.s3.amazonaws.com/photos/348989740/original.jpeg,GBIF,,,,,2025-11-10 03:55:57.924002
244397,Caladenia,radiata Nicholls,https://inaturalist-open-data.s3.amazonaws.com/photos/448638138/original.jpeg,GBIF,,,,,2025-11-09 13:59:21.222884
8807,Maxillaria,paranaensis,http://jbrj-public-img.s3-sa-east-1.amazonaws.com/JPG/rb/1/28/30/20/01283020.jpg,GBIF,Brazil,,D. Araujo,Unknown,2025-10-20 02:22:38.242833
193557,Pinalia,szetschuanica,https://d2seqvvyy3b8p2.cloudfront.net/ee80557bc7ede8a244d972ed78654cfc.jpg,GBIF,,,,,2025-11-09 01:28:35.600947
244569,Dendrobium,jonesii,https://inaturalist-open-data.s3.amazonaws.com/photos/552578058/original.jpg,GBIF,,,,,2025-11-09 14:01:20.080177
237289,Bletia,concolor,http://data.huh.harvard.edu/8435e1dc-2ed3-4635-86d8-2c011125341f/image,GBIF,,,,,2025-11-09 12:12:24.294890
281189,Bulbophyllum,napellii,https://images.mobot.org/tropicosimages4/detailimages/TropicosImagesVol4/101053000/E1888C4E-0574-4ACF-BD0E-814941343114.jpg,GBIF,,,,,2025-11-09 23:06:48.497059
278594,Vanilla,imperialis Kraenzl.,https://collections.nmnh.si.edu/media/?i=13053628&h=2000,GBIF,,,,,2025-11-09 22:27:19.357640
220379,Sarcoglottis,matogrossensis,https://assets.rjb.csic.es/fileget?coll=Plantas+Vasculares&type=O&filename=sp63754839315154292232.att.jpg&downloadname=MA-01-00737064,GBIF,,,,,2025-11-09 07:54:17.588606
232557,Stelis,leinigii,https://images.mobot.org/tropicosimages4/detailimages/TropicosImagesVol4/101080000/9AFE87B1-3C8E-4A53-A1EC-EFCE2E9D8592.jpg,GBIF,,,,,2025-11-09 10:57:05.336736
189540,Jumellea,pailleri,https://images.mobot.org/tropicosimages3/detailimages/TropicosImageVol3/100777000/3751EB42-6E77-4D1B-BEE1-432185F15860.jpg,GBIF,,,,,2025-11-09 00:29:29.935781
285000,Neottia,banksiana,https://inaturalist-open-data.s3.amazonaws.com/photos/502124834/original.jpg,GBIF,,,,,2025-11-10 00:04:36.591800
200280,Govenia,utriculata,https://inaturalist-open-data.s3.amazonaws.com/photos/574950085/original.jpg,GBIF,,,,,2025-11-09 03:11:31.523000
223002,Diuris,oporina D.,https://inaturalist-open-data.s3.amazonaws.com/photos/255246137/original.jpg,GBIF,,,,,2025-11-09 08:36:26.820474
142300,Vanilla,grandifolia Lindl.,https://images.mobot.org/tropicosimages4/detailimages/TropicosImagesVol4/101061000/CDFE1210-4725-4687-992D-94D2AE43885B.jpg,GBIF,Gabon,,J. J. Wieringa|Thomas Nzabi|Jean-Noël Boussiengui,http://creativecommons.org/licenses/by-nc-sa/3.0/,2025-11-06 01:33:34.058639
180425,Lepanthes,bradei,https://object.jacq.org/europeana/W/128407.jpg,GBIF,,,,,2025-11-08 22:19:36.857786
289331,Gavilea,platyantha Rchb.f.,https://inaturalist-open-data.s3.amazonaws.com/photos/582224988/original.jpg,GBIF,,,,,2025-11-10 01:11:55.603779
189389,Liparis,odorata,https://inaturalist-open-data.s3.amazonaws.com/photos/536438483/original.jpg,GBIF,,,,,2025-11-09 00:27:55.118855
180221,Epidendrum,pomecense,https://inaturalist-open-data.s3.amazonaws.com/photos/247548696/original.jpeg,GBIF,,,,,2025-11-08 22:14:51.349749
249213,Caladenia,fuscata,https://inaturalist-open-data.s3.amazonaws.com/photos/532897312/original.jpg,GBIF,,,,,2025-11-09 15:10:35.296123
274261,Coelogyne,recurva,"https://iiif.rbge.org.uk/herb/iiif/E00742996/full/300,/0/default.jpg",GBIF,,,,,2025-11-09 22:23:28.804910
213704,Genoplesium,capparinum D.,https://inaturalist-open-data.s3.amazonaws.com/photos/203747574/original.jpg,GBIF,,,,,2025-11-09 06:25:17.250704
182211,Aeranthes,caudata,https://inaturalist-open-data.s3.amazonaws.com/photos/13817051/original.jpeg,GBIF,,,,,2025-11-08 22:45:30.998107
176761,Podochilus,plumosus,http://data.huh.harvard.edu/2e09e8bf-da28-4292-8b0e-de4e121d05e3/image,GBIF,,,,,2025-11-08 21:25:42.848806
248941,Dendrobium,hendersonii,https://medialib.naturalis.nl/file/id/L.1498614/format/large,GBIF,,,,,2025-11-09 15:03:04.469358
200509,Angraecum,rhynchoglossum,https://inaturalist-open-data.s3.amazonaws.com/photos/462524381/original.jpeg,GBIF,,,,,2025-11-09 03:15:13.458680
5007,Cattleya,intermedia,https://inaturalist-open-data.s3.amazonaws.com/photos/183284973/original.jpeg,GBIF,Brazil,,Luís A. Funez,http://creativecommons.org/licenses/by-nc/4.0/,2025-10-19 14:00:04.228473
165179,Peristylus,elbertii J.,https://medialib.naturalis.nl/file/id/L0061847_MLN/format/large,GBIF,Indonesia,,,,2025-11-07 01:58:39.167709
236592,Phreatia,prorepens,http://data.huh.harvard.edu/f11cf8e9-dd82-4814-bd56-ef00832c0ce1/image,GBIF,,,,,2025-11-09 11:44:51.459092
265326,Bulbophyllum,nematocaulon,http://data.huh.harvard.edu/0d595981-414e-4321-a17e-04a08628b9bb/image,GBIF,,,,,2025-11-09 18:56:06.660418
248383,Spathoglottis,eburnea,http://www.aubot.dk/specimenimages/AAU_24_2006/DSCN7571.jpg,GBIF,,,,,2025-11-09 14:55:23.841200
231197,Octomeria,pusilla,http://jbrj-public-img.s3-sa-east-1.amazonaws.com/JPG/rb/0/56/82/31/00568231.jpg,GBIF,,,,,2025-11-09 10:55:44.068346
254365,Thrixspermum,agusanense,https://iiif-manifest.oxalis.br.fgov.be/specimen/BR0000032877328/manifest,GBIF,,,,,2025-11-09 16:25:15.762894
220447,Epidendrum,xylostachyum,https://iiif-manifest.oxalis.br.fgov.be/specimen/BR0000013083090/manifest,GBIF,,,,,2025-11-09 07:54:57.124642
193033,Odontochilus,lanceolatus Lindl.,https://inaturalist-open-data.s3.amazonaws.com/photos/557505686/original.jpg,GBIF,,,,,2025-11-09 01:22:14.949319
9584,Maxillaria,violaceopunctata,https://inaturalist-open-data.s3.amazonaws.com/photos/131562584/original.jpeg,GBIF,Peru,,Riley Fortier,http://creativecommons.org/licenses/by-nc/4.0/,2025-10-20 02:45:19.269293
227701,Angraecum,patens,https://inaturalist-open-data.s3.amazonaws.com/photos/245506578/original.jpeg,GBIF,,,,,2025-11-09 10:53:08.247664
243448,Catasetum,x,http://jbrj-public.s3.amazonaws.com/fsi/server?type=image&source=DZI/alcb/alcb/0/0/89/51/alcb00008951.dzi,GBIF,,,,,2025-11-09 13:46:31.386111
200694,Veyretia,neuroptera,http://mediaphoto.mnhn.fr/media/1442601386451A77Ku11rjA7kWjZU,GBIF,,,,,2025-11-09 03:17:03.581258
220301,Microcoelia,konduensis,https://medialib.naturalis.nl/file/id/WAG.1138066/format/large,GBIF,,,,,2025-11-09 07:53:06.534284
278941,Dichaea,rendlei,http://sweetgum.nybg.org/images3/3485/077/04069981.jpg,GBIF,,,,,2025-11-09 22:27:43.010147
190444,Platanthera,lacera Michx.,https://inaturalist-open-data.s3.amazonaws.com/photos/510291273/original.jpg,GBIF,,,,,2025-11-09 00:45:13.510067
217759,Vanilla,karen-christianae,https://inaturalist-open-data.s3.amazonaws.com/photos/341912848/original.jpeg,GBIF,,,,,2025-11-09 07:18:19.106713
302491,Stelis,dialissa,http://data.huh.harvard.edu/07da5f58-0e28-4554-a93c-686d0d961f35/image,GBIF,,,,,2025-11-10 04:23:04.963457
221972,Platylepis,commelynae Lindl.,http://mediaphoto.mnhn.fr/media/1441450871536i9Q5W0wCG8j3YWZi,GBIF,,,,,2025-11-09 08:21:23.261174
236972,Dendrobium,rigidum,https://inaturalist-open-data.s3.amazonaws.com/photos/302897478/original.jpeg,GBIF,,,,,2025-11-09 12:04:45.747843
219506,Caladenia,hopperiana,https://inaturalist-open-data.s3.amazonaws.com/photos/385050489/original.jpeg,GBIF,,,,,2025-11-09 07:43:12.137529
169175,Porpax,pusilla,https://plant.depo.msu.ru/open/public/item/MW0751283/img/0.jpg?gbif,GBIF,Viet Nam,,Kuznetsov A. N.|S.P. Kuznetsova == S.P. Kuznetsova|A.N. Demidova == A.N. Demidova|N.G. Prilepskiy == N.G. Prilepsky,,2025-11-07 16:39:25.309689
224910,Aa,mathewsii,http://fm-digital-assets.fieldmuseum.org/1564/491/V0435567F.jpg,GBIF,,,,,2025-11-09 09:03:49.266507
2435,Paphiopedilum,Pfitzer,https://inaturalist-open-data.s3.amazonaws.com/photos/138929204/original.jpeg,GBIF,Philippines,,Justin Hawthorne,http://creativecommons.org/licenses/by-nc/4.0/,2025-10-19 13:10:00.388065
245900,Gomphichis,adnata Schltr.,https://inaturalist-open-data.s3.amazonaws.com/photos/436774418/original.jpg,GBIF,,,,,2025-11-09 14:19:34.791774
225956,Pleurothallis,giraldoi,https://inaturalist-open-data.s3.amazonaws.com/photos/173897386/original.jpeg,GBIF,,,,,2025-11-09 09:10:11.749938
278152,Coelogyne,rubra,https://inaturalist-open-data.s3.amazonaws.com/photos/341415714/original.jpg,GBIF,,,,,2025-11-09 22:27:01.275841
209571,Stelis,mandonii,http://pictures.snsb.info/GOETvplantscoll/web/GOET0086/GOET008655_20110914_145226.jpg,GBIF,,,,,2025-11-09 05:19:28.586435
272251,Gastrochilus,acaulis,https://d2jcv3kl45hlgi.cloudfront.net/04081585a0cc10c8165cdf524c49254f.jpg,GBIF,,,,,2025-11-09 22:21:23.255701
295061,Stelis,maxima,https://images.mobot.org/tropicosimages4/detailimages/TropicosImagesVol4/101080000/3B2D1C4E-F4ED-4865-9F21-7C5F13E419AC.jpg,GBIF,,,,,2025-11-10 02:36:42.905589
246501,Anathallis,aristulata,https://d2jcv3kl45hlgi.cloudfront.net/a5660adb9b4d5ac42c88bdbf2376ddd6.jpg,GBIF,,,,,2025-11-09 14:27:30.931448
253455,Dendrobium,montis-yulei,http://repo.rbge.org.uk/image_server.php?kind=1500&path_base64=L2l0ZW1faW1hZ2VzL2FjY2Vzc2lvbnMvMTkvNjgvMTUvMjQvUGhvdG9fNTM2Yzk5ZmQ4ZDZlYy5qcGc=,GBIF,,,,,2025-11-09 16:11:38.632335
299186,Ophrys,bombyliflora Link,https://inaturalist-open-data.s3.amazonaws.com/photos/472783716/original.jpg,GBIF,,,,,2025-11-10 03:35:20.360190
222126,Thelymitra,sargentii R.,https://inaturalist-open-data.s3.amazonaws.com/photos/441196203/original.jpeg,GBIF,,,,,2025-11-09 08:23:30.598371
471,Cleistesiopsis,oricamporum P.,https://inaturalist-open-data.s3.amazonaws.com/photos/367326537/original.jpg,GBIF,United States of America,,Sarah Wetterer,http://creativecommons.org/licenses/by-nc/4.0/,2025-10-19 08:38:07.549495
303449,Pinalia,chrysocardium,http://mediaphoto.mnhn.fr/media/1441306012277lNK6VdMgRbFWr1YH,GBIF,,,,,2025-11-10 04:39:12.587816
271952,Maxillaria,ringens,https://inaturalist-open-data.s3.amazonaws.com/photos/306936981/original.jpg,GBIF,,,,,2025-11-09 22:21:07.097328
256108,Phreatia,luzoniensis,http://mediaphoto.mnhn.fr/media/144130499799467gA3cdXsU8ibd6w,GBIF,,,,,2025-11-09 16:50:21.286394
178303,Coelogyne,peltastes,https://object.jacq.org/europeana/W/172836.jpg,GBIF,,,,,2025-11-08 21:47:46.939129
263436,Grosourdya,decipiens,https://medialib.naturalis.nl/file/id/U.1475025/format/large,GBIF,,,,,2025-11-09 18:26:45.724727
213272,Cattleya,lawrenceana,https://images.mobot.org/tropicosimages4/detailimages/TropicosImagesVol4/101060000/9165FA79-E1DE-446F-BF23-98D2125E4762.jpg,GBIF,,,,,2025-11-09 06:17:45.419436
224684,Disa,maculomarronina McMurtry,https://inaturalist-open-data.s3.amazonaws.com/photos/487541907/original.jpeg,GBIF,,,,,2025-11-09 09:01:33.957053
305052,Cattleya,tenebrosa,https://d2jcv3kl45hlgi.cloudfront.net/92bbf34e12f9029701749baed3985f60.jpg,GBIF,,,,,2025-11-10 05:05:49.902293
218344,Habenaria,rechingeri Renz,https://medialib.naturalis.nl/file/id/L.1516556/format/large,GBIF,,,,,2025-11-09 07:27:50.284727
256619,Crepidium,reineckeanum,http://data.landcareresearch.co.nz/Image/5MBE/NZVH,GBIF,,,,,2025-11-09 16:55:39.245558
277751,Acanthophippium,gougahense,http://data.huh.harvard.edu/499076fd-ac5a-4e1c-898d-7b5f93481f09/image,GBIF,,,,,2025-11-09 22:26:50.471170
195615,Liparis,cathcartii,https://iiif-manifest.oxalis.br.fgov.be/specimen/BR0000033163680/manifest,GBIF,,,,,2025-11-09 01:58:35.895950
299624,Catasetum,saccatum,https://inaturalist-open-data.s3.amazonaws.com/photos/425392722/original.jpeg,GBIF,,,,,2025-11-10 03:40:05.834308
298026,Disperis,tysonii Bolus,https://inaturalist-open-data.s3.amazonaws.com/photos/471035766/original.jpeg,GBIF,,,,,2025-11-10 03:18:56.002404
255081,Platanthera,x vossii,https://quod.lib.umich.edu/cgi/i/image/api/image/herb00ic:1115260:MICH-V-1115260/full/res:0/0/native.jpg,GBIF,,,,,2025-11-09 16:37:00.423271
181409,Genoplesium,anthracinum D.,https://inaturalist-open-data.s3.amazonaws.com/photos/366321891/original.jpeg,GBIF,,,,,2025-11-08 22:35:34.992577
295028,Scaphyglottis,longicaulis,https://images.mobot.org/tropicosimages4/detailimages/TropicosImagesVol4/101090000/93489750-5B02-47A9-AD61-1635D040DAB7.jpg,GBIF,,,,,2025-11-10 02:36:18.532910
180128,Coelogyne,nitida,https://inaturalist-open-data.s3.amazonaws.com/photos/510724313/original.jpg,GBIF,,,,,2025-11-08 22:14:04.480841
307180,Eria,javanica,https://inaturalist-open-data.s3.amazonaws.com/photos/222057730/original.jpeg,GBIF,,,,,2025-11-10 05:28:26.157238
176874,Ophrys,episcopalis Poir.,https://storage.osca.science/hdn/HNS-SZB/51001-52000/SZB-51074.jpg,GBIF,,,,,2025-11-08 21:27:25.633870
170605,Caladenia,luteola,https://inaturalist-open-data.s3.amazonaws.com/photos/319015292/original.jpeg,GBIF,Australia,,ramcad1,,2025-11-07 16:45:24.962376
221400,Cynorkis,lilacina ssp.,http://mediaphoto.mnhn.fr/media/1540565168789ONgZe2cZCiwRlqpu,GBIF,,,,,2025-11-09 08:10:24.920036
199251,Dendrobium,macraporum,https://medialib.naturalis.nl/file/id/U.1460488/format/large,GBIF,,,,,2025-11-09 02:56:42.713203
141007,Epistephium,garayi Szlach.,http://data.huh.harvard.edu/03794e96-fbe5-41db-aac8-0e484900f5dd/image,GBIF,Colombia,,L. A. Garay,https://huh.harvard.edu/access-digital-reproductions-works-public-domain,2025-11-06 01:25:56.637713
272180,Dactylorhiza,iberica,https://inaturalist-open-data.s3.amazonaws.com/photos/485890071/original.jpeg,GBIF,,,,,2025-11-09 22:21:21.114115
208648,Porpax,jerdoniana,https://inaturalist-open-data.s3.amazonaws.com/photos/413374631/original.jpeg,GBIF,,,,,2025-11-09 05:05:52.359550
174894,Aeridostachya,macrophylla,http://data.huh.harvard.edu/4a524b87-15d5-4922-825c-f91b69971560/image,GBIF,,,,,2025-11-08 20:57:54.083536
9688,Dendrobium,nobile,https://collections.nmnh.si.edu/media/?i=10837730&h=2000,GBIF,,,,Usage Conditions Apply,2025-10-20 19:35:33.466560
268402,Caladenia,tessellata Fitzg.,https://inaturalist-open-data.s3.amazonaws.com/photos/572160162/original.jpg,GBIF,,,,,2025-11-09 19:44:47.340480
300859,Gomesa,gomezoides,http://jbrj-public-img.s3-sa-east-1.amazonaws.com/JPG/rb/0/57/83/78/00578378.jpg,GBIF,,,,,2025-11-10 03:59:08.564574
198960,Caladenia,grampiana D.,https://inaturalist-open-data.s3.amazonaws.com/photos/565792530/original.jpg,GBIF,,,,,2025-11-09 02:53:25.070841
214948,Caucaea,azuayensis,https://inaturalist-open-data.s3.amazonaws.com/photos/414004436/original.jpeg,GBIF,,,,,2025-11-09 06:37:05.398063
211057,Dichaea,camaridioides,https://inaturalist-open-data.s3.amazonaws.com/photos/461915989/original.jpeg,GBIF,,,,,2025-11-09 05:43:16.353176
9812,Dendrobium,nobile,http://data.huh.harvard.edu/bf40a277-c786-486f-a4a9-7f67a64668aa/image,GBIF,United States of America,,O. Ames,https://huh.harvard.edu/access-digital-reproductions-works-public-domain,2025-10-20 19:35:33.466560
298447,Dichaea,latifolia,http://sweetgum.nybg.org/images3/140/487/v-066-00056245.jpg,GBIF,,,,,2025-11-10 03:23:33.799085
267491,Bipinnula,polysyka Kraenzl.,https://inaturalist-open-data.s3.amazonaws.com/photos/244111046/original.jpeg,GBIF,,,,,2025-11-09 19:30:21.797339
224007,Scaphyglottis,pulchella,http://fm-digital-assets.fieldmuseum.org/990/150/ORCH_scap_pulc_1662982.jpg,GBIF,,,,,2025-11-09 08:51:46.961061
2965,Cattleya,species,https://inaturalist-open-data.s3.amazonaws.com/photos/478445988/original.jpg,GBIF,Guyana,,Peter L Achuff,http://creativecommons.org/licenses/by/4.0/,2025-10-19 13:54:41.507695
213186,Cattleya,rupestris,https://inaturalist-open-data.s3.amazonaws.com/photos/413542792/original.jpeg,GBIF,,,,,2025-11-09 06:16:58.594448
246261,Coelogyne,flos-susannae,https://d2jcv3kl45hlgi.cloudfront.net/943d697601721bb0120da43314966ec9.jpg,GBIF,,,,,2025-11-09 14:23:56.010237
279926,Bulbophyllum,lorentzianum,https://medialib.naturalis.nl/file/id/L.2108664/format/large,GBIF,,,,,2025-11-09 22:36:03.211089
228296,Cylindrolobus,bicolor,http://mediaphoto.mnhn.fr/media/14423556760163l0fU9vszD7roawS,GBIF,,,,,2025-11-09 10:53:50.463402
230738,Corybas,boridiensis P.,https://d2jcv3kl45hlgi.cloudfront.net/e6c3c4228564c3a882bd3b18418d6340.jpg,GBIF,,,,,2025-11-09 10:55:17.996566
145601,Paphiopedilum,bullenianum Rchb.f.,http://data.huh.harvard.edu/79703797-e9ec-41fa-9112-549272dc8343/image,GBIF,Malaysia,,M. Haniff,https://huh.harvard.edu/access-digital-reproductions-works-public-domain,2025-11-06 01:56:40.218919
200480,Goodyera,novembrilis Rchb.f.,"https://iiif.rbge.org.uk/herb/iiif/E00079439/full/300,/0/default.jpg",GBIF,,,,,2025-11-09 03:14:25.560868
298200,Corybas,macranthus Hook.f.,https://inaturalist-open-data.s3.amazonaws.com/photos/569317840/original.jpg,GBIF,,,,,2025-11-10 03:20:39.967021
195511,Habenaria,baeuerlenii,http://data.huh.harvard.edu/aea6749f-b06f-4923-a49f-bce79ed6509a/image,GBIF,,,,,2025-11-09 01:57:24.218145
175479,Aerangis,gravenreuthii,https://images.mobot.org/tropicosimages3/detailimages/TropicosImageVol3/100444000/D0ABA966-8409-45CA-BF31-21820A112E5A.jpg,GBIF,,,,,2025-11-08 21:09:03.800194
246843,Blepharoglossum,grandiflorum,https://medialib.naturalis.nl/file/id/L.1513476/format/large,GBIF,,,,,2025-11-09 14:32:47.569273
550,Cleistes,Rich.,https://inaturalist-open-data.s3.amazonaws.com/photos/517140689/original.jpg,GBIF,Colombia,,Fundacion ProAves,http://creativecommons.org/licenses/by-nc/4.0/,2025-10-19 08:38:18.329517
244854,Collabium,nebulosum,https://medialib.naturalis.nl/file/id/L.1497220/format/large,GBIF,,,,,2025-11-09 14:05:41.926653
273146,Thrixspermum,anceps,https://inaturalist-open-data.s3.amazonaws.com/photos/84145260/original.jpeg,GBIF,,,,,2025-11-09 22:22:06.960969
303706,Stichorkis,cumingii,https://medialib.naturalis.nl/file/id/L.1513549/format/large,GBIF,,,,,2025-11-10 04:43:41.327987
244420,Glomera,distichifolia,http://data.huh.harvard.edu/c810df51-9af8-42da-87d4-eb464771d206/image,GBIF,,,,,2025-11-09 13:59:36.721526
209750,Bulbophyllum,ochroleucum,https://medialib.naturalis.nl/file/id/L.1484966/format/large,GBIF,,,,,2025-11-09 05:22:31.575920
257285,Pterostylis,arbuscula,https://inaturalist-open-data.s3.amazonaws.com/photos/543016378/original.jpg,GBIF,,,,,2025-11-09 17:05:03.251308
8719,Bulbophyllum,linearilabium,https://medialib.naturalis.nl/file/id/L0058209_MLN/format/large,GBIF,Indonesia,,Feuilletau de Bruyn WKH,http://creativecommons.org/publicdomain/zero/1.0/,2025-10-20 02:01:17.449048
190624,Platystele,pedicellaris,https://inaturalist-open-data.s3.amazonaws.com/photos/343818972/original.jpeg,GBIF,,,,,2025-11-09 00:46:40.709242
225930,Cynorkis,gabonensis Summerh.,http://mediaphoto.mnhn.fr/media/1442489135730moiF2ijkpYp90ox5,GBIF,,,,,2025-11-09 09:09:56.231743
179528,Dendrobium,pugioniforme,https://inaturalist-open-data.s3.amazonaws.com/photos/487245694/original.jpg,GBIF,,,,,2025-11-08 22:05:21.059295
149908,Corycium,alticola Parkman,http://www.westafricanplants.senckenberg.de/images/pictures/orch_corycium_alticola-_naudes_nek_114_cammcm_5079_608933.jpg,GBIF,South Africa,,,All rights reserved; for terms and conditions see http://www.africanplants.senckenberg.de/root/index.php?page_id=84,2025-11-06 02:26:25.178613
8257,Epidendrum,paniculatum,http://sweetgum.nybg.org/images3/3519/154/04078312.jpg,GBIF,Peru,,A. H. Gentry,http://creativecommons.org/licenses/by/4.0/,2025-10-20 01:57:58.467496
301835,Spathoglottis,plicata,https://inaturalist-open-data.s3.amazonaws.com/photos/463555686/original.jpg,GBIF,,,,,2025-11-10 04:14:05.128877
227898,Microcoelia,cornuta,https://inaturalist-open-data.s3.amazonaws.com/photos/28890042/original.jpeg,GBIF,,,,,2025-11-09 10:53:18.403455
8974,Epidendrum,amphistomum,https://inaturalist-open-data.s3.amazonaws.com/photos/361895422/original.jpg,GBIF,United States of America,,David McCorquodale,http://creativecommons.org/licenses/by/4.0/,2025-10-20 02:23:38.548775
219846,Diuris,calcicola R.,https://inaturalist-open-data.s3.amazonaws.com/photos/228396922/original.jpeg,GBIF,,,,,2025-11-09 07:46:53.889501
178222,Cycnoches,pentadactylon,https://inaturalist-open-data.s3.amazonaws.com/photos/363002898/original.jpg,GBIF,,,,,2025-11-08 21:47:06.740611
77,Pogonia,Juss.,https://inaturalist-open-data.s3.amazonaws.com/photos/486068640/original.jpeg,GBIF,United States of America,,willingarden,http://creativecommons.org/licenses/by/4.0/,2025-10-19 08:22:25.342004
167357,Caladenia,varians Hopper,https://inaturalist-open-data.s3.amazonaws.com/photos/567243096/original.jpg,GBIF,Australia,,Izzyseizeit,,2025-11-07 07:02:48.462689
150564,Disa,aconitoides ssp.,https://inaturalist-open-data.s3.amazonaws.com/photos/452012301/original.jpeg,GBIF,South Africa,,Jenny Potgieter,http://creativecommons.org/licenses/by-nc/4.0/,2025-11-06 02:29:12.430163
254896,Crepidium,balabacense,http://data.huh.harvard.edu/dba18967-09e2-4acf-b922-a18d4258227d/image,GBIF,,,,,2025-11-09 16:34:37.884706
301299,Epidendrum,platystigma,http://data.huh.harvard.edu/1ba76dc4-ed45-420b-9458-f94873c7e7a8/image,GBIF,,,,,2025-11-10 04:07:04.300387
256241,Dendrobium,cumulatum,http://data.huh.harvard.edu/a948b773-596f-4208-ae43-d7bd371c3a3c/image,GBIF,,,,,2025-11-09 16:51:17.308312
204098,Coelogyne,complanata,https://inaturalist-open-data.s3.amazonaws.com/photos/421456528/original.jpg,GBIF,,,,,2025-11-09 04:03:12.338285
222600,Liparis,perrieri,http://mediaphoto.mnhn.fr/media/1441306801681NPzuZfhfN2CIT7qL,GBIF,,,,,2025-11-09 08:30:29.879541
235588,Stellamaris,pergrata,https://inaturalist-open-data.s3.amazonaws.com/photos/360634610/original.jpeg,GBIF,,,,,2025-11-09 11:19:55.647901
256486,Acianthera,strupifolia,https://inaturalist-open-data.s3.amazonaws.com/photos/397175469/original.jpeg,GBIF,,,,,2025-11-09 16:54:51.883516
277847,Erycina,echinata,https://inaturalist-open-data.s3.amazonaws.com/photos/187101014/original.jpeg,GBIF,,,,,2025-11-09 22:26:53.771201
250841,Maxillaria,mapiriensis,http://jbrj-public-img.s3-sa-east-1.amazonaws.com/JPG/rb/0/79/69/14/00796914.jpg,GBIF,,,,,2025-11-09 15:33:19.906809
288919,Disperis,bodkinii Bolus,https://inaturalist-open-data.s3.amazonaws.com/photos/414551990/original.jpeg,GBIF,,,,,2025-11-10 01:05:41.956169
223979,Pinalia,densa,https://medialib.naturalis.nl/file/id/L.1510420/format/large,GBIF,,,,,2025-11-09 08:50:51.256315
141888,Vanilla,bahiana Hoehne,https://inaturalist-open-data.s3.amazonaws.com/photos/473168041/original.jpg,GBIF,Colombia,,candelabroaureo,http://creativecommons.org/licenses/by-nc/4.0/,2025-11-06 01:31:24.627222
257334,Epidendrum,calanthum,https://inaturalist-open-data.s3.amazonaws.com/photos/571992131/original.jpg,GBIF,,,,,2025-11-09 17:05:27.935604
266074,Calanthe,otuhanica,https://d2jcv3kl45hlgi.cloudfront.net/717898c60b8d161c2c3648c28ca7a4e0.jpg,GBIF,,,,,2025-11-09 19:06:41.530744
299021,Habenaria,hamata Barb.,https://inaturalist-open-data.s3.amazonaws.com/photos/382389649/original.jpeg,GBIF,,,,,2025-11-10 03:34:08.648124
288709,Chiloglottis,gunnii Lindl.,https://inaturalist-open-data.s3.amazonaws.com/photos/445615344/original.jpeg,GBIF,,,,,2025-11-10 01:02:00.460554
216984,Zeuxine,ballii P.,https://d2seqvvyy3b8p2.cloudfront.net/aaae6304e061050ecda2491a4b3fb210.jpg,GBIF,,,,,2025-11-09 07:07:20.419089
279219,Platanthera,mandarinorum,https://inaturalist-open-data.s3.amazonaws.com/photos/536966025/original.jpg,GBIF,,,,,2025-11-09 22:28:13.378556
294450,Govenia,quadriplicata,https://inaturalist-open-data.s3.amazonaws.com/photos/85191405/original.jpg,GBIF,,,,,2025-11-10 02:26:00.729658
253116,Spiranthes,vernalis,https://inaturalist-open-data.s3.amazonaws.com/photos/468081069/original.jpeg,GBIF,,,,,2025-11-09 16:06:06.546219
180487,Funkiella,minutiflora,https://inaturalist-open-data.s3.amazonaws.com/photos/462980631/original.jpg,GBIF,,,,,2025-11-08 22:20:24.508785
298896,Thelymitra,antennifera Lindl.,https://inaturalist-open-data.s3.amazonaws.com/photos/553623396/original.jpg,GBIF,,,,,2025-11-10 03:31:14.134818
8949,Epidendrum,amphistomum,https://inaturalist-open-data.s3.amazonaws.com/photos/350716900/original.jpg,GBIF,United States of America,,Logan Crees,http://creativecommons.org/licenses/by-nc/4.0/,2025-10-20 02:23:38.548775
257502,Promenaea,stapelioides,https://inaturalist-open-data.s3.amazonaws.com/photos/252579739/original.jpeg,GBIF,,,,,2025-11-09 17:07:34.828205
180437,Anacamptis,pyramidalis L.,https://inaturalist-open-data.s3.amazonaws.com/photos/514077244/original.jpg,GBIF,,,,,2025-11-08 22:19:52.559622
295346,Ancistrorhynchus,cephalotes,https://images.mobot.org/tropicosimages3/detailimages/TropicosImages2/100301000/E85D2901-4AB7-4DDD-8DAA-058A1BFDA7AA.jpg,GBIF,,,,,2025-11-10 02:40:09.370667
299648,Ophrys,speculum Link,https://observation.org/photos/111346287.jpg,GBIF,,,,,2025-11-10 03:40:38.333936
1750,Cypripedium,x andrewsii,https://inaturalist-open-data.s3.amazonaws.com/photos/111506990/original.jpeg,GBIF,Canada,,R from Canada,http://creativecommons.org/licenses/by-nc/4.0/,2025-10-19 11:20:44.318985
279055,Bryobium,hyacinthoides,http://data.huh.harvard.edu/65ab6a29-aa29-44d4-9a73-55e3b46990a8/image,GBIF,,,,,2025-11-09 22:27:58.753188
282550,Blepharoglossum,pallidum,http://data.huh.harvard.edu/d678622b-bfd5-42ac-8a4a-fac8070ad4f6/image,GBIF,,,,,2025-11-09 23:47:12.764016
205059,Phaius,tankervilleae,https://inaturalist-open-data.s3.amazonaws.com/photos/467518126/original.jpeg,GBIF,,,,,2025-11-09 04:14:12.277967
295139,Cuitlauzina,egertonii,https://images.mobot.org/tropicosimages4/detailimages/TropicosImagesVol4/101075000/0DBE3714-1A38-45CE-814B-F41033AF5F4D.jpg,GBIF,,,,,2025-11-10 02:37:22.579551
257749,Porpax,braccata,https://inaturalist-open-data.s3.amazonaws.com/photos/42156299/original.jpeg,GBIF,,,,,2025-11-09 17:10:04.874722
279493,Acianthera,tricarinata,http://jbrj-public-img.s3-sa-east-1.amazonaws.com/JPG/rb/1/12/58/80/01125880.jpg,GBIF,,,,,2025-11-09 22:28:36.033919
281486,Brachycorythis,tanganyikensis Summerh.,http://data.huh.harvard.edu/a1682fd3-8b63-4c0a-b3b9-0608ce7b26af/image,GBIF,,,,,2025-11-09 23:13:40.736176
195628,Ophrys,murbeckii H.,https://inaturalist-open-data.s3.amazonaws.com/photos/471601649/original.jpg,GBIF,,,,,2025-11-09 01:58:51.876943
2531,Maxillaria,variabilis,https://inaturalist-open-data.s3.amazonaws.com/photos/126229418/original.jpeg,GBIF,Mexico,,Rosalba,http://creativecommons.org/licenses/by-nc/4.0/,2025-10-19 13:53:26.328101
295269,Aerangis,hyaloides,https://inaturalist-open-data.s3.amazonaws.com/photos/4835314/original.jpeg,GBIF,,,,,2025-11-10 02:39:05.774243
304973,Tridactyle,cruciformis,https://oxalis.br.fgov.be/images/BR0/000/021/818/714/BR0000021818714.jpg,GBIF,,,,,2025-11-10 05:05:23.157978
221636,Aspasia,epidendroides,https://inaturalist-open-data.s3.amazonaws.com/photos/477628307/original.jpeg,GBIF,,,,,2025-11-09 08:14:54.127396
191095,Risleya,atropurpurea,https://inaturalist-open-data.s3.amazonaws.com/photos/533320783/original.jpg,GBIF,,,,,2025-11-09 00:53:40.733857
175505,Eleorchis,japonica,https://inaturalist-open-data.s3.amazonaws.com/photos/525567565/original.jpg,GBIF,,,,,2025-11-08 21:09:11.503731
202823,Epidendrum,urbanianum,https://inaturalist-open-data.s3.amazonaws.com/photos/572979159/original.jpg,GBIF,,,,,2025-11-09 03:47:19.657967
220182,Liparis,sasakii,https://inaturalist-open-data.s3.amazonaws.com/photos/200279188/original.jpeg,GBIF,,,,,2025-11-09 07:51:31.553730
4438,Cymbidium,goeringii,https://inaturalist-open-data.s3.amazonaws.com/photos/476053687/original.jpeg,GBIF,China,,李博恒,http://creativecommons.org/licenses/by-nc/4.0/,2025-10-19 13:59:14.469672
6641,Maxillaria,luteoalba,http://mediaphoto.mnhn.fr/media/1441306145625lQjGmCXZh40NjeJz,GBIF,Venezuela (Bolivarian Republic of),,"Schlim, L.J.",http://creativecommons.org/licenses/by/4.0/,2025-10-20 01:27:19.961656
288814,Pabstiella,alligatorifera,http://jbrj-public-img.s3-sa-east-1.amazonaws.com/JPG/rb/0/25/90/55/00259055.jpg,GBIF,,,,,2025-11-10 01:03:51.223215
208519,Ophrys,x quadriloba,https://inaturalist-open-data.s3.amazonaws.com/photos/471884002/original.jpeg,GBIF,,,,,2025-11-09 05:03:21.861908
221775,Stelis,majorella,https://images.mobot.org/tropicosimages3/detailimages/TropicosImages2/100231000/D086E27C-A24D-49B2-BD3D-4528EB34897E.jpg,GBIF,,,,,2025-11-09 08:16:06.004787
288897,Pleurothallis,dewildei,https://inaturalist-open-data.s3.amazonaws.com/photos/352816312/original.jpeg,GBIF,,,,,2025-11-10 01:05:34.283819
146802,Paphiopedilum,x kimballianum,http://data.huh.harvard.edu/d400f6f9-4ebf-45e0-88f5-027027688ea5/image,GBIF,United States of America,,O. Ames,https://huh.harvard.edu/access-digital-reproductions-works-public-domain,2025-11-06 02:06:21.366480
178409,Pleurothallis,ripleyi,https://inaturalist-open-data.s3.amazonaws.com/photos/262256170/original.jpeg,GBIF,,,,,2025-11-08 21:51:27.946736
265317,Bulbophyllum,nematocaulon,https://medialib.naturalis.nl/file/id/L.1495104/format/large,GBIF,,,,,2025-11-09 18:56:06.599923
270539,Epidendrum,alabastrialatum,http://data.huh.harvard.edu/48e2dbb0-e557-4dd5-8d1e-1cb012c14952/image,GBIF,,,,,2025-11-09 22:19:57.574920
185906,Caladenia,harringtoniae Hopper,https://inaturalist-open-data.s3.amazonaws.com/photos/447981517/original.jpeg,GBIF,,,,,2025-11-08 23:40:04.164237
279785,Nephelaphyllum,tenuiflorum,https://images.mobot.org/tropicosimages4/detailimages/TropicosImagesVol4/101226000/7620072D-133C-4B80-BC52-0678E6D8D7C9.jpg,GBIF,,,,,2025-11-09 22:33:32.527092
248817,Caladenia,chapmanii,https://inaturalist-open-data.s3.amazonaws.com/photos/569797409/original.jpg,GBIF,,,,,2025-11-09 15:01:45.510139
165021,Satyrium,kitimboense Kraenzl.,https://inaturalist-open-data.s3.amazonaws.com/photos/59977112/original.jpeg,GBIF,Zambia,,,,2025-11-07 01:56:24.129499
125862,Aa,paleacea,https://images.mobot.org/tropicosimages5/detailimages/TropicosImagesVol5/101532000/C4A88B3C-252E-49DA-B507-E51B1AFF1976.jpg,GBIF,Ecuador,"Road Quito-Baeza, 3-4 km W of Laguna de Papallacta (Páramo de Guamaní). Rather recent SW-exposed landslide, dominated by pioneer-vegetation, mainly mosses, liverworts, several Lycopodium spp. and a few low shrubs.",Benjamin Øllgaard|H. Balslev,http://creativecommons.org/licenses/by-nc-sa/3.0/,2025-11-05 20:22:04.551091
197323,Prasophyllum,sylvestre R.,https://inaturalist-open-data.s3.amazonaws.com/photos/245808151/original.jpg,GBIF,,,,,2025-11-09 02:25:40.760534
168731,Cyrtorchis,ringens,https://images.mobot.org/tropicosimages3/detailimages/TropicosImageVol3/100805000/465B6B3B-1BFC-4DA2-A9CA-892100790263.jpg,GBIF,Guinea,,Tariq Stévart|Ehoarn Bidault|Thomas Williams|Lamah Kokoly|David Bilivogui,,2025-11-07 16:37:45.001065
186836,Hemipilia,takasago-montana Masam.,https://inaturalist-open-data.s3.amazonaws.com/photos/196253168/original.jpg,GBIF,,,,,2025-11-08 23:55:22.912140
216710,Liparis,remota,https://inaturalist-open-data.s3.amazonaws.com/photos/470531624/original.jpeg,GBIF,,,,,2025-11-09 07:03:31.806718
191250,Glomera,dekockii,http://data.huh.harvard.edu/422840cb-9512-4496-8bb1-5d744718b162/image,GBIF,,,,,2025-11-09 00:55:40.113744
5592,Pleurothallis,liripipia,https://inaturalist-open-data.s3.amazonaws.com/photos/363324969/original.jpeg,GBIF,Ecuador,,Fredy Ramón C.,http://creativecommons.org/licenses/by-nc/4.0/,2025-10-19 14:02:52.904184
292199,Aerides,falcata,https://inaturalist-open-data.s3.amazonaws.com/photos/284032639/original.jpeg,GBIF,,,,,2025-11-10 01:51:52.608895
176913,Pinalia,bipunctata,http://mediaphoto.mnhn.fr/media/1441306011613Bu8QcjIviEu2VC7N,GBIF,,,,,2025-11-08 21:29:09.008152
233438,Bulbophyllum,alticola,"https://iiif.rbge.org.uk/herb/iiif/E01306127/full/300,/0/default.jpg",GBIF,,,,,2025-11-09 10:57:51.571678
302739,Cranichis,muscosa Sw.,https://inaturalist-open-data.s3.amazonaws.com/photos/479592901/original.jpg,GBIF,,,,,2025-11-10 04:26:30.916574
304202,Oncidium,x,http://data.huh.harvard.edu/405e55b4-92c5-419f-8d09-f397b80c042b/image,GBIF,,,,,2025-11-10 04:51:46.199879
180312,Platanthera,zothecina,https://inaturalist-open-data.s3.amazonaws.com/photos/511147423/original.jpg,GBIF,,,,,2025-11-08 22:17:14.362629
178263,Rhipidoglossum,ugandense,https://iiif-manifest.oxalis.br.fgov.be/specimen/BR0000006800031/manifest,GBIF,,,,,2025-11-08 21:47:22.401649
196880,Encyclia,trachycarpa,https://inaturalist-open-data.s3.amazonaws.com/photos/390379371/original.jpeg,GBIF,,,,,2025-11-09 02:18:08.240772
258845,Lepanthes,illex,https://images.mobot.org/tropicosimages4/detailimages/TropicosImagesVol4/101199000/9B335290-54BF-443F-9D83-782EE86BC405.jpg,GBIF,,,,,2025-11-09 17:26:43.722565
252375,Fernandezia,myrtillus,https://inaturalist-open-data.s3.amazonaws.com/photos/472167619/original.jpeg,GBIF,,,,,2025-11-09 15:55:47.773318
252472,Bulbophyllum,piliferum,"https://iiif.rbge.org.uk/herb/iiif/E01306256/full/1600,/0/default.jpg",GBIF,,,,,2025-11-09 15:56:58.824198
167283,Bulbophyllum,morphologorum,https://medialib.naturalis.nl/file/id/L.1492743/format/large,GBIF,Thailand,,Maxwell JF,,2025-11-07 07:02:24.133342
299866,Ceratostylis,senilis,http://data.huh.harvard.edu/b97f099b-596d-40dd-b583-e96f4e6aae6f/image,GBIF,,,,,2025-11-10 03:44:27.229700
4641,Oncidium,flexuosum,https://observation.org/photos/110064192.jpg,GBIF,Netherlands,,User 48531,http://creativecommons.org/licenses/by-nc-nd/4.0/,2025-10-19 13:59:45.892208
180407,Epidendrum,freireanum,https://inaturalist-open-data.s3.amazonaws.com/photos/373080957/original.jpeg,GBIF,,,,,2025-11-08 22:19:28.726306
263934,Bulbophyllum,bicoloratum,https://mediaphoto.mnhn.fr/media/1661419153011UxdG2lPyH9mAF1vR,GBIF,,,,,2025-11-09 18:35:53.337105
289013,Aglossorrhyncha,biflora,https://medialib.naturalis.nl/file/id/L.1491210/format/large,GBIF,,,,,2025-11-10 01:06:30.471679
3877,Vanda,species,https://inaturalist-open-data.s3.amazonaws.com/photos/398472890/original.jpg,GBIF,Indonesia,,spitzenkorper,http://creativecommons.org/licenses/by-nc/4.0/,2025-10-19 13:58:11.428304
262932,Ophrys,x battandieri,https://inaturalist-open-data.s3.amazonaws.com/photos/473886329/original.jpeg,GBIF,,,,,2025-11-09 18:21:52.604849
271448,Epidendrum,scopulorum,http://data.huh.harvard.edu/b89000bb-348c-4de5-8799-bff3f48d574a/image,GBIF,,,,,2025-11-09 22:20:42.693157
172680,Ophrys,x turiana,https://inaturalist-open-data.s3.amazonaws.com/photos/519672825/original.jpg,GBIF,Spain,,Ángel Argüelles,,2025-11-07 19:16:55.515963
188169,Thelymitra,bracteata J.,https://inaturalist-open-data.s3.amazonaws.com/photos/331873194/original.jpeg,GBIF,,,,,2025-11-09 00:14:09.487931
186525,Platanthera,praeclara,https://inaturalist-open-data.s3.amazonaws.com/photos/533240537/original.jpg,GBIF,,,,,2025-11-08 23:50:38.094121
221803,Scaphyglottis,boliviensis,https://images.mobot.org/tropicosimages5/detailimages/TropicosImagesVol5/101465000/D799BC12-A261-48BE-8625-1E40AD9262E1.jpg,GBIF,,,,,2025-11-09 08:17:25.529330
4769,Oncidium,flexuosum,https://inaturalist-open-data.s3.amazonaws.com/photos/461841435/original.jpg,GBIF,South Africa,,Luke Goddard,http://creativecommons.org/licenses/by-nc/4.0/,2025-10-19 13:59:45.892208
203109,Platanthera,minor Miq.,https://inaturalist-open-data.s3.amazonaws.com/photos/475544359/original.jpeg,GBIF,,,,,2025-11-09 03:51:18.027728
1240,Cypripedium,parviflorum Salisb.,https://inaturalist-open-data.s3.amazonaws.com/photos/511169256/original.jpg,GBIF,United States of America,,Avery Allert,http://creativecommons.org/licenses/by-nc/4.0/,2025-10-19 11:18:59.413928
256383,Dendrobium,microglaphys,https://data.nhm.ac.uk/media/22cb4f74-b0bd-47ab-8ff7-83949b248398,GBIF,,,,,2025-11-09 16:53:00.296082
266741,Satyrium,neglectum ssp.,http://data.huh.harvard.edu/4e941222-067f-47bc-837c-9df5b5479825/image,GBIF,,,,,2025-11-09 19:17:57.009777
167661,Oncidium,exalatum,https://images.mobot.org/tropicosimages4/detailimages/TropicosImagesVol4/101230000/E6808E8D-4F36-490D-B017-5C2D7645F054.jpg,GBIF,Panama,,Thomas B. Croat,,2025-11-07 07:38:26.002944
196996,Habenaria,aitchisonii Rchb.f.,http://data.huh.harvard.edu/e7f23e13-24d0-445c-a5f7-45c4a6071945/image,GBIF,,,,,2025-11-09 02:18:40.563770
221342,Cymbidium,lancifolium,https://inaturalist-open-data.s3.amazonaws.com/photos/482952063/original.jpeg,GBIF,,,,,2025-11-09 08:08:18.130321
197075,Trichoglottis,persicina,https://inaturalist-open-data.s3.amazonaws.com/photos/36513849/original.jpg,GBIF,,,,,2025-11-09 02:19:35.803160
304917,Disperis,aphylla Kraenzl.,https://oxalis.br.fgov.be/images/BR0/000/016/164/338/BR0000016164338.jpg,GBIF,,,,,2025-11-10 05:04:27.252535
254560,Dendrobium,crumenatum,https://inaturalist-open-data.s3.amazonaws.com/photos/470890262/original.jpeg,GBIF,,,,,2025-11-09 16:29:05.010221
300367,Cynorkis,hanningtonii Rolfe,https://inaturalist-open-data.s3.amazonaws.com/photos/496570458/original.jpeg,GBIF,,,,,2025-11-10 03:51:51.983035
1947,Phragmipedium,caudatum Lindl.,https://inaturalist-open-data.s3.amazonaws.com/photos/198988783/original.jpeg,GBIF,Peru,,danplant,http://creativecommons.org/licenses/by-nc/4.0/,2025-10-19 13:02:01.094377
218453,Phreatia,brachystachys,https://iiif-manifest.oxalis.br.fgov.be/specimen/BR0000006585099/manifest,GBIF,,,,,2025-11-09 07:29:25.900622
220774,Odontochilus,pubescens Blume,https://medialib.naturalis.nl/file/id/L.1526081/format/large,GBIF,,,,,2025-11-09 07:59:10.716295
299937,Arthrochilus,prolixus D.,https://inaturalist-open-data.s3.amazonaws.com/photos/474845738/original.jpg,GBIF,,,,,2025-11-10 03:45:47.325712
290064,Habenaria,heyneana Lindl.,https://inaturalist-open-data.s3.amazonaws.com/photos/554117105/original.jpg,GBIF,,,,,2025-11-10 01:23:00.859543
287198,Scaphyglottis,geminata,https://inaturalist-open-data.s3.amazonaws.com/photos/127109253/original.jpeg,GBIF,,,,,2025-11-10 00:35:02.212618
279290,Bifrenaria,inodora,https://inaturalist-open-data.s3.amazonaws.com/photos/450847937/original.jpeg,GBIF,,,,,2025-11-09 22:28:16.694010
271461,Epidendrum,scopulorum,http://data.huh.harvard.edu/d9c8a774-f0c6-47e8-8601-5f61246db4db/image,GBIF,,,,,2025-11-09 22:20:42.795062
216634,Scaphyglottis,punctulata,https://inaturalist-open-data.s3.amazonaws.com/photos/571835614/original.jpg,GBIF,,,,,2025-11-09 07:02:50.911602
217219,Telipogon,seibertii,https://cdn.floridamuseum.ufl.edu/Herbarium/739dd5a9-50fd-46e9-9f98-ef69b699da3f,GBIF,,,,,2025-11-09 07:10:23.251381
7589,Cattleya,perrinii,http://jbrj-public-img.s3-sa-east-1.amazonaws.com/JPG/rb/0/25/75/41/00257541.jpg,GBIF,Brazil,,,Unknown,2025-10-20 01:47:39.659088
179345,Ophrys,fusca Link,https://observation.org/photos/111819363.jpg,GBIF,,,,,2025-11-08 22:03:21.977748
229165,Hapalorchis,candida,https://inaturalist-open-data.s3.amazonaws.com/photos/490870837/original.jpeg,GBIF,,,,,2025-11-09 10:54:13.512509
251946,Platanthera,hyperborea L.,https://observation.org/photos/124096203.jpg,GBIF,,,,,2025-11-09 15:49:03.435312
292145,Habenaria,goetzeana Kraenzl.,https://oxalis.br.fgov.be/images/BR0/000/006/804/145/BR0000006804145.jpg,GBIF,,,,,2025-11-10 01:50:56.482259
304106,Deiregyne,albovaginata,https://inaturalist-open-data.s3.amazonaws.com/photos/456248012/original.jpg,GBIF,,,,,2025-11-10 04:51:06.324229
255185,Orchis,provincialis Balb.,https://observation.org/photos/114184098.jpg,GBIF,,,,,2025-11-09 16:38:12.468339
307049,Disa,micropetala Schltr.,https://inaturalist-open-data.s3.amazonaws.com/photos/460903666/original.jpeg,GBIF,,,,,2025-11-10 05:27:30.225600
196964,Coelogyne,cruciformis,https://medialib.naturalis.nl/file/id/L.1508109/format/large,GBIF,,,,,2025-11-09 02:18:32.505751
3191,Cattleya,species,https://inaturalist-open-data.s3.amazonaws.com/photos/465324253/original.jpeg,GBIF,Brazil,,Gabriel Garcia,http://creativecommons.org/licenses/by-nc/4.0/,2025-10-19 13:54:41.507695
249494,Eulophia,hebdingiana,http://mediaphoto.mnhn.fr/media/1442317103888ZWX68kFM4dFbhfJc,GBIF,,,,,2025-11-09 15:14:57.273518
296838,Prasophyllum,incorrectum D.,https://inaturalist-open-data.s3.amazonaws.com/photos/59264278/original.jpg,GBIF,,,,,2025-11-10 03:02:37.938392
264979,Angraecopsis,elliptica,https://drive.google.com/file/d/1geQDcfDjE3vCKpUgS1y53ldGKHlblVhq/view?usp=sharing,GBIF,,,,,2025-11-09 18:51:36.627018
213023,Masdevallia,macropus,https://inaturalist-open-data.s3.amazonaws.com/photos/354888913/original.jpeg,GBIF,,,,,2025-11-09 06:13:55.937703
254481,Cynorkis,betsomangensis,http://mediaphoto.mnhn.fr/media/1441306768840sqL1TGx09YozL5S3,GBIF,,,,,2025-11-09 16:27:37.573945
224370,Acianthera,cogniauxiana,https://inaturalist-open-data.s3.amazonaws.com/photos/492581828/original.jpeg,GBIF,,,,,2025-11-09 08:57:28.436822
189698,Oncidium,lindleyoides,https://inaturalist-open-data.s3.amazonaws.com/photos/113524475/original.jpeg,GBIF,,,,,2025-11-09 00:32:24.438183
289562,Epidendrum,buenaventurae,https://images.mobot.org/tropicosimages5/detailimages/TropicosImagesVol5/101642000/7D15AAE9-1AF8-4003-9B2A-B59F8790957F.jpg,GBIF,,,,,2025-11-10 01:15:37.120334
286321,Chiloschista,segawae,https://inaturalist-open-data.s3.amazonaws.com/photos/353792444/original.jpg,GBIF,,,,,2025-11-10 00:23:08.515244
266021,Erythrodes,blumei Lindl.,https://inaturalist-open-data.s3.amazonaws.com/photos/129641404/original.jpeg,GBIF,,,,,2025-11-09 19:05:54.100578
257730,Porpax,braccata,https://inaturalist-open-data.s3.amazonaws.com/photos/528156624/original.jpg,GBIF,,,,,2025-11-09 17:10:04.784210
146243,Paphiopedilum,mastersianum Rchb.f.,https://medialib.naturalis.nl/file/id/L.1524520/format/large,GBIF,Indonesia,,Rant A,http://creativecommons.org/publicdomain/zero/1.0/,2025-11-06 02:01:31.931195
218045,Habenaria,kassneriana Kraenzl.,https://oxalis.br.fgov.be/images/BR0/000/013/684/556/BR0000013684556.jpg,GBIF,,,,,2025-11-09 07:23:04.717752
243980,Microtis,pulchella R.,https://inaturalist-open-data.s3.amazonaws.com/photos/173985604/original.jpg,GBIF,,,,,2025-11-09 13:52:28.268793
125869,Aa,trilobulata,https://static.inaturalist.org/photos/344848710/original.jpeg,iNaturalist,"Copacabana, Bolivia","Copacabana, Bolivia",rosember,,2025-11-05 20:22:18.196112
270143,Paraholcoglossum,amesianum,https://inaturalist-open-data.s3.amazonaws.com/photos/453229115/original.jpg,GBIF,,,,,2025-11-09 19:57:57.572398
273928,Epistephium,amplexicaule,http://fm-digital-assets.fieldmuseum.org/1781/677/V0460964F.jpg,GBIF,,,,,2025-11-09 22:23:03.942916
251152,Sarcoglyphis,mirabilis,http://mediaphoto.mnhn.fr/media/1443105889182YZDc08vjukjI8wXr,GBIF,,,,,2025-11-09 15:37:17.038891
210359,Hemipilia,cordifolia Lindl.,http://data.huh.harvard.edu/eed5a282-746a-4d5b-9761-7e86ae83a83f/image,GBIF,,,,,2025-11-09 05:31:31.741471
1678,Cypripedium,tibeticum King,https://inaturalist-open-data.s3.amazonaws.com/photos/95504444/original.jpeg,GBIF,China,,Mr. Backsen,http://creativecommons.org/licenses/by-nc/4.0/,2025-10-19 11:20:00.293923
232451,Eulophia,monotropis,https://iiif-manifest.oxalis.br.fgov.be/specimen/BR0000006578695/manifest,GBIF,,,,,2025-11-09 10:57:00.689509
211049,Dichaea,camaridioides,https://inaturalist-open-data.s3.amazonaws.com/photos/461272241/original.jpeg,GBIF,,,,,2025-11-09 05:43:16.303300
4922,Oncidium,flexuosum,https://inaturalist-open-data.s3.amazonaws.com/photos/460886598/original.jpg,GBIF,Australia,,Robert Lawrence,http://creativecommons.org/licenses/by-nc/4.0/,2025-10-19 13:59:45.892208
221687,Neobathiea,grandidierana,https://images.mobot.org/tropicosimages3/detailimages/TropicosImageVol3/100383000/BF1D8B3C-1CFF-44B8-AE6A-138AE45E73FD.jpg,GBIF,,,,,2025-11-09 08:15:19.005028
254727,Nigritella,nigra ssp.,https://inaturalist-open-data.s3.amazonaws.com/photos/162395656/original.jpg,GBIF,,,,,2025-11-09 16:32:06.890443
254585,Dendrobium,prostheciglossum,"https://iiif.rbge.org.uk/herb/iiif/E00180192/full/1600,/0/default.jpg",GBIF,,,,,2025-11-09 16:29:52.616501
169853,Caladenia,parva G.,https://inaturalist-open-data.s3.amazonaws.com/photos/562917196/original.jpg,GBIF,Australia,,carolinejjones,,2025-11-07 16:42:03.665246
302052,Habenaria,chirensis Rchb.f.,https://medialib.naturalis.nl/file/id/WAG.1136806/format/large,GBIF,,,,,2025-11-10 04:16:20.244790
227195,Mystacidium,flanaganii,https://inaturalist-open-data.s3.amazonaws.com/photos/391155009/original.jpeg,GBIF,,,,,2025-11-09 10:52:51.473466
272371,Calanthe,alismifolia,https://inaturalist-open-data.s3.amazonaws.com/photos/478588935/original.jpeg,GBIF,,,,,2025-11-09 22:21:29.504107
177547,Stelis,powellii,https://images.mobot.org/tropicosimages4/detailimages/TropicosImagesVol4/101080000/C0A56553-4FF3-4364-9FEB-9CB5D1E3F8C6.jpg,GBIF,,,,,2025-11-08 21:38:39.514724
231765,Calochilus,pulchellus D.,https://inaturalist-open-data.s3.amazonaws.com/photos/238966286/original.jpg,GBIF,,,,,2025-11-09 10:56:25.300204
195095,Dressleria,fragrans,http://data.huh.harvard.edu/f6246da1-6e66-4a65-840e-feb33a1c8b56/image,GBIF,,,,,2025-11-09 01:49:20.803237
228601,Disa,similis Summerh.,https://inaturalist-open-data.s3.amazonaws.com/photos/167290965/original.jpg,GBIF,,,,,2025-11-09 10:54:00.318283
191579,Eulophia,epidendraea,https://inaturalist-open-data.s3.amazonaws.com/photos/264477825/original.jpeg,GBIF,,,,,2025-11-09 01:00:02.103136
202302,Encyclia,candollei,https://inaturalist-open-data.s3.amazonaws.com/photos/175096436/original.jpeg,GBIF,,,,,2025-11-09 03:38:13.761467
247593,Taeniophyllum,graptolitum,https://www.digitalis.uzh.ch/media/specimen/64/Z-000064173.jpg,GBIF,,,,,2025-11-09 14:43:45.162019
11630,Epidendrum,elatum,https://images.mobot.org/tropicosimages4/detailimages/TropicosImagesVol4/101149000/CF1937DF-C0FC-432A-98D2-DBB183F8F9ED.jpg,Tropicos - Missouri Botanical Garden,,,,,2025-10-21 17:59:17.550447
218024,Stelis,cooperi,http://data.huh.harvard.edu/3cf99456-3e9c-41bf-bb3a-ae3377ba1769/image,GBIF,,,,,2025-11-09 07:22:57.005289
176832,Stigmatodactylus,sikokianus Maximova,https://inaturalist-open-data.s3.amazonaws.com/photos/550596526/original.jpg,GBIF,,,,,2025-11-08 21:26:54.056727
265971,Gastrorchis,steinhardtiana,https://images.mobot.org/tropicosimages4/detailimages/TropicosImagesVol4/101154000/7CF9E24E-A6B0-45FD-890B-7F2883A3AF8A.jpg,GBIF,,,,,2025-11-09 19:05:30.206360
168062,Ceratostylis,capitata,https://medialib.naturalis.nl/file/id/L.1494763/format/large,GBIF,Indonesia,,Smith JJ,,2025-11-07 07:50:32.636302
281495,Dracula,erythrochaete,http://data.huh.harvard.edu/77ee7d79-f5d9-40d9-8aac-657b00585ca5/image,GBIF,,,,,2025-11-09 23:14:04.774069
252613,Gastrodia,pubilabiata,https://inaturalist-open-data.s3.amazonaws.com/photos/355002667/original.jpg,GBIF,,,,,2025-11-09 15:59:29.491294
289543,Epidendrum,madsenii,https://inaturalist-open-data.s3.amazonaws.com/photos/111397730/original.jpeg,GBIF,,,,,2025-11-10 01:14:33.502917
194732,Zootrophion,dayanum,https://inaturalist-open-data.s3.amazonaws.com/photos/111967408/original.jpeg,GBIF,,,,,2025-11-09 01:44:43.145292
274216,Cleisostoma,quinquefidum,"https://iiif.rbge.org.uk/herb/iiif/E01318202/full/300,/0/default.jpg",GBIF,,,,,2025-11-09 22:23:27.670406
201228,Rhynchostele,bictoniensis,https://inaturalist-open-data.s3.amazonaws.com/photos/554686980/original.jpg,GBIF,,,,,2025-11-09 03:22:53.719193
228963,Genoplesium,apostasioides,https://images.ala.org.au/image/proxyImageThumbnailLarge?imageId=c4760961-0b6f-4855-b6dd-13f421d12c18,GBIF,,,,,2025-11-09 10:54:08.398782
2927,Cattleya,species,https://inaturalist-open-data.s3.amazonaws.com/photos/465494595/original.jpg,GBIF,Brazil,,Augusto Uggioni,http://creativecommons.org/licenses/by-nc/4.0/,2025-10-19 13:54:41.507695
147,Pogonia,Juss.,https://inaturalist-open-data.s3.amazonaws.com/photos/508532762/original.jpg,GBIF,United States of America,,zoetrautman,http://creativecommons.org/licenses/by-nc/4.0/,2025-10-19 08:22:25.342004
196042,Caladenia,gardneri,https://inaturalist-open-data.s3.amazonaws.com/photos/579738146/original.jpg,GBIF,,,,,2025-11-09 02:04:24.610135
204540,Hemipilia,flabellata Bureau,https://inaturalist-open-data.s3.amazonaws.com/photos/186808201/original.jpeg,GBIF,,,,,2025-11-09 04:09:33.366754
245128,Stelis,nexipous,https://media-service.nrm.se/images?dataset=fbo&id=large/S-R-005001/S-R-5892.jpg,GBIF,,,,,2025-11-09 14:09:15.570749
273612,Dendrobium,ephemerum,https://medialib.naturalis.nl/file/id/L.1502927/format/large,GBIF,,,,,2025-11-09 22:22:32.223517
267236,Ceratostylis,dataensis,https://cdn.plantatlas.org/img/specimens/USF/28120.jpg,GBIF,,,,,2025-11-09 19:24:56.550696
250192,Epidendrum,herrenhusanum,https://inaturalist-open-data.s3.amazonaws.com/photos/560849370/original.jpg,GBIF,,,,,2025-11-09 15:24:59.422417
180008,Scaphyglottis,brasiliensis,https://inaturalist-open-data.s3.amazonaws.com/photos/360778542/original.jpeg,GBIF,,,,,2025-11-08 22:12:20.706624
256976,Hemipilia,gracilis Blume,https://inaturalist-open-data.s3.amazonaws.com/photos/567293498/original.jpg,GBIF,,,,,2025-11-09 17:00:26.398357
204714,Holothrix,elgonensis Summerh.,https://d2seqvvyy3b8p2.cloudfront.net/9de100c70ddfc4093b206ce35ef29fea.jpg,GBIF,,,,,2025-11-09 04:10:45.136488
244045,Disa,tenella ssp.,https://inaturalist-open-data.s3.amazonaws.com/photos/15709850/original.jpg,GBIF,,,,,2025-11-09 13:52:44.780569
264596,Bulbophyllum,erectum,https://images.mobot.org/tropicosimages5/detailimages/TropicosImagesVol5/101442000/72F8E7FB-FF09-4706-9398-6A9DEEBF438C.jpg,GBIF,,,,,2025-11-09 18:47:22.120968
298277,Caladenia,stellata D.,https://inaturalist-open-data.s3.amazonaws.com/photos/425835434/original.jpeg,GBIF,,,,,2025-11-10 03:20:55.582798
223327,Eulophia,latilabris,https://inaturalist-open-data.s3.amazonaws.com/photos/394071821/original.jpg,GBIF,,,,,2025-11-09 08:40:56.172043
224484,Bulbophyllum,sigmoideum,"https://iiif.rbge.org.uk/herb/iiif/E01306101/full/300,/0/default.jpg",GBIF,,,,,2025-11-09 08:59:19.552598
232040,Lycaste,xytriophora,https://medialib.naturalis.nl/file/id/L.1521849/format/large,GBIF,,,,,2025-11-09 10:56:37.583042
186041,Ophrys,andria P.,https://inaturalist-open-data.s3.amazonaws.com/photos/176877045/original.jpg,GBIF,,,,,2025-11-08 23:42:10.855926
8308,Epidendrum,paniculatum,http://data.huh.harvard.edu/69f91a8e-b75d-4244-85c7-08c0b874d88e/image,GBIF,United States of America,,P. C. Hutchison,https://huh.harvard.edu/access-digital-reproductions-works-public-domain,2025-10-20 01:57:58.467496
5798,Epidendrum,strobiliferum,https://inaturalist-open-data.s3.amazonaws.com/photos/474529699/original.jpeg,GBIF,Brazil,,Guilherme Willrich,http://creativecommons.org/licenses/by-nc/4.0/,2025-10-19 19:39:25.018841
179281,Tolumnia,variegata,https://inaturalist-open-data.s3.amazonaws.com/photos/498478149/original.jpeg,GBIF,,,,,2025-11-08 22:02:34.664004
209023,Lepanthes,blepharantha,https://media-service.nrm.se/images?dataset=fbo&id=large/S-R-003001/S-R-3189.jpg,GBIF,,,,,2025-11-09 05:12:20.126284
251872,Eulophia,calcarata,https://inaturalist-open-data.s3.amazonaws.com/photos/112331702/original.jpeg,GBIF,,,,,2025-11-09 15:47:44.550953
191899,Elleanthus,virgatus,http://sweetgum.nybg.org/images3/3518/369/04070722.jpg,GBIF,,,,,2025-11-09 01:05:58.540109
205464,Odontochilus,hasseltii Blume,"https://iiif.rbge.org.uk/herb/iiif/E01267978/full/300,/0/default.jpg",GBIF,,,,,2025-11-09 04:19:28.794367
216397,Otoglossum,weberbauerianum,https://inaturalist-open-data.s3.amazonaws.com/photos/530990415/original.jpg,GBIF,,,,,2025-11-09 07:00:03.971221
182796,Zeuxine,plantaginea Rchb.f.,http://mediaphoto.mnhn.fr/media/1441307222725jWmSDIndTKaXvL0L,GBIF,,,,,2025-11-08 22:54:21.109608
225530,Calochilus,pruinosus D.,https://inaturalist-open-data.s3.amazonaws.com/photos/321325737/original.jpg,GBIF,,,,,2025-11-09 09:07:56.284873
203332,Glomera,stenocentron,http://sweetgum.nybg.org/images3/3521/131/04092606.jpg,GBIF,,,,,2025-11-09 03:53:01.457856
256886,Pterostylis,x ingens,https://inaturalist-open-data.s3.amazonaws.com/photos/430303715/original.jpeg,GBIF,,,,,2025-11-09 16:59:38.271523
190762,Nervilia,nipponica,https://inaturalist-open-data.s3.amazonaws.com/photos/521297143/original.jpg,GBIF,,,,,2025-11-09 00:48:55.334820
178514,Platycoryne,guingangae Rchb.f.,https://inaturalist-open-data.s3.amazonaws.com/photos/30407244/original.jpeg,GBIF,,,,,2025-11-08 21:52:31.817383
5021,Bulbophyllum,lobbii,https://inaturalist-open-data.s3.amazonaws.com/photos/566255230/original.jpg,GBIF,Malaysia,,Albert Kang,http://creativecommons.org/licenses/by-nc/4.0/,2025-10-19 14:00:16.168007
175278,Lepanthes,paivaeana,https://media-service.nrm.se/images?dataset=fbo&id=large/S-R-003001/S-R-3198_a.jpg,GBIF,,,,,2025-11-08 21:06:01.020853
238150,Corybas,sulcatus M.,https://inaturalist-open-data.s3.amazonaws.com/photos/334488996/original.jpeg,GBIF,,,,,2025-11-09 12:29:37.759752
251637,Lepanthes,helicocephala,https://images.mobot.org/tropicosimages4/detailimages/TropicosImagesVol4/101200000/25309D56-077A-4322-A657-068E9C803AF1.jpg,GBIF,,,,,2025-11-09 15:45:04.682585
185162,Catasetum,viridiflavum,https://inaturalist-open-data.s3.amazonaws.com/photos/153246587/original.jpeg,GBIF,,,,,2025-11-08 23:29:45.386959
210352,Hemipilia,cordifolia Lindl.,http://data.huh.harvard.edu/e3b53e97-059c-4504-87f3-6381ba6e6777/image,GBIF,,,,,2025-11-09 05:31:31.713145
279731,Stelis,simplex,https://images.mobot.org/tropicosimages4/detailimages/TropicosImagesVol4/101261000/828AACF3-BC1B-49B1-A553-9E324CFD95DA.jpg,GBIF,,,,,2025-11-09 22:31:41.048080
144632,Cypripedium,formosanum Hayata,https://inaturalist-open-data.s3.amazonaws.com/photos/360957656/original.jpeg,GBIF,Chinese Taipei,,曾昱承 Yu-Cheng Zeng,http://creativecommons.org/licenses/by/4.0/,2025-11-06 01:50:05.191685
204080,Epidendrum,refractum,http://mediaphoto.mnhn.fr/media/1442443708904Ch32y8beyFi6DpEH,GBIF,,,,,2025-11-09 04:03:04.564015
206397,Oncidium,astranthum,http://data.huh.harvard.edu/73c805f3-0bbf-4400-8522-08d02b894c32/image,GBIF,,,,,2025-11-09 04:32:33.753453
291324,Platanthera,brevicalcarata Hayata,https://inaturalist-open-data.s3.amazonaws.com/photos/532247942/original.jpg,GBIF,,,,,2025-11-10 01:41:32.634926
223169,Lockhartia,acuta,https://cdn.floridamuseum.ufl.edu/Herbarium/ac5c2cf6-cdf2-4159-88d6-cb539e51f9ab,GBIF,,,,,2025-11-09 08:38:33.598682
249461,Elleanthus,robustus,https://inaturalist-open-data.s3.amazonaws.com/photos/308889930/original.jpg,GBIF,,,,,2025-11-09 15:14:49.657351
281688,Epigeneium,pulchellum,https://medialib.naturalis.nl/file/id/L.1503862/format/large,GBIF,,,,,2025-11-09 23:23:25.756012
192686,Miltoniopsis,warscewiczii,https://inaturalist-open-data.s3.amazonaws.com/photos/251044900/original.jpg,GBIF,,,,,2025-11-09 01:16:25.962041
197575,Pterostylis,agathicola D.,https://inaturalist-open-data.s3.amazonaws.com/photos/540096923/original.jpg,GBIF,,,,,2025-11-09 02:29:22.800026
184671,Pterostylis,lepida D.,https://inaturalist-open-data.s3.amazonaws.com/photos/566653602/original.jpg,GBIF,,,,,2025-11-08 23:24:04.745746
290081,Habenaria,heyneana Lindl.,https://inaturalist-open-data.s3.amazonaws.com/photos/435049513/original.jpg,GBIF,,,,,2025-11-10 01:23:00.978491
214317,Cypripedium,franchetii Rolfe,http://data.huh.harvard.edu/e018bfc4-25c4-44b6-883f-73ddd30c18f3/image,GBIF,,,,,2025-11-09 06:31:24.097514
267016,Polystachya,fusiformis,https://inaturalist-open-data.s3.amazonaws.com/photos/463757259/original.jpeg,GBIF,,,,,2025-11-09 19:22:02.892790
238448,Pabstiella,ephemera,http://jbrj-public-img.s3-sa-east-1.amazonaws.com/JPG/rb/1/18/13/86/01181386.jpg,GBIF,,,,,2025-11-09 12:46:20.389443
151075,Disa,biflora L.,https://inaturalist-open-data.s3.amazonaws.com/photos/526153487/original.jpg,GBIF,South Africa,,carlfrederick,http://creativecommons.org/licenses/by-nc/4.0/,2025-11-06 02:31:09.580437
289278,Crepidium,wenzelii,http://data.huh.harvard.edu/fc17f148-7c79-4711-814c-6c35f7bc264f/image,GBIF,,,,,2025-11-10 01:10:51.710574
179998,Epidendrum,magnicallosum,https://images.mobot.org/tropicosimages4/detailimages/TropicosImagesVol4/101148000/F2A5ADD0-E2C3-42B8-A88A-C218AD862355.jpg,GBIF,,,,,2025-11-08 22:12:05.333568
183632,Eltroplectris,triloba,https://inaturalist-open-data.s3.amazonaws.com/photos/307779855/original.jpg,GBIF,,,,,2025-11-08 23:06:15.101952
170432,Spathoglottis,petri,https://d2seqvvyy3b8p2.cloudfront.net/0a3284e32d97ca2f694b88fe67cf8f24.jpg,GBIF,Vanuatu,,"Wheatley, J.R.I.",,2025-11-07 16:44:25.410528
202367,Cleisostoma,paniculatum,https://inaturalist-open-data.s3.amazonaws.com/photos/464920579/original.jpg,GBIF,,,,,2025-11-09 03:39:32.888460
294567,Cyrtochilum,betancurii,https://inaturalist-open-data.s3.amazonaws.com/photos/382721386/original.jpg,GBIF,,,,,2025-11-10 02:28:46.095108
279246,Thelymitra,megacalyptra Fitzg.,https://data.nhm.ac.uk/media/772365c0-ce19-4c7d-a664-60d70e112939,GBIF,,,,,2025-11-09 22:28:14.597344
149423,Pterygodium,cooperi Rolfe,https://inaturalist-open-data.s3.amazonaws.com/photos/469030048/original.jpeg,GBIF,South Africa,,Nkululeko Mkhize,http://creativecommons.org/licenses/by-nc/4.0/,2025-11-06 02:24:26.899267
948,Isotria,medeoloides Pursh,https://inaturalist-open-data.s3.amazonaws.com/photos/427485519/original.jpeg,GBIF,,,bbphillips,http://creativecommons.org/licenses/by-nc/4.0/,2025-10-19 08:48:08.278206
3474,Epidendrum,nocturnum,https://inaturalist-open-data.s3.amazonaws.com/photos/483585345/original.jpg,GBIF,United States of America,,Andres Vila,http://creativecommons.org/licenses/by-nc/4.0/,2025-10-19 13:56:57.310196
187403,Lepanthes,avis,http://sweetgum.nybg.org/images3/668/142/00546564.jpg,GBIF,,,,,2025-11-09 00:02:39.231435
10400,Bulbophyllum,cumingii,https://cdn.plantatlas.org/img/specimens/USF/28111.jpg,GBIF,Philippines,,E. D. Merrill,http://creativecommons.org/licenses/by-nc-sa/4.0/,2025-10-21 00:02:40.917541
190845,Dendrobium,horstii,https://medialib.naturalis.nl/file/id/L0059603_MLN/format/large,GBIF,,,,,2025-11-09 00:50:14.402589
2945,Cattleya,species,https://inaturalist-open-data.s3.amazonaws.com/photos/472675791/original.jpeg,GBIF,Brazil,,Alessandro Rocha,http://creativecommons.org/licenses/by-nc/4.0/,2025-10-19 13:54:41.507695
285538,Cypripedium,cordigerum D.,"https://iiif.rbge.org.uk/herb/iiif/E00612935/full/1600,/0/default.jpg",GBIF,,,,,2025-11-10 00:11:52.765693
206069,Sarcochilus,uniflorus,https://medialib.naturalis.nl/file/id/L.1528341/format/large,GBIF,,,,,2025-11-09 04:27:39.922822
253649,Stelis,nagelii,https://inaturalist-open-data.s3.amazonaws.com/photos/173394515/original.jpeg,GBIF,,,,,2025-11-09 16:14:09.377275
303250,Pleurothallis,ensata,https://inaturalist-open-data.s3.amazonaws.com/photos/111952753/original.jpeg,GBIF,,,,,2025-11-10 04:35:53.465789
261328,Habenaria,cultrata A.,http://mediaphoto.mnhn.fr/media/1441306473129Q61M6OPj322bLXb0,GBIF,,,,,2025-11-09 18:00:11.485494
190971,Chiloglottis,valida D.,https://inaturalist-open-data.s3.amazonaws.com/photos/563011783/original.jpg,GBIF,,,,,2025-11-09 00:52:05.745999
291968,Calanthe,kaniensis,http://data.huh.harvard.edu/31397c69-71d1-4498-9d3d-e5a8d2501f59/image,GBIF,,,,,2025-11-10 01:48:10.093430
191504,Gomesa,glaziovii,http://jbrj-public-img.s3-sa-east-1.amazonaws.com/JPG/rb/0/26/3/75/00260375.jpg,GBIF,,,,,2025-11-09 00:58:10.656356
246031,Scaphyglottis,imbricata,https://inaturalist-open-data.s3.amazonaws.com/photos/346360813/original.jpeg,GBIF,,,,,2025-11-09 14:20:30.744223
295555,Pelatantheria,cristata,http://sweetgum.nybg.org/images3/3565/827/04111186.jpg,GBIF,,,,,2025-11-10 02:42:39.771386
199831,Prasophyllum,elatum R.,https://inaturalist-open-data.s3.amazonaws.com/photos/566111676/original.jpg,GBIF,,,,,2025-11-09 03:05:10.666693
199826,Prasophyllum,elatum R.,https://inaturalist-open-data.s3.amazonaws.com/photos/560643444/original.jpg,GBIF,,,,,2025-11-09 03:05:10.636417
171072,Dichaea,trulla,https://inaturalist-open-data.s3.amazonaws.com/photos/429718118/original.jpg,GBIF,French Guiana,,Nils Servientis - Bivouac Naturaliste,,2025-11-07 16:46:41.633626
177585,Peristeria,pendula,https://inaturalist-open-data.s3.amazonaws.com/photos/444050170/original.jpeg,GBIF,,,,,2025-11-08 21:39:02.782186
186342,Maxillaria,callichroma,https://object.jacq.org/europeana/W/2007704.jpg,GBIF,,,,,2025-11-08 23:48:30.594290
171770,Octarrhena,filiformis,https://medialib.naturalis.nl/file/id/L0931267_MLN/format/large,GBIF,Papua New Guinea,,Stevens PF,,2025-11-07 17:49:13.736509
3923,Vanda,species,https://inaturalist-open-data.s3.amazonaws.com/photos/351531796/original.jpeg,GBIF,China,,李博恒,http://creativecommons.org/licenses/by-nc/4.0/,2025-10-19 13:58:11.428304
305381,Odontochilus,drymoglossifolius Hayata,https://inaturalist-open-data.s3.amazonaws.com/photos/565163727/original.jpg,GBIF,,,,,2025-11-10 05:11:12.485878
220270,Habenaria,leptantha Schltr.,https://assets.rjb.csic.es/fileget?coll=Plantas+Vasculares&type=O&filename=sp61615980129979915000.att.jpg&downloadname=MA-01-00810763,GBIF,,,,,2025-11-09 07:52:34.710807
287163,Caladenia,strigosa D.,https://inaturalist-open-data.s3.amazonaws.com/photos/572221117/original.jpg,GBIF,,,,,2025-11-10 00:34:46.681195
252389,Epidendrum,brevivenium,https://inaturalist-open-data.s3.amazonaws.com/photos/189139817/original.jpg,GBIF,,,,,2025-11-09 15:56:03.268497
294220,Polystachya,isochiloides,https://d2seqvvyy3b8p2.cloudfront.net/43d1dfb1a53610ffb925f5042ce29945.jpg,GBIF,,,,,2025-11-10 02:22:50.025643
223363,Liparis,salassia,https://inaturalist-open-data.s3.amazonaws.com/photos/462342138/original.jpeg,GBIF,,,,,2025-11-09 08:41:04.792312
209831,Chloraea,philippii Rchb.f.,https://inaturalist-open-data.s3.amazonaws.com/photos/461942578/original.jpg,GBIF,,,,,2025-11-09 05:23:58.764073
281143,Bulbophyllum,subligaculiferum,https://images.mobot.org/tropicosimages3/detailimages/TropicosImageVol3/100442000/FCD5DB6F-1192-476B-B160-5852D8A3A66B.jpg,GBIF,,,,,2025-11-09 23:06:00.388007
248271,Rhomboda,yakusimensis Masam.,https://inaturalist-open-data.s3.amazonaws.com/photos/559750004/original.jpg,GBIF,,,,,2025-11-09 14:53:41.041037
224383,Acianthera,cogniauxiana,https://inaturalist-open-data.s3.amazonaws.com/photos/265349065/original.jpeg,GBIF,,,,,2025-11-09 08:57:28.495516
1303,Cypripedium,parviflorum Salisb.,https://inaturalist-open-data.s3.amazonaws.com/photos/548195995/original.jpg,GBIF,Canada,,R from Canada,http://creativecommons.org/licenses/by-nc/4.0/,2025-10-19 11:18:59.413928
174301,Diplocentrum,recurvum,https://inaturalist-open-data.s3.amazonaws.com/photos/61367827/original.jpeg,GBIF,,,,,2025-11-08 20:48:10.244171
220552,Trichoglottis,pantherina,https://medialib.naturalis.nl/file/id/L.1529375/format/large,GBIF,,,,,2025-11-09 07:56:55.828449
183579,Lepanthes,cauda-avis,https://images.mobot.org/tropicosimages3/detailimages/Tropicos/235/239E800E-51F9-4A2D-9051-36E9A69ED35B.jpg,GBIF,,,,,2025-11-08 23:05:58.262284
253510,Epidendrum,juergensenii,http://fm-digital-assets.fieldmuseum.org/989/033/ORCH_epid_juer_1967817.jpg,GBIF,,,,,2025-11-09 16:12:26.228907
296472,Lepanthes,retusa,https://images.mobot.org/tropicosimages3/detailimages/Tropicos/235/8B9B305F-B60B-4AC6-9769-A86F62566800.jpg,GBIF,,,,,2025-11-10 02:56:17.849304
211558,Bulbophyllum,macraei,https://inaturalist-open-data.s3.amazonaws.com/photos/559292196/original.jpg,GBIF,,,,,2025-11-09 05:49:53.161172
140442,Neuwiedia,singapureana Wall.,https://medialib.naturalis.nl/file/id/L.1514150/format/large,GBIF,Viet Nam,,Averyanov LV; Xinh MV; Vinh NT; Tam NX; Lôc PK,http://creativecommons.org/publicdomain/zero/1.0/,2025-11-06 01:20:04.248052
249231,Caladenia,fuscata,https://inaturalist-open-data.s3.amazonaws.com/photos/550738762/original.jpg,GBIF,,,,,2025-11-09 15:10:35.416076
214107,Bulbophyllum,rugosum,https://medialib.naturalis.nl/file/id/L.2109109/format/large,GBIF,,,,,2025-11-09 06:29:54.705469
204244,Acianthera,malachantha,https://oxalis.br.fgov.be/images/BR0/000/006/584/962/_b/BR0000006584962_b.jpg,GBIF,,,,,2025-11-09 04:05:11.416056
303358,Rhynchostele,stellata,https://inaturalist-open-data.s3.amazonaws.com/photos/479345701/original.jpg,GBIF,,,,,2025-11-10 04:37:53.032025
181360,Specklinia,picta,https://inaturalist-open-data.s3.amazonaws.com/photos/401413553/original.jpeg,GBIF,,,,,2025-11-08 22:34:56.087502
152006,Disa,densiflora Lindl.,https://inaturalist-open-data.s3.amazonaws.com/photos/445328224/original.jpeg,GBIF,South Africa,,Debbie Wall Smith,http://creativecommons.org/licenses/by-nc/4.0/,2025-11-06 02:35:26.918167
303836,Eulophia,bolusii,https://inaturalist-open-data.s3.amazonaws.com/photos/559866541/original.jpg,GBIF,,,,,2025-11-10 04:46:36.608476
7349,Oncidium,sphacelatum,https://inaturalist-open-data.s3.amazonaws.com/photos/448223185/original.jpg,GBIF,Mexico,,Guillermo SG,http://creativecommons.org/licenses/by-nc/4.0/,2025-10-20 01:45:05.419973
268433,Habenaria,fluminensis Hoehne,https://inaturalist-open-data.s3.amazonaws.com/photos/420590500/original.jpeg,GBIF,,,,,2025-11-09 19:45:33.815152
297452,Houlletia,brocklehurstiana,http://imagens4.jbrj.gov.br/fsi/server?type=image&source=smnh/Plantas_do_Brasil_2017_02/S17-16964.jpg,GBIF,,,,,2025-11-10 03:12:02.669727
200004,Habenaria,stenorhynchos Schltr.,http://data.huh.harvard.edu/565b5c37-7927-4c4a-8dcd-f10d17e0dbe0/image,GBIF,,,,,2025-11-09 03:07:25.191533
141062,Epistephium,ellipticum R.,https://d2seqvvyy3b8p2.cloudfront.net/271e0d9f80e534daf2d3ce79acfa509f.jpg,GBIF,Trinidad and Tobago,,"Graham, V.",http://creativecommons.org/licenses/by/4.0/,2025-11-06 01:26:29.783482
303429,Paphiopedilum,helenae Aver.,https://inaturalist-open-data.s3.amazonaws.com/photos/305736084/original.jpg,GBIF,,,,,2025-11-10 04:39:04.314494
278270,Dendrobium,fariniferum,"https://iiif.rbge.org.uk/herb/iiif/E00175636/full/300,/0/default.jpg",GBIF,,,,,2025-11-09 22:27:06.027648
226096,Coelogyne,beccarii,https://medialib.naturalis.nl/file/id/L.1500577/format/large,GBIF,,,,,2025-11-09 09:10:59.919498
223414,Robiquetia,brevifolia,https://medialib.naturalis.nl/file/id/L.1528186/format/large,GBIF,,,,,2025-11-09 08:41:36.688865
296873,Dendrobium,nardoides,"https://iiif.rbge.org.uk/herb/iiif/E00383629/full/1600,/0/default.jpg",GBIF,,,,,2025-11-10 03:03:10.362356
304847,Dichaea,muricatoides,https://inaturalist-open-data.s3.amazonaws.com/photos/551082000/original.jpg,GBIF,,,,,2025-11-10 05:03:31.344865
277085,Caladenia,gertrudiae Ostenf.,https://inaturalist-open-data.s3.amazonaws.com/photos/582436487/original.jpg,GBIF,,,,,2025-11-09 22:26:24.195300
249391,Dendrobium,cymbulipes,https://inaturalist-open-data.s3.amazonaws.com/photos/421456751/original.jpg,GBIF,,,,,2025-11-09 15:14:25.455798
281343,Oncidium,abortivoides,https://images.mobot.org/tropicosimages4/detailimages/TropicosImagesVol4/101092000/51BD3871-AF92-4022-BE2A-ECBB5EAA453E.jpg,GBIF,,,,,2025-11-09 23:09:43.037262
255218,Jumellea,maxillarioides,https://inaturalist-open-data.s3.amazonaws.com/photos/243324160/original.jpeg,GBIF,,,,,2025-11-09 16:39:07.472667
203748,Phreatia,caulescens,http://mediaphoto.mnhn.fr/media/1464698129415NpDq1BMI55h7hOt9,GBIF,,,,,2025-11-09 03:58:18.469324
236880,Epidendrum,mutelianum,https://inaturalist-open-data.s3.amazonaws.com/photos/464999238/original.jpg,GBIF,,,,,2025-11-09 12:02:38.815122
1553,Cypripedium,reginae Walt.,https://inaturalist-open-data.s3.amazonaws.com/photos/516235810/original.jpg,GBIF,United States of America,,murphyslaw,http://creativecommons.org/licenses/by-nc/4.0/,2025-10-19 11:19:36.731505
201817,Masdevallia,rafaeliana,https://images.mobot.org/tropicosimages4/detailimages/TropicosImagesVol4/101204000/3035EECE-841C-46BE-AB97-63DD30B12625.jpg,GBIF,,,,,2025-11-09 03:31:52.965716
208075,Dactylorhiza,maculata ssp.,https://observation.org/photos/120799138.jpg,GBIF,,,,,2025-11-09 04:57:40.389419
288594,Aganisia,cyanea,https://inaturalist-open-data.s3.amazonaws.com/photos/544235864/original.jpg,GBIF,,,,,2025-11-10 01:00:25.409042
237239,Leptotes,tenuis,https://d2jcv3kl45hlgi.cloudfront.net/2bd7a73384702bbc1016c4e43fea1e9d.jpg,GBIF,,,,,2025-11-09 12:10:57.188174
235024,Ophrys,bornmuelleri M.,https://inaturalist-open-data.s3.amazonaws.com/photos/477563599/original.jpeg,GBIF,,,,,2025-11-09 11:07:31.305664
255469,Anguloa,uniflora,https://iiif-manifest.oxalis.br.fgov.be/specimen/BR0000023133570/manifest,GBIF,,,,,2025-11-09 16:40:58.533459
222385,Appendicula,tenuispica,https://d2seqvvyy3b8p2.cloudfront.net/0aedb3cb10987f67fb02edd4e03432f1.jpg,GBIF,,,,,2025-11-09 08:27:11.549245
10797,Oncidium,leleui,http://was.tacc.utexas.edu/fileget?coll=TEX-LL&type=O&filename=sp6386412329176637859.att.jpg,GBIF,Mexico,,H.,Unknown,2025-10-21 07:31:46.123517
165413,Habenaria,elongata R.,http://sweetgum.nybg.org/images3/3546/189/04097231.jpg,GBIF,Papua New Guinea,,,,2025-11-07 02:02:41.321181
220390,Oncidium,cirrhosum,https://inaturalist-open-data.s3.amazonaws.com/photos/350405289/original.jpg,GBIF,,,,,2025-11-09 07:54:25.793470
144937,Cypripedium,lichiangense P.,"https://iiif.rbge.org.uk/herb/iiif/E00056754/full/300,/0/default.jpg",GBIF,China,,"Kingdon-Ward, F.",CC-BY-4.0,2025-11-06 01:51:45.609063
224444,Chiloschista,viridiflava,https://cdn.floridamuseum.ufl.edu/Herbarium/aea7d5ba-f88d-4d4e-95b6-a4baf509ac85,GBIF,,,,,2025-11-09 08:57:59.345674
261505,Habenaria,filifera S.,https://inaturalist-open-data.s3.amazonaws.com/photos/234753220/original.jpeg,GBIF,,,,,2025-11-09 18:01:47.919532
278042,Platystele,posadarum,https://cdn.floridamuseum.ufl.edu/Herbarium/94eb4e6c-a45a-4200-a95a-b8d6314b4d1c,GBIF,,,,,2025-11-09 22:26:58.040223
211546,Bulbophyllum,macraei,https://inaturalist-open-data.s3.amazonaws.com/photos/558418861/original.jpg,GBIF,,,,,2025-11-09 05:49:53.094413
172688,Maxillaria,johniana,https://web.corral.tacc.utexas.edu/brit/BRIT/BRIT0438000/BRIT438469.jpg,GBIF,Peru,,"B. R. Chambi; P. Centeno, J. P. Janovec",,2025-11-07 19:17:31.312167
211904,Tolumnia,bahamensis,https://inaturalist-open-data.s3.amazonaws.com/photos/354072656/original.jpg,GBIF,,,,,2025-11-09 05:55:02.537442
210933,Benthamia,majoriflora H.,https://images.mobot.org/tropicosimages4/detailimages/TropicosImagesVol4/101049000/BB6232FC-A0CA-4BF8-8947-E16D7FD0B5C4.jpg,GBIF,,,,,2025-11-09 05:41:32.848582
174922,Taeniophyllum,robustum,http://data.huh.harvard.edu/a9255547-c0fa-4c7b-bad9-10dc03598741/image,GBIF,,,,,2025-11-08 20:58:49.010424
257333,Epidendrum,calanthum,https://inaturalist-open-data.s3.amazonaws.com/photos/566207875/original.jpg,GBIF,,,,,2025-11-09 17:05:27.930502
176019,Caladenia,amplexans A.,https://inaturalist-open-data.s3.amazonaws.com/photos/558795996/original.jpg,GBIF,,,,,2025-11-08 21:15:09.172086
107236,Dendrobium,kingianum,https://inaturalist-open-data.s3.amazonaws.com/photos/463264709/original.jpeg,GBIF,Australia,,drmattnimbs,http://creativecommons.org/licenses/by-nc/4.0/,2025-11-04 03:12:29.446920
204014,Telipogon,antisuyuensis,https://inaturalist-open-data.s3.amazonaws.com/photos/538351873/original.jpg,GBIF,,,,,2025-11-09 04:02:16.665257
177790,Pabstiella,trifida,https://inaturalist-open-data.s3.amazonaws.com/photos/266001976/original.jpeg,GBIF,,,,,2025-11-08 21:41:33.719756
247296,Pterostylis,acuminata R.,https://inaturalist-open-data.s3.amazonaws.com/photos/479462195/original.jpeg,GBIF,,,,,2025-11-09 14:39:40.080757
306378,Aerides,odorata,https://inaturalist-open-data.s3.amazonaws.com/photos/498510776/original.jpeg,GBIF,,,,,2025-11-10 05:22:59.316708
221347,Cymbidium,lancifolium,https://inaturalist-open-data.s3.amazonaws.com/photos/499112884/original.jpeg,GBIF,,,,,2025-11-09 08:08:18.159544
196021,Genoplesium,calopterum,http://mediaphoto.mnhn.fr/media/1441306964314AAZqo7ybXgBg61qA,GBIF,,,,,2025-11-09 02:04:16.571325
207451,Govenia,capitata,https://inaturalist-open-data.s3.amazonaws.com/photos/525564625/original.jpg,GBIF,,,,,2025-11-09 04:47:38.301432
250801,Pachyplectron,aphyllum T.,https://inaturalist-open-data.s3.amazonaws.com/photos/436441164/original.jpeg,GBIF,,,,,2025-11-09 15:33:03.943778
531,Cleistes,Rich.,https://inaturalist-open-data.s3.amazonaws.com/photos/473854073/original.jpg,GBIF,French Guiana,,Robin Heymans,http://creativecommons.org/licenses/by-nc/4.0/,2025-10-19 08:38:18.329517
300274,Epidendrum,moscozoi,https://images.mobot.org/tropicosimages5/detailimages/TropicosImagesVol5/101780000/D7F70499-C709-460F-A84A-95480BAB5FAD.jpg,GBIF,,,,,2025-11-10 03:49:52.603555
3835,Vanda,species,https://inaturalist-open-data.s3.amazonaws.com/photos/564923330/original.jpg,GBIF,India,,Harsha Jayaramaiah,http://creativecommons.org/licenses/by/4.0/,2025-10-19 13:58:11.428304
192767,Holothrix,cernua Burm.f.,https://inaturalist-open-data.s3.amazonaws.com/photos/571103028/original.jpg,GBIF,,,,,2025-11-09 01:17:13.633124
9711,Dendrobium,nobile,https://oxalis.br.fgov.be/images/BR0/000/032/825/060/BR0000032825060.jpg,GBIF,India,,Rao R.S.,http://creativecommons.org/licenses/by-sa/4.0/,2025-10-20 19:35:33.466560
200077,Platanthera,bifolia ssp.,https://arter.dk/media/24a7fd91-c73a-4686-bf68-b2e100fb6ad0.jpg,GBIF,,,,,2025-11-09 03:09:00.499658
220740,Pleurothallis,colossus,https://inaturalist-open-data.s3.amazonaws.com/photos/268478340/original.jpeg,GBIF,,,,,2025-11-09 07:58:24.177334
251083,Vanda,testacea,https://inaturalist-open-data.s3.amazonaws.com/photos/264516768/original.jpg,GBIF,,,,,2025-11-09 15:36:22.473719
169206,Maxillaria,neglecta,https://inaturalist-open-data.s3.amazonaws.com/photos/448690087/original.jpeg,GBIF,Costa Rica,,Emily Christian,,2025-11-07 16:39:37.894571
256924,Bulbophyllum,phormion,https://medialib.naturalis.nl/file/id/L.1488724/format/large,GBIF,,,,,2025-11-09 16:59:45.761721
190937,Cyrtopodium,willmorei,http://data.huh.harvard.edu/3d8c2478-3899-44b4-878a-4b71f8e51b65/image,GBIF,,,,,2025-11-09 00:51:17.888837
305377,Odontochilus,drymoglossifolius Hayata,https://inaturalist-open-data.s3.amazonaws.com/photos/509618159/original.jpg,GBIF,,,,,2025-11-10 05:11:12.461353
264138,Caladenia,occidentalis Hopper,https://inaturalist-open-data.s3.amazonaws.com/photos/423292289/original.jpeg,GBIF,,,,,2025-11-09 18:38:23.531622
288496,Pseudolaelia,canaanensis,https://inaturalist-open-data.s3.amazonaws.com/photos/244062916/original.jpeg,GBIF,,,,,2025-11-10 00:58:02.826962
177245,Angraecum,clavigerum,http://mediaphoto.mnhn.fr/media/1441308533082fc3cZWMAchPGeNwr,GBIF,,,,,2025-11-08 21:33:30.421253
252834,Eulophia,rolfeana,https://inaturalist-open-data.s3.amazonaws.com/photos/244206531/original.jpeg,GBIF,,,,,2025-11-09 16:02:32.460057
198109,Collabium,carinatum,https://medialib.naturalis.nl/file/id/L0544811_MLN/format/large,GBIF,,,,,2025-11-09 02:39:47.852680
199227,Bulbophyllum,auriflorum,https://inaturalist-open-data.s3.amazonaws.com/photos/241355314/original.jpg,GBIF,,,,,2025-11-09 02:56:35.374216
235015,Ophrys,bornmuelleri M.,https://inaturalist-open-data.s3.amazonaws.com/photos/474558744/original.jpeg,GBIF,,,,,2025-11-09 11:07:31.248891
270546,Epidendrum,alabastrialatum,http://mediaphoto.mnhn.fr/media/1442981424153wlWsrJiJgXGlPzVh,GBIF,,,,,2025-11-09 22:19:57.605269
185982,Acampe,ochracea,https://inaturalist-open-data.s3.amazonaws.com/photos/105749460/original.jpg,GBIF,,,,,2025-11-08 23:41:54.819978
223964,Deiregyne,velata,https://d2jcv3kl45hlgi.cloudfront.net/5590fa711725f215059f8fa97f072170.jpg,GBIF,,,,,2025-11-09 08:50:27.675657
278183,Imerinaea,madagascarica,https://images.mobot.org/tropicosimages4/detailimages/TropicosImagesVol4/101172000/C9980AAF-2B31-4578-A728-86D8B421AC3D.jpg,GBIF,,,,,2025-11-09 22:27:02.607440
264783,Polystachya,tenella,https://iiif-manifest.oxalis.br.fgov.be/specimen/BR0000013297770/manifest,GBIF,,,,,2025-11-09 18:49:45.336750
246041,Scaphyglottis,imbricata,https://inaturalist-open-data.s3.amazonaws.com/photos/291535202/original.jpg,GBIF,,,,,2025-11-09 14:20:30.784750
182881,Thelymitra,tigrina R.,https://inaturalist-open-data.s3.amazonaws.com/photos/337064184/original.jpg,GBIF,,,,,2025-11-08 22:55:40.095745
258798,Habenaria,weberiana Schltr.,https://iiif-manifest.oxalis.br.fgov.be/specimen/BR0000021832178/manifest,GBIF,,,,,2025-11-09 17:25:40.579725
252946,Polystachya,melanantha,https://d2seqvvyy3b8p2.cloudfront.net/85cccb39cb695a56320fdcc57e64fcb5.jpg,GBIF,,,,,2025-11-09 16:03:43.734312
140559,Neuwiedia,zollingeri Rchb.f.,https://medialib.naturalis.nl/file/id/L.1534312/format/large,GBIF,unknown or invalid,,Unknown,http://creativecommons.org/publicdomain/zero/1.0/,2025-11-06 01:21:09.648576
536,Cleistes,Rich.,https://inaturalist-open-data.s3.amazonaws.com/photos/479906598/original.jpg,GBIF,Brazil,,Vanessa Claudino Bitencourt,http://creativecommons.org/licenses/by-nc/4.0/,2025-10-19 08:38:18.329517
305107,Pterostylis,despectans Nicholls,https://inaturalist-open-data.s3.amazonaws.com/photos/488586842/original.jpg,GBIF,,,,,2025-11-10 05:07:14.592264
182851,Maxillaria,longissima,https://inaturalist-open-data.s3.amazonaws.com/photos/486894008/original.jpg,GBIF,,,,,2025-11-08 22:55:16.674592
213425,Stelis,micrantha,http://sweetgum.nybg.org/images3/2034/383/02485607.jpg,GBIF,,,,,2025-11-09 06:20:40.276430
291020,Ophrys,speculum Link,https://inaturalist-open-data.s3.amazonaws.com/photos/473844711/original.jpg,GBIF,,,,,2025-11-10 01:37:57.434415
281761,Bletia,arizonica,https://inaturalist-open-data.s3.amazonaws.com/photos/525455062/original.jpg,GBIF,,,,,2025-11-09 23:25:09.616468
246580,Epidendrum,anoglossoides,https://cdn.floridamuseum.ufl.edu/Herbarium/a02a278f-d67b-4c3e-bdae-f14974954aad,GBIF,,,,,2025-11-09 14:28:58.123379
231334,Dendrobium,sabahense,https://inaturalist-open-data.s3.amazonaws.com/photos/466971156/original.jpeg,GBIF,,,,,2025-11-09 10:55:50.101353
255942,Platylepis,occulta Thouars,https://inaturalist-open-data.s3.amazonaws.com/photos/162705520/original.jpeg,GBIF,,,,,2025-11-09 16:47:27.669748
294904,Elleanthus,steyermarkii,https://images.mobot.org/tropicosimages4/detailimages/TropicosImagesVol4/101066000/453F917E-81E9-439C-81A9-7D59C365228E.jpg,GBIF,,,,,2025-11-10 02:33:55.523999
174019,Dendrobium,leonis,https://drive.google.com/uc?export=view&id=1MhnXJzLwfQquQhhMtxNhvjrDrNztBaNX,Chris Howard Collection,,,,Private Collection,2025-11-08 07:15:27.583007
179971,Dactylorhiza,x formosa,https://data.nhm.ac.uk/media/0d359e53-02d4-46e3-ab58-0158779c1246,GBIF,,,,,2025-11-08 22:11:41.652172
164885,Disa,triloba Lindl.,https://inaturalist-open-data.s3.amazonaws.com/photos/454892530/original.jpeg,GBIF,South Africa,,,,2025-11-07 01:55:10.289191
197338,Prasophyllum,sylvestre R.,https://inaturalist-open-data.s3.amazonaws.com/photos/246514309/original.jpg,GBIF,,,,,2025-11-09 02:25:40.850384
206114,Cyrtostylis,reniformis R.,https://inaturalist-open-data.s3.amazonaws.com/photos/531567152/original.jpg,GBIF,,,,,2025-11-09 04:28:04.565928
183533,Caladenia,villosissima G.,https://inaturalist-open-data.s3.amazonaws.com/photos/332076155/original.jpeg,GBIF,,,,,2025-11-08 23:04:54.922624
194422,Microchilus,querceticola Lindl.,https://inaturalist-open-data.s3.amazonaws.com/photos/465997228/original.jpeg,GBIF,,,,,2025-11-09 01:38:07.168744
255119,Cyrtostylis,oblonga Hook.f.,https://inaturalist-open-data.s3.amazonaws.com/photos/516422612/original.jpg,GBIF,,,,,2025-11-09 16:37:40.255030
189378,Dendrobium,jenkinsii,https://inaturalist-open-data.s3.amazonaws.com/photos/42482278/original.jpeg,GBIF,,,,,2025-11-09 00:27:47.138984
274802,Polystachya,rosea,https://inaturalist-open-data.s3.amazonaws.com/photos/13365740/original.jpeg,GBIF,,,,,2025-11-09 22:23:58.263481
297513,Dendrobium,dactyliferum,https://medialib.naturalis.nl/file/id/L.1502971/format/large,GBIF,,,,,2025-11-10 03:12:50.439811
203765,Phreatia,caulescens,http://data.huh.harvard.edu/8566e6f6-e346-41c7-8347-25fa8641294b/image,GBIF,,,,,2025-11-09 03:58:18.546873
178238,Cycnoches,pentadactylon,https://cdn.floridamuseum.ufl.edu/Herbarium/621f5ab3-ef0e-471f-aa66-4130024ea46d,GBIF,,,,,2025-11-08 21:47:06.804371
266395,Epidendrum,cochlidium,https://inaturalist-open-data.s3.amazonaws.com/photos/517075024/original.jpg,GBIF,,,,,2025-11-09 19:11:20.311411
211408,Nigritella,rhellicani ssp.,https://inaturalist-open-data.s3.amazonaws.com/photos/526036784/original.jpg,GBIF,,,,,2025-11-09 05:47:46.772596
214829,Ophrys,x koseciorum,https://inaturalist-open-data.s3.amazonaws.com/photos/477799291/original.jpg,GBIF,,,,,2025-11-09 06:36:09.466079
231438,Bulbophyllum,zambalense,http://data.huh.harvard.edu/531ebcdc-84b6-48ff-b632-5ca5772b6a4d/image,GBIF,,,,,2025-11-09 10:55:57.974705
166761,Ceratostylis,longicaulis,https://medialib.naturalis.nl/file/id/U.1456902_MLN/format/large,GBIF,Indonesia,,,,2025-11-07 05:10:30.482966
213508,Polystachya,calluniflora,https://iiif-manifest.oxalis.br.fgov.be/specimen/BR0000006602444/manifest,GBIF,,,,,2025-11-09 06:21:19.712108
185560,Adenochilus,gracilis Hook.f.,https://inaturalist-open-data.s3.amazonaws.com/photos/461820639/original.jpg,GBIF,,,,,2025-11-08 23:35:42.236606
281919,Corymborkis,flava,https://inaturalist-open-data.s3.amazonaws.com/photos/276449803/original.jpeg,GBIF,,,,,2025-11-09 23:28:59.538171
7977,Phalaenopsis,,https://inaturalist-open-data.s3.amazonaws.com/photos/395077338/original.jpeg,GBIF,Singapore,,kaloh,http://creativecommons.org/licenses/by-nc/4.0/,2025-10-20 01:55:36.257621
258387,Agrostophyllum,mucronatum,http://sweetgum.nybg.org/images3/3524/191/03997092.jpg,GBIF,,,,,2025-11-09 17:21:26.386122
3848,Vanda,species,https://inaturalist-open-data.s3.amazonaws.com/photos/360216880/original.jpeg,GBIF,India,,Bikash Kumar Sahoo,http://creativecommons.org/licenses/by-nc/4.0/,2025-10-19 13:58:11.428304
211701,Ida,gigantea,https://inaturalist-open-data.s3.amazonaws.com/photos/241682011/original.jpeg,GBIF,,,,,2025-11-09 05:51:44.728269
207909,Coelogyne,kouytcheensis,http://sweetgum.nybg.org/images3/3566/043/04111460.jpg,GBIF,,,,,2025-11-09 04:54:14.806232
254820,Peristylus,lombokensis J.,http://data.huh.harvard.edu/f49fa267-6163-4523-a2fb-16ab347cde6b/image,GBIF,,,,,2025-11-09 16:33:42.485204
296240,Caladenia,alata R.,https://inaturalist-open-data.s3.amazonaws.com/photos/552197577/original.jpg,GBIF,,,,,2025-11-10 02:53:07.442193
204640,Polystachya,laxiflora,https://images.mobot.org/tropicosimages3/detailimages/TropicosImageVol3/100549000/BC14F2CA-182B-4A41-8C23-98AF8D32374F.jpg,GBIF,,,,,2025-11-09 04:09:57.476836
179277,Tolumnia,variegata,https://inaturalist-open-data.s3.amazonaws.com/photos/496691735/original.jpeg,GBIF,,,,,2025-11-08 22:02:34.644439
207224,Uncifera,obtusifolia,https://iiif-manifest.oxalis.br.fgov.be/specimen/BR0000032879858/manifest,GBIF,,,,,2025-11-09 04:44:12.354385
213697,Genoplesium,capparinum D.,https://inaturalist-open-data.s3.amazonaws.com/photos/203747471/original.jpg,GBIF,,,,,2025-11-09 06:25:17.206163
216617,Scaphyglottis,punctulata,https://inaturalist-open-data.s3.amazonaws.com/photos/518103213/original.jpg,GBIF,,,,,2025-11-09 07:02:50.841590
237264,Maxillaria,fulgens,https://inaturalist-open-data.s3.amazonaws.com/photos/565407690/original.jpg,GBIF,,,,,2025-11-09 12:12:16.523002
268020,Epidendrum,nocturnum,https://inaturalist-open-data.s3.amazonaws.com/photos/462001597/original.jpg,GBIF,,,,,2025-11-09 19:39:29.928124
206501,Epidendrum,purpurascens,https://inaturalist-open-data.s3.amazonaws.com/photos/109931457/original.jpeg,GBIF,,,,,2025-11-09 04:34:24.826358
213736,Brachycorythis,galeandra Rchb.f.,http://data.huh.harvard.edu/4c4801e5-01ed-4a9e-ba69-5847b02ed524/image,GBIF,,,,,2025-11-09 06:25:33.331868
210434,Polystachya,laurentii,https://iiif-manifest.oxalis.br.fgov.be/specimen/BR0000006626327/manifest,GBIF,,,,,2025-11-09 05:33:29.456949
303686,Epidendrum,blepharistes,https://inaturalist-open-data.s3.amazonaws.com/photos/497379350/original.jpeg,GBIF,,,,,2025-11-10 04:43:25.781497
206598,Masdevallia,rolfeana,https://inaturalist-open-data.s3.amazonaws.com/photos/308514253/original.jpg,GBIF,,,,,2025-11-09 04:35:20.908586
259977,Epidendrum,coriifolium,https://images.mobot.org/tropicosimages4/detailimages/TropicosImagesVol4/101050000/BB078884-DBF9-49A6-83A3-6C77AFA20043.jpg,GBIF,,,,,2025-11-09 17:44:03.277661
293498,Nervilia,kotschyi,https://inaturalist-open-data.s3.amazonaws.com/photos/580952842/original.jpg,GBIF,,,,,2025-11-10 02:08:56.216363
261736,Cymbidium,iridioides,https://quod.lib.umich.edu/cgi/i/image/api/image/herb00ic:1006023:MICH-V-1006023B/full/res:0/0/native.jpg,GBIF,,,,,2025-11-09 18:03:54.707592
265534,Epidendrum,porpax,https://collections.nmnh.si.edu/media/?i=11528996&h=2000,GBIF,,,,,2025-11-09 18:59:17.435960
10101,Dendrobium,monophyllum,https://inaturalist-open-data.s3.amazonaws.com/photos/321030157/original.jpeg,GBIF,Australia,,Scott W. Gavins,http://creativecommons.org/licenses/by/4.0/,2025-10-20 19:40:33.301924
238801,Bulbophyllum,longistelidium,https://medialib.naturalis.nl/file/id/L.2108663/format/large,GBIF,,,,,2025-11-09 12:59:46.807753
189651,Pabstiella,tripterantha,http://data.huh.harvard.edu/b04ab8da-e0b8-49ca-a82b-39e5f4b051f2/image,GBIF,,,,,2025-11-09 00:31:52.402518
269797,Funkiella,rubrocalosa,https://inaturalist-open-data.s3.amazonaws.com/photos/232921949/original.jpeg,GBIF,,,,,2025-11-09 19:55:47.631760
247794,Pterostylis,robusta R.,https://inaturalist-open-data.s3.amazonaws.com/photos/529071577/original.jpg,GBIF,,,,,2025-11-09 14:46:00.751071
259813,Habenaria,tricruris A.,http://mediaphoto.mnhn.fr/media/1441306558198W1HVLQ2ary0Kg9Ls,GBIF,,,,,2025-11-09 17:41:56.081007
266245,Bulbophyllum,moniliforme,https://inaturalist-open-data.s3.amazonaws.com/photos/210801607/original.jpeg,GBIF,,,,,2025-11-09 19:09:36.481430
173808,Bulbophyllum,lasiochilum,https://drive.google.com/uc?export=view&id=1GUxTiL2wWDgCA3w75m6hG--vWctKqZQ5,Chris Howard Collection,,,,Private Collection,2025-11-08 07:14:45.580463
196015,Genoplesium,calopterum,http://mediaphoto.mnhn.fr/media/1441306964243GU0vjDaOC1XNRWs7,GBIF,,,,,2025-11-09 02:04:16.535081
227812,Dendrobium,koordersii,https://medialib.naturalis.nl/file/id/L.3712307/format/large,GBIF,,,,,2025-11-09 10:53:14.899743
190811,Campylocentrum,grisebachii,https://inaturalist-open-data.s3.amazonaws.com/photos/466235395/original.jpeg,GBIF,,,,,2025-11-09 00:49:34.922415
230465,Cyrtopodium,vernum,https://iiif-manifest.oxalis.br.fgov.be/specimen/BR0000013505516/manifest,GBIF,,,,,2025-11-09 10:55:05.066275
206817,Corybas,purpureus J.,http://biodiversity.bt/biodiv/observations//1c1eb5ef-1765-4a4c-810a-9d43bbf45c82/199.JPG,GBIF,,,,,2025-11-09 04:37:43.146700
189755,Serapias,orientalis ssp.,https://inaturalist-open-data.s3.amazonaws.com/photos/578514161/original.jpg,GBIF,,,,,2025-11-09 00:33:12.636762
194397,Coelia,triptera,https://inaturalist-open-data.s3.amazonaws.com/photos/26365787/original.jpeg,GBIF,,,,,2025-11-09 01:37:59.155335
252048,Dendrobium,dilatatocolle,https://medialib.naturalis.nl/file/id/L0058711_MLN/format/large,GBIF,,,,,2025-11-09 15:50:30.497700
214607,Erythrodes,oxyglossa Schltr.,http://data.landcareresearch.co.nz/Image/58BE/NZVH,GBIF,,,,,2025-11-09 06:33:54.108911
201533,Ophrys,holosericea Burm.f.,https://inaturalist-open-data.s3.amazonaws.com/photos/485801185/original.jpg,GBIF,,,,,2025-11-09 03:27:23.780246
229703,Epidendrum,parviflorum,https://inaturalist-open-data.s3.amazonaws.com/photos/270659123/original.jpeg,GBIF,,,,,2025-11-09 10:54:27.594294
237769,Bulbophyllum,pectinatum,https://inaturalist-open-data.s3.amazonaws.com/photos/518657161/original.jpg,GBIF,,,,,2025-11-09 12:23:06.448170
211809,Dendrophylax,porrectus,https://inaturalist-open-data.s3.amazonaws.com/photos/461325840/original.jpg,GBIF,,,,,2025-11-09 05:53:42.918723
262018,Goodyera,daibuzanensis Yamam.,https://inaturalist-open-data.s3.amazonaws.com/photos/378093494/original.jpeg,GBIF,,,,,2025-11-09 18:08:08.127169
289508,Gavilea,gladysiae Chemisquy,https://inaturalist-open-data.s3.amazonaws.com/photos/84598989/original.jpg,GBIF,,,,,2025-11-10 01:13:46.021650
203827,Prasophyllum,canaliculatum Jones,https://inaturalist-open-data.s3.amazonaws.com/photos/173663855/original.jpeg,GBIF,,,,,2025-11-09 03:59:21.794529
224195,Phaius,mannii,https://images.mobot.org/tropicosimages4/detailimages/TropicosImagesVol4/101135000/5661C9D4-F77B-4605-A1E7-F86435337BD5.jpg,GBIF,,,,,2025-11-09 08:55:13.476686
190619,Platystele,pedicellaris,https://inaturalist-open-data.s3.amazonaws.com/photos/460807997/original.jpeg,GBIF,,,,,2025-11-09 00:46:40.678821
7187,Oncidium,sphacelatum,https://inaturalist-open-data.s3.amazonaws.com/photos/484978231/original.jpeg,GBIF,Mexico,,J. Ismael Arellano Ciau,http://creativecommons.org/licenses/by-nc/4.0/,2025-10-20 01:45:05.419973
213701,Genoplesium,capparinum D.,https://inaturalist-open-data.s3.amazonaws.com/photos/203747655/original.jpg,GBIF,,,,,2025-11-09 06:25:17.232025
258135,Epidendrum,pansamalae,https://images.mobot.org/tropicosimages4/detailimages/TropicosImagesVol4/101230000/B2494FBA-A27D-47D1-AA69-0EA7D969FCF9.jpg,GBIF,,,,,2025-11-09 17:15:46.301589
10290,Epidendrum,catillus,https://inaturalist-open-data.s3.amazonaws.com/photos/359858072/original.jpeg,GBIF,Colombia,,coyote,http://creativecommons.org/licenses/by-nc/4.0/,2025-10-20 19:42:17.487409
262524,Epidendrum,bangii,https://images.mobot.org/tropicosimages5/detailimages/TropicosImagesVol5/101485000/726F8053-B934-4F45-8651-30667C11BAA5.jpg,GBIF,,,,,2025-11-09 18:16:59.405672
193836,Jumellea,brachycentra,https://images.mobot.org/tropicosimages4/detailimages/TropicosImagesVol4/101191000/7A786221-3D93-49FA-9C88-B13D4B818EB8.jpg,GBIF,,,,,2025-11-09 01:32:33.995621
304132,Vanda,celebica,https://medialib.naturalis.nl/file/id/L.2069725/format/large,GBIF,,,,,2025-11-10 04:51:13.795042
265634,Dendrobium,dendrocolla,https://medialib.naturalis.nl/file/id/L.4468560/format/large,GBIF,,,,,2025-11-09 19:00:28.508258
238703,Polystachya,poikilantha,https://oxalis.br.fgov.be/images/BR0/000/006/920/548/BR0000006920548.jpg,GBIF,,,,,2025-11-09 12:57:17.055417
294906,Elleanthus,steyermarkii,https://images.mobot.org/tropicosimages4/detailimages/TropicosImagesVol4/101066000/5BDB878E-209D-44C5-9078-13A2CBFD6868.jpg,GBIF,,,,,2025-11-10 02:33:55.537423
183935,Dresslerella,stellaris,https://images.mobot.org/tropicosimages4/detailimages/TropicosImagesVol4/101066000/5B7E9F72-A424-438B-B5D5-86CB9E99B591.jpg,GBIF,,,,,2025-11-08 23:12:02.737022
222357,Prasophyllum,cyphochilum Benth.,https://inaturalist-open-data.s3.amazonaws.com/photos/458125410/original.jpeg,GBIF,,,,,2025-11-09 08:26:32.258689
221014,Dipodium,pandanum,https://images.mobot.org/tropicosimages3/detailimages/TropicosImages2/100238000/FB319A53-1C27-43CC-B206-E04E7423196B.jpg,GBIF,,,,,2025-11-09 08:04:20.299765
223147,Corybas,diemenicus Lindl.,https://inaturalist-open-data.s3.amazonaws.com/photos/558887586/original.jpg,GBIF,,,,,2025-11-09 08:38:26.020484
232151,Ophrys,umbilicata Desf.,https://inaturalist-open-data.s3.amazonaws.com/photos/478107341/original.jpg,GBIF,,,,,2025-11-09 10:56:45.496736
186088,Cynorkis,sororia Schltr.,https://images.mobot.org/tropicosimages4/detailimages/TropicosImagesVol4/101094000/DC072A5E-8346-4ADC-8600-B4ECD206C606.jpg,GBIF,,,,,2025-11-08 23:43:21.927642
271760,Maxillaria,frigens,https://inaturalist-open-data.s3.amazonaws.com/photos/544637226/original.jpg,GBIF,,,,,2025-11-09 22:20:55.805020
166054,Caladenia,lyallii Hook.f.,https://images.ala.org.au/image/proxyImageThumbnailLarge?imageId=8c089bc8-5c62-4e00-873d-74dfc20c98a6,GBIF,Australia,,,,2025-11-07 02:44:59.472985
10525,Bulbophyllum,conspectum,https://medialib.naturalis.nl/file/id/L.2108837/format/large,GBIF,Malaysia,,Vogel EF de,http://creativecommons.org/publicdomain/zero/1.0/,2025-10-21 07:27:14.710963
237620,Styloglossum,hololeucum,https://inaturalist-open-data.s3.amazonaws.com/photos/438155467/original.jpeg,GBIF,,,,,2025-11-09 12:18:29.350263
292808,Peristylus,plantagineus Lindl.,https://inaturalist-open-data.s3.amazonaws.com/photos/228863649/original.jpeg,GBIF,,,,,2025-11-10 01:59:33.299964
189992,Epidendrum,stamfordianum,https://inaturalist-open-data.s3.amazonaws.com/photos/471502674/original.jpg,GBIF,,,,,2025-11-09 00:37:10.524571
301294,Epidendrum,platystigma,https://images.mobot.org/tropicosimages4/detailimages/TropicosImagesVol4/101058000/9C99F2E9-A6BD-4EFE-8FC5-7103B2E2899A.jpg,GBIF,,,,,2025-11-10 04:07:04.268353
186892,Caladenia,dundasiae Hopper,https://inaturalist-open-data.s3.amazonaws.com/photos/414174154/original.jpg,GBIF,,,,,2025-11-08 23:56:10.784008
280894,Oberonia,falcifolia,https://iiif.rbge.org.uk/herb/iiif/E00032873/manifest,GBIF,,,,,2025-11-09 22:57:10.289974
9857,Dendrobium,nobile,http://repo.rbge.org.uk/image_server.php?kind=1500&path_base64=L2l0ZW1faW1hZ2VzL2FjY2Vzc2lvbnMvMTkvNjkvMDEvMDMvQS9QaG90b181OTIwMTYyOGYzOTJkLmpwZw==,GBIF,,,,http://creativecommons.org/licenses/by-nc/3.0/,2025-10-20 19:35:33.466560
203533,Cynorkis,paradoxa Frapp.,https://images.mobot.org/tropicosimages3/detailimages/TropicosImageVol3/100572000/3031679E-6E26-4327-B023-D355D15091A5.jpg,GBIF,,,,,2025-11-09 03:56:11.932141
271091,Habenaria,balfouriana Schltr.,"https://iiif.rbge.org.uk/herb/iiif/E01246312/full/300,/0/default.jpg",GBIF,,,,,2025-11-09 22:20:21.606191
301370,Zygopetalum,sellowii,https://d2jcv3kl45hlgi.cloudfront.net/d43a4a6b92ba4d60f909c9f150e5e013.jpg,GBIF,,,,,2025-11-10 04:07:35.874327
175900,Caladenia,ustulata D.,https://inaturalist-open-data.s3.amazonaws.com/photos/570380253/original.jpg,GBIF,,,,,2025-11-08 21:13:49.290295
266315,Cattleya,pumila,https://images.mobot.org/tropicosimages4/detailimages/TropicosImagesVol4/101193000/10DC886D-8EE5-449E-A2D1-067DBC70DB67.jpg,GBIF,,,,,2025-11-09 19:10:15.773082
171305,Lepanthes,zygion,https://inaturalist-open-data.s3.amazonaws.com/photos/161834603/original.jpg,GBIF,Costa Rica,,Leo R Quirós,,2025-11-07 17:46:19.916716
192243,Epidendrum,fruticosum,https://inaturalist-open-data.s3.amazonaws.com/photos/94566147/original.jpeg,GBIF,,,,,2025-11-09 01:09:56.896616
270787,Coelogyne,punctulata,"https://iiif.rbge.org.uk/herb/iiif/E00619609/full/1600,/0/default.jpg",GBIF,,,,,2025-11-09 22:20:06.241403
197190,Megastylis,latilabris Schltr.,https://inaturalist-open-data.s3.amazonaws.com/photos/338747371/original.jpeg,GBIF,,,,,2025-11-09 02:21:27.859713
181110,Platanthera,metabifolia F.,https://inaturalist-open-data.s3.amazonaws.com/photos/295541645/original.jpeg,GBIF,,,,,2025-11-08 22:30:58.399168
258281,Agrostophyllum,philippinense,http://mediaphoto.mnhn.fr/media/1441305171401nfxXk4b6SPgNfpoh,GBIF,,,,,2025-11-09 17:17:53.242674
220327,Aerangis,kotschyana,https://inaturalist-open-data.s3.amazonaws.com/photos/388134774/original.jpeg,GBIF,,,,,2025-11-09 07:53:30.583824
271393,Disa,salteri G.,https://inaturalist-open-data.s3.amazonaws.com/photos/513604195/original.jpg,GBIF,,,,,2025-11-09 22:20:38.282074
203722,Gastrodia,sesamoides,https://inaturalist-open-data.s3.amazonaws.com/photos/463681882/original.jpg,GBIF,,,,,2025-11-09 03:57:46.905352
8667,Epidendrum,tridactylum,http://data.huh.harvard.edu/beb6f8b0-acf4-453b-ae0b-0a3a7140fdb6/image,GBIF,United States of America,,O. Ames,https://huh.harvard.edu/access-digital-reproductions-works-public-domain,2025-10-20 02:00:33.904359
281105,Acriopsis,densiflora,"https://iiif.rbge.org.uk/herb/iiif/E01313120/full/300,/0/default.jpg",GBIF,,,,,2025-11-09 23:05:20.961441
217265,Ophrys,x,http://live.staticflickr.com/2889/9510887116_55139719ec_b.jpg,GBIF,,,,,2025-11-09 07:11:11.113247
191065,Aerangis,ikopana,https://inaturalist-open-data.s3.amazonaws.com/photos/233306512/original.jpeg,GBIF,,,,,2025-11-09 00:53:17.047114
266199,Maxillaria,porrecta,https://inaturalist-open-data.s3.amazonaws.com/photos/487244106/original.jpg,GBIF,,,,,2025-11-09 19:09:20.503963
218634,Caladenia,bicalliata ssp.,https://inaturalist-open-data.s3.amazonaws.com/photos/329159263/original.jpg,GBIF,,,,,2025-11-09 07:31:00.611662
249741,Coelogyne,gracilipes,http://mediaphoto.mnhn.fr/media/1441305190430HHTj6UiYG5lymv0G,GBIF,,,,,2025-11-09 15:17:43.908446
171742,Platanthera,x graebneri,https://inaturalist-open-data.s3.amazonaws.com/photos/526557144/original.jpg,GBIF,Belarus,,Валерий Тихомиров,,2025-11-07 17:48:42.506381
165037,Satyrium,ligulatum Lindl.,https://inaturalist-open-data.s3.amazonaws.com/photos/559356600/original.jpg,GBIF,South Africa,,,,2025-11-07 01:56:28.057620
165492,Habenaria,guadalajarana S.,https://wis.botany.wisc.edu/WIS/Magnoliidae2020-02b/v0384015WIS.JPG,GBIF,Mexico,,,,2025-11-07 02:03:22.469258
253078,Anoectochilus,yatesiae F.,https://inaturalist-open-data.s3.amazonaws.com/photos/219359847/original.jpg,GBIF,,,,,2025-11-09 16:04:47.475333
265083,Pabstiella,parvifolia,https://iiif-manifest.oxalis.br.fgov.be/specimen/BR0000006571542/manifest,GBIF,,,,,2025-11-09 18:53:35.435379
207935,Strongyleria,leiophylla,https://d2seqvvyy3b8p2.cloudfront.net/896aceca04b8571ef16d1cff30b94930.jpg,GBIF,,,,,2025-11-09 04:55:02.364024
306471,Bulbophyllum,dayanum,https://medialib.naturalis.nl/file/id/L.2109048/format/large,GBIF,,,,,2025-11-10 05:23:46.366035
1726,Cypripedium,x andrewsii,https://inaturalist-open-data.s3.amazonaws.com/photos/286648422/original.jpeg,GBIF,United States of America,,Norma Malinowski,http://creativecommons.org/licenses/by/4.0/,2025-10-19 11:20:44.318985
192628,Epidendrum,pajitense,https://medialib.naturalis.nl/file/id/U.1460237/format/large,GBIF,,,,,2025-11-09 01:14:58.942329
228286,Bulbophyllum,humblotii,https://inaturalist-open-data.s3.amazonaws.com/photos/4057580/original.jpeg,GBIF,,,,,2025-11-09 10:53:50.065328
176534,Barkeria,uniflora,https://inaturalist-open-data.s3.amazonaws.com/photos/336192179/original.jpeg,GBIF,,,,,2025-11-08 21:23:04.108319
302036,Diuris,luteola D.,https://inaturalist-open-data.s3.amazonaws.com/photos/48237213/original.jpeg,GBIF,,,,,2025-11-10 04:16:12.455735
276749,Dendrobium,connatum,https://quod.lib.umich.edu/cgi/i/image/api/image/herb00ic:1649040:MICH-V-1649040/full/res:0/0/native.jpg,GBIF,,,,,2025-11-09 22:26:04.048083
8880,Epidendrum,amphistomum,https://inaturalist-open-data.s3.amazonaws.com/photos/483596003/original.jpeg,GBIF,United States of America,,Andres Vila,http://creativecommons.org/licenses/by-nc/4.0/,2025-10-20 02:23:38.548775
287305,Polystachya,caespitosa,http://sweetgum.nybg.org/images3/3557/138/00533688.jpg,GBIF,,,,,2025-11-10 00:35:58.193510
192931,Trichotosia,microphylla,https://medialib.naturalis.nl/file/id/L.1529519/format/large,GBIF,,,,,2025-11-09 01:20:24.142125
204579,Bletia,coccinea,https://inaturalist-open-data.s3.amazonaws.com/photos/420176742/original.jpeg,GBIF,,,,,2025-11-09 04:09:41.738164
184852,Lepanthes,blephariglossa,https://object.jacq.org/europeana/W/127765.jpg,GBIF,,,,,2025-11-08 23:26:19.307281
6890,Cymbidium,sinense,http://data.huh.harvard.edu/5c9e0761-7893-40c0-b133-baf4c2a5ad83/image,GBIF,India,,J. D. Hooker & T. Thomson,https://huh.harvard.edu/access-digital-reproductions-works-public-domain,2025-10-20 01:39:16.038191
192478,Jumellea,anjouanensis,http://mediaphoto.mnhn.fr/media/1452096832177RAucIK9FhWzKRBig,GBIF,,,,,2025-11-09 01:12:44.353921
3167,Cattleya,species,https://inaturalist-open-data.s3.amazonaws.com/photos/367281773/original.jpeg,GBIF,Brazil,,Thomaz Ricardo Favreto Sinani,http://creativecommons.org/licenses/by/4.0/,2025-10-19 13:54:41.507695
217225,Trichoceros,muralis,https://inaturalist-open-data.s3.amazonaws.com/photos/377451809/original.jpeg,GBIF,,,,,2025-11-09 07:10:31.807710
191032,Bulbophyllum,sanitii,https://d2seqvvyy3b8p2.cloudfront.net/e92f61c4d585d891061ba54262fba80a.jpg,GBIF,,,,,2025-11-09 00:53:00.660876
207530,Rhynchostele,ehrenbergii,https://inaturalist-open-data.s3.amazonaws.com/photos/218483875/original.jpeg,GBIF,,,,,2025-11-09 04:48:42.034609
221566,Dendrobium,draconis,https://inaturalist-open-data.s3.amazonaws.com/photos/501492226/original.jpeg,GBIF,,,,,2025-11-09 08:13:27.276797
231110,Stanhopea,costaricensis,https://cdn.floridamuseum.ufl.edu/Herbarium/809dfa15-8c18-49f6-bf11-f50a8ec6b243,GBIF,,,,,2025-11-09 10:55:41.065551
288631,Cyrtochilum,ramosissimum,http://sweetgum.nybg.org/images3/3564/512/04109769.jpg,GBIF,,,,,2025-11-10 01:00:33.036617
7827,Pleurothallis,grandiflora,https://medialib.naturalis.nl/file/id/L.4530754/format/large,GBIF,Ecuador,,Sparre B,http://creativecommons.org/publicdomain/zero/1.0/,2025-10-20 01:52:43.740478
300962,Rimacola,elliptica R.,https://inaturalist-open-data.s3.amazonaws.com/photos/527414036/original.jpg,GBIF,,,,,2025-11-10 04:00:36.058382
302625,Stelis,porschiana,http://jbrj-public-img.s3-sa-east-1.amazonaws.com/JPG/rb/1/13/62/57/01136257.jpg,GBIF,,,,,2025-11-10 04:25:04.017350
251304,Elleanthus,amethystinus,https://inaturalist-open-data.s3.amazonaws.com/photos/341628623/original.jpeg,GBIF,,,,,2025-11-09 15:41:07.836354
232980,Glomera,papuana,http://data.huh.harvard.edu/460d60b5-5833-422e-b88e-4ffb8a9f15a9/image,GBIF,,,,,2025-11-09 10:57:25.379949
222655,Bulbophyllum,tryssum,https://medialib.naturalis.nl/file/id/L.1493448/format/large,GBIF,,,,,2025-11-09 08:31:09.414321
180276,Calanthe,conspicua,http://data.huh.harvard.edu/3df40ffe-9b90-4f0b-b4e3-75aa391b1218/image,GBIF,,,,,2025-11-08 22:16:10.539849
179092,Satyrium,rhodanthum Schltr.,https://inaturalist-open-data.s3.amazonaws.com/photos/340956932/original.jpeg,GBIF,,,,,2025-11-08 21:58:52.774605
182302,Oberonia,wightiana,https://iiif.rbge.org.uk/herb/iiif/E00074773/manifest,GBIF,,,,,2025-11-08 22:46:17.377302
302927,Xylobium,zarumense,https://images.mobot.org/tropicosimages4/detailimages/TropicosImagesVol4/101060000/A22A019C-FA10-48C9-9914-C9EE2301C045.jpg,GBIF,,,,,2025-11-10 04:29:09.538326
180608,Fernandezia,crystallina,https://inaturalist-open-data.s3.amazonaws.com/photos/469218918/original.jpeg,GBIF,,,,,2025-11-08 22:22:14.920129
214513,Caladenia,lorea,https://inaturalist-open-data.s3.amazonaws.com/photos/428961430/original.jpeg,GBIF,,,,,2025-11-09 06:33:14.163819
305644,Octarrhena,umbellulata,http://data.huh.harvard.edu/2ceff451-084c-4dc0-96cd-8e7f97766ddf/image,GBIF,,,,,2025-11-10 05:13:03.636893
203505,Platystele,compacta,https://inaturalist-open-data.s3.amazonaws.com/photos/113589138/original.jpeg,GBIF,,,,,2025-11-09 03:55:39.836867
166460,Glomera,latipetala,https://d2jcv3kl45hlgi.cloudfront.net/d768693dba2dcb48344c7f2d9f5d9f01.jpg,GBIF,Papua New Guinea,,,,2025-11-07 03:46:16.669108
181460,Gastrodia,elata,https://inaturalist-open-data.s3.amazonaws.com/photos/409162335/original.jpeg,GBIF,,,,,2025-11-08 22:36:07.353679
202589,Coelogyne,radioferens,https://inaturalist-open-data.s3.amazonaws.com/photos/519577688/original.jpg,GBIF,,,,,2025-11-09 03:43:30.543863
214640,Capanemia,theresae,http://mediaphoto.mnhn.fr/media/1480350221021DNTIjF0jCyxeJKs2,GBIF,,,,,2025-11-09 06:34:09.986738
258504,Scaphyglottis,grandiflora,https://images.mobot.org/tropicosimages4/detailimages/TropicosImagesVol4/101092000/C082E58B-EE09-40B7-90B1-598D95807DD2.jpg,GBIF,,,,,2025-11-09 17:22:06.159166
256386,Telipogon,bullpenensis,https://inaturalist-open-data.s3.amazonaws.com/photos/178715101/original.jpg,GBIF,,,,,2025-11-09 16:53:08.570022
5466,Pleurothallis,liripipia,https://inaturalist-open-data.s3.amazonaws.com/photos/346417099/original.jpg,GBIF,Ecuador,,Pamela R. L. Sibley,http://creativecommons.org/licenses/by-nc/4.0/,2025-10-19 14:02:52.904184
293529,Angraecum,sanfordii,https://d2seqvvyy3b8p2.cloudfront.net/da3c72965999193099e89529155ba909.jpg,GBIF,,,,,2025-11-10 02:09:03.662285
205840,Pleurothallis,alvaroi,https://object.jacq.org/europeana/WU/2055011.jpg,GBIF,,,,,2025-11-09 04:24:22.027943
232972,Habenaria,brevilabiata,http://mediaphoto.mnhn.fr/media/1442350669253tCsYoLDN2lBqaPKo,GBIF,,,,,2025-11-09 10:57:22.948341
167233,Pinalia,floribunda,https://medialib.naturalis.nl/file/id/L.4170938/format/large,GBIF,Malaysia,,Lim CL; Julius A; Nor Ezzawanis AT,,2025-11-07 07:02:04.873110
7351,Oncidium,sphacelatum,https://inaturalist-open-data.s3.amazonaws.com/photos/275130402/original.jpg,GBIF,Mexico,,patrick vant,http://creativecommons.org/licenses/by-nc/4.0/,2025-10-20 01:45:05.419973
207196,Bulbophyllum,frostii,http://mediaphoto.mnhn.fr/media/1443081520894FTRQD41Dnrnd1mo1,GBIF,,,,,2025-11-09 04:43:32.347578
289389,Cattleya,labiata,https://inaturalist-open-data.s3.amazonaws.com/photos/555696528/original.jpg,GBIF,,,,,2025-11-10 01:12:26.480792
3579,Epidendrum,nocturnum,https://inaturalist-open-data.s3.amazonaws.com/photos/450277048/original.jpg,GBIF,Costa Rica,,Braden J. Judson,http://creativecommons.org/licenses/by-nc/4.0/,2025-10-19 13:56:57.310196
268654,Dendrobium,chamaephytum,http://mediaphoto.mnhn.fr/media/1441305508063819DtePx5YzYs9Df,GBIF,,,,,2025-11-09 19:48:05.214498
210935,Benthamia,majoriflora H.,http://mediaphoto.mnhn.fr/media/1441306694345IEpbCmJrkttUoBGz,GBIF,,,,,2025-11-09 05:41:32.857018
289843,Dendrobium,tapiniense,http://repo.rbge.org.uk/image_server.php?kind=1500&path_base64=L2l0ZW1faW1hZ2VzL2FjY2Vzc2lvbnMvMTkvODIvMTAvMjgvUGhvdG9fNTg0NTIxNWMwZmY2OS5qcGc=,GBIF,,,,,2025-11-10 01:19:19.105759
200637,Anacamptis,laxiflora ssp.,https://inaturalist-open-data.s3.amazonaws.com/photos/479626007/original.jpeg,GBIF,,,,,2025-11-09 03:16:47.831461
300721,Pleurothallis,linguifera,https://inaturalist-open-data.s3.amazonaws.com/photos/361814586/original.jpeg,GBIF,,,,,2025-11-10 03:56:05.834011
273558,Bulbophyllum,brachypetalum,https://d2jcv3kl45hlgi.cloudfront.net/e40e183fedf5aca88a3445a159e9374e.jpg,GBIF,,,,,2025-11-09 22:22:28.504237
273316,Epidendrum,trianthum,http://data.huh.harvard.edu/b447b941-52f5-465d-b7a7-7b4d0f37d886/image,GBIF,,,,,2025-11-09 22:22:15.616753
264857,Pterostylis,roensis M.,https://inaturalist-open-data.s3.amazonaws.com/photos/297966003/original.jpg,GBIF,,,,,2025-11-09 18:50:16.743304
281226,Angraecum,hermannii,http://mediaphoto.mnhn.fr/media/15399593624111zVcNGEEklQfCoCM,GBIF,,,,,2025-11-09 23:07:59.530701
270667,Microchilus,plantagineus L.,https://inaturalist-open-data.s3.amazonaws.com/photos/468029572/original.jpg,GBIF,,,,,2025-11-09 22:20:02.183147
305278,Platanthera,sparsiflora S.,https://inaturalist-open-data.s3.amazonaws.com/photos/538658613/original.jpg,GBIF,,,,,2025-11-10 05:08:49.977210
231701,Angraecum,bracteosum,https://inaturalist-open-data.s3.amazonaws.com/photos/452727639/original.jpg,GBIF,,,,,2025-11-09 10:56:22.549378
287878,Agrostophyllum,stenophyllum,https://medialib.naturalis.nl/file/id/L.1491946/format/large,GBIF,,,,,2025-11-10 00:44:33.718566
298260,Caladenia,stellata D.,https://inaturalist-open-data.s3.amazonaws.com/photos/564918565/original.jpg,GBIF,,,,,2025-11-10 03:20:55.461953
245347,Bulbophyllum,salaccense,https://medialib.naturalis.nl/file/id/L.1489089/format/large,GBIF,,,,,2025-11-09 14:12:02.773696
260277,Caladenia,rigens D.,https://inaturalist-open-data.s3.amazonaws.com/photos/230117896/original.jpg,GBIF,,,,,2025-11-09 17:47:21.378457
5555,Pleurothallis,liripipia,https://inaturalist-open-data.s3.amazonaws.com/photos/359415345/original.jpg,GBIF,Colombia,,Larry Chen,http://creativecommons.org/licenses/by-nc/4.0/,2025-10-19 14:02:52.904184
8056,Phalaenopsis,,https://inaturalist-open-data.s3.amazonaws.com/photos/233273021/original.jpg,GBIF,Thailand,,slots_kku,http://creativecommons.org/licenses/by-nc/4.0/,2025-10-20 01:55:36.257621
267480,Bipinnula,polysyka Kraenzl.,https://inaturalist-open-data.s3.amazonaws.com/photos/450555667/original.jpeg,GBIF,,,,,2025-11-09 19:30:21.719934
206162,Bulbophyllum,nigrilabium,https://iiif.rbge.org.uk/herb/iiif/E01306219/manifest,GBIF,,,,,2025-11-09 04:28:27.862027
195844,Epidendrum,lirion,http://data.huh.harvard.edu/23dc6a86-1809-45e9-84b5-439135c50141/image,GBIF,,,,,2025-11-09 02:02:09.206956
253134,Spiranthes,vernalis,https://inaturalist-open-data.s3.amazonaws.com/photos/471013268/original.jpeg,GBIF,,,,,2025-11-09 16:06:06.665681
189747,Serapias,orientalis ssp.,https://inaturalist-open-data.s3.amazonaws.com/photos/473185281/original.jpeg,GBIF,,,,,2025-11-09 00:33:12.581670
208898,Caladenia,infundibularis A.,https://inaturalist-open-data.s3.amazonaws.com/photos/577612565/original.jpg,GBIF,,,,,2025-11-09 05:09:34.614004
249012,Brassia,warszewiczii,https://images.mobot.org/tropicosimages3/detailimages/TropicosImages2/100341000/35673E83-36FC-474E-8CF9-806F68A2B98E.jpg,GBIF,,,,,2025-11-09 15:05:34.704342
223318,Trichopilia,hennisiana,https://inaturalist-open-data.s3.amazonaws.com/photos/349464523/original.jpeg,GBIF,,,,,2025-11-09 08:40:32.652838
261238,Diodonopsis,erinacea,https://inaturalist-open-data.s3.amazonaws.com/photos/342384001/original.jpeg,GBIF,,,,,2025-11-09 17:59:08.228660
305252,Platanthera,sparsiflora S.,https://inaturalist-open-data.s3.amazonaws.com/photos/500186148/original.jpeg,GBIF,,,,,2025-11-10 05:08:49.822909
7024,Maxillaria,arbuscula,https://cdn.floridamuseum.ufl.edu/Herbarium/d1c4a41c-a6e8-40bd-b707-ed7d91f82320,GBIF,Ecuador,,Mark Whitten,http://creativecommons.org/licenses/by-nc/4.0/,2025-10-20 01:41:48.398956
285175,Coelogyne,motleyi,https://inaturalist-open-data.s3.amazonaws.com/photos/463667475/original.jpeg,GBIF,,,,,2025-11-10 00:07:38.498824
174247,Maxillaria,tenuis,http://sweetgum.nybg.org/images3/2486/767/00867380.jpg,GBIF,,,,,2025-11-08 20:47:40.359722
271337,Habenaria,glazioviana Kraenzl.,https://oxalis.br.fgov.be/images/BR0/000/008/898/555/_b/BR0000008898555_b.jpg,GBIF,,,,,2025-11-09 22:20:34.974731
231145,Epidendrum,melistagum,https://inaturalist-open-data.s3.amazonaws.com/photos/340384913/original.jpg,GBIF,,,,,2025-11-09 10:55:42.015543
230510,Malaxis,bayardii,https://inaturalist-open-data.s3.amazonaws.com/photos/301963513/original.jpeg,GBIF,,,,,2025-11-09 10:55:06.554163
11399,Epidendrum,megalospathum,https://images.mobot.org/tropicosimages4/detailimages/TropicosImagesVol4/101149000/3A87E765-0BB6-4392-BD92-AF1B55597C29.jpg,Tropicos - Missouri Botanical Garden,,,,,2025-10-21 17:56:23.760224
284950,Caladenia,discoidea Lindl.,https://inaturalist-open-data.s3.amazonaws.com/photos/556862255/original.jpg,GBIF,,,,,2025-11-10 00:03:56.128076
184306,Trichocentrum,macrocebolletum,http://sweetgum.nybg.org/images3/3728/474/04203918.jpg,GBIF,,,,,2025-11-08 23:19:26.693714
257367,Pleurothallis,phyllocardioides,https://inaturalist-open-data.s3.amazonaws.com/photos/328882718/original.jpeg,GBIF,,,,,2025-11-09 17:05:58.781995
191197,Sobralia,bimaculata,https://inaturalist-open-data.s3.amazonaws.com/photos/283137062/original.jpeg,GBIF,,,,,2025-11-09 00:55:07.830751
189652,Pabstiella,tripterantha,http://data.huh.harvard.edu/b694706b-f15b-4864-a679-320c75f3b33e/image,GBIF,,,,,2025-11-09 00:31:52.406748
226935,Pterostylis,erythroconcha M.,https://inaturalist-open-data.s3.amazonaws.com/photos/420279485/original.jpeg,GBIF,,,,,2025-11-09 09:15:16.038234
281213,Liparis,arnoglossophylla,http://sweetgum.nybg.org/images3/3534/100/04102306.jpg,GBIF,,,,,2025-11-09 23:07:28.118517
272388,Calanthe,alismifolia,https://inaturalist-open-data.s3.amazonaws.com/photos/529735443/original.jpg,GBIF,,,,,2025-11-09 22:21:29.601911
248192,Prosthechea,grammatoglossa,https://inaturalist-open-data.s3.amazonaws.com/photos/459100566/original.jpeg,GBIF,,,,,2025-11-09 14:52:14.620966
10026,Bulbophyllum,careyanum,https://plant.depo.msu.ru/open/public/item/MW0735523/img/0.jpg?gbif,GBIF,Nepal,,,http://creativecommons.org/licenses/by/4.0/,2025-10-20 19:39:00.850240
146053,Paphiopedilum,hirsutissimum Lindl.,https://cdn.floridamuseum.ufl.edu/Herbarium/b8f41076-06e1-44c3-b24f-56bee8892eed,GBIF,China,,Mark Whitten,http://creativecommons.org/licenses/by-nc/4.0/,2025-11-06 02:00:18.482877
259176,Liparis,longicaulis,https://inaturalist-open-data.s3.amazonaws.com/photos/388101051/original.jpeg,GBIF,,,,,2025-11-09 17:33:04.546106
247742,Corybas,x miscellus,https://inaturalist-open-data.s3.amazonaws.com/photos/148482077/original.jpeg,GBIF,,,,,2025-11-09 14:45:13.059890
168025,Bletilla,formosana,https://inaturalist-open-data.s3.amazonaws.com/photos/471137394/original.jpg,GBIF,Chinese Taipei,,ayohung,,2025-11-07 07:47:56.787373
201746,Govenia,sodiroi,https://inaturalist-open-data.s3.amazonaws.com/photos/264903645/original.jpeg,GBIF,,,,,2025-11-09 03:30:49.713507
224192,Phaius,mannii,https://images.mobot.org/tropicosimages4/detailimages/TropicosImagesVol4/101135000/A26E2F89-F384-4B3D-9D04-8D413197A929.jpg,GBIF,,,,,2025-11-09 08:55:13.453655
255467,Anguloa,uniflora,https://images.mobot.org/tropicosimages4/detailimages/TropicosImagesVol4/101049000/A3596E62-5555-47CB-9986-FF5D1F285B4D.jpg,GBIF,,,,,2025-11-09 16:40:58.520291
247230,Habenaria,lavrensis Hoehne,https://inaturalist-open-data.s3.amazonaws.com/photos/355903503/original.jpg,GBIF,,,,,2025-11-09 14:39:16.637697
300888,Coelogyne,cuspilabia,http://data.huh.harvard.edu/4120b3b4-70e0-44a2-9f5e-b78c3cab168f/image,GBIF,,,,,2025-11-10 03:59:32.441602
178966,Angraecum,didieri,https://images.mobot.org/tropicosimages3/detailimages/TropicosImageVol3/100572000/86C58F1F-6115-4A95-B67E-A9BE3858D329.jpg,GBIF,,,,,2025-11-08 21:56:53.810336
305327,Brownleea,galpinii ssp.,https://inaturalist-open-data.s3.amazonaws.com/photos/34647360/original.jpeg,GBIF,,,,,2025-11-10 05:09:45.565077
250570,Crepidium,khasianum,https://d2jcv3kl45hlgi.cloudfront.net/4653d75da59e0c77bedecfb1d8b51788.jpg,GBIF,,,,,2025-11-09 15:29:05.749162
206676,Anacamptis,papilionacea ssp.,https://live.staticflickr.com/65535/32886112317_040c19a0a8_b.jpg,GBIF,,,,,2025-11-09 04:36:15.911631
180775,Habenaria,undatifolia Ormerod,http://mediaphoto.mnhn.fr/media/1441306243267IBJU90yliK9hYAu0,GBIF,,,,,2025-11-08 22:25:09.072025
143863,Erythrorchis,cassythoides A.,https://inaturalist-open-data.s3.amazonaws.com/photos/485069779/original.jpg,GBIF,Australia,,Bruce Cathie,http://creativecommons.org/licenses/by/4.0/,2025-11-06 01:41:39.892891
182991,Dendrobium,taurinum,https://assets.rjb.csic.es/fileget?coll=Plantas+Vasculares&type=O&filename=sp66085171876616344812.att.jpg&downloadname=MA-02-00757287,GBIF,,,,,2025-11-08 22:57:30.919922
265950,Gastrorchis,steinhardtiana,https://images.mobot.org/tropicosimages3/detailimages/TropicosImages2/100301000/712C5274-6611-456F-9641-CF519A50A9C8.jpg,GBIF,,,,,2025-11-09 19:05:30.119114
190039,Polystachya,pubescens,https://inaturalist-open-data.s3.amazonaws.com/photos/566733516/original.jpg,GBIF,,,,,2025-11-09 00:37:49.651488
194967,Microchilus,foliosus,https://inaturalist-open-data.s3.amazonaws.com/photos/369007404/original.jpg,GBIF,,,,,2025-11-09 01:48:09.555815
9036,Epidendrum,amphistomum,https://inaturalist-open-data.s3.amazonaws.com/photos/253130651/original.jpeg,GBIF,United States of America,,Morgan Stickrod,http://creativecommons.org/licenses/by-nc/4.0/,2025-10-20 02:23:38.548775
174868,Trachoma,papuanum,https://inaturalist-open-data.s3.amazonaws.com/photos/437479951/original.jpg,GBIF,,,,,2025-11-08 20:57:39.048763
276276,Brachycorythis,obcordata Lindl.,"https://iiif.rbge.org.uk/herb/iiif/E00104752/full/1600,/0/default.jpg",GBIF,,,,,2025-11-09 22:25:36.565037
224040,Townsonia,viridis Hook.f.,https://inaturalist-open-data.s3.amazonaws.com/photos/568445326/original.jpg,GBIF,,,,,2025-11-09 08:52:50.794766
252188,Earina,deplanchei,https://inaturalist-open-data.s3.amazonaws.com/photos/55057787/original.jpeg,GBIF,,,,,2025-11-09 15:53:01.631284
5107,Aerides,maculosa,https://inaturalist-open-data.s3.amazonaws.com/photos/522368083/original.jpg,GBIF,India,,Jayant M Deshpande,http://creativecommons.org/licenses/by-nc/4.0/,2025-10-19 14:01:38.534596
183659,Acianthera,sonderiana,https://inaturalist-open-data.s3.amazonaws.com/photos/498321290/original.jpg,GBIF,,,,,2025-11-08 23:07:02.036166
237365,Dendrobium,sarcochilus,http://data.landcareresearch.co.nz/Image/58B2/NZVH,GBIF,,,,,2025-11-09 12:14:31.358931
292993,Goodyera,bifida Blume,"https://iiif.rbge.org.uk/herb/iiif/E00079441/full/300,/0/default.jpg",GBIF,,,,,2025-11-10 02:02:11.677812
305980,Maxillaria,cacaoensis,https://images.mobot.org/tropicosimages3/detailimages/Tropicos/235/F4A48D43-B26F-441E-B073-8F4657278787.jpg,GBIF,,,,,2025-11-10 05:15:58.446395
280993,Caladenia,applanata ssp.,https://inaturalist-open-data.s3.amazonaws.com/photos/228672284/original.jpg,GBIF,,,,,2025-11-09 23:01:31.573803
178167,Oberonia,longibracteata,http://data.huh.harvard.edu/f79d7e86-8682-47d6-87c1-9bd9518ad7e7/image,GBIF,,,,,2025-11-08 21:46:43.280388
299286,Cryptopus,elatus,http://mediaphoto.mnhn.fr/media/1441306527610uZUyUpLvSCUBWj3d,GBIF,,,,,2025-11-10 03:36:47.299601
236731,Taeniophyllum,gracile,http://data.huh.harvard.edu/6bc28025-8810-43fd-b4ae-2428d8afbe5d/image,GBIF,,,,,2025-11-09 11:52:21.975954
182893,Thelymitra,tigrina R.,https://inaturalist-open-data.s3.amazonaws.com/photos/337064323/original.jpg,GBIF,,,,,2025-11-08 22:55:40.166576
291630,Lepanthes,tectorum,https://images.mobot.org/tropicosimages3/detailimages/Tropicos/235/4B74B7D5-0DD2-4B1E-81FD-65A4E8CD1B5A.jpg,GBIF,,,,,2025-11-10 01:44:43.601662
257128,Cymbidium,tracyanum,"https://iiif.rbge.org.uk/herb/iiif/E00123434/full/300,/0/default.jpg",GBIF,,,,,2025-11-09 17:01:53.096022
204476,Crepidium,saprophytum,http://mediaphoto.mnhn.fr/media/1442358337929iCd5s5UoGX0vALvC,GBIF,,,,,2025-11-09 04:08:29.598149
231405,Myoxanthus,trachychlamys,http://sweetgum.nybg.org/images3/2007/557/02695426.jpg,GBIF,,,,,2025-11-09 10:55:55.220813
252855,Spiranthes,x,https://inaturalist-open-data.s3.amazonaws.com/photos/575141263/original.jpg,GBIF,,,,,2025-11-09 16:02:40.508571
206893,Pterostylis,unicornis D.,https://inaturalist-open-data.s3.amazonaws.com/photos/569432176/original.jpg,GBIF,,,,,2025-11-09 04:38:23.641978
295160,Tolumnia,gundlachii,http://data.huh.harvard.edu/5b88aaaa-3d66-4373-b57b-6a75c4290621/image,GBIF,,,,,2025-11-10 02:37:46.224217
231564,Lepanthes,helleri,https://images.mobot.org/tropicosimages6/detailimages/TropicosImagesVol6/102628000/91555549-00E0-46CB-A48E-431645A5EC82.jpg,GBIF,,,,,2025-11-09 10:56:14.368586
204496,Microchilus,paleaceus Schltr.,http://data.huh.harvard.edu/575542fc-57e3-4eaa-82bc-f61862fa8a10/image,GBIF,,,,,2025-11-09 04:08:45.947322
260654,Maxillaria,huebschii,https://inaturalist-open-data.s3.amazonaws.com/photos/503558460/original.jpeg,GBIF,,,,,2025-11-09 17:52:38.964488
199010,Pterostylis,setifera M.,https://inaturalist-open-data.s3.amazonaws.com/photos/580113592/original.jpg,GBIF,,,,,2025-11-09 02:53:48.656375
215555,Satyrium,erectum Sw.,https://inaturalist-open-data.s3.amazonaws.com/photos/550374613/original.jpg,GBIF,,,,,2025-11-09 06:46:43.576824
223871,Ophrys,sicula Tineo,https://inaturalist-open-data.s3.amazonaws.com/photos/474145063/original.jpeg,GBIF,,,,,2025-11-09 08:49:32.211990
245110,Stelis,nexipous,https://inaturalist-open-data.s3.amazonaws.com/photos/54142088/original.png,GBIF,,,,,2025-11-09 14:09:15.447792
263859,Pterostylis,auriculata Colenso,https://inaturalist-open-data.s3.amazonaws.com/photos/468845684/original.jpg,GBIF,,,,,2025-11-09 18:34:50.118243
195520,Habenaria,baeuerlenii,http://data.huh.harvard.edu/4e6c01e9-ad34-4a0d-b5ed-d31ce1bd1d13/image,GBIF,,,,,2025-11-09 01:57:24.263454
252426,Dendrobium,anceps,https://d2jcv3kl45hlgi.cloudfront.net/f826c0ecddb1f3d55aaed88480c6cd17.jpg,GBIF,,,,,2025-11-09 15:56:19.266949
304018,Dracula,hirtzii,https://images.mobot.org/tropicosimages4/detailimages/TropicosImagesVol4/101087000/0194CD9F-2505-468C-957C-3EBBD8E31FEB.jpg,GBIF,,,,,2025-11-10 04:49:15.063100
233910,Pterostylis,x toveyana,https://inaturalist-open-data.s3.amazonaws.com/photos/86714836/original.jpeg,GBIF,,,,,2025-11-09 10:58:17.948487
107377,Phragmipedium,kovachii,https://inaturalist-open-data.s3.amazonaws.com/photos/68042448/original.jpg,GBIF,Peru,,Josh Allen,http://creativecommons.org/licenses/by-nc/4.0/,2025-11-04 03:12:46.095442
193119,Hemipilia,kwangsiensis,https://inaturalist-open-data.s3.amazonaws.com/photos/557470030/original.jpg,GBIF,,,,,2025-11-09 01:23:57.770077
299340,Pterostylis,trullifolia Hook.f.,https://inaturalist-open-data.s3.amazonaws.com/photos/494197937/original.jpeg,GBIF,,,,,2025-11-10 03:37:27.517816
258692,Epidendrum,waiandtii,https://inaturalist-open-data.s3.amazonaws.com/photos/313808148/original.jpeg,GBIF,,,,,2025-11-09 17:23:56.845183
8220,Epidendrum,paniculatum,https://images.mobot.org/tropicosimages4/detailimages/TropicosImagesVol4/101153000/DEF391D5-3E88-4C1A-9FE9-86468DF8F09C.jpg,GBIF,Paraguay,,Griselda Marín O.|Belén Jiménez,http://creativecommons.org/licenses/by-nc-sa/3.0/,2025-10-20 01:57:58.467496
287289,Polystachya,caespitosa,http://jbrj-public.s3.amazonaws.com/fsi/server?type=image&source=DZI/alcb/alcb/0/0/71/53/alcb00007153.dzi,GBIF,,,,,2025-11-10 00:35:58.113762
290656,Lepanthes,megalostele,https://images.mobot.org/tropicosimages4/detailimages/TropicosImagesVol4/101200000/E5033AC1-CEDE-4172-9977-0555D0DB6CA2.jpg,GBIF,,,,,2025-11-10 01:31:12.574055
10504,Dendrobium,polytrichum,http://data.huh.harvard.edu/130768fe-9ac6-4c05-9e6b-9e3e7d4d2140/image,GBIF,Philippines,,R. S. Davis,https://huh.harvard.edu/access-digital-reproductions-works-public-domain,2025-10-21 07:26:27.322792
252525,Elleanthus,amethystinoides,http://www.aubot.dk/specimenimages/RFE_Orchidaceae1/DSCN4765.jpg,GBIF,,,,,2025-11-09 15:57:38.216238
197472,Bulbophyllum,campos-portoi,http://jbrj-public-img.s3-sa-east-1.amazonaws.com/JPG/rb/0/51/85/43/00518543.jpg,GBIF,,,,,2025-11-09 02:28:26.651388
246643,Habenaria,kleyi Schltr.,https://inaturalist-open-data.s3.amazonaws.com/photos/110734412/original.jpg,GBIF,,,,,2025-11-09 14:29:13.904235
186226,Epidendrum,eximium,https://inaturalist-open-data.s3.amazonaws.com/photos/186909295/original.jpeg,GBIF,,,,,2025-11-08 23:46:08.356878
169848,Pterostylis,pedunculata R.,https://inaturalist-open-data.s3.amazonaws.com/photos/522145353/original.jpg,GBIF,Australia,,ky_the_orchid_guy,,2025-11-07 16:42:02.943253
218238,Dichaea,calyculata,https://inaturalist-open-data.s3.amazonaws.com/photos/167641177/original.jpeg,GBIF,,,,,2025-11-09 07:25:58.906497
196194,Nigritella,karawankarum W.,https://inaturalist-open-data.s3.amazonaws.com/photos/540967841/original.jpg,GBIF,,,,,2025-11-09 02:06:47.169338
226641,Vanilla,chamissonis Klotzsch,https://inaturalist-open-data.s3.amazonaws.com/photos/378811342/original.jpeg,GBIF,,,,,2025-11-09 09:13:39.274849
234105,Cranichis,apiculata Lindl.,https://inaturalist-open-data.s3.amazonaws.com/photos/4362774/original.jpeg,GBIF,,,,,2025-11-09 10:58:27.338023
217743,Gongora,rufescens,https://images.mobot.org/tropicosimages3/detailimages/TropicosImages2/100341000/E34AD514-2369-4096-9A32-FBCBC0E07187.jpg,GBIF,,,,,2025-11-09 07:17:47.661995
189156,Thrixspermum,subulatum,https://medialib.naturalis.nl/file/id/L.1540228/format/large,GBIF,,,,,2025-11-09 00:25:47.630394
299240,Dichaea,glauca,https://inaturalist-open-data.s3.amazonaws.com/photos/522585461/original.jpg,GBIF,,,,,2025-11-10 03:36:07.506460
290555,Liparis,delicatula,https://d2jcv3kl45hlgi.cloudfront.net/5fbcf9f7b708765e16a82bc81361a53c.jpg,GBIF,,,,,2025-11-10 01:30:01.456364
9343,Dendrobium,linguella,https://inaturalist-open-data.s3.amazonaws.com/photos/348193884/original.jpg,GBIF,Malaysia,,Cheongweei Gan,http://creativecommons.org/licenses/by/4.0/,2025-10-20 02:25:01.011805
277386,Dendrobium,nitidicolle,https://medialib.naturalis.nl/file/id/L.4470773/format/large,GBIF,,,,,2025-11-09 22:26:38.810083
264995,Xylobium,palmifolium,http://mediaphoto.mnhn.fr/media/1441305644343t0bPF50ovBlXXGhx,GBIF,,,,,2025-11-09 18:51:44.157021
184770,Jumellea,recurva,http://mediaphoto.mnhn.fr/media/144248333124583KgQJiPHvBNKapJ,GBIF,,,,,2025-11-08 23:25:39.138931
293446,Satyrium,retusum Lindl.,https://inaturalist-open-data.s3.amazonaws.com/photos/182702725/original.jpeg,GBIF,,,,,2025-11-10 02:08:32.834472
303361,Rhynchostele,stellata,https://inaturalist-open-data.s3.amazonaws.com/photos/371800608/original.jpeg,GBIF,,,,,2025-11-10 04:37:53.049126
264923,Catasetum,maculatum,https://inaturalist-open-data.s3.amazonaws.com/photos/561747056/original.jpg,GBIF,,,,,2025-11-09 18:51:12.838716
294744,Corybas,abellianus Dockrill,https://inaturalist-open-data.s3.amazonaws.com/photos/184318242/original.jpeg,GBIF,,,,,2025-11-10 02:31:48.792482
230405,Dendrobium,gratiosissimum,https://images.mobot.org/tropicosimages4/detailimages/TropicosImagesVol4/101100000/8FD75C81-91A5-406B-B037-3B1489C2F76D.jpg,GBIF,,,,,2025-11-09 10:55:04.577697
207029,Caladenia,drakeoides Hopper,https://inaturalist-open-data.s3.amazonaws.com/photos/572164221/original.jpg,GBIF,,,,,2025-11-09 04:41:01.566288
256734,Gomesa,pectoralis,https://d2jcv3kl45hlgi.cloudfront.net/335b1f065c66168f5b67a161f642cfc9.jpg,GBIF,,,,,2025-11-09 16:58:02.861131
258562,Masdevallia,infracta,https://inaturalist-open-data.s3.amazonaws.com/photos/455130440/original.jpeg,GBIF,,,,,2025-11-09 17:23:01.962200
10024,Bulbophyllum,careyanum,"https://iiif.rbge.org.uk/herb/iiif/E00787637/full/300,/0/default.jpg",GBIF,Nepal,,,Unknown,2025-10-20 19:39:00.850240
267213,Orchis,mascula ssp.,https://inaturalist-open-data.s3.amazonaws.com/photos/375721322/original.jpg,GBIF,,,,,2025-11-09 19:24:48.999905
219102,Oncidium,heteranthum,https://inaturalist-open-data.s3.amazonaws.com/photos/403031320/original.jpg,GBIF,,,,,2025-11-09 07:36:42.778087
1,Apostasia,nuda R.,https://inaturalist-open-data.s3.amazonaws.com/photos/495243144/original.jpeg,GBIF,Malaysia,,naturalistchu,http://creativecommons.org/licenses/by-nc/4.0/,2025-10-19 08:01:34.491191
248613,Stelis,purpurascens,https://inaturalist-open-data.s3.amazonaws.com/photos/320995238/original.jpeg,GBIF,,,,,2025-11-09 14:59:46.358767
261095,Diuris,longifolia R.,https://inaturalist-open-data.s3.amazonaws.com/photos/571293985/original.jpg,GBIF,,,,,2025-11-09 17:57:33.643374
270512,Cyrtochilum,dodianum,https://inaturalist-open-data.s3.amazonaws.com/photos/488556257/original.jpg,GBIF,,,,,2025-11-09 22:19:57.332103
219455,Baskervilla,colombiana Garay,https://images.mobot.org/tropicosimages4/detailimages/TropicosImagesVol4/101052000/41C43A21-5BD6-4E0E-8E77-7E2465C015A2.jpg,GBIF,,,,,2025-11-09 07:42:24.235356
9312,Bulbophyllum,scariosum,https://images.mobot.org/tropicosimages4/detailimages/TropicosImagesVol4/101066000/46057830-C1D9-4314-B0BF-9BA3D629A771.jpg,GBIF,Côte d’Ivoire,,C. Geerling,http://creativecommons.org/licenses/by-nc-sa/3.0/,2025-10-20 02:24:48.682794
176250,Elleanthus,kermesinus,http://sweetgum.nybg.org/images3/3518/304/04070653.jpg,GBIF,,,,,2025-11-08 21:18:42.451030
184834,Bulbophyllum,guttulatum,https://medialib.naturalis.nl/file/id/L.1484588/format/large,GBIF,,,,,2025-11-08 23:26:11.653632
201494,Epidendrum,pentadactylum,https://inaturalist-open-data.s3.amazonaws.com/photos/268424150/original.jpeg,GBIF,,,,,2025-11-09 03:27:15.837390
256963,Pomatocalpa,spicatum,https://medialib.naturalis.nl/file/id/L.1525609/format/large,GBIF,,,,,2025-11-09 17:00:09.995752
226161,Sertifera,purpurea,https://inaturalist-open-data.s3.amazonaws.com/photos/58719025/original.jpg,GBIF,,,,,2025-11-09 09:11:15.694885
228242,Epidendrum,noackii,https://inaturalist-open-data.s3.amazonaws.com/photos/501817312/original.jpeg,GBIF,,,,,2025-11-09 10:53:48.924075
199608,Appendicula,pilosa,https://d2jcv3kl45hlgi.cloudfront.net/5bd23c5e4b4347572bf2a81a05c2c3d6.jpg,GBIF,,,,,2025-11-09 03:01:44.350143
182130,Stelis,sagittata,https://images.mobot.org/tropicosimages4/detailimages/TropicosImagesVol4/101062000/1A430871-6225-4691-920B-7FB894B947E5.jpg,GBIF,,,,,2025-11-08 22:44:35.004628
219204,Platanthera,densa ssp.,https://inaturalist-open-data.s3.amazonaws.com/photos/290857856/original.jpeg,GBIF,,,,,2025-11-09 07:38:01.858229
296155,Pterostylis,scabrida Lindl.,https://inaturalist-open-data.s3.amazonaws.com/photos/456061207/original.jpeg,GBIF,,,,,2025-11-10 02:52:03.433307
229457,Spathoglottis,parviflora,https://inaturalist-open-data.s3.amazonaws.com/photos/313359264/original.jpeg,GBIF,,,,,2025-11-09 10:54:19.811598
299857,Ceratostylis,senilis,https://medialib.naturalis.nl/file/id/L.1489560/format/large,GBIF,,,,,2025-11-10 03:44:27.166727
305301,Dendrobium,cuthbertsonii,https://inaturalist-open-data.s3.amazonaws.com/photos/335602853/original.jpg,GBIF,,,,,2025-11-10 05:09:13.542735
278286,Stelis,excelsa,https://d2jcv3kl45hlgi.cloudfront.net/28be317d8b5a63d8d4909d70a965711f.jpg,GBIF,,,,,2025-11-09 22:27:06.271059
307101,Vanilla,inodora Schiede,https://inaturalist-open-data.s3.amazonaws.com/photos/8101806/original.jpeg,GBIF,,,,,2025-11-10 05:27:46.133448
681,Cleistes,tenuis Rchb.f.,https://inaturalist-open-data.s3.amazonaws.com/photos/250400514/original.jpeg,GBIF,French Guiana,,guyrufray,http://creativecommons.org/licenses/by-nc/4.0/,2025-10-19 08:45:21.820429
297847,Platanthera,x channellii,https://media01.symbiota.org/media/seinet/sernec/NCU_VascularPlants/NCU00046/NCU00046780_01.JPG,GBIF,,,,,2025-11-10 03:17:28.776354
202897,Corybas,montanus D.,https://inaturalist-open-data.s3.amazonaws.com/photos/397925425/original.jpeg,GBIF,,,,,2025-11-09 03:48:14.939268
295150,Cuitlauzina,egertonii,https://iiif-manifest.oxalis.br.fgov.be/specimen/BR0000032809732/manifest,GBIF,,,,,2025-11-10 02:37:22.659058
206430,Dendrobium,muricatum,http://mediaphoto.mnhn.fr/media/1443116648392VyAUFPqLbbFaMP5J,GBIF,,,,,2025-11-09 04:33:21.172355
300208,Epidendrum,ibaguense,https://inaturalist-open-data.s3.amazonaws.com/photos/457350759/original.jpg,GBIF,,,,,2025-11-10 03:48:41.581840
272162,Dactylorhiza,iberica,https://inaturalist-open-data.s3.amazonaws.com/photos/529858673/original.jpg,GBIF,,,,,2025-11-09 22:21:20.993105
305635,Cyrtosia,falconeri Hook.f.,https://inaturalist-open-data.s3.amazonaws.com/photos/519144634/original.jpg,GBIF,,,,,2025-11-10 05:12:47.678695
221113,Maxillaria,egertoniana,https://inaturalist-open-data.s3.amazonaws.com/photos/468415308/original.jpg,GBIF,,,,,2025-11-09 08:05:31.751069
306340,Diuris,concinna D.,https://inaturalist-open-data.s3.amazonaws.com/photos/330677103/original.jpeg,GBIF,,,,,2025-11-10 05:22:12.086360
180431,Lepanthes,bradei,https://object.jacq.org/europeana/W/128410.jpg,GBIF,,,,,2025-11-08 22:19:36.894611
287558,Tridactyle,phaeocephala,https://d2jcv3kl45hlgi.cloudfront.net/99bdbe27d5337c47be4465ef732dfdaa.jpg,GBIF,,,,,2025-11-10 00:39:40.354258
184030,Pterostylis,picta M.,https://inaturalist-open-data.s3.amazonaws.com/photos/458003638/original.jpeg,GBIF,,,,,2025-11-08 23:14:17.632862
259324,Habenaria,macrostele Summerh.,https://oxalis.br.fgov.be/images/BR0/000/008/902/825/BR0000008902825.jpg,GBIF,,,,,2025-11-09 17:34:39.116340
214276,Disa,cooperi Rchb.f.,https://inaturalist-open-data.s3.amazonaws.com/photos/466084105/original.jpg,GBIF,,,,,2025-11-09 06:31:07.128984
291939,Thelymitra,latifolia R.,https://inaturalist-open-data.s3.amazonaws.com/photos/480589867/original.jpg,GBIF,,,,,2025-11-10 01:47:55.031974
301081,Lepanthopsis,abbreviata,https://images.mobot.org/tropicosimages4/detailimages/TropicosImagesVol4/101203000/A94D3AF0-E267-4C32-900D-280CD3425702.jpg,GBIF,,,,,2025-11-10 04:04:33.179810
180159,Ophrys,x,http://live.staticflickr.com/4187/34292338010_6ebb98c971_b.jpg,GBIF,,,,,2025-11-08 22:14:20.134318
206111,Cyrtostylis,reniformis R.,https://inaturalist-open-data.s3.amazonaws.com/photos/526525961/original.jpg,GBIF,,,,,2025-11-09 04:28:04.546863
4246,Bulbophyllum,species,https://inaturalist-open-data.s3.amazonaws.com/photos/498490332/original.jpeg,GBIF,New Zealand,,Joe Dillon,http://creativecommons.org/licenses/by/4.0/,2025-10-19 13:58:45.290643
8032,Phalaenopsis,,https://inaturalist-open-data.s3.amazonaws.com/photos/309042543/original.jpg,GBIF,Singapore,,Ultraman Max,http://creativecommons.org/licenses/by-nc/4.0/,2025-10-20 01:55:36.257621
175353,Dendrobium,sororium,https://medialib.naturalis.nl/file/id/L.1506964/format/large,GBIF,,,,,2025-11-08 21:07:20.159374
261426,Platanthera,stenophylla,"https://iiif.rbge.org.uk/herb/iiif/E00008104/full/1600,/0/default.jpg",GBIF,,,,,2025-11-09 18:00:59.285678
1994,Phragmipedium,longifolium Warsz.,https://inaturalist-open-data.s3.amazonaws.com/photos/574923937/original.jpg,GBIF,Costa Rica,,Marco Acuña,http://creativecommons.org/licenses/by-nc/4.0/,2025-10-19 13:04:46.333041
291482,Caladenia,pygmaea R.,https://inaturalist-open-data.s3.amazonaws.com/photos/441927739/original.jpeg,GBIF,,,,,2025-11-10 01:42:44.883382
217291,Microcoelia,aphylla,https://images.mobot.org/tropicosimages4/detailimages/TropicosImagesVol4/101236000/ABC65E3B-C81D-4CE3-821D-B53DB071E547.jpg,GBIF,,,,,2025-11-09 07:12:30.146137
174426,Bulbophyllum,concatenatum,https://iiif-manifest.oxalis.br.fgov.be/specimen/BR0000020032302/manifest,GBIF,,,,,2025-11-08 20:49:26.395012
264941,Bulbophyllum,tixieri,https://images.mobot.org/tropicosimages4/detailimages/TropicosImagesVol4/101060000/3732804E-D0B6-4689-9B59-2010F65AA67E.jpg,GBIF,,,,,2025-11-09 18:51:20.405550
259666,Telipogon,collantesii,https://inaturalist-open-data.s3.amazonaws.com/photos/376508013/original.jpeg,GBIF,,,,,2025-11-09 17:39:41.203073
185715,Ophrys,fusca Link,https://inaturalist-open-data.s3.amazonaws.com/photos/493696402/original.jpeg,GBIF,,,,,2025-11-08 23:37:49.037510
199753,Ceratostylis,retisquama,https://inaturalist-open-data.s3.amazonaws.com/photos/456464277/original.jpeg,GBIF,,,,,2025-11-09 03:04:14.689457
272410,Masdevallia,platyglossa,https://inaturalist-open-data.s3.amazonaws.com/photos/526469096/original.jpg,GBIF,,,,,2025-11-09 22:21:30.352990
192154,Bifrenaria,tetragona,http://fm-digital-assets.fieldmuseum.org/988/530/ORCH_bifr_tetr_895977.jpg,GBIF,,,,,2025-11-09 01:09:25.311269
263089,Disa,obliqua ssp.,https://inaturalist-open-data.s3.amazonaws.com/photos/561334628/original.jpg,GBIF,,,,,2025-11-09 18:23:04.273138
210827,Appendicula,perplexa,http://sweetgum.nybg.org/images3/666/774/00009265.jpg,GBIF,,,,,2025-11-09 05:40:21.793511
250719,Traunsteinera,globosa L.,https://inaturalist-open-data.s3.amazonaws.com/photos/509814824/original.jpg,GBIF,,,,,2025-11-09 15:31:20.854636
226869,Epidendrum,megalospathum,https://inaturalist-open-data.s3.amazonaws.com/photos/239747801/original.jpeg,GBIF,,,,,2025-11-09 09:14:43.187601
175027,Lepanthes,exilis,http://sweetgum.nybg.org/images3/3533/706/04098306.jpg,GBIF,,,,,2025-11-08 21:01:40.179011
2987,Cattleya,species,https://inaturalist-open-data.s3.amazonaws.com/photos/565036830/original.jpg,GBIF,Brazil,,Luiz Alberto Santos,http://creativecommons.org/licenses/by-nc/4.0/,2025-10-19 13:54:41.507695
145369,Phragmipedium,x pfitzerianum,"https://iiif.rbge.org.uk/herb/iiif/E01227502/full/300,/0/default.jpg",GBIF,,,,CC-BY-4.0,2025-11-06 01:54:55.724544
128829,Caladenia,longicauda ssp.,https://static.inaturalist.org/photos/579722957/original.jpg,iNaturalist,"Perth WA, Australia","Perth WA, Australia",rhyspwatto,,2025-11-05 21:20:20.366915
258763,Oberonia,dubia,http://data.huh.harvard.edu/f5fcd4cb-a522-46cc-9121-7e6fad14789c/image,GBIF,,,,,2025-11-09 17:25:32.637782
298226,Bletia,catenulata,https://inaturalist-open-data.s3.amazonaws.com/photos/553522357/original.jpg,GBIF,,,,,2025-11-10 03:20:47.582422
251208,Maxillaria,albiflora,http://data.huh.harvard.edu/737dea08-f74d-4ac7-acc1-0bc6f78569a5/image,GBIF,,,,,2025-11-09 15:39:00.217224
298216,Corybas,macranthus Hook.f.,https://inaturalist-open-data.s3.amazonaws.com/photos/581150556/original.jpg,GBIF,,,,,2025-11-10 03:20:40.069855
280039,Elleanthus,cephalotus,http://sweetgum.nybg.org/images3/1201/782/02065706.jpg,GBIF,,,,,2025-11-09 22:37:45.738224
256300,Lockhartia,serra,https://inaturalist-open-data.s3.amazonaws.com/photos/433258857/original.jpeg,GBIF,,,,,2025-11-09 16:52:05.095345
292742,Myoxanthus,melittanthus,https://images.mobot.org/tropicosimages4/detailimages/TropicosImagesVol4/101225000/F4CD81F8-6388-4497-BFD6-A98B36DE6FAA.jpg,GBIF,,,,,2025-11-10 01:58:53.181778
231341,Dendrobium,sabahense,https://inaturalist-open-data.s3.amazonaws.com/photos/99021357/original.jpg,GBIF,,,,,2025-11-09 10:55:50.151184
223199,Maxillaria,chartacifolia,http://fm-digital-assets.fieldmuseum.org/1691/028/V0451165F.jpg,GBIF,,,,,2025-11-09 08:38:58.090065
255164,Bulbophyllum,leptostachyum,https://mediaphoto.mnhn.fr/media/1664890823126zPm7OZ8GNqLJTg8y,GBIF,,,,,2025-11-09 16:37:47.915707
281108,Acriopsis,densiflora,http://data.huh.harvard.edu/ac66f370-f8b7-41b8-a496-6a48884fa4d9/image,GBIF,,,,,2025-11-09 23:05:20.982551
243178,Ponthieva,triloba Schltr.,http://pictures.snsb.info/GOETvplantscoll/web/GOET0086/GOET008667_20110914_174126.jpg,GBIF,,,,,2025-11-09 13:42:09.952645
231961,Dendrobium,venustum,http://mediaphoto.mnhn.fr/media/1441306329380Kh8kQ2xYNoAnb6vD,GBIF,,,,,2025-11-09 10:56:30.741964
144562,Cypripedium,fasciculatum Kellogg,https://inaturalist-open-data.s3.amazonaws.com/photos/497481959/original.jpeg,GBIF,United States of America,,jhigbie,http://creativecommons.org/licenses/by-nc/4.0/,2025-11-06 01:49:37.509390
296596,Epidendrum,candelabrum,https://images.mobot.org/tropicosimages4/detailimages/TropicosImagesVol4/101078000/FAE6E59D-836A-4FE3-BA95-04CB6C86FE17.jpg,GBIF,,,,,2025-11-10 02:58:56.231167
209116,Caladenia,colorata D.,https://inaturalist-open-data.s3.amazonaws.com/photos/576779038/original.jpg,GBIF,,,,,2025-11-09 05:14:19.118675
286778,Sobralia,liliastrum,https://inaturalist-open-data.s3.amazonaws.com/photos/411487683/original.jpeg,GBIF,,,,,2025-11-10 00:29:21.155320
175992,Prescottia,phleoides Lindl.,https://oxalis.br.fgov.be/images/BR0/000/008/436/948/BR0000008436948.jpg,GBIF,,,,,2025-11-08 21:14:20.773764
183760,Brassia,euodes,https://inaturalist-open-data.s3.amazonaws.com/photos/334393523/original.jpeg,GBIF,,,,,2025-11-08 23:09:09.411207
5263,Maxillaria,rotundilabia,https://inaturalist-open-data.s3.amazonaws.com/photos/85144399/original.jpeg,GBIF,Ecuador,,Alex Reynolds,http://creativecommons.org/licenses/by-nc/4.0/,2025-10-19 14:02:34.652579
212685,Satyrium,hallackii ssp.,https://inaturalist-open-data.s3.amazonaws.com/photos/462721835/original.jpeg,GBIF,,,,,2025-11-09 06:06:39.919296
2159,Phragmipedium,pearcei Rchb.f.,https://inaturalist-open-data.s3.amazonaws.com/photos/281268796/original.jpg,GBIF,Peru,,Tilo Henning,http://creativecommons.org/licenses/by-nc/4.0/,2025-10-19 13:04:55.729574
248935,Dendrobium,hendersonii,https://iiif-manifest.oxalis.br.fgov.be/specimen/BR0000032824346/manifest,GBIF,,,,,2025-11-09 15:03:04.434779
199025,Acianthera,hondurensis,https://images.mobot.org/RISScanning02/detailImages/RISScanning02/103029000/A6C5C135-97A4-4CE1-8442-7D90E4C0141C.jpg,GBIF,,,,,2025-11-09 02:53:56.346285
221102,Maxillaria,egertoniana,https://inaturalist-open-data.s3.amazonaws.com/photos/461563281/original.jpeg,GBIF,,,,,2025-11-09 08:05:31.692763
278721,Liparis,guineensis,https://inaturalist-open-data.s3.amazonaws.com/photos/528993754/original.jpg,GBIF,,,,,2025-11-09 22:27:24.199281
6228,Bulbophyllum,chrysotes,https://d2jcv3kl45hlgi.cloudfront.net/b24e3cd39889d3b5c02dd64991dca881.jpg,GBIF,,,"Schlechter, F.R.R.",http://creativecommons.org/licenses/by/4.0/,2025-10-20 01:16:28.883346
1858,Cypripedium,yatabeanum Makino,https://inaturalist-open-data.s3.amazonaws.com/photos/112215896/original.jpg,GBIF,Russian Federation,,Boris Bolshakov,http://creativecommons.org/licenses/by-nc/4.0/,2025-10-19 11:23:34.469963
205200,Ophrys,passionis Sennen,https://inaturalist-open-data.s3.amazonaws.com/photos/476726319/original.jpeg,GBIF,,,,,2025-11-09 04:16:11.052709
237522,Habenaria,laevigata Lindl.,https://inaturalist-open-data.s3.amazonaws.com/photos/470958835/original.jpeg,GBIF,,,,,2025-11-09 12:16:38.085686
248776,Pterostylis,furva D.,https://inaturalist-open-data.s3.amazonaws.com/photos/485668303/original.jpeg,GBIF,,,,,2025-11-09 15:01:05.837013
235564,Ophrys,kotschyi H.,https://inaturalist-open-data.s3.amazonaws.com/photos/478254731/original.jpeg,GBIF,,,,,2025-11-09 11:19:48.022069
142896,Vanilla,mexicana L.,https://inaturalist-open-data.s3.amazonaws.com/photos/497848895/original.jpeg,GBIF,French Guiana,,Julien Piolain,http://creativecommons.org/licenses/by-nc/4.0/,2025-11-06 01:36:32.815855
177459,Aerangis,concavipetala,http://mediaphoto.mnhn.fr/media/1442318673911qg4pNCYP3nRBAAed,GBIF,,,,,2025-11-08 21:37:59.034163
176155,Cypripedium,x andrewsii,https://inaturalist-open-data.s3.amazonaws.com/photos/508528863/original.jpg,GBIF,,,,,2025-11-08 21:17:07.320539
199298,Vanilla,francoisii H.,https://images.mobot.org/tropicosimages3/detailimages/TropicosImageVol3/100766000/7C97757F-81F0-4648-B835-A8008B3E3564.jpg,GBIF,,,,,2025-11-09 02:57:14.489442
229931,Genoplesium,citriodorum,https://images.ala.org.au/image/proxyImageThumbnailLarge?imageId=58d049f5-af7b-40a3-8ed7-f2d585584be8,GBIF,,,,,2025-11-09 10:54:36.612454
221305,Paphiopedilum,hookerae Rchb.f.,https://inaturalist-open-data.s3.amazonaws.com/photos/472021090/original.jpeg,GBIF,,,,,2025-11-09 08:08:10.285034
247894,Octomeria,gracilis,http://jbrj-public-img.s3-sa-east-1.amazonaws.com/JPG/rb/0/60/38/41/00603841.jpg,GBIF,,,,,2025-11-09 14:47:59.585566
227896,Microcoelia,cornuta,https://inaturalist-open-data.s3.amazonaws.com/photos/28890200/original.jpeg,GBIF,,,,,2025-11-09 10:53:18.391048
175737,Zeuxine,reginasilvae Ormerod,http://data.huh.harvard.edu/655c85ed-10ea-421f-88ca-3c54b5cda0d6/image,GBIF,,,,,2025-11-08 21:11:10.635362
296430,Coelogyne,stricta,http://data.huh.harvard.edu/f6216a97-2cc2-4a95-a88f-c31840ba0411/image,GBIF,,,,,2025-11-10 02:55:07.290608
264773,Bulbophyllum,weberi,https://medialib.naturalis.nl/file/id/L.2066910/format/large,GBIF,,,,,2025-11-09 18:49:21.349423
230583,Lepanthes,elata,https://images.mobot.org/tropicosimages4/detailimages/TropicosImagesVol4/101200000/67050037-A282-4BFB-A34C-6C3D03AE5856.jpg,GBIF,,,,,2025-11-09 10:55:08.381526
218749,Epigeneium,stella-silvae,https://inaturalist-open-data.s3.amazonaws.com/photos/344618745/original.jpeg,GBIF,,,,,2025-11-09 07:32:51.825517
175427,Drakaea,concolor,https://inaturalist-open-data.s3.amazonaws.com/photos/313419320/original.jpeg,GBIF,,,,,2025-11-08 21:08:00.121547
183537,Caladenia,villosissima G.,https://inaturalist-open-data.s3.amazonaws.com/photos/332077058/original.jpeg,GBIF,,,,,2025-11-08 23:04:54.940833
296645,Epidendrum,eugenii,http://data.huh.harvard.edu/18047717-f024-4c25-b7f6-6d855549bec5/image,GBIF,,,,,2025-11-10 02:59:51.655018
257733,Porpax,braccata,https://inaturalist-open-data.s3.amazonaws.com/photos/424739604/original.jpg,GBIF,,,,,2025-11-09 17:10:04.796263
490,Cleistesiopsis,oricamporum P.,https://inaturalist-open-data.s3.amazonaws.com/photos/377097579/original.jpg,GBIF,United States of America,,Lauren McLaurin,http://creativecommons.org/licenses/by/4.0/,2025-10-19 08:38:07.549495
246664,Acianthera,paradoxa,https://images.mobot.org/tropicosimages3/detailimages/TropicosImages2/235/D9AB67FE-00CF-42DA-A317-5B0597CD9833.jpg,GBIF,,,,,2025-11-09 14:30:09.074334
279856,Habenaria,andamanica Hook.f.,https://d2jcv3kl45hlgi.cloudfront.net/58eb71965b87bba6ffd816dcacdaf44d.jpg,GBIF,,,,,2025-11-09 22:34:11.234171
298481,Braemia,vittata,http://data.huh.harvard.edu/2c884e69-9e39-4732-8cbc-06668c452905/image,GBIF,,,,,2025-11-10 03:24:14.142002
184690,Pterostylis,lepida D.,https://inaturalist-open-data.s3.amazonaws.com/photos/582824579/original.jpg,GBIF,,,,,2025-11-08 23:24:04.864369
233326,Laelia,anceps,https://inaturalist-open-data.s3.amazonaws.com/photos/347105378/original.jpg,GBIF,,,,,2025-11-09 10:57:45.571008
248292,Habenaria,meeana Toscano,http://jbrj-public.s3-sa-east-1.amazonaws.com/fsi/server?type=image&source=DZI/alcb/alcb/0/0/1/22/alcb00000122.dzi,GBIF,,,,,2025-11-09 14:54:04.454544
1231,Cypripedium,parviflorum Salisb.,https://inaturalist-open-data.s3.amazonaws.com/photos/511218027/original.jpg,GBIF,United States of America,,Avery Allert,http://creativecommons.org/licenses/by-nc/4.0/,2025-10-19 11:18:59.413928
243931,Calanthe,zollingeri,https://inaturalist-open-data.s3.amazonaws.com/photos/151604157/original.jpeg,GBIF,,,,,2025-11-09 13:52:04.914926
253343,Liparis,pauliana,https://inaturalist-open-data.s3.amazonaws.com/photos/516166652/original.jpg,GBIF,,,,,2025-11-09 16:09:55.534255
231309,Epidendrum,erosum,https://inaturalist-open-data.s3.amazonaws.com/photos/506123606/original.jpg,GBIF,,,,,2025-11-09 10:55:47.782152
301867,Dilochia,parviflora,http://data.huh.harvard.edu/58e6ebac-9923-4262-8589-e6b322818e43/image,GBIF,,,,,2025-11-10 04:14:20.001051
210932,Benthamia,majoriflora H.,http://mediaphoto.mnhn.fr/media/1441452398740KvattCtNAhn7Hi3R,GBIF,,,,,2025-11-09 05:41:32.844340
211881,Bulbophyllum,occultum,https://inaturalist-open-data.s3.amazonaws.com/photos/332132687/original.jpeg,GBIF,,,,,2025-11-09 05:54:46.753003
178906,Habenaria,yungasensis Schltr.,https://wis.botany.wisc.edu/WIS/Types_2/v0254449WIS.jpg,GBIF,,,,,2025-11-08 21:56:21.910176
232443,Neottia,megalochila,http://data.huh.harvard.edu/c9448da8-1ab0-4c66-937a-474896cb6168/image,GBIF,,,,,2025-11-09 10:56:58.910038
191034,Genoplesium,nudiscapum,https://inaturalist-open-data.s3.amazonaws.com/photos/465477185/original.jpg,GBIF,,,,,2025-11-09 00:53:09.457957
4275,Bulbophyllum,species,https://inaturalist-open-data.s3.amazonaws.com/photos/504426609/original.jpg,GBIF,New Zealand,,Hannah Rogers,http://creativecommons.org/licenses/by/4.0/,2025-10-19 13:58:45.290643
280767,Lepanthes,obtusa,https://iiif-manifest.oxalis.br.fgov.be/specimen/BR0000033161921/manifest,GBIF,,,,,2025-11-09 22:55:34.810012
168723,Cyrtorchis,ringens,https://images.mobot.org/tropicosimages4/detailimages/TropicosImagesVol4/101138000/69178901-0C78-42CB-A930-56D4F6A22324.jpg,GBIF,Gabon,,Ehoarn Bidault|Olivier Lachenaud|Anne-Hélène Paradis|Igor Nguimbit,,2025-11-07 16:37:44.041428
205092,Platanthera,devolii T.,https://inaturalist-open-data.s3.amazonaws.com/photos/411538775/original.jpeg,GBIF,,,,,2025-11-09 04:14:59.669108
306634,Satyrium,eurycalcaratum van,https://inaturalist-open-data.s3.amazonaws.com/photos/463726339/original.jpg,GBIF,,,,,2025-11-10 05:24:50.411903
250590,Dipodium,scandens,https://medialib.naturalis.nl/file/id/L.4470846/format/large,GBIF,,,,,2025-11-09 15:29:14.085238
285950,Serapias,lingua ssp.,https://inaturalist-open-data.s3.amazonaws.com/photos/483427496/original.jpeg,GBIF,,,,,2025-11-10 00:17:50.644972
273487,Lockhartia,ludibunda,https://images.mobot.org/tropicosimages4/detailimages/TropicosImagesVol4/101206000/3B92FE07-E33A-45C2-96F2-846D57F39E5A.jpg,GBIF,,,,,2025-11-09 22:22:23.438358
211434,Ipsea,speciosa,https://inaturalist-open-data.s3.amazonaws.com/photos/463528603/original.jpeg,GBIF,,,,,2025-11-09 05:48:02.148670
246380,Sarcochilus,hillii,https://inaturalist-open-data.s3.amazonaws.com/photos/545704950/original.jpg,GBIF,,,,,2025-11-09 14:25:48.055221
8173,Bulbophyllum,lilacinum,https://inaturalist-open-data.s3.amazonaws.com/photos/544907741/original.jpg,GBIF,Myanmar,,lordworm_cryptopsy,http://creativecommons.org/licenses/by-nc/4.0/,2025-10-20 01:56:08.596440
199976,Andreettaea,macroblepharis,https://images.mobot.org/tropicosimages4/detailimages/TropicosImagesVol4/101292000/29B90156-B9D2-49EA-85E9-549D3673580D.jpg,GBIF,,,,,2025-11-09 03:07:17.455247
248620,Calochilus,herbaceus Lindl.,https://inaturalist-open-data.s3.amazonaws.com/photos/581504342/original.jpg,GBIF,,,,,2025-11-09 15:00:01.558776
10735,Oncidium,leleui,https://inaturalist-open-data.s3.amazonaws.com/photos/474222806/original.jpeg,GBIF,Mexico,,Jesus cortes,http://creativecommons.org/licenses/by-nc/4.0/,2025-10-21 07:31:46.123517
191268,Malaxis,major,https://inaturalist-open-data.s3.amazonaws.com/photos/553952281/original.jpg,GBIF,,,,,2025-11-09 00:56:03.427477
214416,Sarcanthopsis,woodfordii,https://medialib.naturalis.nl/file/id/L.1528375/format/large,GBIF,,,,,2025-11-09 06:32:02.060371
302483,Stelis,dialissa,https://images.mobot.org/tropicosimages4/detailimages/TropicosImagesVol4/101075000/36B4F161-D025-4F84-8638-CCB4569FD1C4.jpg,GBIF,,,,,2025-11-10 04:23:04.909018
663,Cleistes,rosea Lindl.,https://inaturalist-open-data.s3.amazonaws.com/photos/136085748/original.jpeg,GBIF,Panama,,Alex Espinosa,http://creativecommons.org/licenses/by-nc/4.0/,2025-10-19 08:44:55.103289
266550,Bulbophyllum,gamblei,https://images.mobot.org/tropicosimages4/detailimages/TropicosImagesVol4/101063000/A05B35D7-429E-4F8F-8117-71DCCEB560C8.jpg,GBIF,,,,,2025-11-09 19:15:17.546707
194968,Microchilus,foliosus,https://inaturalist-open-data.s3.amazonaws.com/photos/369007349/original.jpg,GBIF,,,,,2025-11-09 01:48:09.561335
292392,Pabstia,viridis,https://d2jcv3kl45hlgi.cloudfront.net/dabc465c8f7d04e809c3909f92e41270.jpg,GBIF,,,,,2025-11-10 01:53:35.583343
168817,Oliveriana,egregia,https://images.mobot.org/tropicosimages4/detailimages/TropicosImagesVol4/101230000/1177E24B-761A-4645-B504-13377D8AC73D.jpg,GBIF,Colombia,,James L. Zarucchi|Beatriz E. Echeverry C.,,2025-11-07 16:38:10.633110
5250,Maxillaria,lexarzana,https://inaturalist-open-data.s3.amazonaws.com/photos/429761277/original.jpg,GBIF,Mexico,,Ubaldo Edgar García López,http://creativecommons.org/licenses/by-nc/4.0/,2025-10-19 14:02:10.932767
270394,Maxillaria,desvauxiana,https://images.mobot.org/tropicosimages5/detailimages/TropicosImagesVol5/101491000/583A3ED1-89BA-4DA9-9432-B36776CD9796.jpg,GBIF,,,,,2025-11-09 22:19:53.385185
9445,Oncidium,ornithorhynchum,https://inaturalist-open-data.s3.amazonaws.com/photos/475379931/original.jpeg,GBIF,Colombia,,Benoît Segerer,http://creativecommons.org/licenses/by-nc/4.0/,2025-10-20 02:32:10.848663
301101,Calanthe,kinabaluensis,https://inaturalist-open-data.s3.amazonaws.com/photos/551660428/original.jpg,GBIF,,,,,2025-11-10 04:04:41.537585
221298,Paphiopedilum,hookerae Rchb.f.,https://inaturalist-open-data.s3.amazonaws.com/photos/519075741/original.jpg,GBIF,,,,,2025-11-09 08:08:10.256383
246951,Maxillaria,discolor,https://inaturalist-open-data.s3.amazonaws.com/photos/542489637/original.jpg,GBIF,,,,,2025-11-09 14:33:35.372328
194471,Dichaea,tenuifolia,https://images.mobot.org/tropicosimages4/detailimages/TropicosImagesVol4/101078000/C149FB4C-F925-4762-9396-4DC07945644D.jpg,GBIF,,,,,2025-11-09 01:38:38.933670
165379,Habenaria,dentata Sw.,https://inaturalist-open-data.s3.amazonaws.com/photos/236960087/original.jpeg,GBIF,Thailand,,,,2025-11-07 02:02:02.003132
205248,Genoplesium,tasmanicum D.,https://inaturalist-open-data.s3.amazonaws.com/photos/259465892/original.jpeg,GBIF,,,,,2025-11-09 04:16:42.491807
210195,Hemipilia,monantha,"https://iiif.rbge.org.uk/herb/iiif/E00629878/full/300,/0/default.jpg",GBIF,,,,,2025-11-09 05:29:31.283175
304192,Coelogyne,propinqua,http://data.huh.harvard.edu/dc8d5177-c2ba-45c4-820a-d5d2b0477b35/image,GBIF,,,,,2025-11-10 04:51:38.619338
214155,Paphiopedilum,venustum Wall.,http://data.huh.harvard.edu/1c865a4f-98f4-4d7b-89d5-f025dd7aec3d/image,GBIF,,,,,2025-11-09 06:30:19.643940
226872,Epidendrum,megalospathum,https://inaturalist-open-data.s3.amazonaws.com/photos/243638438/original.jpg,GBIF,,,,,2025-11-09 09:14:43.202106
306,Cleistesiopsis,Pansarin &,https://inaturalist-open-data.s3.amazonaws.com/photos/506951247/original.jpg,GBIF,United States of America,,Melanie,http://creativecommons.org/licenses/by-nc/4.0/,2025-10-19 08:22:49.675141
154160,Disa,oreophila ssp.,https://inaturalist-open-data.s3.amazonaws.com/photos/176997424/original.jpg,GBIF,Lesotho,,nicky001,http://creativecommons.org/licenses/by-nc/4.0/,2025-11-06 02:44:01.880338
251156,Sarcoglyphis,mirabilis,https://d2jcv3kl45hlgi.cloudfront.net/8419ff135252176e03dcd045ef03b8f4.jpg,GBIF,,,,,2025-11-09 15:37:17.065379
206693,Dactylorhiza,sambucina,https://observation.org/photos/113773952.jpg,GBIF,,,,,2025-11-09 04:36:24.053806
300441,Ophrys,fusca Link,https://inaturalist-open-data.s3.amazonaws.com/photos/467143153/original.jpeg,GBIF,,,,,2025-11-10 03:52:15.917926
200831,Campylocentrum,jamaicense,http://mediaphoto.mnhn.fr/media/1441307124915gc9l21e7Lra1J5Iu,GBIF,,,,,2025-11-09 03:18:32.172404
174792,Gomesa,widgrenii,http://jbrj-public-img.s3-sa-east-1.amazonaws.com/JPG/rb/0/79/53/10/00795310.jpg,GBIF,,,,,2025-11-08 20:56:52.499092
231173,Pterostylis,australis Hook.f.,https://inaturalist-open-data.s3.amazonaws.com/photos/461138853/original.jpeg,GBIF,,,,,2025-11-09 10:55:43.759495
274999,Maxillaria,aureoglobula,https://inaturalist-open-data.s3.amazonaws.com/photos/216845610/original.jpg,GBIF,,,,,2025-11-09 22:24:15.198460
221463,Epidendrum,dendrobii,http://fm-digital-assets.fieldmuseum.org/1616/201/V0436605F.jpg,GBIF,,,,,2025-11-09 08:11:43.907521
266443,Pterostylis,cucullata R.,https://inaturalist-open-data.s3.amazonaws.com/photos/564925946/original.jpg,GBIF,,,,,2025-11-09 19:13:02.620110
188068,Nigritella,x robatschiana,https://inaturalist-open-data.s3.amazonaws.com/photos/526493686/original.jpg,GBIF,,,,,2025-11-09 00:13:06.001283
5786,Epidendrum,diffusum,https://inaturalist-open-data.s3.amazonaws.com/photos/269182272/original.jpg,GBIF,Mexico,,Luis Humberto Vicente-Rivera,http://creativecommons.org/licenses/by-nc/4.0/,2025-10-19 19:37:13.916109
279917,Bulbophyllum,lorentzianum,http://mediaphoto.mnhn.fr/media/1441306620236VwYVsx1Oqup3FzGQ,GBIF,,,,,2025-11-09 22:36:03.173618
148155,Disperis,humblotii Rchb.f.,https://bs.plantnet.org/image/o/0e82c920840cba23b8d7bef48d89344111ee8152,GBIF,Madagascar,,,branjavao (cc-by-sa),2025-11-06 02:14:00.872190
8147,Phalaenopsis,,https://inaturalist-open-data.s3.amazonaws.com/photos/175425195/original.jpg,GBIF,Philippines,,shierandrulist,http://creativecommons.org/licenses/by-nc/4.0/,2025-10-20 01:55:36.257621
265596,Triphora,trianthophoros,https://inaturalist-open-data.s3.amazonaws.com/photos/543393261/original.jpg,GBIF,,,,,2025-11-09 18:59:49.485377
209313,Ophrys,cornuta Steven,https://observation.org/photos/92928871.jpg,GBIF,,,,,2025-11-09 05:15:47.563809
184477,Bulbophyllum,erythroglossum,http://mediaphoto.mnhn.fr/media/14424875378643ZyMJ9dVKyZNg0wf,GBIF,,,,,2025-11-08 23:21:33.178206
216396,Otoglossum,weberbauerianum,https://inaturalist-open-data.s3.amazonaws.com/photos/472575020/original.jpg,GBIF,,,,,2025-11-09 07:00:03.964439
11273,Epidendrum,strobiliferum,https://images.mobot.org/tropicosimages4/detailimages/TropicosImagesVol4/101104000/A5C8C584-D16A-4B2D-A2E2-EB28F283FE87.jpg,Tropicos - Missouri Botanical Garden,,,,,2025-10-21 17:54:10.016983
176334,Ophrys,cilicica Schltr.,"https://iiif.rbge.org.uk/herb/iiif/E00683248/full/1600,/0/default.jpg",GBIF,,,,,2025-11-08 21:20:01.371077
168835,Cymbidium,rectum,https://medialib.naturalis.nl/file/id/L.1505217/format/large,GBIF,Indonesia,,Vogel EF de,,2025-11-07 16:38:27.038752
208956,Bromheadia,ensifolia,https://medialib.naturalis.nl/file/id/L.1488296/format/large,GBIF,,,,,2025-11-09 05:10:21.737556
297344,Anthogonium,gracile,https://inaturalist-open-data.s3.amazonaws.com/photos/427542176/original.jpg,GBIF,,,,,2025-11-10 03:10:51.091234
211025,Cynorkis,kassneriana ssp.,https://inaturalist-open-data.s3.amazonaws.com/photos/347473304/original.jpg,GBIF,,,,,2025-11-09 05:43:00.751646
214508,Caladenia,lorea,https://inaturalist-open-data.s3.amazonaws.com/photos/425884636/original.jpeg,GBIF,,,,,2025-11-09 06:33:14.144019
305041,Cattleya,tenebrosa,https://media01.symbiota.org/media/h_seinet/seinet/KHD/KHD00021/KHD00021550_lg.jpg,GBIF,,,,,2025-11-10 05:05:49.827420
271161,Epistephium,williamsii Hook.f.,https://inaturalist-open-data.s3.amazonaws.com/photos/250914138/original.jpg,GBIF,,,,,2025-11-09 22:20:23.197433
298528,Coelogyne,flaccida,https://inaturalist-open-data.s3.amazonaws.com/photos/475236593/original.jpeg,GBIF,,,,,2025-11-10 03:25:09.417804
208188,Lepanthes,fulva,https://media-service.nrm.se/images?dataset=fbo&id=large/S12-016001/S12-16114.jpg,GBIF,,,,,2025-11-09 04:59:16.241847
9701,Dendrobium,nobile,https://web.corral.tacc.utexas.edu/brit/BRIT/BRIT0552000/BRIT552194.jpg,GBIF,Viet Nam,,"L. Averyanov; N. T. Ban, N. Q. Binh, A. Budantzev, L. Budantzev, N. T. Hiep, D. D. Huyen, P. K. Loc, N. X. Tam, G. Yakovlev",http://creativecommons.org/publicdomain/zero/1.0/,2025-10-20 19:35:33.466560
276683,Eulophia,milnei,https://inaturalist-open-data.s3.amazonaws.com/photos/518745877/original.jpg,GBIF,,,,,2025-11-09 22:26:01.511230
211586,Encyclia,plicata,https://inaturalist-open-data.s3.amazonaws.com/photos/82874041/original.jpeg,GBIF,,,,,2025-11-09 05:50:24.646161
291401,Mormodes,lobulata,https://oxalis.br.fgov.be/images/BR0/000/023/402/157/BR0000023402157.jpg,GBIF,,,,,2025-11-10 01:42:04.280746
211820,Dendrophylax,porrectus,https://inaturalist-open-data.s3.amazonaws.com/photos/461327477/original.jpg,GBIF,,,,,2025-11-09 05:53:42.995244
176410,Pinalia,ringens,https://medialib.naturalis.nl/file/id/L.1510826/format/large,GBIF,,,,,2025-11-08 21:20:57.280544
148006,Disperis,dicerochila Summerh.,https://inaturalist-open-data.s3.amazonaws.com/photos/238341000/original.jpg,GBIF,Malawi,,Bart Wursten,http://creativecommons.org/licenses/by-nc/4.0/,2025-11-06 02:13:10.640953
209372,Epipactis,tremolsii,https://live.staticflickr.com/65535/54727325206_363f7508e3_b.jpg,GBIF,,,,,2025-11-09 05:16:34.358460
288630,Cyrtochilum,ramosissimum,http://sweetgum.nybg.org/images3/3564/513/04109770.jpg,GBIF,,,,,2025-11-10 01:00:33.029779
243013,Cyrtochilum,volubile,http://sweetgum.nybg.org/images3/3483/248/04054756.jpg,GBIF,,,,,2025-11-09 13:39:54.291006
255406,Bipinnula,fimbriata Poepp.,https://inaturalist-open-data.s3.amazonaws.com/photos/539185490/original.jpg,GBIF,,,,,2025-11-09 16:40:27.130684
9661,Dendrobium,verruciferum,https://inaturalist-open-data.s3.amazonaws.com/photos/440517992/original.jpeg,GBIF,New Caledonia,,Maël Dewynter,http://creativecommons.org/licenses/by-nc/4.0/,2025-10-20 02:57:03.421508
236201,Cattleya,x,"https://iiif.rbge.org.uk/herb/iiif/E01282484/full/300,/0/default.jpg",GBIF,,,,,2025-11-09 11:32:43.323656
230751,Macodes,lowii E.,https://inaturalist-open-data.s3.amazonaws.com/photos/376957590/original.jpg,GBIF,,,,,2025-11-09 10:55:18.149495
219415,Ophrys,phryganae Devillers-Tersch.,https://inaturalist-open-data.s3.amazonaws.com/photos/477145729/original.jpeg,GBIF,,,,,2025-11-09 07:41:20.008747
211478,Dactylorhiza,kerryensis Wilmott,https://inaturalist-open-data.s3.amazonaws.com/photos/291409608/original.jpeg,GBIF,,,,,2025-11-09 05:49:05.627785
301904,Phreatia,plantaginifolia,https://medialib.naturalis.nl/file/id/L.4164762/format/large,GBIF,,,,,2025-11-10 04:15:01.008286
199476,Myoxanthus,ceratothallis,https://inaturalist-open-data.s3.amazonaws.com/photos/419451236/original.jpeg,GBIF,,,,,2025-11-09 02:59:29.925941
268222,Dendrobium,toressae,https://inaturalist-open-data.s3.amazonaws.com/photos/279221451/original.jpeg,GBIF,,,,,2025-11-09 19:42:07.842667
223311,Adenoncos,major,"https://iiif.rbge.org.uk/herb/iiif/E01313858/full/1600,/0/default.jpg",GBIF,,,,,2025-11-09 08:40:19.026656
195262,Eriodes,barbata,http://mediaphoto.mnhn.fr/media/1442355731004k6ttuE6FSiTd3GhS,GBIF,,,,,2025-11-09 01:51:58.598602
2203,Phragmipedium,x richteri,https://inaturalist-open-data.s3.amazonaws.com/photos/367554516/original.jpg,GBIF,Peru,,Danny Lawrence,http://creativecommons.org/licenses/by-nc/4.0/,2025-10-19 13:07:32.368908
264488,Liparis,latialata,http://pictures.snsb.info/BSMafrplantscoll/M-0103/M-0103577_20050306_170220.jpg,GBIF,,,,,2025-11-09 18:46:10.649099
214068,Maxillaria,patens,https://cdn.floridamuseum.ufl.edu/Herbarium/1266def6-3235-4de8-a702-86a0dc7094d9,GBIF,,,,,2025-11-09 06:29:23.958027
227894,Microcoelia,cornuta,https://inaturalist-open-data.s3.amazonaws.com/photos/28890238/original.jpeg,GBIF,,,,,2025-11-09 10:53:18.372809
262177,Glomera,palustris,https://medialib.naturalis.nl/file/id/L0056416_MLN/format/large,GBIF,,,,,2025-11-09 18:10:22.725365
194995,Burnettia,cuneata Lindl.,https://inaturalist-open-data.s3.amazonaws.com/photos/317282346/original.jpg,GBIF,,,,,2025-11-09 01:48:17.143469
213284,Cattleya,lawrenceana,https://oxalis.br.fgov.be/images/BR0/000/023/119/574/BR0000023119574.jpg,GBIF,,,,,2025-11-09 06:17:45.469320
192782,Habenaria,commelinifolia Roxb.,https://inaturalist-open-data.s3.amazonaws.com/photos/559276197/original.jpg,GBIF,,,,,2025-11-09 01:17:38.242372
232822,Thelymitra,batesii Jeanes,https://inaturalist-open-data.s3.amazonaws.com/photos/238648837/original.jpg,GBIF,,,,,2025-11-09 10:57:18.178089
149218,Disperis,virginalis Schltr.,https://inaturalist-open-data.s3.amazonaws.com/photos/60860005/original.jpeg,GBIF,Zimbabwe,,M Rutherford,http://creativecommons.org/licenses/by/4.0/,2025-11-06 02:23:28.410199
178359,Epidendrum,lavendulum,https://inaturalist-open-data.s3.amazonaws.com/photos/363520819/original.jpeg,GBIF,,,,,2025-11-08 21:49:53.441026
247457,Habenaria,plectromaniaca,https://d2seqvvyy3b8p2.cloudfront.net/71fbf232ea3ae378eb86cb80cdfe8fc5.jpg,GBIF,,,,,2025-11-09 14:41:54.875247
223754,Nervilia,fuerstenbergiana,https://medialib.naturalis.nl/file/id/WAG.1138200/format/large,GBIF,,,,,2025-11-09 08:48:21.011157
229873,Masdevallia,pumila,https://images.mobot.org/tropicosimages4/detailimages/TropicosImagesVol4/101210000/49812D71-2357-41CC-B361-CC3126B861CB.jpg,GBIF,,,,,2025-11-09 10:54:36.444409
248071,Chloraea,barbata Lindl.,https://inaturalist-open-data.s3.amazonaws.com/photos/253692983/original.jpg,GBIF,,,,,2025-11-09 14:51:25.667025
291640,Huntleya,meleagris,https://inaturalist-open-data.s3.amazonaws.com/photos/329095554/original.jpeg,GBIF,,,,,2025-11-10 01:44:51.854267
191766,Vanda,cristata,https://inaturalist-open-data.s3.amazonaws.com/photos/307114721/original.jpg,GBIF,,,,,2025-11-09 01:04:08.280810
274640,Coelogyne,anfracta,http://mediaphoto.mnhn.fr/media/1441307071417kCk6ivNrKqu9u1bC,GBIF,,,,,2025-11-09 22:23:48.470671
305605,Guarianthe,skinneri,https://bs.plantnet.org/image/o/013f73757a91a466d82ff0f32c263de18cdbbc33,GBIF,,,,,2025-11-10 05:12:39.963031
256495,Acianthera,strupifolia,http://data.huh.harvard.edu/69ff4c89-ca72-47d3-9553-00273f298596/image,GBIF,,,,,2025-11-09 16:54:51.938334
10077,Dendrobium,monophyllum,https://inaturalist-open-data.s3.amazonaws.com/photos/391805833/original.jpeg,GBIF,Australia,,Richard Dimon,http://creativecommons.org/licenses/by/4.0/,2025-10-20 19:40:33.301924
640,Cleistes,grandiflora Aubl.,https://inaturalist-open-data.s3.amazonaws.com/photos/377364364/original.jpeg,GBIF,French Guiana,,Vincent Rufray,http://creativecommons.org/licenses/by-nc/4.0/,2025-10-19 08:38:43.854649
295366,Maxillaria,pumila,https://inaturalist-open-data.s3.amazonaws.com/photos/574895257/original.jpg,GBIF,,,,,2025-11-10 02:40:25.315052
227371,Oberonia,griffithiana,https://d2seqvvyy3b8p2.cloudfront.net/fd4087571bce23b808e8319e15d22b43.jpg,GBIF,,,,,2025-11-09 10:52:57.029231
262076,Masdevallia,aphanes,http://pictures.snsb.info/BSMvplantscoll/web/M-0226/M-0226444_20140714_101600.jpg,GBIF,,,,,2025-11-09 18:09:26.685242
2780,Epidendrum,species,https://inaturalist-open-data.s3.amazonaws.com/photos/467248396/original.jpeg,GBIF,Costa Rica,,Fabián A. Sibaja Araya,http://creativecommons.org/licenses/by-nc/4.0/,2025-10-19 13:54:01.651673
250900,Habenaria,sigillum Thouars,http://mediaphoto.mnhn.fr/media/1540907500000hdis0pFKmR0s0qzf,GBIF,,,,,2025-11-09 15:33:58.588675
175354,Dendrobium,sororium,https://medialib.naturalis.nl/file/id/L.1506963/format/large,GBIF,,,,,2025-11-08 21:07:20.165418
174858,Ophrys,arachnitiformis Gren.,https://inaturalist-open-data.s3.amazonaws.com/photos/474799042/original.jpeg,GBIF,,,,,2025-11-08 20:57:31.415328
197574,Pterostylis,agathicola D.,https://inaturalist-open-data.s3.amazonaws.com/photos/540096966/original.jpg,GBIF,,,,,2025-11-09 02:29:22.794912
190219,Gomesa,laxiflora,http://jbrj-public-img.s3-sa-east-1.amazonaws.com/JPG/rb/0/58/39/30/00583930.jpg,GBIF,,,,,2025-11-09 00:41:14.904645
276027,Cattleya,bicalhoi,https://oxalis.br.fgov.be/images/BR0/000/023/119/918/BR0000023119918.jpg,GBIF,,,,,2025-11-09 22:25:26.926883
296510,Eulophia,kyimbilae,http://www.westafricanplants.senckenberg.de/images/pictures/orch_eulophia_kymbilae__4143_20_rvbli_3340_345110.jpg,GBIF,,,,,2025-11-10 02:56:41.208220
10603,Epidendrum,subnutans,http://data.huh.harvard.edu/08f62ca6-866c-40cf-854f-8cfbfd33528d/image,GBIF,Costa Rica,,Aust. P. Smith,https://huh.harvard.edu/access-digital-reproductions-works-public-domain,2025-10-21 07:27:29.500770
213160,Stelis,scolnikiae,http://data.huh.harvard.edu/89738267-beff-4258-aed9-208bfe0a22a7/image,GBIF,,,,,2025-11-09 06:16:25.663895
207336,Stichorkis,reflexa,https://inaturalist-open-data.s3.amazonaws.com/photos/487402803/original.jpeg,GBIF,,,,,2025-11-09 04:45:07.279616
219222,Jumellea,confusa,https://images.mobot.org/tropicosimages4/detailimages/TropicosImagesVol4/101191000/BADE6258-97AC-4727-A163-1F812813669A.jpg,GBIF,,,,,2025-11-09 07:38:18.965434
10204,Oncidium,ghiesbreghtianum,https://cdn.floridamuseum.ufl.edu/Herbarium/02e59fc3-8fcc-4a81-900d-79ea224ff125,GBIF,Mexico,,Mark Whitten,http://creativecommons.org/licenses/by-nc/4.0/,2025-10-20 19:40:56.686141
213095,Nervilia,shirensis,http://www.westafricanplants.senckenberg.de/images/pictures/orch_nervilia_shirensis__7046_138_rvbli_3353_72c636.jpg,GBIF,,,,,2025-11-09 06:14:51.529959
204071,Acianthera,glumacea,http://jbrj-public-img.s3-sa-east-1.amazonaws.com/JPG/rb/0/60/43/49/00604349.jpg,GBIF,,,,,2025-11-09 04:02:40.337868
228966,Genoplesium,apostasioides,https://images.ala.org.au/image/proxyImageThumbnailLarge?imageId=1b12dc23-f413-484d-9da1-757104b85b1f,GBIF,,,,,2025-11-09 10:54:08.420395
306998,Disa,aconitoides ssp.,https://inaturalist-open-data.s3.amazonaws.com/photos/457241731/original.jpeg,GBIF,,,,,2025-11-10 05:27:14.361197
195281,Eriodes,barbata,"https://iiif.rbge.org.uk/herb/iiif/E01307780/full/300,/0/default.jpg",GBIF,,,,,2025-11-09 01:51:58.680190
254022,Pinalia,taylorii,http://data.huh.harvard.edu/424a6f29-2cf2-4bf5-81e0-bbfb04349900/image,GBIF,,,,,2025-11-09 16:19:57.749566
215607,Caladenia,xantha,https://inaturalist-open-data.s3.amazonaws.com/photos/424455557/original.jpeg,GBIF,,,,,2025-11-09 06:47:31.655502
271004,Holcoglossum,quasipinifolium,https://inaturalist-open-data.s3.amazonaws.com/photos/567205552/original.jpg,GBIF,,,,,2025-11-09 22:20:19.439235
238039,Telipogon,panamensis,https://images.mobot.org/tropicosimages4/detailimages/TropicosImagesVol4/101070000/5B704951-DFF2-4A4F-92E4-C039A81FCA03.jpg,GBIF,,,,,2025-11-09 12:28:22.360210
253785,Caladenia,calcicola G.,https://inaturalist-open-data.s3.amazonaws.com/photos/71089170/original.jpg,GBIF,,,,,2025-11-09 16:15:52.087048
206707,Dactylorhiza,sambucina,https://inaturalist-open-data.s3.amazonaws.com/photos/485513984/original.jpg,GBIF,,,,,2025-11-09 04:36:24.140939
252800,Habenaria,dentifera C.,https://images.mobot.org/tropicosimages4/detailimages/TropicosImagesVol4/101172000/AF90D022-3F3E-434D-BA23-A99EA1F47BB1.jpg,GBIF,,,,,2025-11-09 16:02:15.800465
11019,Cymbidium,goeringii,https://images.mobot.org/tropicosimages4/detailimages/TropicosImagesVol4/101095000/CA1E66EF-7A45-4192-B2FB-C3FB1DA97DF0.jpg,Tropicos - Missouri Botanical Garden,,,,,2025-10-21 17:48:07.202408
272425,Masdevallia,platyglossa,https://inaturalist-open-data.s3.amazonaws.com/photos/179743611/original.jpeg,GBIF,,,,,2025-11-09 22:21:30.437886
237531,Herminium,glossophyllum Tang,http://data.huh.harvard.edu/207165ed-4893-4a43-bd80-2977b6d0ea16/image,GBIF,,,,,2025-11-09 12:16:53.321197
243818,Serapias,lingua ssp.,https://inaturalist-open-data.s3.amazonaws.com/photos/71010993/original.jpeg,GBIF,,,,,2025-11-09 13:50:37.423687
264273,Habenaria,supplicans Summerh.,https://oxalis.br.fgov.be/images/BR0/000/008/814/227/BR0000008814227.jpg,GBIF,,,,,2025-11-09 18:40:30.363761
227686,Epidendrum,obliquum,https://images.mobot.org/tropicosimages4/detailimages/TropicosImagesVol4/101154000/3EB1544C-E5E7-4A7E-B9A9-E714880AC2D1.jpg,GBIF,,,,,2025-11-09 10:53:07.948483
5040,Bulbophyllum,lobbii,https://inaturalist-open-data.s3.amazonaws.com/photos/310366428/original.jpeg,GBIF,Malaysia,,Pierre-Louis Stenger,http://creativecommons.org/licenses/by-nc/4.0/,2025-10-19 14:00:16.168007
7558,Cattleya,perrinii,http://jbrj-public-img.s3-sa-east-1.amazonaws.com/JPG/rb/0/56/19/71/00561971.jpg,GBIF,Brazil,,A.P. Fontana; L. Velten,Unknown,2025-10-20 01:47:39.659088
167338,Holothrix,buchananii Schltr.,https://d2seqvvyy3b8p2.cloudfront.net/058509dffdd8b9ea4e83eb24eb2159ae.jpg,GBIF,"Tanzania, United Republic of",,Spurrier,,2025-11-07 07:02:34.656379
181151,Habenaria,brachyphylla Lindl.,https://inaturalist-open-data.s3.amazonaws.com/photos/325703408/original.jpg,GBIF,,,,,2025-11-08 22:31:37.630108
197642,Himantoglossum,caprinum ssp.,https://inaturalist-open-data.s3.amazonaws.com/photos/507201761/original.jpg,GBIF,,,,,2025-11-09 02:29:38.258510
166030,Caladenia,filamentosa R.,https://inaturalist-open-data.s3.amazonaws.com/photos/564866040/original.jpg,GBIF,Australia,,,,2025-11-07 02:44:02.086667
179845,Calochilus,caeruleus L.,https://data.nhm.ac.uk/media/62a86f79-170c-4e17-8c1a-bc98b66e1986,GBIF,,,,,2025-11-08 22:09:10.784229
291518,Crepidium,calophyllum,https://collections.nmnh.si.edu/media/?i=11529661&h=2000,GBIF,,,,,2025-11-10 01:43:40.383195
304067,Stelis,adrianae,https://images.mobot.org/tropicosimages4/detailimages/TropicosImagesVol4/101077000/26813C88-7DD2-4392-988C-7FEB02EF091A.jpg,GBIF,,,,,2025-11-10 04:49:46.871800
179285,Tolumnia,variegata,https://inaturalist-open-data.s3.amazonaws.com/photos/503176703/original.jpeg,GBIF,,,,,2025-11-08 22:02:34.680837
269474,Ceratandra,atrata L.,https://inaturalist-open-data.s3.amazonaws.com/photos/447982742/original.jpeg,GBIF,,,,,2025-11-09 19:54:11.623408
236995,Jumellea,zaratananae,https://images.mobot.org/tropicosimages4/detailimages/TropicosImagesVol4/101182000/AC0391D9-7D93-43B1-AFC4-F97F1EE9B8ED.jpg,GBIF,,,,,2025-11-09 12:04:53.160911
270916,Himantoglossum,robertianum Loisel.,https://inaturalist-open-data.s3.amazonaws.com/photos/461928297/original.jpeg,GBIF,,,,,2025-11-09 22:20:11.451699
234033,Pterostylis,patens Colenso,https://inaturalist-open-data.s3.amazonaws.com/photos/467727881/original.jpeg,GBIF,,,,,2025-11-09 10:58:24.405447
244172,Pleione,humilis,https://inaturalist-open-data.s3.amazonaws.com/photos/363010216/original.jpeg,GBIF,,,,,2025-11-09 13:54:36.201522
251301,Elleanthus,amethystinus,https://inaturalist-open-data.s3.amazonaws.com/photos/59327645/original.jpeg,GBIF,,,,,2025-11-09 15:41:07.817631
280419,Bulbophyllum,longivaginans,http://mediaphoto.mnhn.fr/media/14423174280519zo9J7C7xYOahX9k,GBIF,,,,,2025-11-09 22:43:58.438668
209436,Coelogyne,radicosa,https://medialib.naturalis.nl/file/id/L.4172254/format/large,GBIF,,,,,2025-11-09 05:18:01.939268
6201,Bulbophyllum,cupreum,http://data.huh.harvard.edu/dc92ca58-91d7-4d19-8943-8fc2172d246c/image,GBIF,United States of America,,O. Ames,https://huh.harvard.edu/access-digital-reproductions-works-public-domain,2025-10-20 01:16:06.661811
231938,Dichaea,globosa,https://images.mobot.org/tropicosimages4/detailimages/TropicosImagesVol4/101063000/E9FCF7A7-292A-4FD8-B71F-F4EE6897E30E.jpg,GBIF,,,,,2025-11-09 10:56:30.381201
167281,Bulbophyllum,morphologorum,https://medialib.naturalis.nl/file/id/L.1484615/format/large,GBIF,Thailand,,Maxwell JF,,2025-11-07 07:02:23.963829
303750,Polystachya,piersii,https://medialib.naturalis.nl/file/id/WAG.1139711/format/large,GBIF,,,,,2025-11-10 04:44:28.899364
200967,Epidendrum,cordiforme,http://fm-digital-assets.fieldmuseum.org/988/963/ORCH_epid_cord_1922476.jpg,GBIF,,,,,2025-11-09 03:20:46.550100
219322,Caladenia,longicauda ssp.,https://inaturalist-open-data.s3.amazonaws.com/photos/385050660/original.jpeg,GBIF,,,,,2025-11-09 07:39:29.806428
196897,Encyclia,trachycarpa,https://inaturalist-open-data.s3.amazonaws.com/photos/6291728/original.jpeg,GBIF,,,,,2025-11-09 02:18:08.309697
174764,Coelogyne,convallariiformis,https://medialib.naturalis.nl/file/id/L.1508148/format/large,GBIF,,,,,2025-11-08 20:56:36.931391
256020,Triphora,surinamensis,https://inaturalist-open-data.s3.amazonaws.com/photos/480555766/original.jpg,GBIF,,,,,2025-11-09 16:48:39.095602
175776,Encyclia,randii,https://d2jcv3kl45hlgi.cloudfront.net/0e67b9a9942e048371881c63e369e1b8.jpg,GBIF,,,,,2025-11-08 21:11:26.385526
177168,Anacamptis,x nicodemi,https://mediaphoto.mnhn.fr/media/1550180945107eh4su2itoVET0gBe,GBIF,,,,,2025-11-08 21:32:26.611959
304244,Dilochia,cantleyi,https://medialib.naturalis.nl/file/id/L.4171651/format/large,GBIF,,,,,2025-11-10 04:52:25.455943
177472,Stanhopea,gibbosa,https://inaturalist-open-data.s3.amazonaws.com/photos/211278107/original.jpeg,GBIF,,,,,2025-11-08 21:38:07.360918
218603,Cheirostylis,nuda Thouars,https://inaturalist-open-data.s3.amazonaws.com/photos/278343898/original.jpeg,GBIF,,,,,2025-11-09 07:30:53.317680
219189,Mycaranthes,latifolia,https://medialib.naturalis.nl/file/id/L.1511153/format/large,GBIF,,,,,2025-11-09 07:37:53.804488
196265,Dendrobium,bowmanii,https://inaturalist-open-data.s3.amazonaws.com/photos/486992500/original.jpeg,GBIF,,,,,2025-11-09 02:07:51.052459
5776,Cattleya,ghillanyi,https://inaturalist-open-data.s3.amazonaws.com/photos/449078275/original.jpg,GBIF,Brazil,,AJDeberdt,http://creativecommons.org/licenses/by-nc/4.0/,2025-10-19 19:37:06.039696
186676,Bletia,spicata,https://inaturalist-open-data.s3.amazonaws.com/photos/490203198/original.jpg,GBIF,,,,,2025-11-08 23:53:31.849843
304351,Maxillaria,aciantha,https://inaturalist-open-data.s3.amazonaws.com/photos/59402145/original.jpeg,GBIF,,,,,2025-11-10 04:53:53.379363
219955,Caladenia,phaeoclavia D.,https://images.ala.org.au/image/proxyImageThumbnailLarge?imageId=ffa76b7f-a33b-4f02-aa19-b3e5a253e2a4,GBIF,,,,,2025-11-09 07:48:29.298983
189545,Dendrobium,vernicosum,https://medialib.naturalis.nl/file/id/L.1499138/format/large,GBIF,,,,,2025-11-09 00:29:45.334466
197769,Maxillaria,graminifolia,https://inaturalist-open-data.s3.amazonaws.com/photos/367955753/original.jpeg,GBIF,,,,,2025-11-09 02:31:37.676118
1075,Clematepistephium,N. Hallé,https://inaturalist-open-data.s3.amazonaws.com/photos/437442622/original.jpg,GBIF,New Caledonia,,laudereau_cecilia,http://creativecommons.org/licenses/by-nc/4.0/,2025-10-19 08:54:43.702547
212151,Eulophia,taitensis,https://d2jcv3kl45hlgi.cloudfront.net/473282352a6c7f8de6c6c88e31de0d8a.jpg,GBIF,,,,,2025-11-09 05:58:28.585004
148803,Disperis,purpurata ssp.,https://inaturalist-open-data.s3.amazonaws.com/photos/160893323/original.jpg,GBIF,South Africa,,Riaan van der Walt,http://creativecommons.org/licenses/by-nc/4.0/,2025-11-06 02:20:11.415742
215196,Hylophila,lanceolata Blume,http://data.huh.harvard.edu/9955b2b9-30e5-4aeb-a41f-63c81ed1975d/image,GBIF,,,,,2025-11-09 06:40:55.054824
278158,Coelogyne,rubra,https://images.mobot.org/tropicosimages4/detailimages/TropicosImagesVol4/101240000/4BCF0BE6-8C34-40AA-A00C-ADE1F3A467AD.jpg,GBIF,,,,,2025-11-09 22:27:01.303772
265602,Triphora,trianthophoros,https://inaturalist-open-data.s3.amazonaws.com/photos/542301411/original.jpg,GBIF,,,,,2025-11-09 18:59:49.508869
228434,Agrostophyllum,sumatranum,https://medialib.naturalis.nl/file/id/L.1491774/format/large,GBIF,,,,,2025-11-09 10:53:53.918931
269407,Disa,bifida Thunb.,https://inaturalist-open-data.s3.amazonaws.com/photos/553105605/original.jpg,GBIF,,,,,2025-11-09 19:53:47.729102
199222,Bulbophyllum,auriflorum,https://inaturalist-open-data.s3.amazonaws.com/photos/234122204/original.jpeg,GBIF,,,,,2025-11-09 02:56:35.355842
256953,Pomatocalpa,spicatum,https://inaturalist-open-data.s3.amazonaws.com/photos/62408211/original.jpeg,GBIF,,,,,2025-11-09 17:00:09.934385
279513,Coelogyne,woodiana,https://medialib.naturalis.nl/file/id/L.1507489/format/large,GBIF,,,,,2025-11-09 22:28:38.720427
9372,Maxillaria,haemathodes,https://images.mobot.org/tropicosimages5/detailimages/TropicosImagesVol5/101500000/8623DF62-23CF-47B0-BE9A-16BEE342EF07.jpg,GBIF,Peru,,Juan Perea|H. Santiago,http://creativecommons.org/licenses/by-nc-sa/3.0/,2025-10-20 02:25:14.115593
259287,Octomeria,yauaperyensis,http://sweetgum.nybg.org/images3/3866/708/04109460.jpg,GBIF,,,,,2025-11-09 17:34:25.154351
293224,Goodyera,biflora Lindl.,https://inaturalist-open-data.s3.amazonaws.com/photos/465917750/original.jpeg,GBIF,,,,,2025-11-10 02:05:45.772812
265972,Gastrorchis,steinhardtiana,https://images.mobot.org/tropicosimages3/detailimages/TropicosImages2/100125000/8251EEBC-4CD1-40DC-B0D0-129F58ACAFD7.jpg,GBIF,,,,,2025-11-09 19:05:30.211652
261863,Cyrtochilum,cordatum,http://fm-digital-assets.fieldmuseum.org/1691/092/V0451226F.jpg,GBIF,,,,,2025-11-09 18:05:45.627695
230517,Odontochilus,whiteheadii Rendle,https://d2jcv3kl45hlgi.cloudfront.net/d5a9dbb761a1184e493f9391e20b2c0b.jpg,GBIF,,,,,2025-11-09 10:55:06.588568
279821,Schiedeella,saltensis,https://inaturalist-open-data.s3.amazonaws.com/photos/525681407/original.jpg,GBIF,,,,,2025-11-09 22:33:56.126627
270946,Oncidium,oblongatum,http://mediaphoto.mnhn.fr/media/1442359188371SZrOrBOFJkUParZE,GBIF,,,,,2025-11-09 22:20:13.446146
178684,Dendrobium,falcorostrum,https://inaturalist-open-data.s3.amazonaws.com/photos/492202767/original.jpeg,GBIF,,,,,2025-11-08 21:54:46.425754
171130,Ponthieva,fertilis F.,https://inaturalist-open-data.s3.amazonaws.com/photos/360549685/original.jpeg,GBIF,Colombia,,Daniel Mesa,,2025-11-07 16:46:46.872242
183313,Ponthieva,sprucei Cogn.,http://data.huh.harvard.edu/a7a08858-54c1-48c1-b9a6-6bc6f6848485/image,GBIF,,,,,2025-11-08 23:02:24.441723
231351,Bonatea,antennifera Rolfe,https://inaturalist-open-data.s3.amazonaws.com/photos/473564471/original.jpeg,GBIF,,,,,2025-11-09 10:55:52.285261
306575,Brownleea,coerulea Harv.,https://inaturalist-open-data.s3.amazonaws.com/photos/495621509/original.jpg,GBIF,,,,,2025-11-10 05:24:18.807989
249190,Caladenia,erythronema A.,https://inaturalist-open-data.s3.amazonaws.com/photos/198103955/original.jpg,GBIF,,,,,2025-11-09 15:10:12.264000
231301,Epidendrum,erosum,https://inaturalist-open-data.s3.amazonaws.com/photos/468367988/original.jpeg,GBIF,,,,,2025-11-09 10:55:47.733976
254685,Angraecopsis,trifurca,http://mediaphoto.mnhn.fr/media/1464697843406QSCm158ZbulGBZVJ,GBIF,,,,,2025-11-09 16:31:35.649253
182866,Maxillaria,longissima,https://inaturalist-open-data.s3.amazonaws.com/photos/467236203/original.jpg,GBIF,,,,,2025-11-08 22:55:16.744145
2152,Phragmipedium,pearcei Rchb.f.,https://inaturalist-open-data.s3.amazonaws.com/photos/468567910/original.jpeg,GBIF,Ecuador,,Jacob Blobaum,http://creativecommons.org/licenses/by-nc/4.0/,2025-10-19 13:04:55.729574
305031,Platanthera,huronensis Nutt.,https://inaturalist-open-data.s3.amazonaws.com/photos/520010006/original.jpg,GBIF,,,,,2025-11-10 05:05:38.996522
166416,Epipactis,flava,http://mediaphoto.mnhn.fr/media/1441305482927v2q0B1u4s9OK5jSF,GBIF,Lao People’s Democratic Republic,,,,2025-11-07 03:35:57.253048
253439,Epidendrum,gualaquicense,https://inaturalist-open-data.s3.amazonaws.com/photos/420890022/original.jpeg,GBIF,,,,,2025-11-09 16:11:22.383248
287006,Oberonia,obcordata,https://images.mobot.org/tropicosimages4/detailimages/TropicosImagesVol4/101207000/F689D72E-2CA6-45EF-8A3D-0C5081D24274.jpg,GBIF,,,,,2025-11-10 00:33:27.062118
182372,Grosourdya,emarginata,http://data.huh.harvard.edu/8e99c622-ff3f-43a5-9a4e-492055f82c2b/image,GBIF,,,,,2025-11-08 22:47:05.405881
280807,Epigeneium,nakaharae,https://inaturalist-open-data.s3.amazonaws.com/photos/349439570/original.jpeg,GBIF,,,,,2025-11-09 22:56:07.126589
264494,Dracula,severa,https://object.jacq.org/europeana/W/292388.jpg,GBIF,,,,,2025-11-09 18:46:17.870057
183165,Hemipilia,tetraloba,"https://iiif.rbge.org.uk/herb/iiif/E00162707/full/1600,/0/default.jpg",GBIF,,,,,2025-11-08 23:00:01.861993
291053,Caladenia,montana G.,https://inaturalist-open-data.s3.amazonaws.com/photos/249876848/original.jpeg,GBIF,,,,,2025-11-10 01:38:06.763290
279056,Diuris,secundiflora Fitzg.,http://mediaphoto.mnhn.fr/media/1441305081030iOwZEYVWCsKaLV1Y,GBIF,,,,,2025-11-09 22:27:59.749420
199848,Habenaria,austrosinensis,http://www.aubot.dk/specimenimages/AAU_24_2006/DSCN7498.jpg,GBIF,,,,,2025-11-09 03:05:25.778317
225545,Calochilus,pruinosus D.,https://inaturalist-open-data.s3.amazonaws.com/photos/327522923/original.jpeg,GBIF,,,,,2025-11-09 09:07:56.343935
485,Cleistesiopsis,oricamporum P.,https://inaturalist-open-data.s3.amazonaws.com/photos/381135374/original.jpg,GBIF,United States of America,,Samuel M,http://creativecommons.org/licenses/by-nc/4.0/,2025-10-19 08:38:07.549495
257133,Cymbidium,tracyanum,https://herbarium.bgbm.org/data/iiif/B100217375/manifest.json,GBIF,,,,,2025-11-09 17:01:53.122355
214841,Ophrys,x koseciorum,https://inaturalist-open-data.s3.amazonaws.com/photos/476261584/original.jpg,GBIF,,,,,2025-11-09 06:36:09.568623
207581,Mediocalcar,umboiense,"https://iiif.rbge.org.uk/herb/iiif/E00158328/full/1600,/0/default.jpg",GBIF,,,,,2025-11-09 04:49:20.758374
195328,Mycaranthes,obliqua,https://medialib.naturalis.nl/file/id/L.1510728/format/large,GBIF,,,,,2025-11-09 01:53:34.255493
248624,Calochilus,herbaceus Lindl.,https://inaturalist-open-data.s3.amazonaws.com/photos/440867639/original.jpeg,GBIF,,,,,2025-11-09 15:00:01.577673
154562,Disa,remota H.,https://inaturalist-open-data.s3.amazonaws.com/photos/44506674/original.jpeg,GBIF,South Africa,,Remote_Mountain_Goat,http://creativecommons.org/licenses/by-nc/4.0/,2025-11-06 02:45:26.103779
107605,Aa,achalensis,https://bs.plantnet.org/image/o/f8cae216064a03458ca897a82c8b31da65174e1d,GBIF,Argentina,,,http://creativecommons.org/licenses/by/4.0/legalcode,2025-11-04 06:21:35.850179
287358,Stanhopea,dodsoniana,https://inaturalist-open-data.s3.amazonaws.com/photos/11016555/original.jpeg,GBIF,,,,,2025-11-10 00:36:21.980207
269663,Drymoanthus,minimus,http://mediaphoto.mnhn.fr/media/14413070416956SdBxkyIRQ7ig2cW,GBIF,,,,,2025-11-09 19:55:07.570296
179357,Ophrys,fusca Link,https://inaturalist-open-data.s3.amazonaws.com/photos/475086235/original.jpeg,GBIF,,,,,2025-11-08 22:03:22.022224
273180,Caladenia,hoffmanii Hopper,https://inaturalist-open-data.s3.amazonaws.com/photos/314808160/original.jpeg,GBIF,,,,,2025-11-09 22:22:09.059737
291380,Brachycorythis,helferi Rchb.f.,https://medialib.naturalis.nl/file/id/L.1487630/format/large,GBIF,,,,,2025-11-10 01:41:49.077368
303017,Peristylus,hamiltonianus Lindl.,"https://iiif.rbge.org.uk/herb/iiif/E00656213/full/1600,/0/default.jpg",GBIF,,,,,2025-11-10 04:32:35.520945
5898,Bulbophyllum,sandrangatense,https://inaturalist-open-data.s3.amazonaws.com/photos/13816986/original.jpeg,GBIF,Madagascar,,Solofo Eric Rakotoarisoa,http://creativecommons.org/licenses/by-nc/4.0/,2025-10-19 19:42:15.761277
271703,Eulophia,guineensis,https://inaturalist-open-data.s3.amazonaws.com/photos/543965642/original.jpg,GBIF,,,,,2025-11-09 22:20:53.328669
184240,Bulbophyllum,japonicum,https://inaturalist-open-data.s3.amazonaws.com/photos/480071455/original.jpg,GBIF,,,,,2025-11-08 23:18:07.812376
197249,Genoplesium,geminatum M.,https://inaturalist-open-data.s3.amazonaws.com/photos/383268203/original.jpeg,GBIF,,,,,2025-11-09 02:22:46.640838
185594,Cylindrolobus,bidupensis,http://mediaphoto.mnhn.fr/media/1441305994631sN8DT5ctF2hRXtsm,GBIF,,,,,2025-11-08 23:36:13.550880
200780,Epidendrum,radioferens,https://inaturalist-open-data.s3.amazonaws.com/photos/376076067/original.jpg,GBIF,,,,,2025-11-09 03:17:51.888158
183649,Coelogyne,sublobata,https://d2jcv3kl45hlgi.cloudfront.net/98e1478b1ca684df007d1e6672a22d58.jpg,GBIF,,,,,2025-11-08 23:06:46.236856
197198,Megastylis,latilabris Schltr.,http://mediaphoto.mnhn.fr/media/1441306776290mWhMJPAKtBd4Ygv3,GBIF,,,,,2025-11-09 02:21:27.894918
231555,Madisonia,ianthina,http://jbrj-public.s3.amazonaws.com/fsi/server?type=image&source=DZI/alcb/alcb/0/3/79/5/alcb00037905.dzi,GBIF,,,,,2025-11-09 10:56:11.307983
219472,Oberonia,masarangica,https://medialib.naturalis.nl/file/id/L.1514657/format/large,GBIF,,,,,2025-11-09 07:42:55.616673
296141,Pterostylis,scabrida Lindl.,https://inaturalist-open-data.s3.amazonaws.com/photos/454339628/original.jpeg,GBIF,,,,,2025-11-10 02:52:03.337383
221251,Caladenia,patersonii R.,https://images.ala.org.au/image/proxyImageThumbnailLarge?imageId=407c0d59-e0a0-4ff2-8fa0-cd3d293c7978,GBIF,,,,,2025-11-09 08:07:46.895512
266769,Stelis,parvula,https://inaturalist-open-data.s3.amazonaws.com/photos/299273799/original.jpeg,GBIF,,,,,2025-11-09 19:18:43.839937
193979,Platycoryne,mediocris Summerh.,https://d2seqvvyy3b8p2.cloudfront.net/e7cd466c6c440ab2ff672d947a9cb271.jpg,GBIF,,,,,2025-11-09 01:34:25.184345
244260,Pterostylis,orbiculata D.,https://inaturalist-open-data.s3.amazonaws.com/photos/297977863/original.jpeg,GBIF,,,,,2025-11-09 13:55:55.128305
196407,Epidendrum,nanosimplex,https://inaturalist-open-data.s3.amazonaws.com/photos/254880989/original.jpg,GBIF,,,,,2025-11-09 02:09:33.551227
206292,Polystachya,bancoensis,https://medialib.naturalis.nl/file/id/WAG.1139330/format/large,GBIF,,,,,2025-11-09 04:30:35.530636
305419,Ponthieva,fertilis F.,https://inaturalist-open-data.s3.amazonaws.com/photos/362087698/original.jpeg,GBIF,,,,,2025-11-10 05:11:20.809555
7084,Oncidium,bryolophotum,https://inaturalist-open-data.s3.amazonaws.com/photos/254400906/original.jpg,GBIF,Costa Rica,,Hjalte Kjærby,http://creativecommons.org/licenses/by-nc/4.0/,2025-10-20 01:42:26.763747
246152,Stelis,lentiginosa,http://data.huh.harvard.edu/8c1e5690-f026-40ce-a88e-4af83e2b8d47/image,GBIF,,,,,2025-11-09 14:22:29.430682
304532,Pterostylis,perculta,https://inaturalist-open-data.s3.amazonaws.com/photos/581994194/original.jpg,GBIF,,,,,2025-11-10 04:58:38.007971
228386,Disa,oreophila ssp.,https://inaturalist-open-data.s3.amazonaws.com/photos/319539433/original.jpeg,GBIF,,,,,2025-11-09 10:53:53.343343
236425,Huntleya,gustavi,https://inaturalist-open-data.s3.amazonaws.com/photos/401253987/original.jpeg,GBIF,,,,,2025-11-09 11:40:46.430409
287273,Ophrys,ferrum-equinum Desf.,https://inaturalist-open-data.s3.amazonaws.com/photos/34945579/original.jpeg,GBIF,,,,,2025-11-10 00:35:50.319380
186001,Acampe,ochracea,https://inaturalist-open-data.s3.amazonaws.com/photos/174278177/original.jpg,GBIF,,,,,2025-11-08 23:41:54.924559
246747,Acianthera,chrysantha,https://inaturalist-open-data.s3.amazonaws.com/photos/495993834/original.jpg,GBIF,,,,,2025-11-09 14:31:36.708430
254023,Pinalia,taylorii,http://data.huh.harvard.edu/3af4620c-4b30-4529-a2e2-bbdc1eb25124/image,GBIF,,,,,2025-11-09 16:19:57.756088
251685,Pterostylis,sinuata D.,https://inaturalist-open-data.s3.amazonaws.com/photos/482624078/original.jpeg,GBIF,,,,,2025-11-09 15:45:21.375582
192720,Neobathiea,gracilis,https://inaturalist-open-data.s3.amazonaws.com/photos/26270748/original.jpeg,GBIF,,,,,2025-11-09 01:16:58.099756
218205,Caladenia,x triangularis,https://inaturalist-open-data.s3.amazonaws.com/photos/227558533/original.jpg,GBIF,,,,,2025-11-09 07:25:43.657481
305991,Bulbophyllum,regnellii,http://jbrj-public-img.s3-sa-east-1.amazonaws.com/JPG/rb/0/51/83/86/00518386.jpg,GBIF,,,,,2025-11-10 05:16:06.652817
142457,Vanilla,havilandii Rolfe,https://d2jcv3kl45hlgi.cloudfront.net/0dedefa4ad3dba5719a15e010846b5ba.jpg,GBIF,Malaysia,,"Ridley, H.N.",http://creativecommons.org/licenses/by/4.0/,2025-11-06 01:34:12.445649
261909,Habenaria,macroplectron Schltr.,https://inaturalist-open-data.s3.amazonaws.com/photos/59971634/original.jpeg,GBIF,,,,,2025-11-09 18:06:40.753236
229629,Vanilla,annamica Gagnep.,http://mediaphoto.mnhn.fr/media/1443089966947wpI3KO6I1USlR1no,GBIF,,,,,2025-11-09 10:54:25.108159
266732,Dendrobium,candoonense,http://sweetgum.nybg.org/images3/666/249/00008716.jpg,GBIF,,,,,2025-11-09 19:17:40.084298
227846,Octarrhena,tenuis,http://data.huh.harvard.edu/04e4580d-39af-4b31-9822-1b2a7c5f9773/image,GBIF,,,,,2025-11-09 10:53:15.007706
272043,Phaius,philippinensis,https://inaturalist-open-data.s3.amazonaws.com/photos/456464393/original.jpeg,GBIF,,,,,2025-11-09 22:21:10.721352
217074,Pyrorchis,nigricans,https://inaturalist-open-data.s3.amazonaws.com/photos/503152392/original.jpg,GBIF,,,,,2025-11-09 07:08:48.586910
255988,Bulbophyllum,urosepalum,https://d2seqvvyy3b8p2.cloudfront.net/fe195a8f5d93be586f03d5bee67d3bf7.jpg,GBIF,,,,,2025-11-09 16:48:06.440641
177256,Taeniophyllum,kaniense,https://iiif.rbge.org.uk/herb/iiif/E00394261/manifest,GBIF,,,,,2025-11-08 21:33:53.379690
8195,Maxillaria,rauhii,https://images.mobot.org/tropicosimages4/detailimages/TropicosImagesVol4/101237000/CAD96D8D-A7D2-4382-9526-ACDAFC24CBA9.jpg,GBIF,Peru,,José Campos de la Cruz,http://creativecommons.org/licenses/by-nc-sa/3.0/,2025-10-20 01:56:59.453274
234047,Epidendrum,viviparum,http://sweetgum.nybg.org/images3/3522/902/1721228.jpg,GBIF,,,,,2025-11-09 10:58:24.535189
2117,Phragmipedium,longifolium Warsz.,https://inaturalist-open-data.s3.amazonaws.com/photos/106719053/original.jpg,GBIF,Panama,,rick_tomlinson,http://creativecommons.org/licenses/by-nc/4.0/,2025-10-19 13:04:46.333041
221729,Dendrobium,melinanthum,http://sweetgum.nybg.org/images3/3484/336/04056007.jpg,GBIF,,,,,2025-11-09 08:15:26.132384
174865,Trachoma,papuanum,https://inaturalist-open-data.s3.amazonaws.com/photos/431124994/original.jpeg,GBIF,,,,,2025-11-08 20:57:39.029891
192145,Bifrenaria,tetragona,https://inaturalist-open-data.s3.amazonaws.com/photos/220845186/original.jpeg,GBIF,,,,,2025-11-09 01:09:25.248344
216688,Ophrys,tetraloniae W.,https://live.staticflickr.com/65535/54044069737_506b6f2849_b.jpg,GBIF,,,,,2025-11-09 07:03:06.605706
4398,Cymbidium,goeringii,https://inaturalist-open-data.s3.amazonaws.com/photos/474926543/original.jpeg,GBIF,China,,李博恒,http://creativecommons.org/licenses/by-nc/4.0/,2025-10-19 13:59:14.469672
306838,Disa,biflora L.,https://inaturalist-open-data.s3.amazonaws.com/photos/557706196/original.jpg,GBIF,,,,,2025-11-10 05:26:10.536307
2808,Epidendrum,species,https://inaturalist-open-data.s3.amazonaws.com/photos/468491600/original.jpeg,GBIF,Costa Rica,,Siddarth Machado,http://creativecommons.org/licenses/by/4.0/,2025-10-19 13:54:01.651673
177467,Stanhopea,gibbosa,https://inaturalist-open-data.s3.amazonaws.com/photos/253116720/original.jpg,GBIF,,,,,2025-11-08 21:38:07.325965
272429,Masdevallia,platyglossa,https://inaturalist-open-data.s3.amazonaws.com/photos/179743520/original.jpeg,GBIF,,,,,2025-11-09 22:21:30.456354
259094,Oncidium,adelaidae,https://inaturalist-open-data.s3.amazonaws.com/photos/350262273/original.jpeg,GBIF,,,,,2025-11-09 17:32:16.720973
184886,Caladenia,bicalliata ssp.,https://inaturalist-open-data.s3.amazonaws.com/photos/560051404/original.jpg,GBIF,,,,,2025-11-08 23:26:35.215201
285139,Dendrobium,mayandyi,"https://iiif.rbge.org.uk/herb/iiif/E01297657/full/300,/0/default.jpg",GBIF,,,,,2025-11-10 00:06:27.455939
221016,Dipodium,pandanum,https://medialib.naturalis.nl/file/id/L.4171731/format/large,GBIF,,,,,2025-11-09 08:04:20.311191
230631,Pinalia,flavescens,https://medialib.naturalis.nl/file/id/L.1510346/format/large,GBIF,,,,,2025-11-09 10:55:09.729335
196726,Bulbophyllum,clavatum,https://live.staticflickr.com/65535/48797453858_d5bf4814b8_b.jpg,GBIF,,,,,2025-11-09 02:14:50.593610
178396,Pleurothallis,ripleyi,https://inaturalist-open-data.s3.amazonaws.com/photos/409791256/original.jpeg,GBIF,,,,,2025-11-08 21:51:27.895192
296879,Prasophyllum,calcicola R.,https://inaturalist-open-data.s3.amazonaws.com/photos/570472255/original.jpg,GBIF,,,,,2025-11-10 03:03:17.901243
254132,Genoplesium,ectopum D.,https://inaturalist-open-data.s3.amazonaws.com/photos/498618933/original.jpg,GBIF,,,,,2025-11-09 16:21:09.551254
203240,Caladenia,x,https://inaturalist-open-data.s3.amazonaws.com/photos/428067175/original.jpeg,GBIF,,,,,2025-11-09 03:52:14.001943
233936,Telipogon,marleneae,https://assets.rjb.csic.es/fileget?coll=Plantas+Vasculares&type=O&filename=sp66175784283879384931.att.jpg&downloadname=MA-01-00771471,GBIF,,,,,2025-11-09 10:58:18.403531
233021,Encyclia,thrombodes,http://sesam.senckenberg.de/pictures/originale/32/132260.jpg,GBIF,,,,,2025-11-09 10:57:28.508478
256616,Crepidium,reineckeanum,http://data.landcareresearch.co.nz/Image/5MBF/NZVH,GBIF,,,,,2025-11-09 16:55:39.231906
186693,Bletia,spicata,https://inaturalist-open-data.s3.amazonaws.com/photos/496741987/original.jpg,GBIF,,,,,2025-11-08 23:53:31.962056
274046,Lockhartia,verrucosa,https://inaturalist-open-data.s3.amazonaws.com/photos/364553973/original.jpeg,GBIF,,,,,2025-11-09 22:23:14.208475
248364,Habenaria,splendens Rendle,https://oxalis.br.fgov.be/images/BR0/000/021/833/212/BR0000021833212.jpg,GBIF,,,,,2025-11-09 14:55:08.290392
228218,Disa,chrysostachya Sw.,https://inaturalist-open-data.s3.amazonaws.com/photos/344771748/original.jpg,GBIF,,,,,2025-11-09 10:53:44.931373
290947,Aa,weddelliana,https://iiif.rbge.org.uk/herb/iiif/E01440310/manifest,GBIF,,,,,2025-11-10 01:37:10.383532
247696,Acianthera,serpentula,https://inaturalist-open-data.s3.amazonaws.com/photos/187972599/original.jpeg,GBIF,,,,,2025-11-09 14:44:33.683909
196791,Encyclia,x,https://collections.nmnh.si.edu/media/?i=10904265&h=2000,GBIF,,,,,2025-11-09 02:16:25.670478
214076,Peristeria,cerina,https://collections.nmnh.si.edu/media/?i=13053967&h=1024,GBIF,,,,,2025-11-09 06:29:31.468263
933,Isotria,medeoloides Pursh,https://inaturalist-open-data.s3.amazonaws.com/photos/393803671/original.jpg,GBIF,United States of America,,Devin Rodgers,http://creativecommons.org/licenses/by-nc/4.0/,2025-10-19 08:48:08.278206
247130,Ceratostylis,sarasinorum,https://medialib.naturalis.nl/file/id/L.4267864/format/large,GBIF,,,,,2025-11-09 14:37:17.347371
269128,Satyrium,bicorne L.,https://inaturalist-open-data.s3.amazonaws.com/photos/555017376/original.jpg,GBIF,,,,,2025-11-09 19:52:11.913587
215831,Cattleya,jongheana,http://jbrj-public-img.s3-sa-east-1.amazonaws.com/JPG/rb/1/31/77/62/01317762.jpg,GBIF,,,,,2025-11-09 06:50:33.613298
179836,Crepidium,crassidens,https://medialib.naturalis.nl/file/id/L0063674_MLN/format/large,GBIF,,,,,2025-11-08 22:09:02.783304
1998,Phragmipedium,longifolium Warsz.,https://inaturalist-open-data.s3.amazonaws.com/photos/472849834/original.jpg,GBIF,Costa Rica,,lwhelpton,http://creativecommons.org/licenses/by-nc/4.0/,2025-10-19 13:04:46.333041
223003,Diuris,oporina D.,https://inaturalist-open-data.s3.amazonaws.com/photos/255246132/original.jpg,GBIF,,,,,2025-11-09 08:36:26.826274
179476,Plocoglottis,sakiensis,https://media-service.nrm.se/images?dataset=fbo&id=large/S-G-006001/S-G-6976.jpg,GBIF,,,,,2025-11-08 22:05:04.642442
228816,Disa,oreophila ssp.,https://inaturalist-open-data.s3.amazonaws.com/photos/321364140/original.jpeg,GBIF,,,,,2025-11-09 10:54:05.249389
213579,Fernandezia,nubivaga,https://cdn.plantatlas.org/img/specimens/USF/28886.jpg,GBIF,,,,,2025-11-09 06:23:02.452170
257518,Promenaea,stapelioides,http://jbrj-public-img.s3-sa-east-1.amazonaws.com/JPG/rb/0/74/67/13/00746713-1.jpg,GBIF,,,,,2025-11-09 17:07:34.928253
237420,Brachystele,dilatata,https://inaturalist-open-data.s3.amazonaws.com/photos/347830098/original.jpeg,GBIF,,,,,2025-11-09 12:15:50.167886
288494,Pseudolaelia,canaanensis,https://inaturalist-open-data.s3.amazonaws.com/photos/363756505/original.jpeg,GBIF,,,,,2025-11-10 00:58:02.810722
259334,Cyclopogon,comosus,https://inaturalist-open-data.s3.amazonaws.com/photos/453250064/original.jpeg,GBIF,,,,,2025-11-09 17:34:55.175711
250453,Disperis,micrantha Lindl.,https://inaturalist-open-data.s3.amazonaws.com/photos/478994492/original.jpg,GBIF,,,,,2025-11-09 15:28:10.666082
125452,Appendicula,linearifolia,https://medialib.naturalis.nl/file/id/L.1483275/format/large,GBIF,Malaysia,Marai Parai.,Clemens J; Clemens MS,http://creativecommons.org/publicdomain/zero/1.0/,2025-11-05 20:09:54.959223
203432,Oncidium,oliganthum,https://inaturalist-open-data.s3.amazonaws.com/photos/256709553/original.jpeg,GBIF,,,,,2025-11-09 03:54:44.368752
184884,Caladenia,bicalliata ssp.,https://inaturalist-open-data.s3.amazonaws.com/photos/559824712/original.jpg,GBIF,,,,,2025-11-08 23:26:35.202446
189596,Stigmatodactylus,oxyglossus Schltr.,https://inaturalist-open-data.s3.amazonaws.com/photos/465035533/original.jpeg,GBIF,,,,,2025-11-09 00:31:28.791114
217882,Masdevallia,sprucei,https://oxalis.br.fgov.be/images/BR0/000/006/570/125/_a/BR0000006570125_a.jpg,GBIF,,,,,2025-11-09 07:20:26.016918
305539,Chiloschista,usneoides,"https://iiif.rbge.org.uk/herb/iiif/E00785252/full/300,/0/default.jpg",GBIF,,,,,2025-11-10 05:12:07.955073
248015,Ophrys,insectifera L.,https://inaturalist-open-data.s3.amazonaws.com/photos/499733875/original.jpeg,GBIF,,,,,2025-11-09 14:50:37.669181
273862,Dendrobium,rennellii,https://medialib.naturalis.nl/file/id/L.1506488/format/large,GBIF,,,,,2025-11-09 22:22:53.038533
209112,Caladenia,colorata D.,https://inaturalist-open-data.s3.amazonaws.com/photos/574964134/original.jpg,GBIF,,,,,2025-11-09 05:14:19.094952
227190,Cleisostoma,racemiferum,"https://iiif.rbge.org.uk/herb/iiif/E00280426/full/1600,/0/default.jpg",GBIF,,,,,2025-11-09 10:52:51.459719
204754,Dracula,inaequalis,https://images.mobot.org/tropicosimages4/detailimages/TropicosImagesVol4/101087000/579FD383-9A05-4F95-9274-F8D9563313AC.jpg,GBIF,,,,,2025-11-09 04:11:41.098636
301191,Bulbophyllum,argyropus,https://inaturalist-open-data.s3.amazonaws.com/photos/239246613/original.jpg,GBIF,,,,,2025-11-10 04:06:00.542458
249146,Baskervilla,assurgens Lindl.,https://inaturalist-open-data.s3.amazonaws.com/photos/39359334/original.jpg,GBIF,,,,,2025-11-09 15:09:16.237685
233600,Schiedeella,nagelii,https://inaturalist-open-data.s3.amazonaws.com/photos/3279310/original.JPG,GBIF,,,,,2025-11-09 10:58:00.190819
288173,Oncidium,hallii,https://inaturalist-open-data.s3.amazonaws.com/photos/3982309/original.JPG,GBIF,,,,,2025-11-10 00:50:46.891595
192164,Bifrenaria,tetragona,https://d2jcv3kl45hlgi.cloudfront.net/5db9aed43461145a06bd3e5fce79a3b4.jpg,GBIF,,,,,2025-11-09 01:09:25.377316
178013,Notylia,yauaperyensis,https://d2jcv3kl45hlgi.cloudfront.net/f778d1b5b9aab32162d8fcafd4807a52.jpg,GBIF,,,,,2025-11-08 21:44:36.124869
266815,Cyrtopodium,brandonianum,http://data.huh.harvard.edu/184b7fd2-1887-4a00-99e3-1d009961c504/image,GBIF,,,,,2025-11-09 19:19:56.366523
207425,Epidendrum,acuminatum,http://data.huh.harvard.edu/81597ba6-03c7-4feb-a8b7-5743500e16b0/image,GBIF,,,,,2025-11-09 04:46:27.174793
209522,Paracaleana,triens,https://inaturalist-open-data.s3.amazonaws.com/photos/335461012/original.jpeg,GBIF,,,,,2025-11-09 05:19:12.988463
8021,Phalaenopsis,,https://inaturalist-open-data.s3.amazonaws.com/photos/288130798/original.jpg,GBIF,Philippines,,violetvioletviolet,http://creativecommons.org/licenses/by-nc/4.0/,2025-10-20 01:55:36.257621
215708,Calanthe,henryi,https://iiif.rbge.org.uk/herb/iiif/E00383598/manifest,GBIF,,,,,2025-11-09 06:48:18.285179
237967,Bulbophyllum,ciliatilabrum,https://mediaphoto.mnhn.fr/media/1546012923039Tp6gh6MKyyBOXzg8,GBIF,,,,,2025-11-09 12:25:37.041993
182755,Eulophia,dentata,https://inaturalist-open-data.s3.amazonaws.com/photos/259011953/original.jpeg,GBIF,,,,,2025-11-08 22:53:42.009279
221717,Epidendrum,pachytepalum,https://inaturalist-open-data.s3.amazonaws.com/photos/393249300/original.jpg,GBIF,,,,,2025-11-09 08:15:20.471555
193365,Angraecum,cultriforme,https://inaturalist-open-data.s3.amazonaws.com/photos/267912723/original.jpg,GBIF,,,,,2025-11-09 01:26:36.677202
215476,Encyclia,elegantula,https://images.mobot.org/tropicosimages3/detailimages/Tropicos/235/584095A6-7084-480C-B69F-4A0C48C18F7B.jpg,GBIF,,,,,2025-11-09 06:45:39.743873
242558,Anacamptis,pyramidalis L.,https://inaturalist-open-data.s3.amazonaws.com/photos/476815689/original.jpeg,GBIF,,,,,2025-11-09 13:32:07.240806
172329,Trichocentrum,yucatanense,https://inaturalist-open-data.s3.amazonaws.com/photos/466872477/original.jpeg,GBIF,Mexico,,valeria camara,,2025-11-07 18:41:36.575583
2797,Epidendrum,species,https://inaturalist-open-data.s3.amazonaws.com/photos/467198647/original.jpg,GBIF,United States of America,,kayliebirb,http://creativecommons.org/licenses/by-nc/4.0/,2025-10-19 13:54:01.651673
260015,Epidendrum,vandifolium,https://inaturalist-open-data.s3.amazonaws.com/photos/480011890/original.jpeg,GBIF,,,,,2025-11-09 17:44:42.822306
285791,Gymnadenia,orchidis Lindl.,https://inaturalist-open-data.s3.amazonaws.com/photos/190824394/original.jpg,GBIF,,,,,2025-11-10 00:14:50.755093
264344,Caladenia,longicauda ssp.,https://inaturalist-open-data.s3.amazonaws.com/photos/261865737/original.jpeg,GBIF,,,,,2025-11-09 18:42:45.375326
203902,Zeuxine,lunulata,https://images.mobot.org/tropicosimages4/detailimages/TropicosImagesVol4/101074000/5E5BEFA5-FFF6-4762-9BF7-37B191FA3620.jpg,GBIF,,,,,2025-11-09 04:00:10.006917
10689,Maxillaria,pinoides,https://cdn.floridamuseum.ufl.edu/Herbarium/8fb5eb2b-dc20-4e17-9d52-71ff112e362b,GBIF,Ecuador,,Mark Whitten,http://creativecommons.org/licenses/by-nc/4.0/,2025-10-21 07:29:21.455682
188173,Thelymitra,bracteata J.,https://inaturalist-open-data.s3.amazonaws.com/photos/326613489/original.jpg,GBIF,,,,,2025-11-09 00:14:09.513647
141041,Epistephium,praestans Hoehne,https://medialib.naturalis.nl/file/id/U.1465697/format/large,GBIF,Brazil,,Harley RM; et al.,http://creativecommons.org/publicdomain/zero/1.0/,2025-11-06 01:26:20.155952
247238,Habenaria,lavrensis Hoehne,http://jbrj-public-img.s3-sa-east-1.amazonaws.com/JPG/rb/0/78/21/53/00782153.jpg,GBIF,,,,,2025-11-09 14:39:16.688122
278850,Oncidium,adamsii,https://inaturalist-open-data.s3.amazonaws.com/photos/211604280/original.jpeg,GBIF,,,,,2025-11-09 22:27:37.922222
6168,Bulbophyllum,auricomum,https://d2jcv3kl45hlgi.cloudfront.net/7da45602542b47ad19044c9e56a861fb.jpg,GBIF,,,s.coll.,http://creativecommons.org/licenses/by/4.0/,2025-10-20 01:14:37.220818
238224,Goodyera,schlechtendaliana Rchb.f.,https://inaturalist-open-data.s3.amazonaws.com/photos/470939960/original.jpeg,GBIF,,,,,2025-11-09 12:34:04.667730
230249,Oncidium,isthmi,http://data.huh.harvard.edu/d5df13dc-7536-4eb4-94de-5b9d8815673a/image,GBIF,,,,,2025-11-09 10:54:56.320951
201988,Zygopetalum,brachypetalum,https://d2jcv3kl45hlgi.cloudfront.net/11a09d2f3df8a0eefd9ecea1b12f0784.jpg,GBIF,,,,,2025-11-09 03:33:36.291161
201416,Jumellea,divaricata,http://mediaphoto.mnhn.fr/media/1441306769154HqloCBY7Sf20D6fj,GBIF,,,,,2025-11-09 03:26:04.470550
293479,Habenaria,arachnoides Thouars,https://images.mobot.org/tropicosimages4/detailimages/TropicosImagesVol4/101177000/2F4B7D4A-10EF-4F2B-99AA-338A2842798B.jpg,GBIF,,,,,2025-11-10 02:08:40.679630
211728,Odontochilus,elwesii King,https://medialib.naturalis.nl/file/id/L.1492055/format/large,GBIF,,,,,2025-11-09 05:51:52.390597
169154,Platanthera,x channellii,https://ans-images.ansp.org/botany/PH2/Fullsize/00271/PH00271698.jpg,GBIF,United States of America,,Witmer Stone,,2025-11-07 16:39:22.860324
276163,Maxillaria,striata,https://inaturalist-open-data.s3.amazonaws.com/photos/257466110/original.jpg,GBIF,,,,,2025-11-09 22:25:34.466071
297626,Bulbophyllum,praetervisum,https://medialib.naturalis.nl/file/id/L.1489290/format/large,GBIF,,,,,2025-11-10 03:15:12.779720
289038,Eulophia,lachnocheila,"https://iiif.rbge.org.uk/herb/iiif/E00742956/full/300,/0/default.jpg",GBIF,,,,,2025-11-10 01:06:38.260013
6373,Bulbophyllum,succedaneum,http://data.huh.harvard.edu/b619324b-db27-4f22-82ea-ab54f5bbcaa9/image,GBIF,Malaysia,,E. G. Mjoberg,https://huh.harvard.edu/access-digital-reproductions-works-public-domain,2025-10-20 01:20:07.174248
274220,Maxillaria,parkeri,https://inaturalist-open-data.s3.amazonaws.com/photos/522910262/original.jpg,GBIF,,,,,2025-11-09 22:23:27.715635
201797,Masdevallia,rafaeliana,https://inaturalist-open-data.s3.amazonaws.com/photos/534586822/original.jpg,GBIF,,,,,2025-11-09 03:31:52.833924
233563,Eulophia,flava,https://inaturalist-open-data.s3.amazonaws.com/photos/531089724/original.jpg,GBIF,,,,,2025-11-09 10:57:59.568454
226141,Sertifera,purpurea,https://inaturalist-open-data.s3.amazonaws.com/photos/383042999/original.jpg,GBIF,,,,,2025-11-09 09:11:15.568770
203336,Spathoglottis,palawanensis,https://inaturalist-open-data.s3.amazonaws.com/photos/526872431/original.jpg,GBIF,,,,,2025-11-09 03:53:16.908391
9005,Epidendrum,amphistomum,https://inaturalist-open-data.s3.amazonaws.com/photos/386221097/original.jpeg,GBIF,United States of America,,Logan Crees,http://creativecommons.org/licenses/by-nc/4.0/,2025-10-20 02:23:38.548775
221648,Aspasia,epidendroides,https://inaturalist-open-data.s3.amazonaws.com/photos/350910957/original.jpeg,GBIF,,,,,2025-11-09 08:14:54.188168
267369,Dendrobium,acuiferum,http://data.huh.harvard.edu/78d788c1-c899-4a1d-ae38-f7e10d65c1e9/image,GBIF,,,,,2025-11-09 19:28:06.840669
250202,Dendrobium,oreodoxa,https://medialib.naturalis.nl/file/id/L.1498288/format/large,GBIF,,,,,2025-11-09 15:25:23.432730
259865,Bulbophyllum,obtusipetalum,https://medialib.naturalis.nl/file/id/L0058241_MLN/format/large,GBIF,,,,,2025-11-09 17:42:51.724011
288372,Epidendrum,weddelii,https://inaturalist-open-data.s3.amazonaws.com/photos/267671133/original.jpeg,GBIF,,,,,2025-11-10 00:54:43.765371
200337,Stigmatodactylus,macroglossus,http://mediaphoto.mnhn.fr/media/1441307236275QmrkqAO35B55CqNG,GBIF,,,,,2025-11-09 03:12:50.052795
263343,Stelis,punctulata,http://data.huh.harvard.edu/6fe3df80-b3b9-455d-944c-a2d42e8b0e3f/image,GBIF,,,,,2025-11-09 18:25:19.544026
217889,Styloglossum,leucosceptrum,https://object.jacq.org/europeana/W/111228.jpg,GBIF,,,,,2025-11-09 07:20:34.200534
305208,Fernandezia,lanceolata,https://inaturalist-open-data.s3.amazonaws.com/photos/183601135/original.jpeg,GBIF,,,,,2025-11-10 05:08:09.618737
194183,Orchis,x,https://inaturalist-open-data.s3.amazonaws.com/photos/362344538/original.jpg,GBIF,,,,,2025-11-09 01:35:59.989884
231412,Rhipidoglossum,tenuicalcar,https://images.mobot.org/tropicosimages4/detailimages/TropicosImagesVol4/101100000/B45CBEC8-890F-4EFC-BC49-693F4DAF5C11.jpg,GBIF,,,,,2025-11-09 10:55:56.670930
298041,Disperis,tysonii Bolus,https://inaturalist-open-data.s3.amazonaws.com/photos/470965884/original.jpeg,GBIF,,,,,2025-11-10 03:18:56.100740
266722,Epidendrum,rolfeanum,https://d2jcv3kl45hlgi.cloudfront.net/0d76b9774efb4ece732df302db20840b.jpg,GBIF,,,,,2025-11-09 19:17:08.077980
217451,Habenaria,njamnjamica Kraenzl.,http://www.westafricanplants.senckenberg.de/images/pictures/orch_habenaria_parvifolia_rvbli_2792_3348_fb2bc8.jpg,GBIF,,,,,2025-11-09 07:14:13.412924
215750,Bulbophyllum,frustrans,https://medialib.naturalis.nl/file/id/L0058321_MLN/format/large,GBIF,,,,,2025-11-09 06:49:29.765016
219166,Bulbophyllum,clandestinum,https://medialib.naturalis.nl/file/id/L.1492475/format/large,GBIF,,,,,2025-11-09 07:37:22.747726
189955,Crossoglossa,hirtzii,https://inaturalist-open-data.s3.amazonaws.com/photos/85084081/original.jpeg,GBIF,,,,,2025-11-09 00:36:06.572927
306896,Epidendrum,splendens,https://inaturalist-open-data.s3.amazonaws.com/photos/63398766/original.jpg,GBIF,,,,,2025-11-10 05:26:41.666512
300104,Gastrochilus,sororius,https://inaturalist-open-data.s3.amazonaws.com/photos/99926666/original.jpg,GBIF,,,,,2025-11-10 03:48:01.769796
3151,Cattleya,species,https://inaturalist-open-data.s3.amazonaws.com/photos/354972091/original.jpeg,GBIF,Colombia,,Angelica María Batista Morales,http://creativecommons.org/publicdomain/zero/1.0/,2025-10-19 13:54:41.507695
231122,Stanhopea,costaricensis,https://images.mobot.org/tropicosimages4/detailimages/TropicosImagesVol4/101086000/213B6D45-FE0C-4F1C-8718-6DAF963FF56E.jpg,GBIF,,,,,2025-11-09 10:55:41.139496
7203,Oncidium,sphacelatum,https://inaturalist-open-data.s3.amazonaws.com/photos/492002149/original.jpg,GBIF,Mexico,,luisna,http://creativecommons.org/licenses/by-nc/4.0/,2025-10-20 01:45:05.419973
181129,Platanthera,metabifolia F.,https://inaturalist-open-data.s3.amazonaws.com/photos/318178414/original.jpg,GBIF,,,,,2025-11-08 22:30:58.472730
263684,Platanthera,algeriensis,https://observation.org/photos/57035370.jpg,GBIF,,,,,2025-11-09 18:31:39.755541
179185,Appendicula,angustifolia,https://medialib.naturalis.nl/file/id/L.1482823/format/large,GBIF,,,,,2025-11-08 22:01:30.833541
251022,Platystele,stellaris,https://images.mobot.org/tropicosimages4/detailimages/TropicosImagesVol4/101261000/CB90B246-373A-47B1-A32A-7E2671085FCC.jpg,GBIF,,,,,2025-11-09 15:35:26.620549
179638,Habenaria,josephensis Barb.,http://jbrj-public-img.s3-sa-east-1.amazonaws.com/JPG/rb/1/51/62/33/01516233.jpg,GBIF,,,,,2025-11-08 22:06:08.414933
257491,Pleurothallis,gomezii,https://inaturalist-open-data.s3.amazonaws.com/photos/441832054/original.jpeg,GBIF,,,,,2025-11-09 17:07:17.770889
204079,Epidendrum,refractum,http://mediaphoto.mnhn.fr/media/1442963686727mlYilaR9rHSa1xy1,GBIF,,,,,2025-11-09 04:03:04.558755
296285,Megastylis,gigas Rchb.f.,https://inaturalist-open-data.s3.amazonaws.com/photos/581162443/original.jpg,GBIF,,,,,2025-11-10 02:54:03.100373
299354,Pterostylis,trullifolia Hook.f.,https://inaturalist-open-data.s3.amazonaws.com/photos/505026816/original.jpg,GBIF,,,,,2025-11-10 03:37:27.594358
256477,Aulosepalum,ramentaceum,http://data.huh.harvard.edu/8f855f3e-ae64-42fa-83b3-3a196c20e659/image,GBIF,,,,,2025-11-09 16:54:35.484769
208317,Epidendrum,paranthicum,https://inaturalist-open-data.s3.amazonaws.com/photos/282638999/original.jpeg,GBIF,,,,,2025-11-09 05:00:43.284834
245060,Calochilus,stramenicola D.,https://inaturalist-open-data.s3.amazonaws.com/photos/564008808/original.jpg,GBIF,,,,,2025-11-09 14:08:44.313859
210950,Dendrobium,metachilinum,http://data.huh.harvard.edu/daf24bc1-9f7b-4668-aece-09764902bc97/image,GBIF,,,,,2025-11-09 05:41:57.270514
264007,Polystachya,boliviensis,https://media-service.nrm.se/images?dataset=fbo&id=large/S-R-005001/S-R-5178.jpg,GBIF,,,,,2025-11-09 18:36:48.525591
683,Cleistes,tenuis Rchb.f.,https://inaturalist-open-data.s3.amazonaws.com/photos/488984700/original.jpg,GBIF,French Guiana,,Olivier Claessens,http://creativecommons.org/licenses/by-nc/4.0/,2025-10-19 08:45:21.820429
302699,Epidendrum,adnatum,https://inaturalist-open-data.s3.amazonaws.com/photos/455925568/original.jpeg,GBIF,,,,,2025-11-10 04:26:07.797936
10602,Epidendrum,subnutans,http://data.huh.harvard.edu/792b6b92-a66d-4681-af03-6ed835fccd75/image,GBIF,Costa Rica,,Aust. P. Smith,https://huh.harvard.edu/access-digital-reproductions-works-public-domain,2025-10-21 07:27:29.500770
9864,Oncidium,karwinskii,https://inaturalist-open-data.s3.amazonaws.com/photos/311570796/original.jpeg,GBIF,Mexico,,Ezequiel Trujillo,http://creativecommons.org/licenses/by-nc/4.0/,2025-10-20 19:36:11.361984
251055,Pleurothallis,scaphipetala,https://images.mobot.org/tropicosimages4/detailimages/TropicosImagesVol4/101274000/92DBA949-84B8-4C56-8C87-51F47BE0063C.jpg,GBIF,,,,,2025-11-09 15:35:57.861922
293098,Pleurothallis,supervacanea,https://inaturalist-open-data.s3.amazonaws.com/photos/364583668/original.jpeg,GBIF,,,,,2025-11-10 02:03:30.829682
221336,Cymbidium,lancifolium,https://inaturalist-open-data.s3.amazonaws.com/photos/473901609/original.jpg,GBIF,,,,,2025-11-09 08:08:18.095678
142861,Vanilla,methonica Rchb.f.,https://object.jacq.org/europeana/W/2007163.jpg,GBIF,Colombia,,"Warszewicz,J. s.n. [s.d.]",http://creativecommons.org/licenses/by/4.0/,2025-11-06 01:36:19.093465
295900,Andinia,platysepala,https://images.mobot.org/tropicosimages3/detailimages/TropicosImages2/235/1071C1F6-8400-4732-900C-0E7EE6670D66.jpg,GBIF,,,,,2025-11-10 02:48:29.112131
3631,Epidendrum,nocturnum,https://bs.plantnet.org/image/o/f6c6a41db0e069973d195a9d31987c13b7a2fd00,GBIF,Martinique,,,Olivier Chiodi (cc-by-sa),2025-10-19 13:56:57.310196
257517,Promenaea,stapelioides,http://jbrj-public-img.s3-sa-east-1.amazonaws.com/JPG/rb/0/74/67/13/00746713.jpg,GBIF,,,,,2025-11-09 17:07:34.920799
244231,Mormodes,powellii,https://data.nhm.ac.uk/media/4f8f15b4-47e2-4363-a9e1-9771f1cc454c,GBIF,,,,,2025-11-09 13:55:31.452114
232861,Angraecum,distichum,https://images.mobot.org/tropicosimages3/detailimages/TropicosImageVol3/100805000/A647945B-7975-4AFE-8965-82424B9EFB34.jpg,GBIF,,,,,2025-11-09 10:57:20.502613
211215,Chiloglottis,sphaerula D.,https://inaturalist-open-data.s3.amazonaws.com/photos/452158551/original.jpeg,GBIF,,,,,2025-11-09 05:44:51.748743
303512,Pabstiella,matinhensis,http://jbrj-public-img.s3-sa-east-1.amazonaws.com/JPG/rb/1/29/90/3/01299003.jpg,GBIF,,,,,2025-11-10 04:40:46.780790
153833,Disa,ophrydea Lindl.,https://inaturalist-open-data.s3.amazonaws.com/photos/571147127/original.jpg,GBIF,South Africa,,Marlene,http://creativecommons.org/licenses/by-nc/4.0/,2025-11-06 02:42:56.163235
220570,Dipodium,atropurpureum,https://inaturalist-open-data.s3.amazonaws.com/photos/337071504/original.jpg,GBIF,,,,,2025-11-09 07:57:12.707109
175252,Eulophia,gonychila,https://inaturalist-open-data.s3.amazonaws.com/photos/5461741/original.jpg,GBIF,,,,,2025-11-08 21:05:29.981897
265680,Maxillaria,colorata,https://inaturalist-open-data.s3.amazonaws.com/photos/247296577/original.jpeg,GBIF,,,,,2025-11-09 19:01:47.882852
1347,Cypripedium,parviflorum Salisb.,https://inaturalist-open-data.s3.amazonaws.com/photos/507523676/original.jpg,GBIF,United States of America,,necology,http://creativecommons.org/licenses/by-nc/4.0/,2025-10-19 11:19:11.821245
146919,Huttonaea,oreophila Schltr.,https://inaturalist-open-data.s3.amazonaws.com/photos/30106730/original.jpg,GBIF,South Africa,,Ansell Matcher,http://creativecommons.org/licenses/by-nc/4.0/,2025-11-06 02:07:50.654564
295872,Spathoglottis,chrysantha,https://medialib.naturalis.nl/file/id/L.1532866/format/large,GBIF,,,,,2025-11-10 02:48:12.905526
1955,Phragmipedium,humboldtii Warsz.,https://inaturalist-open-data.s3.amazonaws.com/photos/207378830/original.jpeg,GBIF,Guatemala,,Eric van den Berghe,http://creativecommons.org/licenses/by-nc/4.0/,2025-10-19 13:02:11.542253
222367,Prosthechea,ionophlebia,https://inaturalist-open-data.s3.amazonaws.com/photos/562094429/original.jpg,GBIF,,,,,2025-11-09 08:26:48.705782
196022,Genoplesium,calopterum,http://mediaphoto.mnhn.fr/media/1441307054136CQJlYsgV1bxMO9sR,GBIF,,,,,2025-11-09 02:04:16.577051
299803,Cephalanthera,kotschyana,https://inaturalist-open-data.s3.amazonaws.com/photos/316411653/original.jpg,GBIF,,,,,2025-11-10 03:43:32.369292
203128,Platanthera,minor Miq.,https://inaturalist-open-data.s3.amazonaws.com/photos/520122799/original.jpg,GBIF,,,,,2025-11-09 03:51:18.107793
247749,Diuris,oraria D.,https://inaturalist-open-data.s3.amazonaws.com/photos/328367222/original.jpeg,GBIF,,,,,2025-11-09 14:45:21.219285
204084,Epidendrum,refractum,http://fm-digital-assets.fieldmuseum.org/45/229/V0046349F.jpg,GBIF,,,,,2025-11-09 04:03:04.585053
235529,Dendrobium,heterocarpum,https://inaturalist-open-data.s3.amazonaws.com/photos/254811908/original.jpeg,GBIF,,,,,2025-11-09 11:18:36.741800
168122,Genoplesium,archeri,https://inaturalist-open-data.s3.amazonaws.com/photos/464062778/original.jpg,GBIF,Australia,,lancebreguet,,2025-11-07 07:54:42.520121
229536,Orchis,punctulata Steven,https://inaturalist-open-data.s3.amazonaws.com/photos/473193193/original.jpeg,GBIF,,,,,2025-11-09 10:54:22.192285
231941,Dendrobium,venustum,https://inaturalist-open-data.s3.amazonaws.com/photos/431136055/original.jpg,GBIF,,,,,2025-11-09 10:56:30.675399
289281,Crepidium,wenzelii,http://data.huh.harvard.edu/486531c6-7d83-4980-af69-c067bd46f7cd/image,GBIF,,,,,2025-11-10 01:10:51.722796
242564,Anacamptis,pyramidalis L.,https://observation.org/photos/85769229.jpg,GBIF,,,,,2025-11-09 13:32:07.280705
2775,Epidendrum,species,https://inaturalist-open-data.s3.amazonaws.com/photos/476008389/original.jpeg,GBIF,Costa Rica,,christopher_hohl,http://creativecommons.org/licenses/by-nc/4.0/,2025-10-19 13:54:01.651673
211709,Ida,gigantea,https://inaturalist-open-data.s3.amazonaws.com/photos/174135952/original.jpg,GBIF,,,,,2025-11-09 05:51:44.778480
290647,Eulophia,tabularis,https://inaturalist-open-data.s3.amazonaws.com/photos/455223814/original.jpeg,GBIF,,,,,2025-11-10 01:31:05.640642
199294,Vanilla,francoisii H.,https://images.mobot.org/tropicosimages3/detailimages/TropicosImageVol3/100766000/DEE5840F-7E9B-4B3C-BE46-23BA4199A151.jpg,GBIF,,,,,2025-11-09 02:57:14.465357
218038,Habenaria,kassneriana Kraenzl.,https://oxalis.br.fgov.be/images/BR0/000/006/577/780/BR0000006577780.jpg,GBIF,,,,,2025-11-09 07:23:04.673356
187884,Dichaea,trulla,http://jbrj-public-img.s3-sa-east-1.amazonaws.com/JPG/rb/1/11/92/53/01119253.jpg,GBIF,,,,,2025-11-09 00:10:27.961481
257622,Encyclia,advena,https://ans-images.ansp.org/botany/PH4/CM/Fullsize/353/CM353211.jpg,GBIF,,,,,2025-11-09 17:08:21.640938
273772,Elleanthus,fractiflexus,https://images.mobot.org/tropicosimages3/detailimages/TropicosImageVol3/100774000/8A60A75E-BAE8-408C-9207-E65816DD4E3D.jpg,GBIF,,,,,2025-11-09 22:22:40.529433
266001,Caladenia,x coactescens,https://inaturalist-open-data.s3.amazonaws.com/photos/347603256/original.jpeg,GBIF,,,,,2025-11-09 19:05:38.229673
286267,Caladenia,caesarea ssp.,https://inaturalist-open-data.s3.amazonaws.com/photos/560253361/original.jpg,GBIF,,,,,2025-11-10 00:22:36.107447
200197,Epidendrum,stictoglossum,https://images.mobot.org/tropicosimages5/detailimages/TropicosImagesVol5/101738000/74445E0A-4CD6-4323-A020-97EBAEEA2FC5.jpg,GBIF,,,,,2025-11-09 03:10:19.708340
178067,Epidendrum,chlorocorymbos,https://inaturalist-open-data.s3.amazonaws.com/photos/325254591/original.jpg,GBIF,,,,,2025-11-08 21:45:31.871987
286792,Erythrodes,chinensis Rolfe,https://inaturalist-open-data.s3.amazonaws.com/photos/266200398/original.jpeg,GBIF,,,,,2025-11-10 00:29:29.257320
251346,Dendrobium,conspicuum,https://inaturalist-open-data.s3.amazonaws.com/photos/43366054/original.jpeg,GBIF,,,,,2025-11-09 15:41:23.020053
214097,Bulbophyllum,rugosum,http://data.huh.harvard.edu/1ea1486e-d16f-4a9f-80bb-ea378cd3c96c/image,GBIF,,,,,2025-11-09 06:29:54.637027
276837,Phalaenopsis,lueddemanniana,http://data.huh.harvard.edu/b6e620b9-b2a5-4154-a543-5cbdf93abbbc/image,GBIF,,,,,2025-11-09 22:26:09.119039
264497,Dracula,severa,https://d2jcv3kl45hlgi.cloudfront.net/1b224fa0c5599b76c0c029c1714766da.jpg,GBIF,,,,,2025-11-09 18:46:17.882583
262568,Pleurothallis,aspergillum,https://images.mobot.org/tropicosimages4/detailimages/TropicosImagesVol4/101062000/45C08EA2-0589-494D-9D84-351AD0CEB150.jpg,GBIF,,,,,2025-11-09 18:17:15.024847
179722,Stenorrhynchos,pubens,https://inaturalist-open-data.s3.amazonaws.com/photos/537340638/original.jpg,GBIF,,,,,2025-11-08 22:06:48.730559
238393,xDactylocamptis,x,https://mediaphoto.mnhn.fr/media/15501779338950ZbLacnZbvJVdKU4,GBIF,,,,,2025-11-09 12:42:30.788246
232034,Lycaste,xytriophora,https://iiif-manifest.oxalis.br.fgov.be/specimen/BR0000033166032/manifest,GBIF,,,,,2025-11-09 10:56:37.544816
10094,Dendrobium,monophyllum,https://inaturalist-open-data.s3.amazonaws.com/photos/292250199/original.jpg,GBIF,Australia,,codyhochen,http://creativecommons.org/licenses/by-nc/4.0/,2025-10-20 19:40:33.301924
177771,Lepanthes,focalis,https://inaturalist-open-data.s3.amazonaws.com/photos/537774921/original.jpg,GBIF,,,,,2025-11-08 21:41:25.822915
186244,Epidendrum,eximium,http://data.huh.harvard.edu/02290612-0fae-49ba-a172-35c8bdb12592/image,GBIF,,,,,2025-11-08 23:46:08.469202
287233,Cynorkis,inermis,https://inaturalist-open-data.s3.amazonaws.com/photos/440602141/original.jpeg,GBIF,,,,,2025-11-10 00:35:42.588764
212532,Maxillaria,densa,https://inaturalist-open-data.s3.amazonaws.com/photos/468571445/original.jpg,GBIF,,,,,2025-11-09 06:04:48.846243
258937,Styloglossum,balansae,https://inaturalist-open-data.s3.amazonaws.com/photos/137590498/original.jpg,GBIF,,,,,2025-11-09 17:28:10.592472
201603,Pterostylis,setulosa D.,https://inaturalist-open-data.s3.amazonaws.com/photos/541105590/original.jpg,GBIF,,,,,2025-11-09 03:28:27.193454
209247,Thelymitra,improcera,https://inaturalist-open-data.s3.amazonaws.com/photos/259437590/original.jpeg,GBIF,,,,,2025-11-09 05:15:30.323077
208656,Porpax,jerdoniana,https://inaturalist-open-data.s3.amazonaws.com/photos/443963210/original.jpeg,GBIF,,,,,2025-11-09 05:05:52.410417
278742,Liparis,guineensis,https://inaturalist-open-data.s3.amazonaws.com/photos/261210600/original.jpg,GBIF,,,,,2025-11-09 22:27:24.331359
224105,Caladenia,brevisura,https://inaturalist-open-data.s3.amazonaws.com/photos/431062490/original.jpeg,GBIF,,,,,2025-11-09 08:54:09.660137
217139,Corymborkis,forcipigera,https://inaturalist-open-data.s3.amazonaws.com/photos/461439381/original.jpeg,GBIF,,,,,2025-11-09 07:09:28.087938
289932,Oncidium,lindleyi,https://inaturalist-open-data.s3.amazonaws.com/photos/402989930/original.jpeg,GBIF,,,,,2025-11-10 01:21:02.569719
209243,Thelymitra,improcera,https://inaturalist-open-data.s3.amazonaws.com/photos/577541141/original.jpg,GBIF,,,,,2025-11-09 05:15:30.299553
219439,Scaphyglottis,bicallosa,http://data.huh.harvard.edu/195b86e1-6365-42d7-a0a6-5c746c7a5150/image,GBIF,,,,,2025-11-09 07:41:59.713744
144810,Cypripedium,irapeanum Lex.,https://inaturalist-open-data.s3.amazonaws.com/photos/405246165/original.jpeg,GBIF,Mexico,,Manuel Nicolás Madrigal Pérez,http://creativecommons.org/licenses/by/4.0/,2025-11-06 01:51:03.289818
168503,Maxillaria,longipetala,https://inaturalist-open-data.s3.amazonaws.com/photos/335413867/original.jpeg,GBIF,Colombia,,L. Alejandro Combariza-Ch,,2025-11-07 16:36:29.814850
264929,Catasetum,maculatum,https://inaturalist-open-data.s3.amazonaws.com/photos/350660262/original.jpeg,GBIF,,,,,2025-11-09 18:51:12.864275
247932,Caladenia,gracilis R.,https://inaturalist-open-data.s3.amazonaws.com/photos/456187326/original.jpeg,GBIF,,,,,2025-11-09 14:48:47.522387
2739,Epidendrum,species,https://inaturalist-open-data.s3.amazonaws.com/photos/465610771/original.jpeg,GBIF,Mexico,,Carlos Domínguez-Rodríguez,http://creativecommons.org/licenses/by-nc/4.0/,2025-10-19 13:54:01.651673
216389,Habenaria,macrotidion Summerh.,https://oxalis.br.fgov.be/images/V/BR0/000/025/909/616/BR0000025909616V.jpg,GBIF,,,,,2025-11-09 06:59:35.848750
279664,Bulbophyllum,aphanopetalum,http://mediaphoto.mnhn.fr/media/1452094361759FerfJAYOkbtOfX8R,GBIF,,,,,2025-11-09 22:29:18.602280
8789,Maxillaria,paranaensis,https://inaturalist-open-data.s3.amazonaws.com/photos/410376469/original.jpeg,GBIF,Brazil,,Teixeira,http://creativecommons.org/licenses/by-nc/4.0/,2025-10-20 02:22:38.242833
177269,Thelymitra,tholiformis,https://inaturalist-open-data.s3.amazonaws.com/photos/452788704/original.jpeg,GBIF,,,,,2025-11-08 21:34:18.568191
228673,Habenaria,subfiliformis Cogn.,https://inaturalist-open-data.s3.amazonaws.com/photos/400114241/original.jpeg,GBIF,,,,,2025-11-09 10:54:02.033202
196180,Dracula,diabola,https://inaturalist-open-data.s3.amazonaws.com/photos/186447183/original.jpeg,GBIF,,,,,2025-11-09 02:06:39.144284
198168,Coelogyne,magniflora,https://iiif.rbge.org.uk/herb/iiif/E00050041/manifest,GBIF,,,,,2025-11-09 02:40:43.535911
9202,Dendrobium,lindleyi,http://data.huh.harvard.edu/6d657e1b-36ed-4b9c-853a-23237242eac3/image,GBIF,Myanmar,,F. G. Dickason,https://huh.harvard.edu/access-digital-reproductions-works-public-domain,2025-10-20 02:24:07.741168
260447,Liparis,cardiophylla,http://sweetgum.nybg.org/images3/3532/293/00058831.jpg,GBIF,,,,,2025-11-09 17:49:12.406405
204840,Drakaea,thynniphila A.,https://inaturalist-open-data.s3.amazonaws.com/photos/567117139/original.jpg,GBIF,,,,,2025-11-09 04:12:20.075384
174949,Laelia,speciosa,https://inaturalist-open-data.s3.amazonaws.com/photos/553356259/original.jpg,GBIF,,,,,2025-11-08 20:58:57.107028
191995,Pleurothallis,lilijae,https://inaturalist-open-data.s3.amazonaws.com/photos/289334711/original.jpeg,GBIF,,,,,2025-11-09 01:07:18.857804
270982,Trichotosia,fusca,https://iiif.rbge.org.uk/herb/iiif/E00079461/manifest,GBIF,,,,,2025-11-09 22:20:17.459963
273809,Bulbophyllum,burfordiense,http://sweetgum.nybg.org/images3/3475/915/04012330.jpg,GBIF,,,,,2025-11-09 22:22:41.064295
244851,Collabium,nebulosum,https://medialib.naturalis.nl/file/id/U.1456830/format/large,GBIF,,,,,2025-11-09 14:05:41.914805
296089,Hemipilia,tibetica Schltr.,"https://iiif.rbge.org.uk/herb/iiif/E00123021/full/300,/0/default.jpg",GBIF,,,,,2025-11-10 02:51:39.248964
178955,Angraecum,didieri,https://images.mobot.org/tropicosimages3/detailimages/TropicosImageVol3/100572000/C468A080-7168-4A09-B3AA-7EAFCB270A00.jpg,GBIF,,,,,2025-11-08 21:56:53.739665
280830,Epigeneium,nakaharae,https://inaturalist-open-data.s3.amazonaws.com/photos/441689400/original.jpeg,GBIF,,,,,2025-11-09 22:56:07.239426
280919,Lepanthes,whittenii,https://inaturalist-open-data.s3.amazonaws.com/photos/536856834/original.jpg,GBIF,,,,,2025-11-09 22:57:33.564437
265622,Pabstiella,cordilabia,https://inaturalist-open-data.s3.amazonaws.com/photos/312049958/original.jpeg,GBIF,,,,,2025-11-09 19:00:20.381880
186976,Oncidium,lykaiosii,https://inaturalist-open-data.s3.amazonaws.com/photos/539339132/original.jpg,GBIF,,,,,2025-11-08 23:56:50.889174
253372,Liparis,simmondsii,https://inaturalist-open-data.s3.amazonaws.com/photos/111347027/original.jpeg,GBIF,,,,,2025-11-09 16:10:03.729322
256585,Oncidium,x,https://medialib.naturalis.nl/file/id/L.1532081/format/large,GBIF,,,,,2025-11-09 16:55:24.004213
212959,Acanthophippium,mantinianum,http://data.huh.harvard.edu/dc6f2786-1988-4e4c-84f0-b331cb640b70/image,GBIF,,,,,2025-11-09 06:11:56.752076
217285,Microcoelia,aphylla,https://inaturalist-open-data.s3.amazonaws.com/photos/1290238/original.JPG,GBIF,,,,,2025-11-09 07:12:30.121945
253428,Lepanthes,menatoi,https://inaturalist-open-data.s3.amazonaws.com/photos/484551999/original.jpeg,GBIF,,,,,2025-11-09 16:11:14.915204
235906,Orchis,x loreziana,https://static.inaturalist.org/photos/498785301/large.jpeg,iNaturalist,DE,,,,2025-11-09 11:26:34.629562
187274,Andinia,trimytera,https://inaturalist-open-data.s3.amazonaws.com/photos/470049676/original.jpeg,GBIF,,,,,2025-11-09 00:01:12.254524
253097,Lepanthes,ferax,https://d2jcv3kl45hlgi.cloudfront.net/6fd8f931b57fc347062c41d2d737ac7e.jpg,GBIF,,,,,2025-11-09 16:04:54.865930
218397,Uncifera,lancifolia,https://iiif-manifest.oxalis.br.fgov.be/specimen/BR0000006594510/manifest,GBIF,,,,,2025-11-09 07:29:01.400410
252781,Phalaenopsis,difformis,https://inaturalist-open-data.s3.amazonaws.com/photos/407663307/original.jpg,GBIF,,,,,2025-11-09 16:01:44.629894
277647,Galeandra,bicarinata,https://inaturalist-open-data.s3.amazonaws.com/photos/456263352/original.jpeg,GBIF,,,,,2025-11-09 22:26:47.209107
263854,Pterostylis,auriculata Colenso,https://inaturalist-open-data.s3.amazonaws.com/photos/462182695/original.jpg,GBIF,,,,,2025-11-09 18:34:50.088365
263403,Herminium,elisabethae Duthie,https://inaturalist-open-data.s3.amazonaws.com/photos/454848612/original.jpeg,GBIF,,,,,2025-11-09 18:26:38.507083
165441,Habenaria,foliosa A.,https://inaturalist-open-data.s3.amazonaws.com/photos/554237289/original.jpg,GBIF,India,,,,2025-11-07 02:02:57.759013
295646,Cynorkis,hologlossa Schltr.,http://mediaphoto.mnhn.fr/media/1442319055617AClLc53YMGxECHFm,GBIF,,,,,2025-11-10 02:44:38.602772
246327,Ophrys,x,https://live.staticflickr.com/65535/53768378856_ba8543e287_b.jpg,GBIF,,,,,2025-11-09 14:25:24.356819
209961,Masdevallia,uncifera,http://data.huh.harvard.edu/6073d7e9-4bc7-4f93-9595-30cc2e477259/image,GBIF,,,,,2025-11-09 05:26:37.175290
176388,Orchis,canariensis Lindl.,https://inaturalist-open-data.s3.amazonaws.com/photos/471804789/original.jpeg,GBIF,,,,,2025-11-08 21:20:49.186656
285422,Malaxis,novogaliciana,https://inaturalist-open-data.s3.amazonaws.com/photos/148299002/original.jpeg,GBIF,,,,,2025-11-10 00:11:21.024646
206638,Pterostylis,aciculiformis Nicholls,https://inaturalist-open-data.s3.amazonaws.com/photos/443485800/original.jpeg,GBIF,,,,,2025-11-09 04:36:08.237312
251841,Pomatocalpa,kunstleri,http://data.huh.harvard.edu/e5296463-3f0d-408d-a1a0-31da57868c13/image,GBIF,,,,,2025-11-09 15:47:12.382015
247647,Caladenia,cretacea D.,https://inaturalist-open-data.s3.amazonaws.com/photos/428521133/original.jpeg,GBIF,,,,,2025-11-09 14:44:09.767598
7691,Maxillaria,valenzuelana,https://oxalis.br.fgov.be/images/BR0/000/006/807/764/BR0000006807764.jpg,GBIF,Belgium,,Martens M.,http://creativecommons.org/licenses/by-sa/4.0/,2025-10-20 01:51:00.644129
299369,Lepanthes,tibouchinicola,https://inaturalist-open-data.s3.amazonaws.com/photos/468415667/original.jpeg,GBIF,,,,,2025-11-10 03:37:42.766530
221622,Pleurothallis,asplundii,https://media-service.nrm.se/images?dataset=fbo&id=large/S-R-004001/S-R-4950_a.jpg,GBIF,,,,,2025-11-09 08:14:45.689493
198805,Dryadella,aviceps,https://d2jcv3kl45hlgi.cloudfront.net/d9311bb5f35dc638187b19a96e3c5f95.jpg,GBIF,,,,,2025-11-09 02:51:49.163268
269065,Epidendrum,cernuum,http://data.huh.harvard.edu/ad0e7505-1d21-425b-9725-063cebddb208/image,GBIF,,,,,2025-11-09 19:51:47.736120
125774,Prasophyllum,venustum,https://inaturalist-open-data.s3.amazonaws.com/photos/388833691/original.jpg,GBIF,Australia,,Lachlan Copeland,http://creativecommons.org/licenses/by-sa/4.0/,2025-11-05 20:15:13.579515
260741,Bulbophyllum,congestum,"https://iiif.rbge.org.uk/herb/iiif/E00123390/full/300,/0/default.jpg",GBIF,,,,,2025-11-09 17:53:34.621909
251861,Eulophia,calcarata,https://inaturalist-open-data.s3.amazonaws.com/photos/191618744/original.jpeg,GBIF,,,,,2025-11-09 15:47:44.474866
289670,Holcoglossum,wangii,https://mediaphoto.mnhn.fr/media/1553777722031LP53hVRgXYAiE3PD,GBIF,,,,,2025-11-10 01:16:56.024126
8610,Epidendrum,tridactylum,http://jbrj-public-img.s3-sa-east-1.amazonaws.com/JPG/rb/1/33/89/43/01338943.jpg,GBIF,Brazil,,M.E. Engels,Unknown,2025-10-20 02:00:33.904359
219789,Caladenia,multiplex,https://inaturalist-open-data.s3.amazonaws.com/photos/317828646/original.jpeg,GBIF,,,,,2025-11-09 07:46:22.294984
140912,Epistephium,amplexicaule Poepp.,http://fm-digital-assets.fieldmuseum.org/1781/611/V0460898F.jpg,GBIF,Colombia,,G. Gutiérrez,(c) Field Museum of Natural History - CC BY-NC 4.0,2025-11-06 01:25:08.680489
227634,Mycaranthes,oblitterata,https://medialib.naturalis.nl/file/id/L.1510738/format/large,GBIF,,,,,2025-11-09 10:53:04.259852
243115,Dendrobium,kraemeri,https://herbarium.bgbm.org/data/iiif/B100367521/manifest.json,GBIF,,,,,2025-11-09 13:40:57.859075
243575,Caladenia,polychroma Hopper,https://inaturalist-open-data.s3.amazonaws.com/photos/566140011/original.jpg,GBIF,,,,,2025-11-09 13:47:58.692822
286350,Platanthera,elmeri Ames,http://sweetgum.nybg.org/images3/666/446/00008934.jpg,GBIF,,,,,2025-11-10 00:24:42.486292
3323,Dendrobium,nobile,https://live.staticflickr.com/65535/49341253582_127c899761_b.jpg,GBIF,Australia,,-954498922,"Copyright by the creator. For license and creator details, see https://nabu-naturgucker-beobachtungen.de/?sprache=en&bild=1562946457.",2025-10-19 13:55:06.602436
289640,Bulbophyllum,wallichii,https://d2jcv3kl45hlgi.cloudfront.net/a51fd584b442e4b42d7ab12785291945.jpg,GBIF,,,,,2025-11-10 01:16:08.700537
207717,Caladenia,ambusta,https://inaturalist-open-data.s3.amazonaws.com/photos/74673875/original.jpeg,GBIF,,,,,2025-11-09 04:51:04.053660
223619,Micropera,secunda,https://d2jcv3kl45hlgi.cloudfront.net/cd0b3b26e598f7dc7e75b61be33ff2ec.jpg,GBIF,,,,,2025-11-09 08:44:38.699474
233091,Aerangis,luteoalba,https://inaturalist-open-data.s3.amazonaws.com/photos/251333609/original.jpeg,GBIF,,,,,2025-11-09 10:57:36.391611
224437,Chiloschista,viridiflava,https://inaturalist-open-data.s3.amazonaws.com/photos/487728562/original.jpg,GBIF,,,,,2025-11-09 08:57:59.300449
227550,Liparis,petiolata,https://medialib.naturalis.nl/file/id/L.1522322/format/large,GBIF,,,,,2025-11-09 10:53:01.717792
293941,Liparis,tridens,http://mediaphoto.mnhn.fr/media/1441306571237zRRAN8CpMrSF9GpM,GBIF,,,,,2025-11-10 02:17:23.836546
233343,Laelia,anceps,https://inaturalist-open-data.s3.amazonaws.com/photos/453203743/original.jpeg,GBIF,,,,,2025-11-09 10:57:45.639971
4744,Oncidium,flexuosum,https://inaturalist-open-data.s3.amazonaws.com/photos/461755063/original.jpeg,GBIF,Australia,,Daniel,http://creativecommons.org/licenses/by-nc/4.0/,2025-10-19 13:59:45.892208
213470,Epidendrum,megaloclinium,https://inaturalist-open-data.s3.amazonaws.com/photos/440980296/original.jpeg,GBIF,,,,,2025-11-09 06:21:11.825563
183931,Pabstiella,uniflora,http://fm-digital-assets.fieldmuseum.org/989/926/ORCH_pleu_leon_1287492.jpg,GBIF,,,,,2025-11-08 23:11:47.316303
303649,Diuris,emarginata R.,http://data.huh.harvard.edu/cf541dd5-6422-4f1b-a27e-1102771e58aa/image,GBIF,,,,,2025-11-10 04:43:17.668414
1945,Phragmipedium,caudatum Lindl.,https://inaturalist-open-data.s3.amazonaws.com/photos/304610657/original.jpeg,GBIF,Peru,,principe mendoza babilòn,http://creativecommons.org/publicdomain/zero/1.0/,2025-10-19 13:02:01.094377
231691,Angraecum,bracteosum,https://inaturalist-open-data.s3.amazonaws.com/photos/355910843/original.jpg,GBIF,,,,,2025-11-09 10:56:22.507463
248058,Notylia,sagittifera,http://jbrj-public-img.s3-sa-east-1.amazonaws.com/JPG/rb/0/25/81/6/00258106.jpg,GBIF,,,,,2025-11-09 14:51:10.719013
304892,Andinia,pendens,https://assets.rjb.csic.es/fileget?coll=Plantas+Vasculares&type=O&filename=sp66484224307672546800.att.jpg&downloadname=MA-01-00571454,GBIF,,,,,2025-11-10 05:04:11.893586
257420,Lepanthes,rotundata,http://pictures.snsb.info/GOETvplantscoll/web/GOET0085/GOET008556_20110905_152326.jpg,GBIF,,,,,2025-11-09 17:06:22.348668
133,Pogonia,Juss.,https://inaturalist-open-data.s3.amazonaws.com/photos/495416760/original.jpg,GBIF,United States of America,,sergio_m,http://creativecommons.org/licenses/by-nc/4.0/,2025-10-19 08:22:25.342004
297554,Phragmipedium,caricinum,http://fm-digital-assets.fieldmuseum.org/1648/964/V0434704F.jpg,GBIF,,,,,2025-11-10 03:14:09.532408
179869,Pterostylis,ciliata M.,https://inaturalist-open-data.s3.amazonaws.com/photos/98870620/original.jpg,GBIF,,,,,2025-11-08 22:09:50.505105
244647,Gomphichis,viscosa Rchb.f.,http://data.huh.harvard.edu/f496bb21-2350-491e-9622-453e75277ef6/image,GBIF,,,,,2025-11-09 14:02:39.537888
224271,Bulbophyllum,purpureorhachis,https://d2seqvvyy3b8p2.cloudfront.net/74ba33b4a916dd8ffefea76c23b89abd.jpg,GBIF,,,,,2025-11-09 08:55:36.793543
204037,Telipogon,antisuyuensis,https://inaturalist-open-data.s3.amazonaws.com/photos/469749773/original.jpeg,GBIF,,,,,2025-11-09 04:02:16.801011
208911,Caladenia,infundibularis A.,https://inaturalist-open-data.s3.amazonaws.com/photos/458603221/original.jpeg,GBIF,,,,,2025-11-09 05:09:34.701967
285653,Dendrobium,echinocarpum,https://medialib.naturalis.nl/file/id/L0064704_MLN/format/large,GBIF,,,,,2025-11-10 00:12:56.281412
270909,Himantoglossum,robertianum Loisel.,https://inaturalist-open-data.s3.amazonaws.com/photos/460952535/original.jpeg,GBIF,,,,,2025-11-09 22:20:11.402769
2406,Paphiopedilum,Pfitzer,https://inaturalist-open-data.s3.amazonaws.com/photos/115752992/original.jpg,GBIF,,,Romadlon,http://creativecommons.org/licenses/by-nc/4.0/,2025-10-19 13:10:00.388065
280970,Sphyrarhynchus,amaniense,http://www.westafricanplants.senckenberg.de/images/pictures/angraecopsis_amaniensis_5621364221_o_mwestrop_3291_d5fd5f.jpg,GBIF,,,,,2025-11-09 23:00:04.377309
177687,Angraecum,tamarindicola,http://mediaphoto.mnhn.fr/media/1442516064723HRZCJKfYjQzsTp9V,GBIF,,,,,2025-11-08 21:40:06.203909
266072,Masdevallia,dorisiae,https://images.mobot.org/tropicosimages3/detailimages/TropicosImages2/235/8DF52423-4C73-4AD6-9CB6-579838AF674C.jpg,GBIF,,,,,2025-11-09 19:06:33.532931
227532,Bulbophyllum,fendlerianum,https://d2jcv3kl45hlgi.cloudfront.net/bc65e81fe4d2e98f47c26d7299d0d559.jpg,GBIF,,,,,2025-11-09 10:53:01.414962
150059,Corycium,flanaganii Bolus,https://inaturalist-open-data.s3.amazonaws.com/photos/456106780/original.jpeg,GBIF,South Africa,,Frederic Melki,http://creativecommons.org/licenses/by-nc/4.0/,2025-11-06 02:27:05.202607
179373,Deiregyne,chartacea,https://inaturalist-open-data.s3.amazonaws.com/photos/200072795/original.jpeg,GBIF,,,,,2025-11-08 22:03:29.430077
10320,Dendrobium,maccarthiae,https://medialib.naturalis.nl/file/id/L.1502518/format/large,GBIF,Sri Lanka,,Kostermans AJGH,http://creativecommons.org/publicdomain/zero/1.0/,2025-10-20 19:42:37.393593
260034,Dendrobium,faciferum,https://inaturalist-open-data.s3.amazonaws.com/photos/393199214/original.jpg,GBIF,,,,,2025-11-09 17:44:51.071126
215255,Diuris,fragrantissima D.,https://inaturalist-open-data.s3.amazonaws.com/photos/352139632/original.jpeg,GBIF,,,,,2025-11-09 06:42:14.296642
192676,Miltoniopsis,warscewiczii,https://inaturalist-open-data.s3.amazonaws.com/photos/340259249/original.jpg,GBIF,,,,,2025-11-09 01:16:25.901260
296866,Dendrobium,nardoides,http://data.huh.harvard.edu/466db853-3bd4-4933-bedf-b43c60560f3e/image,GBIF,,,,,2025-11-10 03:03:10.323813
244808,Coelogyne,compressicaulis,"https://iiif.rbge.org.uk/herb/iiif/E00145441/full/300,/0/default.jpg",GBIF,,,,,2025-11-09 14:05:10.413438
2857,Epidendrum,species,https://inaturalist-open-data.s3.amazonaws.com/photos/485321717/original.jpeg,GBIF,Colombia,,Nolan Exe,http://creativecommons.org/licenses/by/4.0/,2025-10-19 13:54:01.651673
254385,Bulbophyllum,quadrichaete,https://medialib.naturalis.nl/file/id/L.1489205/format/large,GBIF,,,,,2025-11-09 16:25:46.807281
295071,Stelis,maxima,https://images.mobot.org/tropicosimages4/detailimages/TropicosImagesVol4/101074000/B81455A8-B52E-4FD3-B444-CB2AB02EC709.jpg,GBIF,,,,,2025-11-10 02:36:42.960988
187077,Oncidium,bracteatum,https://inaturalist-open-data.s3.amazonaws.com/photos/341130872/original.jpg,GBIF,,,,,2025-11-08 23:58:41.847403
9878,Epidendrum,bianthogastrium,https://images.mobot.org/tropicosimages4/detailimages/TropicosImagesVol4/101070000/9D8A4A6F-B468-4356-8F9D-D0FFA3A0C669.jpg,GBIF,Ecuador,,Benkt Sparre,http://creativecommons.org/licenses/by-nc-sa/3.0/,2025-10-20 19:37:36.301574
270462,Cynorkis,coccinelloides Frapp.,https://live.staticflickr.com/65535/49009021732_bb4fa37960_b.jpg,GBIF,,,,,2025-11-09 22:19:54.075248
264940,Bulbophyllum,tixieri,https://images.mobot.org/tropicosimages4/detailimages/TropicosImagesVol4/101060000/38B87129-92DA-4BDB-AEBD-185FF533DC36.jpg,GBIF,,,,,2025-11-09 18:51:20.396856
188963,Maxillaria,campanulata,http://data.huh.harvard.edu/cfe23c46-b6ea-4d3a-b829-bb18807c83c2/image,GBIF,,,,,2025-11-09 00:23:17.177434
3895,Vanda,species,https://inaturalist-open-data.s3.amazonaws.com/photos/415361420/original.jpg,GBIF,India,,Karan Thakkar,http://creativecommons.org/licenses/by-nc/4.0/,2025-10-19 13:58:11.428304
224616,Vanilla,dietschiana Edwall,https://iiif-manifest.oxalis.br.fgov.be/specimen/BR0000024598798/manifest,GBIF,,,,,2025-11-09 09:00:46.101145
229432,Tainia,cordifolia,https://inaturalist-open-data.s3.amazonaws.com/photos/523453025/original.jpg,GBIF,,,,,2025-11-09 10:54:18.744401
267420,Pterostylis,atriola D.,https://inaturalist-open-data.s3.amazonaws.com/photos/362734117/original.jpeg,GBIF,,,,,2025-11-09 19:29:42.366674
176285,Epidendrum,x,https://inaturalist-open-data.s3.amazonaws.com/photos/457282755/original.jpeg,GBIF,,,,,2025-11-08 21:19:53.672865
213764,Trichocentrum,pumilum,https://inaturalist-open-data.s3.amazonaws.com/photos/485108868/original.jpeg,GBIF,,,,,2025-11-09 06:26:13.637115
201473,Eulophia,schweinfurthii,https://inaturalist-open-data.s3.amazonaws.com/photos/339718788/original.jpeg,GBIF,,,,,2025-11-09 03:27:08.052734
219528,Dendrobium,luzonense,http://data.huh.harvard.edu/911cbe47-cb28-4708-b15e-26dce1120b17/image,GBIF,,,,,2025-11-09 07:43:51.280576
232855,Angraecum,distichum,https://images.mobot.org/tropicosimages3/detailimages/TropicosImageVol3/100847000/2CBF0BE5-ED33-47D5-B487-CF51402A6906.jpg,GBIF,,,,,2025-11-09 10:57:20.470638
172513,Pterostylis,coccina Fitzg.,https://inaturalist-open-data.s3.amazonaws.com/photos/468005721/original.jpg,GBIF,Australia,,Solomonfrank,,2025-11-07 18:53:32.717331
260178,Neottia,makinoana,https://inaturalist-open-data.s3.amazonaws.com/photos/85322960/original.jpeg,GBIF,,,,,2025-11-09 17:45:37.906041
184416,Epipactis,greuteri,https://inaturalist-open-data.s3.amazonaws.com/photos/305927479/original.jpg,GBIF,,,,,2025-11-08 23:20:46.469448
153502,Disa,nivea H.,https://inaturalist-open-data.s3.amazonaws.com/photos/350674195/original.jpeg,GBIF,South Africa,,themba_nsibande,http://creativecommons.org/licenses/by-nc/4.0/,2025-11-06 02:41:40.260527
182733,Eulophia,dentata,https://inaturalist-open-data.s3.amazonaws.com/photos/473131528/original.jpeg,GBIF,,,,,2025-11-08 22:53:41.874434
182910,Peristylus,stocksii Hook.f.,https://images.mobot.org/tropicosimages4/detailimages/TropicosImagesVol4/101073000/A2369B5F-0DC3-488D-882B-7BAEF4823F5B.jpg,GBIF,,,,,2025-11-08 22:55:48.157178
216387,Habenaria,macrotidion Summerh.,https://d2seqvvyy3b8p2.cloudfront.net/3ab52161cfbac0e1953b3829d2028827.jpg,GBIF,,,,,2025-11-09 06:59:35.836095
237708,Coccineorchis,bracteosa,https://inaturalist-open-data.s3.amazonaws.com/photos/462780373/original.jpeg,GBIF,,,,,2025-11-09 12:22:03.207361
258840,Agrostophyllum,montis-jayanum,https://medialib.naturalis.nl/file/id/L0625015_MLN/format/large,GBIF,,,,,2025-11-09 17:26:36.146107
271710,Eulophia,guineensis,https://inaturalist-open-data.s3.amazonaws.com/photos/543965712/original.jpg,GBIF,,,,,2025-11-09 22:20:53.347130
253754,Trichopilia,fragrans,https://inaturalist-open-data.s3.amazonaws.com/photos/478970946/original.jpeg,GBIF,,,,,2025-11-09 16:15:05.258580
10022,Bulbophyllum,careyanum,https://d2jcv3kl45hlgi.cloudfront.net/3b52c506f3e9fe857b54a3a900319ab9.jpg,GBIF,,,s.coll.,http://creativecommons.org/licenses/by/4.0/,2025-10-20 19:39:00.850240
169995,Robiquetia,gracilistipes,https://inaturalist-open-data.s3.amazonaws.com/photos/167717590/original.jpeg,GBIF,Australia,,sworboys,,2025-11-07 16:42:41.972909
249634,Dendrobium,tangerinum,https://collections.nmnh.si.edu/media/?i=10837932&h=2000,GBIF,,,,,2025-11-09 15:16:32.485497
295490,Koellensteinia,graminea,https://inaturalist-open-data.s3.amazonaws.com/photos/526683975/original.jpg,GBIF,,,,,2025-11-10 02:42:00.550935
194857,Pterostylis,coccina Fitzg.,https://inaturalist-open-data.s3.amazonaws.com/photos/468005745/original.jpg,GBIF,,,,,2025-11-09 01:46:18.355631
256903,Pterostylis,x ingens,https://inaturalist-open-data.s3.amazonaws.com/photos/40839890/original.jpeg,GBIF,,,,,2025-11-09 16:59:38.345001
180000,Epidendrum,magnicallosum,https://images.mobot.org/tropicosimages4/detailimages/TropicosImagesVol4/101148000/E3560077-2044-463C-8D7A-2AE227839852.jpg,GBIF,,,,,2025-11-08 22:12:05.346523
227485,Epidendrum,floridense,https://inaturalist-open-data.s3.amazonaws.com/photos/566067871/original.jpg,GBIF,,,,,2025-11-09 10:53:00.611925
214921,Encyclia,tripartita,https://inaturalist-open-data.s3.amazonaws.com/photos/363383441/original.jpeg,GBIF,,,,,2025-11-09 06:36:48.716239
201767,Thelymitra,holmesii Nicholls,https://inaturalist-open-data.s3.amazonaws.com/photos/445068931/original.jpeg,GBIF,,,,,2025-11-09 03:31:21.558135
189846,Oncidium,lehmannii,https://inaturalist-open-data.s3.amazonaws.com/photos/493837906/original.jpeg,GBIF,,,,,2025-11-09 00:35:03.073810
195030,Hofmeisterella,falcata,https://inaturalist-open-data.s3.amazonaws.com/photos/177502120/original.jpeg,GBIF,,,,,2025-11-09 01:48:32.903590
296750,Bulbophyllum,bontocense,http://data.huh.harvard.edu/ab86b712-1487-4477-b772-49c94abc619a/image,GBIF,,,,,2025-11-10 03:01:51.272592
256869,Pinalia,amica,https://inaturalist-open-data.s3.amazonaws.com/photos/266974703/original.jpg,GBIF,,,,,2025-11-09 16:59:23.130148
248837,Habenaria,iyoensis Ohwi,https://inaturalist-open-data.s3.amazonaws.com/photos/326859420/original.jpeg,GBIF,,,,,2025-11-09 15:02:00.710926
297983,Barkeria,scandens,https://inaturalist-open-data.s3.amazonaws.com/photos/169152321/original.jpg,GBIF,,,,,2025-11-10 03:18:32.755349
207075,Habenaria,secunda Lindl.,https://inaturalist-open-data.s3.amazonaws.com/photos/191047637/original.jpg,GBIF,,,,,2025-11-09 04:41:17.439898
287954,Tropidia,gracilis,http://data.huh.harvard.edu/f176a70b-b6ef-4525-a35a-be35b389ea43/image,GBIF,,,,,2025-11-10 00:46:32.663088
206101,Cyrtostylis,reniformis R.,https://inaturalist-open-data.s3.amazonaws.com/photos/513285450/original.jpg,GBIF,,,,,2025-11-09 04:28:04.476747
142349,Vanilla,griffithii Rchb.f.,https://inaturalist-open-data.s3.amazonaws.com/photos/176902717/original.jpeg,GBIF,Singapore,,Samuel Lee,http://creativecommons.org/licenses/by/4.0/,2025-11-06 01:33:45.568569
302812,Triphora,gentianoides,https://inaturalist-open-data.s3.amazonaws.com/photos/511089061/original.jpg,GBIF,,,,,2025-11-10 04:28:22.365384
258730,Coelogyne,pallens,http://mediaphoto.mnhn.fr/media/1442947229154qBt4dE4ZSoCrdVNP,GBIF,,,,,2025-11-09 17:24:29.110647
208607,Pleurothallis,niveoglobula,https://inaturalist-open-data.s3.amazonaws.com/photos/502765202/original.jpeg,GBIF,,,,,2025-11-09 05:05:36.659037
267498,Bipinnula,polysyka Kraenzl.,http://data.huh.harvard.edu/c5467584-d460-44ab-a610-ba1042b97577/image,GBIF,,,,,2025-11-09 19:30:21.845733
275322,Cynorkis,flabellifera H.,https://d2seqvvyy3b8p2.cloudfront.net/08a07f167b3a9d3ee2099deab7bbdcff.jpg,GBIF,,,,,2025-11-09 22:24:48.977919
243050,Lepanthes,hondurensis,http://data.huh.harvard.edu/f9c304ef-735c-4d56-8d85-aee593e3061b/image,GBIF,,,,,2025-11-09 13:40:22.003767
197854,Catasetum,gnomus,https://inaturalist-open-data.s3.amazonaws.com/photos/445962151/original.jpg,GBIF,,,,,2025-11-09 02:33:20.359198
303419,Epistephium,ellipticum,https://d2jcv3kl45hlgi.cloudfront.net/a62863d37873962d49e4b998bfca1f6a.jpg,GBIF,,,,,2025-11-10 04:38:48.370463
294746,Corybas,abellianus Dockrill,https://inaturalist-open-data.s3.amazonaws.com/photos/184318173/original.jpeg,GBIF,,,,,2025-11-10 02:31:48.803857
178606,Platanthera,florentii Franch.,https://inaturalist-open-data.s3.amazonaws.com/photos/79183226/original.jpeg,GBIF,,,,,2025-11-08 21:53:11.420118
245215,Tridactyle,verrucosa,https://d2seqvvyy3b8p2.cloudfront.net/21e235f13c820b566dcd1fe565f35048.jpg,GBIF,,,,,2025-11-09 14:10:19.223887
212161,Didymoplexiella,siamensis,https://inaturalist-open-data.s3.amazonaws.com/photos/581193701/original.jpg,GBIF,,,,,2025-11-09 05:59:08.056362
306857,Habenaria,hippocrepica J.,http://jbrj-public-img.s3-sa-east-1.amazonaws.com/JPG/rb/1/22/5/45/01220545.jpg,GBIF,,,,,2025-11-10 05:26:25.953423
244416,Caladenia,radiata Nicholls,https://inaturalist-open-data.s3.amazonaws.com/photos/332291277/original.jpg,GBIF,,,,,2025-11-09 13:59:21.305758
246818,Oberonia,spathipetala,http://data.huh.harvard.edu/5b75712b-dba6-410c-bb1f-930ccf9ce85e/image,GBIF,,,,,2025-11-09 14:32:16.477361
206337,Epidendrum,blepharoclinium,http://www.aubot.dk/specimenimages/K.Thomsen/Epidendrum_blepharoclinium_58134.jpg,GBIF,,,,,2025-11-09 04:31:30.411639
228740,Liparis,brachystalix,https://inaturalist-open-data.s3.amazonaws.com/photos/85124305/original.jpeg,GBIF,,,,,2025-11-09 10:54:03.586189
143921,Pseudovanilla,gracilis Schltr.,https://medialib.naturalis.nl/file/id/L.3956839/format/large,GBIF,Papua New Guinea,,James SA; et al.,http://creativecommons.org/publicdomain/zero/1.0/,2025-11-06 01:41:58.067333
6725,Maxillaria,standleyi,https://cdn.floridamuseum.ufl.edu/Herbarium/20c826df-b606-4334-bb4c-bc41aa73d260,GBIF,Panama,,Robert L. Dressler,http://creativecommons.org/licenses/by-nc/4.0/,2025-10-20 01:36:26.510537
279598,Microsaccus,griffithii,https://medialib.naturalis.nl/file/id/L.1517135/format/large,GBIF,,,,,2025-11-09 22:28:42.854982
246658,Bulbophyllum,intersitum,https://medialib.naturalis.nl/file/id/L.2108706/format/large,GBIF,,,,,2025-11-09 14:29:29.947465
208538,Ponthieva,trilobata L.,http://data.huh.harvard.edu/cec7d16d-04ce-430d-85f1-a894c09b550f/image,GBIF,,,,,2025-11-09 05:04:25.094666
202831,Stelis,brevis,http://data.huh.harvard.edu/529e5d16-99c2-4643-96d0-e9e70766fb7e/image,GBIF,,,,,2025-11-09 03:47:27.582647
8693,Epidendrum,tridactylum,https://oxalis.br.fgov.be/images/BR0/000/032/835/717/BR0000032835717.jpg,GBIF,Brazil,,Glaziou A.,http://creativecommons.org/licenses/by-sa/4.0/,2025-10-20 02:00:33.904359
190011,Pteroceras,hirsutum,https://medialib.naturalis.nl/file/id/L.1526049/format/large,GBIF,,,,,2025-11-09 00:37:33.601276
3650,Epidendrum,nocturnum,https://inaturalist-open-data.s3.amazonaws.com/photos/270521219/original.jpeg,GBIF,French Guiana,,Sébastien SANT,http://creativecommons.org/licenses/by-nc/4.0/,2025-10-19 13:56:57.310196
171819,Diuris,corymbosa Lindl.,https://inaturalist-open-data.s3.amazonaws.com/photos/553535808/original.jpg,GBIF,Australia,,Tinship,,2025-11-07 17:49:29.988268
274924,Stelis,itatiayae,http://data.huh.harvard.edu/a2880179-3d64-432e-b07b-5f60bb31c148/image,GBIF,,,,,2025-11-09 22:24:10.604914
269909,Aa,paleacea,http://sweetgum.nybg.org/images3/3505/220/00981536.jpg,GBIF,,,,,2025-11-09 19:56:19.413202
265837,Telipogon,casadevalliae,https://inaturalist-open-data.s3.amazonaws.com/photos/305634089/original.jpeg,GBIF,,,,,2025-11-09 19:03:22.779641
262966,Habenaria,gracilis Lindl.,http://sweetgum.nybg.org/images3/2007/041/01144993.jpg,GBIF,,,,,2025-11-09 18:22:16.703847
243901,Masdevallia,maculata,"https://iiif.rbge.org.uk/herb/iiif/E01270334/full/300,/0/default.jpg",GBIF,,,,,2025-11-09 13:51:48.931082
225715,Octomeria,tridentata,https://inaturalist-open-data.s3.amazonaws.com/photos/349324120/original.jpg,GBIF,,,,,2025-11-09 09:08:52.422635
243371,Solenocentrum,maasii Dressler,https://images.mobot.org/tropicosimages3/detailimages/Tropicos/235/7248DD75-1212-41D9-9AC3-C257C7C5062B.jpg,GBIF,,,,,2025-11-09 13:45:43.592839
255842,Satyrium,acuminatum Lindl.,https://inaturalist-open-data.s3.amazonaws.com/photos/581221874/original.jpg,GBIF,,,,,2025-11-09 16:46:08.826226
9360,Dendrobium,linguella,https://object.jacq.org/europeana/W/1409480.jpg,GBIF,Indonesia,,Anonymous collector s.n. [1882-09],http://creativecommons.org/licenses/by/4.0/,2025-10-20 02:25:01.011805
205789,Caladenia,atradenia D.,https://inaturalist-open-data.s3.amazonaws.com/photos/576224831/original.jpg,GBIF,,,,,2025-11-09 04:23:51.352469
186628,Habenaria,avicula Schltr.,http://data.huh.harvard.edu/980c133d-c310-4da3-a03e-c1b349538279/image,GBIF,,,,,2025-11-08 23:52:52.403250
249803,Pterostylis,maxima M.,https://inaturalist-open-data.s3.amazonaws.com/photos/488576226/original.jpg,GBIF,,,,,2025-11-09 15:18:39.616445
249324,Angraecum,gracile,https://ans-images.ansp.org/botany/PH2/Fullsize/00602/PH00602338.jpg,GBIF,,,,,2025-11-09 15:12:42.360534
5329,Pleurothallis,liripipia,https://inaturalist-open-data.s3.amazonaws.com/photos/467834503/original.jpeg,GBIF,Colombia,,Emerson Chezar,http://creativecommons.org/licenses/by-nc/4.0/,2025-10-19 14:02:52.904184
257197,Lepanthes,falcata,https://images.mobot.org/tropicosimages5/detailimages/TropicosImagesVol5/101465000/0C4C4EB6-1D62-4791-A742-65F1FDB3E28B.jpg,GBIF,,,,,2025-11-09 17:03:11.799963
261797,Gongora,superflua,https://cdn.floridamuseum.ufl.edu/Herbarium/dff5e1e0-0ce0-4c7e-873b-50e0ac404d91,GBIF,,,,,2025-11-09 18:04:25.987461
294561,Cyrtochilum,betancurii,https://inaturalist-open-data.s3.amazonaws.com/photos/382721280/original.jpg,GBIF,,,,,2025-11-10 02:28:46.054784
224857,Disperis,latigaleata H.,"https://iiif.rbge.org.uk/herb/iiif/E00081131/full/300,/0/default.jpg",GBIF,,,,,2025-11-09 09:03:16.898163
259730,Oberonia,equitans,https://inaturalist-open-data.s3.amazonaws.com/photos/392132809/original.jpeg,GBIF,,,,,2025-11-09 17:40:52.543915
10237,Dendrobium,axillare,https://medialib.naturalis.nl/file/id/L0059349_MLN/format/large,GBIF,Papua New Guinea,,Schlechter FRR,http://creativecommons.org/publicdomain/zero/1.0/,2025-10-20 19:41:27.682514
231479,Epidendrum,delsyae,https://images.mobot.org/tropicosimages4/detailimages/TropicosImagesVol4/101249000/87A3F93E-3FC6-49CE-BCD1-38922643FAE5.jpg,GBIF,,,,,2025-11-09 10:56:02.468660
214030,Epipactis,muelleri,https://observation.org/photos/117914818.jpg,GBIF,,,,,2025-11-09 06:29:15.772839
259382,Dryadella,simula,https://web.corral.tacc.utexas.edu/brit/BRIT/BRIT0552000/BRIT552293.jpg,GBIF,,,,,2025-11-09 17:35:11.274690
131855,Blepharoglossum,fulgens,https://medialib.naturalis.nl/file/id/L.1522272/format/large,GBIF,Indonesia,,Smith JJ,http://creativecommons.org/publicdomain/zero/1.0/,2025-11-05 21:26:59.597621
4457,Cymbidium,goeringii,https://inaturalist-open-data.s3.amazonaws.com/photos/476053461/original.jpeg,GBIF,China,,李博恒,http://creativecommons.org/licenses/by-nc/4.0/,2025-10-19 13:59:14.469672
273226,Trichocentrum,andrewsiae,https://inaturalist-open-data.s3.amazonaws.com/photos/440236926/original.jpeg,GBIF,,,,,2025-11-09 22:22:11.786678
228953,Genoplesium,apostasioides,https://inaturalist-open-data.s3.amazonaws.com/photos/256892855/original.jpg,GBIF,,,,,2025-11-09 10:54:08.330615
259837,Dendrobium,kentrophyllum,https://medialib.naturalis.nl/file/id/L.1502327/format/large,GBIF,,,,,2025-11-09 17:42:43.600916
296680,Lycaste,powellii,https://images.mobot.org/tropicosimages4/detailimages/TropicosImagesVol4/101198000/998D5EDB-AAEC-4AC9-8443-51389EE8F92A.jpg,GBIF,,,,,2025-11-10 03:00:23.663737
251276,Microtis,brownii Rchb.f.,https://inaturalist-open-data.s3.amazonaws.com/photos/446730681/original.jpeg,GBIF,,,,,2025-11-09 15:40:11.683015
269192,Cypripedium,calcicola Schltr.,https://iiif.rbge.org.uk/herb/iiif/E00056769/manifest,GBIF,,,,,2025-11-09 19:52:35.917970
7092,Oncidium,bryolophotum,https://inaturalist-open-data.s3.amazonaws.com/photos/233331103/original.jpg,GBIF,Costa Rica,,guyrufray,http://creativecommons.org/licenses/by-nc/4.0/,2025-10-20 01:42:26.763747
206624,Habenaria,pansarinii,http://jbrj-public-img.s3-sa-east-1.amazonaws.com/JPG/rb/1/37/53/90/01375390-1.jpg,GBIF,,,,,2025-11-09 04:36:00.087753
215687,Epidendrum,uribei,https://inaturalist-open-data.s3.amazonaws.com/photos/182471750/original.jpeg,GBIF,,,,,2025-11-09 06:48:10.244574
305352,Bulbophyllum,minutipetalum,https://d2seqvvyy3b8p2.cloudfront.net/bc60b0ddd00413e64a30f2844a885c99.jpg,GBIF,,,,,2025-11-10 05:10:16.965640
303702,Stichorkis,cumingii,http://data.huh.harvard.edu/c24dadb2-575b-44e1-a72b-0ce2e79f9f3a/image,GBIF,,,,,2025-11-10 04:43:41.297139
201961,Habenaria,warmingii,http://jbrj-public-img.s3-sa-east-1.amazonaws.com/JPG/rb/0/25/72/71/00257271.jpg,GBIF,,,,,2025-11-09 03:33:12.024754
273086,Bulbophyllum,crabro,https://images.mobot.org/tropicosimages4/detailimages/TropicosImagesVol4/101231000/90DDAE2F-D154-42FC-A220-AFC436BEF48E.jpg,GBIF,,,,,2025-11-09 22:22:03.232974
205422,Spiranthes,lacera,https://inaturalist-open-data.s3.amazonaws.com/photos/524700147/original.jpg,GBIF,,,,,2025-11-09 04:19:05.269834
192257,Cyclopogon,chloroleucus,https://inaturalist-open-data.s3.amazonaws.com/photos/358537527/original.jpeg,GBIF,,,,,2025-11-09 01:10:04.780416
184110,Masdevallia,yungasensis,https://cdn.floridamuseum.ufl.edu/Herbarium/2b78d635-edc9-4db1-b533-6d8ac9d1b2da,GBIF,,,,,2025-11-08 23:15:45.155005
278965,Pseudocentrum,macrostachyum Lindl.,https://images.mobot.org/tropicosimages3/detailimages/TropicosImageVol3/100807000/850EEE84-54A7-49E1-A111-CFB88C77BB33.jpg,GBIF,,,,,2025-11-09 22:27:48.680451
297891,Ornithocephalus,bicornis,https://cdn.floridamuseum.ufl.edu/Herbarium/cc7aaa06-35c0-4c38-8eb8-2106b4243274,GBIF,,,,,2025-11-10 03:17:44.381045
267337,Acianthera,panduripetala,http://mediaphoto.mnhn.fr/media/1441304980999eshc6xcdi3fgClqW,GBIF,,,,,2025-11-09 19:27:19.632485
250589,Dipodium,scandens,https://medialib.naturalis.nl/file/id/U.1461274/format/large,GBIF,,,,,2025-11-09 15:29:14.079696
210073,Ophrys,mammosa,https://inaturalist-open-data.s3.amazonaws.com/photos/268761213/original.jpg,GBIF,,,,,2025-11-09 05:27:40.643390
181605,Ceratostylis,flavescens,https://medialib.naturalis.nl/file/id/L.1494719/format/large,GBIF,,,,,2025-11-08 22:38:05.804848
247016,Stelis,euspatha,https://images.mobot.org/tropicosimages4/detailimages/TropicosImagesVol4/101074000/F8FA5EB5-5708-42B9-83CB-8BF5D14CAAF3.jpg,GBIF,,,,,2025-11-09 14:33:59.268453
7988,Phalaenopsis,,https://inaturalist-open-data.s3.amazonaws.com/photos/410579793/original.jpg,GBIF,Thailand,,ayuwat,http://creativecommons.org/licenses/by-nc/4.0/,2025-10-20 01:55:36.257621
293276,Habenaria,diffusa,http://sweetgum.nybg.org/images3/3532/848/04094198.jpg,GBIF,,,,,2025-11-10 02:06:18.445321
231468,Pterostylis,hamata Blackmore,https://inaturalist-open-data.s3.amazonaws.com/photos/436883744/original.jpeg,GBIF,,,,,2025-11-09 10:55:58.255550
227779,Lepanthes,deleastes,https://images.mobot.org/tropicosimages4/detailimages/TropicosImagesVol4/101189000/631C6122-9C67-42FA-8320-1712F4D483EE.jpg,GBIF,,,,,2025-11-09 10:53:12.614768
296045,Habenaria,uncata R.,http://data.huh.harvard.edu/5859a90c-449c-4d1f-89c8-9a26efbef886/image,GBIF,,,,,2025-11-10 02:50:59.527328
4998,Cattleya,intermedia,https://inaturalist-open-data.s3.amazonaws.com/photos/363821872/original.jpg,GBIF,Brazil,,Cássio van den Berg,http://creativecommons.org/licenses/by-nc/4.0/,2025-10-19 14:00:04.228473
217694,Bulbophyllum,cylindrobulbum,https://medialib.naturalis.nl/file/id/L.1492877/format/large,GBIF,,,,,2025-11-09 07:17:16.179485
5935,Pleurothallis,cardiothallis,https://inaturalist-open-data.s3.amazonaws.com/photos/16851128/original.jpeg,GBIF,Mexico,,Oscar Leonardo Chavez Torres,http://creativecommons.org/licenses/by-nc/4.0/,2025-10-19 19:43:07.079406
228086,Diuris,leopardina,https://inaturalist-open-data.s3.amazonaws.com/photos/333075527/original.jpeg,GBIF,,,,,2025-11-09 10:53:37.164403
249279,Prosthechea,hastata,http://data.huh.harvard.edu/779ae2cd-68d2-4b45-859e-d52d06b08e15/image,GBIF,,,,,2025-11-09 15:11:39.332475
259909,Dendrobium,barbatum,https://medialib.naturalis.nl/file/id/L.1520698/format/large,GBIF,,,,,2025-11-09 17:43:38.948594
219647,Platanthera,elegans ssp.,https://inaturalist-open-data.s3.amazonaws.com/photos/542893049/original.jpg,GBIF,,,,,2025-11-09 07:44:46.879010
197673,Ornithocephalus,cochleariformis,https://images.mobot.org/tropicosimages4/detailimages/TropicosImagesVol4/101261000/868090D7-F154-4ECE-B129-23B7A6B58333.jpg,GBIF,,,,,2025-11-09 02:29:53.466737
150825,Disa,aperta N.,https://d2seqvvyy3b8p2.cloudfront.net/de282325b3777aaa2a8cd270975fefd8.jpg,GBIF,,,"Schaijes, M.",http://creativecommons.org/licenses/by/4.0/,2025-11-06 02:30:14.249312
229397,Disperis,bolusiana ssp.,https://inaturalist-open-data.s3.amazonaws.com/photos/25591109/original.jpg,GBIF,,,,,2025-11-09 10:54:18.576751
171338,Crepidium,maaikeae,https://d2jcv3kl45hlgi.cloudfront.net/867486b9a6f555800bc05f2441b43d71.jpg,GBIF,Papua New Guinea,,"Kanis, A.",,2025-11-07 17:47:21.539246
260105,Thelymitra,peniculata Jeanes,https://inaturalist-open-data.s3.amazonaws.com/photos/564440129/original.jpg,GBIF,,,,,2025-11-09 17:45:22.311518
184354,Caladenia,dienema D.,https://inaturalist-open-data.s3.amazonaws.com/photos/355796187/original.jpeg,GBIF,,,,,2025-11-08 23:20:14.466857
248815,Caladenia,chapmanii,https://inaturalist-open-data.s3.amazonaws.com/photos/569797226/original.jpg,GBIF,,,,,2025-11-09 15:01:45.499464
293346,Encyclia,atrorubens,http://data.huh.harvard.edu/d3e45074-2b3a-464b-9315-ec74f7cdd03d/image,GBIF,,,,,2025-11-10 02:07:21.358577
196765,Fernandezia,pseudodichaea,http://mediaphoto.mnhn.fr/media/1443088319592wo5wlvVNOTXOvTXn,GBIF,,,,,2025-11-09 02:15:37.932321
202866,Diuris,emarginata R.,https://inaturalist-open-data.s3.amazonaws.com/photos/352903618/original.jpeg,GBIF,,,,,2025-11-09 03:48:07.453151
276730,Dendrobium,connatum,https://inaturalist-open-data.s3.amazonaws.com/photos/487007093/original.jpeg,GBIF,,,,,2025-11-09 22:26:03.933957
180616,Fernandezia,crystallina,https://inaturalist-open-data.s3.amazonaws.com/photos/581069990/original.jpg,GBIF,,,,,2025-11-08 22:22:14.951690
212454,Paphiopedilum,dianthum,https://inaturalist-open-data.s3.amazonaws.com/photos/562525574/original.jpg,GBIF,,,,,2025-11-09 06:02:41.966960
168611,Bulbophyllum,platybulbum,https://medialib.naturalis.nl/file/id/WAG.1136446/format/large,GBIF,Cameroon,,Wilde JJFE de,,2025-11-07 16:37:16.138859
212144,Eulophia,taitensis,https://d2seqvvyy3b8p2.cloudfront.net/9b108161556ad07917851038c49209dd.jpg,GBIF,,,,,2025-11-09 05:58:28.538782
232583,Porrorhachis,galbina,https://inaturalist-open-data.s3.amazonaws.com/photos/329215012/original.jpeg,GBIF,,,,,2025-11-09 10:57:06.693267
186896,Caladenia,dundasiae Hopper,https://inaturalist-open-data.s3.amazonaws.com/photos/417437675/original.jpg,GBIF,,,,,2025-11-08 23:56:10.807530
259454,Masdevallia,wendlandiana,https://images.mobot.org/tropicosimages4/detailimages/TropicosImagesVol4/101209000/06802B96-608F-46EA-97A9-328620588FAF.jpg,GBIF,,,,,2025-11-09 17:36:47.047042
292189,Aerides,falcata,https://inaturalist-open-data.s3.amazonaws.com/photos/514338633/original.jpg,GBIF,,,,,2025-11-10 01:51:52.539070
187286,Andinia,trimytera,https://inaturalist-open-data.s3.amazonaws.com/photos/350367663/original.jpg,GBIF,,,,,2025-11-09 00:01:12.310835
194600,Dendrobium,sinominutiflorum,http://data.huh.harvard.edu/c13f5580-55ed-47b7-8a15-0b4f63a8e0dd/image,GBIF,,,,,2025-11-09 01:41:09.236190
258054,Caladenia,cristata R.,https://inaturalist-open-data.s3.amazonaws.com/photos/572149540/original.jpg,GBIF,,,,,2025-11-09 17:14:58.307456
211150,Goodyera,maculata T.,https://inaturalist-open-data.s3.amazonaws.com/photos/325408311/original.jpg,GBIF,,,,,2025-11-09 05:44:20.390691
266820,Cyrtopodium,brandonianum,http://fm-digital-assets.fieldmuseum.org/1600/002/V0436131F.jpg,GBIF,,,,,2025-11-09 19:19:56.389470
190747,Prosthechea,spondiada,https://images.mobot.org/tropicosimages3/detailimages/TropicosImages2/235/00658E5E-E9A4-4411-8E27-544EA17CFE8C.jpg,GBIF,,,,,2025-11-09 00:48:39.922334
7165,Dendrobium,awormangae,http://data.huh.harvard.edu/7419cb05-351e-4603-889a-731ebcace986/image,GBIF,Papua New Guinea,,P. van Royen,https://huh.harvard.edu/access-digital-reproductions-works-public-domain,2025-10-20 01:43:32.025804
256046,Triphora,surinamensis,https://inaturalist-open-data.s3.amazonaws.com/photos/195828105/original.jpg,GBIF,,,,,2025-11-09 16:48:39.279225
178040,Bulbophyllum,nitens,http://mediaphoto.mnhn.fr/media/14414524557281c3i2sp73ZpBaLOy,GBIF,,,,,2025-11-08 21:45:23.719479
224169,Caladenia,atrovespa D.,https://inaturalist-open-data.s3.amazonaws.com/photos/572633969/original.jpg,GBIF,,,,,2025-11-09 08:54:57.412878
222217,Erycina,pusilla,https://inaturalist-open-data.s3.amazonaws.com/photos/498450303/original.jpeg,GBIF,,,,,2025-11-09 08:24:34.225366
198814,Dryadella,aviceps,http://fm-digital-assets.fieldmuseum.org/1600/232/V0436215F.jpg,GBIF,,,,,2025-11-09 02:51:49.219117
261338,Huntleya,apiculata,http://fm-digital-assets.fieldmuseum.org/1634/037/V0433630F.jpg,GBIF,,,,,2025-11-09 18:00:19.342048
209063,Masdevallia,goliath,https://images.mobot.org/tropicosimages4/detailimages/TropicosImagesVol4/101206000/D7D05C46-D3DA-4A0A-8B28-E950A710BB9C.jpg,GBIF,,,,,2025-11-09 05:12:59.911880
305960,Maxillaria,schlimii,https://inaturalist-open-data.s3.amazonaws.com/photos/285172583/original.jpeg,GBIF,,,,,2025-11-10 05:15:51.191610
234133,Epiblastus,lancipetalus,https://data.nhm.ac.uk/media/a20d7f6f-7c25-4c95-8e5d-4683126653f6,GBIF,,,,,2025-11-09 10:58:33.297956
4451,Cymbidium,goeringii,https://inaturalist-open-data.s3.amazonaws.com/photos/476677895/original.jpeg,GBIF,Japan,,ryotaro_suzuki,http://creativecommons.org/licenses/by-nc/4.0/,2025-10-19 13:59:14.469672
248487,Bulbophyllum,pipio,http://mediaphoto.mnhn.fr/media/1441306662287DSGNGcYwDAQDJ6K4,GBIF,,,,,2025-11-09 14:57:31.126457
306975,Scaphyglottis,sickii,https://inaturalist-open-data.s3.amazonaws.com/photos/331815616/original.jpeg,GBIF,,,,,2025-11-10 05:27:05.838886
7796,Pleurothallis,grandiflora,https://images.mobot.org/tropicosimages4/detailimages/TropicosImagesVol4/101293000/F04B8E61-39D5-475A-86A5-B2FC5AB6768C.jpg,GBIF,Ecuador,,Carl A. Luer|al.,http://creativecommons.org/licenses/by-nc-sa/3.0/,2025-10-20 01:52:43.740478
271787,Vanilla,esquipulensis Archila,http://data.huh.harvard.edu/d83b0dc5-bd66-4261-a6e1-d2439d7e9414/image,GBIF,,,,,2025-11-09 22:20:57.468553
298476,Braemia,vittata,http://sweetgum.nybg.org/images3/2005/008/00482389.jpg,GBIF,,,,,2025-11-10 03:24:14.105935
198534,Bulbophyllum,monstrabile,http://data.huh.harvard.edu/55d0e511-fba8-46ad-ad6f-20a00d46f524/image,GBIF,,,,,2025-11-09 02:48:06.901099
185050,Cephalanthera,austiniae,https://inaturalist-open-data.s3.amazonaws.com/photos/508929503/original.jpg,GBIF,,,,,2025-11-08 23:28:42.095316
267177,Cynorkis,kirkii Rolfe,https://inaturalist-open-data.s3.amazonaws.com/photos/219449341/original.jpg,GBIF,,,,,2025-11-09 19:24:40.631129
285138,Dendrobium,mayandyi,"https://iiif.rbge.org.uk/herb/iiif/E01297657/full/1600,/0/default.jpg",GBIF,,,,,2025-11-10 00:06:27.452584
194759,Chloraea,longipetala Lindl.,https://inaturalist-open-data.s3.amazonaws.com/photos/462530851/original.jpg,GBIF,,,,,2025-11-09 01:45:38.491120
233635,Mediocalcar,bifolium,"https://iiif.rbge.org.uk/herb/iiif/E00176888/full/1600,/0/default.jpg",GBIF,,,,,2025-11-09 10:58:04.134930
153401,Disa,montana Sond.,https://ans-images.ansp.org/botany/PH4/CM/Fullsize/475/CM475929.jpg,GBIF,South Africa,,"Bester, S.P.",http://creativecommons.org/publicdomain/zero/1.0/,2025-11-06 02:41:13.468069
243867,Thrixspermum,complanatum,"https://iiif.rbge.org.uk/herb/iiif/E01313775/full/1600,/0/default.jpg",GBIF,,,,,2025-11-09 13:51:24.852912
271593,Lepanthes,dressleri,https://herbarium.bgbm.org/data/iiif/B101259093/manifest.json,GBIF,,,,,2025-11-09 22:20:48.157482
274235,Maxillaria,parkeri,https://d2jcv3kl45hlgi.cloudfront.net/7d22d47c4b8851f773938517c4807f04.jpg,GBIF,,,,,2025-11-09 22:23:27.817938
8576,Dendrobium,senile,http://mediaphoto.mnhn.fr/media/1441306109743uwKIHHppwPPuVOUd,GBIF,Thailand,,"Kerr, A.F.G.",http://creativecommons.org/licenses/by/4.0/,2025-10-20 01:59:11.021754
198888,Eulophia,chlorantha,https://inaturalist-open-data.s3.amazonaws.com/photos/336697983/original.jpeg,GBIF,,,,,2025-11-09 02:52:29.030572
251803,Ophrys,x skopelii,https://inaturalist-open-data.s3.amazonaws.com/photos/388656210/original.jpeg,GBIF,,,,,2025-11-09 15:47:03.895240
303733,Anathallis,obovata,https://inaturalist-open-data.s3.amazonaws.com/photos/296332068/original.jpeg,GBIF,,,,,2025-11-10 04:44:05.498635
185983,Acampe,ochracea,https://inaturalist-open-data.s3.amazonaws.com/photos/105749532/original.jpg,GBIF,,,,,2025-11-08 23:41:54.825708
172987,Cattleya,walkeriana,https://drive.google.com/uc?export=view&id=13dGAv-jCGqvnatwPJIcIEd_-gmtI23dx,Roberta Fox Collection,,,,Private Collection,2025-11-08 07:11:38.217318
175877,Caladenia,aestiva D.,https://inaturalist-open-data.s3.amazonaws.com/photos/174908803/original.jpeg,GBIF,,,,,2025-11-08 21:13:33.808907
238299,Stelis,flacca,https://inaturalist-open-data.s3.amazonaws.com/photos/506682444/original.jpg,GBIF,,,,,2025-11-09 12:38:09.378344
5873,Epidendrum,eburneum,https://inaturalist-open-data.s3.amazonaws.com/photos/53241166/original.jpeg,GBIF,Costa Rica,,Paul Foster,http://creativecommons.org/licenses/by-nc/4.0/,2025-10-19 19:40:41.521964
259179,Liparis,longicaulis,https://inaturalist-open-data.s3.amazonaws.com/photos/388101149/original.jpeg,GBIF,,,,,2025-11-09 17:33:04.557811
204201,Benthamia,bathieana Schltr.,https://inaturalist-open-data.s3.amazonaws.com/photos/140350044/original.jpeg,GBIF,,,,,2025-11-09 04:04:47.582277
271366,Disperis,ankarensis H.,http://mediaphoto.mnhn.fr/media/1442488251953R48DocR2JQqLCPdT,GBIF,,,,,2025-11-09 22:20:37.887576
289125,Habenaria,dusenii Schltr.,https://media-service.nrm.se/images?dataset=fbo&id=large/S-R-002001/S-R-2702.jpg,GBIF,,,,,2025-11-10 01:07:41.657838
205465,Odontochilus,hasseltii Blume,"https://iiif.rbge.org.uk/herb/iiif/E01267978/full/1600,/0/default.jpg",GBIF,,,,,2025-11-09 04:19:28.798254
234506,Diuris,parvipetala,https://inaturalist-open-data.s3.amazonaws.com/photos/447880152/original.jpeg,GBIF,,,,,2025-11-09 10:58:59.069634
285463,Porpax,reticulata,https://inaturalist-open-data.s3.amazonaws.com/photos/41969653/original.jpeg,GBIF,,,,,2025-11-10 00:11:29.291709
257806,Pinalia,profusa,http://data.huh.harvard.edu/1bb70e37-684a-4983-9c04-49b201fd91e0/image,GBIF,,,,,2025-11-09 17:10:28.569601
221976,Platylepis,commelynae Lindl.,https://d2jcv3kl45hlgi.cloudfront.net/334c2967e55d068a504bbad580a1c110.jpg,GBIF,,,,,2025-11-09 08:21:23.281668
253054,Epidendrum,alsum,https://inaturalist-open-data.s3.amazonaws.com/photos/94725654/original.jpeg,GBIF,,,,,2025-11-09 16:04:40.053468
285633,Paphiopedilum,charlesworthii Rolfe,"https://iiif.rbge.org.uk/herb/iiif/E01227576/full/300,/0/default.jpg",GBIF,,,,,2025-11-10 00:12:40.821137
8349,Epidendrum,paniculatum,https://cdn.plantatlas.org/img/specimens/USF/26720.jpg,GBIF,Brazil,,See comments,http://creativecommons.org/licenses/by-nc-sa/4.0/,2025-10-20 01:57:58.467496
302258,Dactylorhiza,viridis L.,https://inaturalist-open-data.s3.amazonaws.com/photos/497610262/original.jpg,GBIF,,,,,2025-11-10 04:19:23.318950
299156,Corybas,obscurus Lehnebach,https://inaturalist-open-data.s3.amazonaws.com/photos/446730186/original.jpeg,GBIF,,,,,2025-11-10 03:35:12.554261
230914,Epidendrum,mesogastropodium,https://inaturalist-open-data.s3.amazonaws.com/photos/451135879/original.jpg,GBIF,,,,,2025-11-09 10:55:29.859689
285159,Bulbophyllum,elegantius,"https://iiif.rbge.org.uk/herb/iiif/E01306180/full/1600,/0/default.jpg",GBIF,,,,,2025-11-10 00:07:06.792153
738,Isotria,Raf.,https://inaturalist-open-data.s3.amazonaws.com/photos/511433183/original.jpg,GBIF,United States of America,,lkeifer,http://creativecommons.org/licenses/by-nc/4.0/,2025-10-19 08:45:38.205674
191476,Acriopsis,liliifolia,https://inaturalist-open-data.s3.amazonaws.com/photos/551219244/original.jpg,GBIF,,,,,2025-11-09 00:57:55.331629
170074,Eulophia,malangana,https://inaturalist-open-data.s3.amazonaws.com/photos/453765462/original.jpeg,GBIF,Zambia,,Ruben Foquet,,2025-11-07 16:43:09.356885
201110,Pinalia,acervata,https://inaturalist-open-data.s3.amazonaws.com/photos/38927671/original.jpeg,GBIF,,,,,2025-11-09 03:21:57.913857
166922,Lepanthes,ionoptera,http://sesam.senckenberg.de/pictures/originale/32/138492.jpg,GBIF,Bolivia (Plurinational State of),,,,2025-11-07 05:52:58.806993
225016,Coelogyne,strongiae,http://sweetgum.nybg.org/images3/3484/785/04069686.jpg,GBIF,,,,,2025-11-09 09:04:45.047010
307127,Selenipedium,chica Rchb.f.,http://data.huh.harvard.edu/680434a8-e6ef-4e53-8073-a2d3cf26880c/image,GBIF,,,,,2025-11-10 05:27:54.337550
305038,Cattleya,tenebrosa,http://jbrj-public-img.s3-sa-east-1.amazonaws.com/JPG/rb/0/55/55/32/00555532-1.jpg,GBIF,,,,,2025-11-10 05:05:49.806114
248965,Dendrobium,sublobatum,https://medialib.naturalis.nl/file/id/L0059868_MLN/format/large,GBIF,,,,,2025-11-09 15:03:59.768094
202009,Epidendrum,ornithidii,http://data.huh.harvard.edu/95537797-621a-428b-873a-463c6e02c9a0/image,GBIF,,,,,2025-11-09 03:33:51.719512
268249,Malaxis,abieticola,http://was.tacc.utexas.edu/fileget?coll=TEX-LL&type=O&filename=sp61488278743774795895.att.jpg,GBIF,,,,,2025-11-09 19:42:15.616606
257005,Eurycentrum,salomonense Schltr.,https://medialib.naturalis.nl/file/id/L.1520751/format/large,GBIF,,,,,2025-11-09 17:00:41.788694
237912,Bulbophyllum,baladeanum,https://inaturalist-open-data.s3.amazonaws.com/photos/330244386/original.jpeg,GBIF,,,,,2025-11-09 12:25:12.552519
190469,Dendrobium,polysema,https://medialib.naturalis.nl/file/id/L.1506685/format/large,GBIF,,,,,2025-11-09 00:45:21.290972
215977,Pterostylis,amabilis,https://inaturalist-open-data.s3.amazonaws.com/photos/351079825/original.jpg,GBIF,,,,,2025-11-09 06:51:53.310934
169415,Thelymitra,apiculata A.,https://inaturalist-open-data.s3.amazonaws.com/photos/396100815/original.jpeg,GBIF,Australia,,ppolito,,2025-11-07 16:40:17.590381
217769,Vanilla,karen-christianae,https://inaturalist-open-data.s3.amazonaws.com/photos/117080986/original.jpeg,GBIF,,,,,2025-11-09 07:18:19.169760
210296,Orchis,sitiaca Renz,https://inaturalist-open-data.s3.amazonaws.com/photos/366466027/original.jpeg,GBIF,,,,,2025-11-09 05:30:35.537926
303026,Peristylus,hamiltonianus Lindl.,http://pictures.snsb.info/BSMvplantscoll/web/M-0225/M-0225908_20140316_114222.jpg,GBIF,,,,,2025-11-10 04:32:35.559277
180785,Cycnoches,dianae,https://collections.nmnh.si.edu/media/?i=13053953&h=1024,GBIF,,,,,2025-11-08 22:25:17.448936
260444,Liparis,cardiophylla,http://sweetgum.nybg.org/images3/3534/137/04102344.jpg,GBIF,,,,,2025-11-09 17:49:12.393212
189257,Pterostylis,crassa D.,https://inaturalist-open-data.s3.amazonaws.com/photos/203760870/original.jpg,GBIF,,,,,2025-11-09 00:26:51.217191
304142,Vanda,celebica,https://medialib.naturalis.nl/file/id/U.1469012/format/large,GBIF,,,,,2025-11-10 04:51:13.837646
224251,Phreatia,elongata,http://data.huh.harvard.edu/c1c7e241-8e93-4031-883c-2ec2121ddd00/image,GBIF,,,,,2025-11-09 08:55:28.967087
184168,Habenaria,welwitschii Rchb.f.,https://iiif-manifest.oxalis.br.fgov.be/specimen/BR0000006575519/manifest,GBIF,,,,,2025-11-08 23:16:56.568344
303549,Encyclia,angustiloba,https://collections.nmnh.si.edu/media/?i=10838501&h=2000,GBIF,,,,,2025-11-10 04:41:50.329334
295152,Bulbophyllum,kautskyi,http://jbrj-public-img.s3-sa-east-1.amazonaws.com/JPG/rb/0/51/83/19/00518319.jpg,GBIF,,,,,2025-11-10 02:37:38.220091
178711,Gastrochilus,matsudae,https://inaturalist-open-data.s3.amazonaws.com/photos/574638283/original.jpg,GBIF,,,,,2025-11-08 21:54:53.832689
297948,Nervilia,macroglossa,http://data.huh.harvard.edu/fa489467-9779-48a0-9fa4-6254c3bd9fbf/image,GBIF,,,,,2025-11-10 03:18:24.412460
221963,Prasophyllum,truncatum Lindl.,https://d2jcv3kl45hlgi.cloudfront.net/f6d5ad90974c0714f43e9ea326154730.jpg,GBIF,,,,,2025-11-09 08:20:43.373663
256717,Coelogyne,truncata,https://medialib.naturalis.nl/file/id/U.1461426/format/large,GBIF,,,,,2025-11-09 16:57:15.332500
297679,Bulbophyllum,comatum,https://images.mobot.org/tropicosimages3/detailimages/TropicosImageVol3/100549000/5C5B3596-ABB4-4D9E-AA3F-5AF0215E1E14.jpg,GBIF,,,,,2025-11-10 03:15:36.917513
228112,Octomeria,alexandri,http://jbrj-public-img.s3-sa-east-1.amazonaws.com/JPG/rb/0/60/42/37/00604237.jpg,GBIF,,,,,2025-11-09 10:53:37.786043
259245,Cynorkis,fastigiata Thouars,https://inaturalist-open-data.s3.amazonaws.com/photos/515602711/original.jpg,GBIF,,,,,2025-11-09 17:33:43.623523
246216,Platystele,misera,https://inaturalist-open-data.s3.amazonaws.com/photos/177201822/original.jpg,GBIF,,,,,2025-11-09 14:23:41.076845
236526,Bulbophyllum,nigritianum,https://images.mobot.org/tropicosimages3/detailimages/TropicosImageVol3/100523000/38CBD096-4A45-4819-A84C-1B0917F36C84.jpg,GBIF,,,,,2025-11-09 11:43:39.983799
254215,Polystachya,affinis,https://images.mobot.org/RISScanning02/detailImages/RISScanning02/103161000/1E88DF05-E562-488F-ABD9-D4529B0BBFD4.jpg,GBIF,,,,,2025-11-09 16:22:05.682206
140760,Cleistes,moritzii Rchb.f.,https://images.mobot.org/tropicosimages5/detailimages/TropicosImagesVol5/101492000/6FC72D27-CAB1-4EC0-9CBD-A37B85CA4945.jpg,GBIF,Peru,,Luis Valenzuela G.|Jaime Flores|Roy Zhender|César Rojas,http://creativecommons.org/licenses/by-nc-sa/3.0/,2025-11-06 01:23:23.423104
256751,Microcoelia,caespitosa,https://images.mobot.org/RISScanning02/detailImages/RISScanning02/103144000/684B652F-FC1E-4632-B3B0-362EFF730E62.jpg,GBIF,,,,,2025-11-09 16:58:11.429944
5492,Pleurothallis,liripipia,https://inaturalist-open-data.s3.amazonaws.com/photos/344548364/original.jpg,GBIF,Colombia,,Dario Taraborelli,http://creativecommons.org/publicdomain/zero/1.0/,2025-10-19 14:02:52.904184
261458,Epiblastus,merrillii,http://data.huh.harvard.edu/bd9b9b55-917e-4b19-a16c-b4cce245a68d/image,GBIF,,,,,2025-11-09 18:01:22.687733
194617,Neottia,puberula,https://plant.depo.msu.ru/open/public/item/MW0047705/img/0.jpg?gbif,GBIF,,,,,2025-11-09 01:41:41.128354
277129,Platanthera,stenochila X.,http://mediaphoto.mnhn.fr/media/14413067456287XtjOEvjwLP5Roet,GBIF,,,,,2025-11-09 22:26:24.893407
8491,Epidendrum,paniculatum,http://data.huh.harvard.edu/ddfae683-dcc5-4942-98b8-69eb2b20108a/image,GBIF,Costa Rica,,W. R. Maxon & A. D. Harvey,https://huh.harvard.edu/access-digital-reproductions-works-public-domain,2025-10-20 01:57:58.467496
244595,Trichocentrum,lindenii,https://inaturalist-open-data.s3.amazonaws.com/photos/535023301/original.jpg,GBIF,,,,,2025-11-09 14:01:35.836400
211895,Bulbophyllum,occultum,https://inaturalist-open-data.s3.amazonaws.com/photos/55380457/original.jpg,GBIF,,,,,2025-11-09 05:54:46.804218
298272,Caladenia,stellata D.,https://inaturalist-open-data.s3.amazonaws.com/photos/421494263/original.jpeg,GBIF,,,,,2025-11-10 03:20:55.547292
288617,Cyrtochilum,ramosissimum,https://inaturalist-open-data.s3.amazonaws.com/photos/313045136/original.jpeg,GBIF,,,,,2025-11-10 01:00:32.895721
199796,Mycaranthes,magnicallosa,https://medialib.naturalis.nl/file/id/L.1511335/format/large,GBIF,,,,,2025-11-09 03:04:30.753131
253174,Ophrys,lesbis,https://inaturalist-open-data.s3.amazonaws.com/photos/120939259/original.jpeg,GBIF,,,,,2025-11-09 16:06:54.367390
197231,Genoplesium,geminatum M.,https://inaturalist-open-data.s3.amazonaws.com/photos/470165912/original.jpg,GBIF,,,,,2025-11-09 02:22:46.513539
233654,Podochilus,khasianus,https://inaturalist-open-data.s3.amazonaws.com/photos/262768512/original.jpeg,GBIF,,,,,2025-11-09 10:58:06.844197
245818,Habenaria,luzmariana,https://inaturalist-open-data.s3.amazonaws.com/photos/336381265/original.jpeg,GBIF,,,,,2025-11-09 14:18:23.372884
193231,Tridactyle,tridentata,https://inaturalist-open-data.s3.amazonaws.com/photos/517708924/original.jpg,GBIF,,,,,2025-11-09 01:25:09.323317
179754,Stelis,ornata,https://inaturalist-open-data.s3.amazonaws.com/photos/299326577/original.jpeg,GBIF,,,,,2025-11-08 22:07:28.208887
265563,Diuris,perialla,https://inaturalist-open-data.s3.amazonaws.com/photos/213018947/original.jpeg,GBIF,,,,,2025-11-09 18:59:25.065612
288941,Disa,fasciata Lindl.,https://inaturalist-open-data.s3.amazonaws.com/photos/579247030/original.jpg,GBIF,,,,,2025-11-10 01:06:06.171690
288207,Nervilia,jacksoniae,https://inaturalist-open-data.s3.amazonaws.com/photos/253327621/original.jpg,GBIF,,,,,2025-11-10 00:51:49.863213
724,Isotria,Raf.,https://inaturalist-open-data.s3.amazonaws.com/photos/506459889/original.jpg,GBIF,United States of America,,Tom Fishburn,http://creativecommons.org/licenses/by-nc/4.0/,2025-10-19 08:45:38.205674
297700,Bulbophyllum,comatum,https://images.mobot.org/tropicosimages3/detailimages/TropicosImageVol3/100549000/667D86ED-6244-4937-AD80-7B804B28D6C9.jpg,GBIF,,,,,2025-11-10 03:15:37.073508
247562,Epidendrum,melinanthum,https://inaturalist-open-data.s3.amazonaws.com/photos/480547011/original.jpg,GBIF,,,,,2025-11-09 14:43:22.632837
185459,Encyclia,kennedyi,https://inaturalist-open-data.s3.amazonaws.com/photos/502954769/original.jpeg,GBIF,,,,,2025-11-08 23:34:30.726159
250471,Disperis,micrantha Lindl.,https://inaturalist-open-data.s3.amazonaws.com/photos/350884980/original.jpg,GBIF,,,,,2025-11-09 15:28:10.758771
5459,Pleurothallis,liripipia,https://inaturalist-open-data.s3.amazonaws.com/photos/344398241/original.jpeg,GBIF,Costa Rica,,Jaime Pinzon,http://creativecommons.org/licenses/by-nc/4.0/,2025-10-19 14:02:52.904184
174397,Kefersteinia,lafontainei,https://inaturalist-open-data.s3.amazonaws.com/photos/487675425/original.jpg,GBIF,,,,,2025-11-08 20:49:03.771194
198891,Eulophia,chlorantha,https://inaturalist-open-data.s3.amazonaws.com/photos/238124418/original.jpg,GBIF,,,,,2025-11-09 02:52:29.050193
5579,Pleurothallis,liripipia,https://inaturalist-open-data.s3.amazonaws.com/photos/360636314/original.jpeg,GBIF,Ecuador,,🌿💚,http://creativecommons.org/licenses/by-nc/4.0/,2025-10-19 14:02:52.904184
229541,Orchis,punctulata Steven,https://inaturalist-open-data.s3.amazonaws.com/photos/472094627/original.jpg,GBIF,,,,,2025-11-09 10:54:22.226804
261188,Disa,tenella ssp.,https://inaturalist-open-data.s3.amazonaws.com/photos/574001123/original.jpg,GBIF,,,,,2025-11-09 17:58:37.329966
176676,Dactylorhiza,x salictina,https://herbarium.bgbm.org/data/iiif/B100178001/manifest.json,GBIF,,,,,2025-11-08 21:24:15.645394
297978,Barkeria,scandens,https://inaturalist-open-data.s3.amazonaws.com/photos/164277325/original.jpg,GBIF,,,,,2025-11-10 03:18:32.727379
253868,Cynorkis,sambiranoensis Schltr.,http://mediaphoto.mnhn.fr/media/1441306019713GZN8344uwlzJLvxX,GBIF,,,,,2025-11-09 16:17:27.943998
299248,Dichaea,glauca,https://inaturalist-open-data.s3.amazonaws.com/photos/553352391/original.jpg,GBIF,,,,,2025-11-10 03:36:07.544120
294784,Prosthechea,bulbosa,https://inaturalist-open-data.s3.amazonaws.com/photos/261285872/original.jpeg,GBIF,,,,,2025-11-10 02:31:56.668925
273905,Oncidium,constrictum,http://mediaphoto.mnhn.fr/media/1443110245385YQPXwrttt4803whS,GBIF,,,,,2025-11-09 22:22:58.349732
243988,Microtis,pulchella R.,https://d2jcv3kl45hlgi.cloudfront.net/f7bc6ff975be1afeab20045321a02879.jpg,GBIF,,,,,2025-11-09 13:52:28.299627
167557,Eriochilus,pulchellus,https://inaturalist-open-data.s3.amazonaws.com/photos/492397042/original.jpg,GBIF,Australia,,Tyler Anthony,,2025-11-07 07:04:04.542846
301391,Luisia,morsei,https://images.mobot.org/tropicosimages4/detailimages/TropicosImagesVol4/101207000/C4CA102E-3168-40A2-9611-F90C2159772F.jpg,GBIF,,,,,2025-11-10 04:08:15.569717
252246,Cyclopogon,bicolor,http://imagens2.jbrj.gov.br/fsi/server?type=image&source=mbm/MBM/0/1/1/68/MBM010168.JPG,GBIF,,,,,2025-11-09 15:53:48.495139
196807,Lockhartia,micrantha,https://inaturalist-open-data.s3.amazonaws.com/photos/463862554/original.jpeg,GBIF,,,,,2025-11-09 02:16:33.644084
198720,Herminium,latilabre Lindl.,"https://iiif.rbge.org.uk/herb/iiif/E00008102/full/300,/0/default.jpg",GBIF,,,,,2025-11-09 02:50:21.917016
291083,Hemipilia,faberi Rolfe,https://inaturalist-open-data.s3.amazonaws.com/photos/86949354/original.jpeg,GBIF,,,,,2025-11-10 01:38:36.770389
231201,Octomeria,pusilla,http://jbrj-public-img.s3-sa-east-1.amazonaws.com/JPG/rb/1/12/60/5/01126005.jpg,GBIF,,,,,2025-11-09 10:55:44.083572
269245,Corybas,fordhamii Rupp,https://images.ala.org.au/image/proxyImageThumbnailLarge?imageId=3cc7e654-c74d-46d2-aad7-df072f0a294d,GBIF,,,,,2025-11-09 19:52:59.664403
246194,Caladenia,saxatilis D.,https://inaturalist-open-data.s3.amazonaws.com/photos/577181646/original.jpg,GBIF,,,,,2025-11-09 14:23:33.610446
193123,Hemipilia,kwangsiensis,https://inaturalist-open-data.s3.amazonaws.com/photos/557470029/original.jpg,GBIF,,,,,2025-11-09 01:23:57.793976
180329,Platanthera,zothecina,https://inaturalist-open-data.s3.amazonaws.com/photos/313190184/original.jpeg,GBIF,,,,,2025-11-08 22:17:14.473327
270786,Cranichis,elliptica Schltr.,http://data.huh.harvard.edu/54aed820-513c-47d0-82cf-d85e12296170/image,GBIF,,,,,2025-11-09 22:20:06.240508
197411,Lepanthes,pubes,https://images.mobot.org/tropicosimages4/detailimages/TropicosImagesVol4/101204000/F26F394A-9585-4298-80F7-693198D831D5.jpg,GBIF,,,,,2025-11-09 02:26:59.668535
285632,Paphiopedilum,charlesworthii Rolfe,"https://iiif.rbge.org.uk/herb/iiif/E01227576/full/1600,/0/default.jpg",GBIF,,,,,2025-11-10 00:12:40.817266
194371,Wullschlaegelia,calcarata,https://inaturalist-open-data.s3.amazonaws.com/photos/452973610/original.jpeg,GBIF,,,,,2025-11-09 01:37:19.555273
262259,Lepanthopsis,dodii,https://images.mobot.org/tropicosimages4/detailimages/TropicosImagesVol4/101206000/E7F62243-6542-4203-B89A-436B565F4BD6.jpg,GBIF,,,,,2025-11-09 18:11:18.554718
272090,Coelogyne,parvipapillata,http://data.huh.harvard.edu/92665bfe-2c4f-4864-a457-80c20d1637a7/image,GBIF,,,,,2025-11-09 22:21:13.356082
8833,Epidendrum,amphistomum,https://inaturalist-open-data.s3.amazonaws.com/photos/470778660/original.jpg,GBIF,United States of America,,donna2260,http://creativecommons.org/licenses/by-nc/4.0/,2025-10-20 02:23:38.548775
280974,Dendrobium,mambo,http://data.huh.harvard.edu/ee368cb2-40c5-4421-836a-b7fdc2bb3697/image,GBIF,,,,,2025-11-09 23:00:59.355262
11940,Maxillaria,lexarzana,https://images.mobot.org/tropicosimages4/detailimages/TropicosImagesVol4/101210000/9EE30946-3E2C-4A4C-8A01-7C6B5CEB2B80.jpg,Tropicos - Missouri Botanical Garden,,,,,2025-10-21 18:02:47.247944
212366,Maxillaria,funicaulis,https://d2jcv3kl45hlgi.cloudfront.net/f6c68c7bcce0dbc741ecf903803f01bb.jpg,GBIF,,,,,2025-11-09 06:00:58.843604
6914,Maxillaria,scorpioidea,https://images.mobot.org/tropicosimages4/detailimages/TropicosImagesVol4/101224000/742D3C06-1A66-4F6B-A9AD-FA9237E3C355.jpg,GBIF,Ecuador,,Walter A. Palacios,http://creativecommons.org/licenses/by-nc-sa/3.0/,2025-10-20 01:39:30.811092
223123,Rhipidoglossum,delepierreanum,https://images.mobot.org/tropicosimages3/detailimages/TropicosImageVol3/100574000/C41CB0D4-F701-4A61-BC62-7EDACE8810B6.jpg,GBIF,,,,,2025-11-09 08:38:18.136830
237144,Caladenia,arenicola,https://inaturalist-open-data.s3.amazonaws.com/photos/567997665/original.jpg,GBIF,,,,,2025-11-09 12:08:26.928683
1995,Phragmipedium,longifolium Warsz.,https://inaturalist-open-data.s3.amazonaws.com/photos/574923947/original.jpg,GBIF,Costa Rica,,Marco Acuña,http://creativecommons.org/licenses/by-nc/4.0/,2025-10-19 13:04:46.333041
170060,Goodyera,tesselata G.,https://inaturalist-open-data.s3.amazonaws.com/photos/463067598/original.jpeg,GBIF,United States of America,,Robert Kahl,,2025-11-07 16:43:07.962645
2569,Maxillaria,variabilis,https://inaturalist-open-data.s3.amazonaws.com/photos/11093396/original.jpg,GBIF,Mexico,,obedzumaya,http://creativecommons.org/licenses/by-nc/4.0/,2025-10-19 13:53:26.328101
254688,Angraecopsis,trifurca,http://mediaphoto.mnhn.fr/media/1442488909833Tymd0uNEEMezhJLv,GBIF,,,,,2025-11-09 16:31:35.667084
248323,Dilochia,elmeri,http://data.huh.harvard.edu/0ae4aa63-db3f-4a2e-afbb-01787951e310/image,GBIF,,,,,2025-11-09 14:55:00.149924
219843,Diuris,calcicola R.,https://inaturalist-open-data.s3.amazonaws.com/photos/351365355/original.jpg,GBIF,,,,,2025-11-09 07:46:53.869552
267140,Dendrobium,amiengense,http://data.huh.harvard.edu/c9069457-25e4-4066-befa-fcecfc973f63/image,GBIF,,,,,2025-11-09 19:24:17.118379
194930,Bulbophyllum,oreodorum,https://d2seqvvyy3b8p2.cloudfront.net/bc44d27bec2afd0c91f6f68d4c88a229.jpg,GBIF,,,,,2025-11-09 01:47:29.202692
214437,Catasetum,incurvum,http://fm-digital-assets.fieldmuseum.org/1564/763/V0435842F.jpg,GBIF,,,,,2025-11-09 06:32:50.627997
178361,Epidendrum,lavendulum,https://inaturalist-open-data.s3.amazonaws.com/photos/363520838/original.jpeg,GBIF,,,,,2025-11-08 21:49:53.453487
187672,Coelogyne,uncata,https://inaturalist-open-data.s3.amazonaws.com/photos/531690901/original.jpg,GBIF,,,,,2025-11-09 00:06:14.433386
215609,Caladenia,xantha,https://inaturalist-open-data.s3.amazonaws.com/photos/425074872/original.jpeg,GBIF,,,,,2025-11-09 06:47:31.667477
274628,Oberonia,vieillardii,http://mediaphoto.mnhn.fr/media/1441306695453xqyeyct5QeA7mVtm,GBIF,,,,,2025-11-09 22:23:47.779937
151562,Disa,cephalotes ssp.,https://inaturalist-open-data.s3.amazonaws.com/photos/365434492/original.jpg,GBIF,South Africa,,Ren Hoekstra,http://creativecommons.org/licenses/by/4.0/,2025-11-06 02:33:23.741689
219174,Bulbophyllum,nubinatum,https://medialib.naturalis.nl/file/id/L.1495066/format/large,GBIF,,,,,2025-11-09 07:37:30.000510
305955,Maxillaria,schlimii,https://inaturalist-open-data.s3.amazonaws.com/photos/362911752/original.jpeg,GBIF,,,,,2025-11-10 05:15:51.157320
141880,Vanilla,bahiana Hoehne,https://inaturalist-open-data.s3.amazonaws.com/photos/473220274/original.jpg,GBIF,United States of America,,mark-groeneveld,http://creativecommons.org/licenses/by/4.0/,2025-11-06 01:31:21.627289
302607,Stelis,porschiana,https://inaturalist-open-data.s3.amazonaws.com/photos/245471446/original.jpg,GBIF,,,,,2025-11-10 04:25:03.900281
190494,Dracula,bella,https://iiif-manifest.oxalis.br.fgov.be/specimen/BR0000023134430/manifest,GBIF,,,,,2025-11-09 00:45:36.750198
208993,Coelogyne,schultesii,https://inaturalist-open-data.s3.amazonaws.com/photos/410579736/original.jpg,GBIF,,,,,2025-11-09 05:11:25.548800
170347,Epidendrum,brachystelestachyum,https://inaturalist-open-data.s3.amazonaws.com/photos/427912725/original.jpeg,GBIF,Ecuador,,Nelson Apolo,,2025-11-07 16:44:02.401895
191178,Prosthechea,lambda,https://object.jacq.org/europeana/W/2201520.jpg,GBIF,,,,,2025-11-09 00:54:44.072058
192700,Ophrys,cornuta Steven,https://www.zobodat.at/bilder/belege/00028730.jpg,GBIF,,,,,2025-11-09 01:16:34.780030
281510,Ceratostylis,sessilis,https://medialib.naturalis.nl/file/id/L.1489563/format/large,GBIF,,,,,2025-11-09 23:14:20.407537
8467,Epidendrum,paniculatum,http://sweetgum.nybg.org/images3/3517/231/00418270.jpg,GBIF,Bolivia (Plurinational State of),,O. Buchtien,http://creativecommons.org/licenses/by/4.0/,2025-10-20 01:57:58.467496
167963,Caladenia,wanosa A.,https://inaturalist-open-data.s3.amazonaws.com/photos/440272758/original.jpeg,GBIF,Australia,,jcorrie,,2025-11-07 07:45:40.440430
246879,Calanthe,aristulifera,https://inaturalist-open-data.s3.amazonaws.com/photos/496625018/original.jpeg,GBIF,,,,,2025-11-09 14:33:11.989911
272933,Dendrobium,viridiflorum,https://medialib.naturalis.nl/file/id/L.1498944/format/large,GBIF,,,,,2025-11-09 22:21:53.888481
235034,Stelis,sanluisensis,http://sweetgum.nybg.org/images3/3551/829/04157239.jpg,GBIF,,,,,2025-11-09 11:07:54.288622
208957,Bromheadia,ensifolia,https://medialib.naturalis.nl/file/id/L.1488297/format/large,GBIF,,,,,2025-11-09 05:10:21.741216
165252,Peristylus,prainii Hook.f.,http://www.aubot.dk/specimenimages/AAU_24_2006/DSCN7537.jpg,GBIF,Thailand,,,,2025-11-07 01:59:26.455623
254225,Polystachya,affinis,https://images.mobot.org/tropicosimages3/detailimages/TropicosImageVol3/100617000/91432010-F9FA-44C3-99AE-8AC5B1689509.jpg,GBIF,,,,,2025-11-09 16:22:05.745454
218233,Dichaea,calyculata,https://inaturalist-open-data.s3.amazonaws.com/photos/337224141/original.jpeg,GBIF,,,,,2025-11-09 07:25:58.887330
204293,Pleurothallis,ramificans,http://sweetgum.nybg.org/images3/3562/272/04132163.jpg,GBIF,,,,,2025-11-09 04:05:34.802009
264362,Telipogon,bowmanii,https://inaturalist-open-data.s3.amazonaws.com/photos/469549396/original.jpeg,GBIF,,,,,2025-11-09 18:43:16.614816
235375,Polystachya,bifida,https://inaturalist-open-data.s3.amazonaws.com/photos/161686816/original.jpeg,GBIF,,,,,2025-11-09 11:15:02.561679
192234,Epidendrum,fruticosum,https://inaturalist-open-data.s3.amazonaws.com/photos/341464772/original.jpeg,GBIF,,,,,2025-11-09 01:09:56.839707
5675,Epidendrum,pseudoschumannianum,https://inaturalist-open-data.s3.amazonaws.com/photos/227742034/original.jpeg,GBIF,Panama,,Kai Squires,http://creativecommons.org/licenses/by/4.0/,2025-10-19 14:04:32.368546
177238,Angraecum,clavigerum,http://mediaphoto.mnhn.fr/media/14413085330129yanS9rYblzZSI5O,GBIF,,,,,2025-11-08 21:33:30.388545
269479,Ceratandra,atrata L.,https://inaturalist-open-data.s3.amazonaws.com/photos/449122103/original.jpeg,GBIF,,,,,2025-11-09 19:54:11.647202
291548,Habenaria,truncata Lindl.,https://inaturalist-open-data.s3.amazonaws.com/photos/32678268/original.jpeg,GBIF,,,,,2025-11-10 01:43:48.589123
197316,Dendrobium,jennyanum,https://orphans.gbif.org/DE/85c8e444-f762-11e1-a439-00145eb45e9a/HBG-501541.jpg,GBIF,,,,,2025-11-09 02:25:16.563414
266650,Thelymitra,imbricata,https://d2jcv3kl45hlgi.cloudfront.net/f9937d97a150df36e6381204185a7b2d.jpg,GBIF,,,,,2025-11-09 19:16:36.622904
253341,Liparis,pauliana,https://inaturalist-open-data.s3.amazonaws.com/photos/516166753/original.jpg,GBIF,,,,,2025-11-09 16:09:55.521614
8904,Epidendrum,amphistomum,https://inaturalist-open-data.s3.amazonaws.com/photos/549434778/original.jpg,GBIF,United States of America,,Dean Walton,http://creativecommons.org/licenses/by-nc/4.0/,2025-10-20 02:23:38.548775
222682,Sobennikoffia,humbertiana,https://inaturalist-open-data.s3.amazonaws.com/photos/230379952/original.jpeg,GBIF,,,,,2025-11-09 08:31:33.543183
182556,Hemipilia,puberula King,https://iiif.rbge.org.uk/herb/iiif/E01245296/manifest,GBIF,,,,,2025-11-08 22:49:59.980608
219032,Ponthieva,diptera Linden,https://inaturalist-open-data.s3.amazonaws.com/photos/301482077/original.jpeg,GBIF,,,,,2025-11-09 07:35:39.169281
224115,Caladenia,brevisura,https://inaturalist-open-data.s3.amazonaws.com/photos/236699781/original.jpg,GBIF,,,,,2025-11-09 08:54:09.702774
201277,Habenaria,polyodon Hook.f.,http://was.tacc.utexas.edu/fileget?coll=TEX-LL&type=O&filename=sp67224278902245273755.att.jpg,GBIF,,,,,2025-11-09 03:23:17.183415
169423,Thelymitra,apiculata A.,https://images.ala.org.au/image/proxyImageThumbnailLarge?imageId=d1c2c237-2495-49a9-a4ee-2a4e6df89bed,GBIF,Australia,,<a href='https://bee.questagame.com/#/profile/41228?questagame_user_id=41228'> Paul_Fiona_Rose_Grace_Rob|questagame.com</a>,,2025-11-07 16:40:18.996645
298858,Platanthera,leucophaea Nutt.,https://inaturalist-open-data.s3.amazonaws.com/photos/528643648/original.jpg,GBIF,,,,,2025-11-10 03:30:26.573067
180503,Funkiella,minutiflora,http://fm-digital-assets.fieldmuseum.org/989/618/ORCH_micr_minu_1663255.jpg,GBIF,,,,,2025-11-08 22:20:24.609313
259112,Oncidium,adelaidae,https://inaturalist-open-data.s3.amazonaws.com/photos/427980460/original.jpeg,GBIF,,,,,2025-11-09 17:32:16.840228
297378,Cyclopogon,luteoalbus,https://inaturalist-open-data.s3.amazonaws.com/photos/355264748/original.jpeg,GBIF,,,,,2025-11-10 03:11:22.763792
3468,Epidendrum,nocturnum,https://inaturalist-open-data.s3.amazonaws.com/photos/479268676/original.jpg,GBIF,United States of America,,Tyler Donaghy,http://creativecommons.org/licenses/by-nc/4.0/,2025-10-19 13:56:57.310196
7839,Pleurothallis,grandiflora,http://sweetgum.nybg.org/images3/3562/178/04132069.jpg,GBIF,Colombia,,M. T. Murillo-Pulido,http://creativecommons.org/licenses/by/4.0/,2025-10-20 01:52:43.740478
265854,Angraecum,humblotianum,https://images.mobot.org/tropicosimages3/detailimages/TropicosImages2/100305000/120853D4-FEEA-447F-B5CB-E39A0BAE1C9A.jpg,GBIF,,,,,2025-11-09 19:03:39.266008
254501,Pachyplectron,arifolium Schltr.,http://mediaphoto.mnhn.fr/media/1441306856966RqJM8BXuxKQiojME,GBIF,,,,,2025-11-09 16:27:45.950570
278710,Cranichis,ricartii Ackerman,https://inaturalist-open-data.s3.amazonaws.com/photos/362323950/original.jpeg,GBIF,,,,,2025-11-09 22:27:24.024275
253684,Nigritella,nigra ssp.,https://inaturalist-open-data.s3.amazonaws.com/photos/540298483/original.jpg,GBIF,,,,,2025-11-09 16:14:17.579456
255436,Robiquetia,bifida,https://inaturalist-open-data.s3.amazonaws.com/photos/457599893/original.jpg,GBIF,,,,,2025-11-09 16:40:35.512844
288427,Gomesa,dasytyle,https://d2jcv3kl45hlgi.cloudfront.net/137586e38ccec2fb7bdf5eaaf85e267a.jpg,GBIF,,,,,2025-11-10 00:55:54.967672
231070,Ceratostylis,anceps,https://medialib.naturalis.nl/file/id/L.1494744/format/large,GBIF,,,,,2025-11-09 10:55:39.026430
186701,Bletia,spicata,https://inaturalist-open-data.s3.amazonaws.com/photos/500958543/original.jpg,GBIF,,,,,2025-11-08 23:53:32.025912
4606,Cymbidium,goeringii,https://inaturalist-open-data.s3.amazonaws.com/photos/114794972/original.png,GBIF,"Korea, Republic of",,onidiras-iNaturalist,http://creativecommons.org/licenses/by-nc/4.0/,2025-10-19 13:59:14.469672
183738,Dendrobium,phalangillum,https://medialib.naturalis.nl/file/id/L.4470766/format/large,GBIF,,,,,2025-11-08 23:09:00.935365
297947,Nervilia,macroglossa,https://iiif-manifest.oxalis.br.fgov.be/specimen/BR0000033175317/manifest,GBIF,,,,,2025-11-10 03:18:24.406850
4458,Cymbidium,goeringii,https://inaturalist-open-data.s3.amazonaws.com/photos/476448637/original.jpeg,GBIF,China,,李博恒,http://creativecommons.org/licenses/by-nc/4.0/,2025-10-19 13:59:14.469672
232749,Caladenia,gracillima Rupp,https://inaturalist-open-data.s3.amazonaws.com/photos/561053586/original.jpg,GBIF,,,,,2025-11-09 10:57:15.156092
215912,Microchilus,huangobioensis Ormerod,http://data.huh.harvard.edu/3ca0cf5f-acd7-41af-8cda-c41aee7b25e6/image,GBIF,,,,,2025-11-09 06:51:12.414650
179143,Calanthe,simplex,https://d2jcv3kl45hlgi.cloudfront.net/590a71a0e513efc6bf24f6819acc9f15.jpg,GBIF,,,,,2025-11-08 22:00:27.081197
164497,Orleanesia,amazonica,https://inaturalist-open-data.s3.amazonaws.com/photos/567994566/original.jpg,GBIF,French Guiana,,Elendil Cocchi,http://creativecommons.org/licenses/by-nc/4.0/legalcode,2025-11-06 22:30:44.769499
291800,Habenaria,glaucifolia Bureau,http://fm-digital-assets.fieldmuseum.org/376/648/V0091363F.jpg,GBIF,,,,,2025-11-10 01:46:34.556165
192983,Caladenia,perangusta A.,https://inaturalist-open-data.s3.amazonaws.com/photos/159809193/original.jpg,GBIF,,,,,2025-11-09 01:21:18.890301
230746,Macodes,lowii E.,https://inaturalist-open-data.s3.amazonaws.com/photos/486999994/original.jpeg,GBIF,,,,,2025-11-09 10:55:18.121683
301941,Trichoglottis,scandens,http://data.huh.harvard.edu/68b6d16b-adcf-4dd3-a7c2-b88775903b09/image,GBIF,,,,,2025-11-10 04:15:16.397229
280149,Restrepia,flosculata,https://inaturalist-open-data.s3.amazonaws.com/photos/143253772/original.jpeg,GBIF,,,,,2025-11-09 22:39:21.278531
1328,Cypripedium,parviflorum Salisb.,https://inaturalist-open-data.s3.amazonaws.com/photos/502456974/original.jpg,GBIF,United States of America,,Tony Ernst,http://creativecommons.org/licenses/by-nc/4.0/,2025-10-19 11:19:11.821245
175070,Dendrobium,nitidissimum,https://medialib.naturalis.nl/file/id/L.1503117/format/large,GBIF,,,,,2025-11-08 21:02:11.640955
249114,Angraecopsis,ischnopus,https://iiif-manifest.oxalis.br.fgov.be/specimen/BR0000026772585V/manifest,GBIF,,,,,2025-11-09 15:08:45.559894
257215,Bulbophyllum,pachyneuron,https://medialib.naturalis.nl/file/id/L0043396_MLN/format/large,GBIF,,,,,2025-11-09 17:03:44.064244
218330,Bulbophyllum,oliganthum,https://medialib.naturalis.nl/file/id/L.1488902/format/large,GBIF,,,,,2025-11-09 07:27:42.893092
210241,Epidendrum,tessmannii,http://fm-digital-assets.fieldmuseum.org/1629/235/V0433116F.jpg,GBIF,,,,,2025-11-09 05:30:11.311522
231276,Encyclia,tampensis,https://inaturalist-open-data.s3.amazonaws.com/photos/461026669/original.jpeg,GBIF,,,,,2025-11-09 10:55:47.175158
302177,Epidendrum,caligarium,https://inaturalist-open-data.s3.amazonaws.com/photos/268939941/original.jpeg,GBIF,,,,,2025-11-10 04:17:47.554775
219961,Caladenia,phaeoclavia D.,https://images.ala.org.au/image/proxyImageThumbnailLarge?imageId=e855ec0f-19a6-4edd-8997-0bf049327844,GBIF,,,,,2025-11-09 07:48:29.324537
231307,Epidendrum,erosum,https://inaturalist-open-data.s3.amazonaws.com/photos/503554071/original.jpeg,GBIF,,,,,2025-11-09 10:55:47.770246
2960,Cattleya,species,https://inaturalist-open-data.s3.amazonaws.com/photos/474445891/original.jpeg,GBIF,Brazil,,Eduardo Moreira,http://creativecommons.org/licenses/by-nc/4.0/,2025-10-19 13:54:41.507695
184405,Epipactis,greuteri,https://inaturalist-open-data.s3.amazonaws.com/photos/436166835/original.jpeg,GBIF,,,,,2025-11-08 23:20:46.398435
286309,Chiloschista,segawae,https://inaturalist-open-data.s3.amazonaws.com/photos/471759114/original.jpeg,GBIF,,,,,2025-11-10 00:23:08.467275
230967,Phaius,indigofer,https://inaturalist-open-data.s3.amazonaws.com/photos/489000055/original.jpeg,GBIF,,,,,2025-11-09 10:55:32.893953
296674,Lycaste,powellii,https://inaturalist-open-data.s3.amazonaws.com/photos/55314493/original.jpeg,GBIF,,,,,2025-11-10 03:00:23.626125
3780,Vanda,species,https://inaturalist-open-data.s3.amazonaws.com/photos/489336909/original.jpeg,GBIF,China,,李博恒,http://creativecommons.org/licenses/by-nc/4.0/,2025-10-19 13:58:11.428304
222084,Coelogyne,bracteosa,https://medialib.naturalis.nl/file/id/L.1507798/format/large,GBIF,,,,,2025-11-09 08:22:50.352465
273213,Caladenia,hoffmanii Hopper,https://inaturalist-open-data.s3.amazonaws.com/photos/453450170/original.jpeg,GBIF,,,,,2025-11-09 22:22:09.190366
290181,Bulbophyllum,sicyobulbon,https://medialib.naturalis.nl/file/id/L.1488985/format/large,GBIF,,,,,2025-11-10 01:24:36.605528
236416,Coelogyne,quadriloba,https://data.nhm.ac.uk/media/444d5710-0a1a-4a9a-b32e-19e0226bad97,GBIF,,,,,2025-11-09 11:40:06.214031
204966,Encyclia,mapuerae,https://ans-images.ansp.org/botany/PH4/CM/Fullsize/376/CM376780.jpg,GBIF,,,,,2025-11-09 04:13:24.423921
129114,Genoplesium,archeri,https://inaturalist-open-data.s3.amazonaws.com/photos/474286718/original.jpeg,GBIF,Australia,,Charlie Browning,http://creativecommons.org/licenses/by-nc/4.0/,2025-11-05 21:21:00.333532
8815,Maxillaria,paranaensis,https://cdn.plantatlas.org/img/specimens/USF/26114.jpg,GBIF,Brazil,,J. A. Rohr,http://creativecommons.org/licenses/by-nc-sa/4.0/,2025-10-20 02:22:38.242833
9906,Dendrobium,bifalce,http://data.huh.harvard.edu/15b68f25-93c3-4899-9b90-fd2e3dccf285/image,GBIF,Australia,,L. J. Brass,https://huh.harvard.edu/access-digital-reproductions-works-public-domain,2025-10-20 19:37:52.989280
293693,Bulbophyllum,kenejianum,https://data.nhm.ac.uk/media/78a4b783-205d-4e6a-bb85-4b906841ef0c,GBIF,,,,,2025-11-10 02:12:13.871779
290608,Tipularia,japonica,https://inaturalist-open-data.s3.amazonaws.com/photos/133142224/original.jpg,GBIF,,,,,2025-11-10 01:30:41.734750
263168,Habenaria,procera Afzel.,https://inaturalist-open-data.s3.amazonaws.com/photos/568225747/original.jpg,GBIF,,,,,2025-11-09 18:23:48.857913
259503,Maxillaria,flava,http://data.huh.harvard.edu/ba17e481-4bfc-4fc6-908f-ca6bd95fd8c1/image,GBIF,,,,,2025-11-09 17:37:34.380083
205463,Odontochilus,hasseltii Blume,https://medialib.naturalis.nl/file/id/L0062009_MLN/format/large,GBIF,,,,,2025-11-09 04:19:28.790368
195533,Polystachya,subdiphylla,https://iiif-manifest.oxalis.br.fgov.be/specimen/BR0000008815293/manifest,GBIF,,,,,2025-11-09 01:57:31.992467
247660,Caladenia,cretacea D.,https://inaturalist-open-data.s3.amazonaws.com/photos/52853025/original.jpg,GBIF,,,,,2025-11-09 14:44:09.840313
265013,Dendrobium,ellipsophyllum,https://inaturalist-open-data.s3.amazonaws.com/photos/552171900/original.jpg,GBIF,,,,,2025-11-09 18:51:52.751625
247835,Caladenia,viridescens,https://inaturalist-open-data.s3.amazonaws.com/photos/438150741/original.jpeg,GBIF,,,,,2025-11-09 14:46:33.003288
186306,Pterostylis,turfosa Endl.,https://inaturalist-open-data.s3.amazonaws.com/photos/575825726/original.jpg,GBIF,,,,,2025-11-08 23:48:23.007358
228759,Liparis,brachystalix,http://data.huh.harvard.edu/6129f4f7-6839-40bd-8dc3-c2ab4bc8585e/image,GBIF,,,,,2025-11-09 10:54:03.699570
182558,Hemipilia,puberula King,"https://iiif.rbge.org.uk/herb/iiif/E01245293/full/1600,/0/default.jpg",GBIF,,,,,2025-11-08 22:49:59.993729
292845,Bulbophyllum,leandrianum,https://d2seqvvyy3b8p2.cloudfront.net/a32584d21888befed3a0e16d2ee01695.jpg,GBIF,,,,,2025-11-10 02:00:12.458475
206993,Tolumnia,guttata,https://images.mobot.org/tropicosimages4/detailimages/TropicosImagesVol4/101232000/B8292F59-BC1E-4E53-86D9-A26E36939E14.jpg,GBIF,,,,,2025-11-09 04:40:38.187767
243016,Cyrtochilum,volubile,http://mediaphoto.mnhn.fr/media/1441305004591dqHSJ4C4LiEzDMLy,GBIF,,,,,2025-11-09 13:39:54.302708
272153,Dactylorhiza,iberica,https://inaturalist-open-data.s3.amazonaws.com/photos/513264907/original.jpg,GBIF,,,,,2025-11-09 22:21:20.928119
232329,Lepanthes,veleziana,http://sweetgum.nybg.org/images3/166/202/v-066-00058499.jpg,GBIF,,,,,2025-11-09 10:56:55.678038
167594,Masdevallia,collina,https://images.mobot.org/tropicosimages4/detailimages/TropicosImagesVol4/101204000/8843D8A1-EBC3-4752-A74C-33BB7AEB270B.jpg,GBIF,Panama,,Paul H. Allen,,2025-11-07 07:04:48.010936
10495,Dendrobium,polytrichum,http://data.huh.harvard.edu/525ea7b5-7cd0-4623-bb79-9b5e514d9938/image,GBIF,Philippines,,A. D. E. Elmer,https://huh.harvard.edu/access-digital-reproductions-works-public-domain,2025-10-21 07:26:27.322792
192907,Bifrenaria,floribunda,http://data.huh.harvard.edu/e46cd71c-0175-4284-85c3-e49d99832a4e/image,GBIF,,,,,2025-11-09 01:19:44.945174
262567,Pleurothallis,aspergillum,https://images.mobot.org/tropicosimages3/detailimages/Tropicos/235/5FE623D3-2AF1-4FDB-ADD1-38A212F69691.jpg,GBIF,,,,,2025-11-09 18:17:15.019175
274172,Eulophia,seleensis,https://inaturalist-open-data.s3.amazonaws.com/photos/178570322/original.jpeg,GBIF,,,,,2025-11-09 22:23:26.288002
274035,Lockhartia,verrucosa,https://inaturalist-open-data.s3.amazonaws.com/photos/494512961/original.jpeg,GBIF,,,,,2025-11-09 22:23:14.146637
219662,Cyrtochilum,divaricatum,https://inaturalist-open-data.s3.amazonaws.com/photos/567695922/original.jpg,GBIF,,,,,2025-11-09 07:45:10.689579
205376,Coelogyne,auricularis,http://data.huh.harvard.edu/e23bcfe2-f050-4619-89df-41c5b2303804/image,GBIF,,,,,2025-11-09 04:18:32.947095
256621,Crepidium,reineckeanum,https://media01.symbiota.org/media/seinet/midwest/CINC/CINC-V-0009/CINC-V-0009515_lg.jpg,GBIF,,,,,2025-11-09 16:55:39.254814
184020,Pterostylis,picta M.,https://inaturalist-open-data.s3.amazonaws.com/photos/444423341/original.jpeg,GBIF,,,,,2025-11-08 23:14:17.578397
171565,Lepanthes,mittelstaedtii,https://images.mobot.org/tropicosimages4/detailimages/TropicosImagesVol4/101192000/3E1C4830-B977-43E0-A023-5991F6BD36E7.jpg,GBIF,Guatemala,,Carl A. Luer,,2025-11-07 17:47:57.861046
196083,Sobralia,klotzscheana,http://data.huh.harvard.edu/0da92ca7-fc47-470a-9e21-aa6d5405b2ad/image,GBIF,,,,,2025-11-09 02:04:40.495615
272029,Preptanthe,rosea,https://images.mobot.org/tropicosimages4/detailimages/TropicosImagesVol4/101064000/16B83F08-4DA1-4322-8505-B8562854E2C6.jpg,GBIF,,,,,2025-11-09 22:21:10.222307
235413,Dactylorhiza,majalis,https://arter.dk/media/10675d18-e44f-4bbd-a14b-b31600f05dcd.jpg,GBIF,,,,,2025-11-09 11:15:10.746830
7786,Pleurothallis,grandiflora,https://inaturalist-open-data.s3.amazonaws.com/photos/409545612/original.jpeg,GBIF,Ecuador,,Oscar Luna R.,http://creativecommons.org/licenses/by-nc/4.0/,2025-10-20 01:52:43.740478
298982,Dichaea,bryophila,https://object.jacq.org/europeana/W/2148486.jpg,GBIF,,,,,2025-11-10 03:33:28.425375
307189,Eria,javanica,https://iiif.rbge.org.uk/herb/iiif/E00283278/manifest,GBIF,,,,,2025-11-10 05:28:26.208501
259108,Oncidium,adelaidae,https://inaturalist-open-data.s3.amazonaws.com/photos/426578541/original.jpeg,GBIF,,,,,2025-11-09 17:32:16.813590
243082,Ophrys,fleischmannii Hayek,https://inaturalist-open-data.s3.amazonaws.com/photos/109302262/original.jpeg,GBIF,,,,,2025-11-09 13:40:26.747401
210944,Dendrobium,metachilinum,https://inaturalist-open-data.s3.amazonaws.com/photos/260243266/original.jpg,GBIF,,,,,2025-11-09 05:41:57.230712
183393,Trichoglottis,latisepala,http://data.huh.harvard.edu/4af72f1e-a782-4043-9df9-9b51c14732c8/image,GBIF,,,,,2025-11-08 23:03:04.916098
176956,Tolumnia,henekenii,https://inaturalist-open-data.s3.amazonaws.com/photos/479757162/original.jpeg,GBIF,,,,,2025-11-08 21:29:48.027289
205758,Angraecum,pseudodidieri,https://images.mobot.org/tropicosimages4/detailimages/TropicosImagesVol4/101052000/E85BEE78-85CE-430B-AC20-08C4C6DDD075.jpg,GBIF,,,,,2025-11-09 04:23:42.587419
265461,Phreatia,elata,"https://iiif.rbge.org.uk/herb/iiif/E00032926/full/300,/0/default.jpg",GBIF,,,,,2025-11-09 18:58:05.718240
205223,Taprobanea,spathulata,https://inaturalist-open-data.s3.amazonaws.com/photos/388288813/original.jpeg,GBIF,,,,,2025-11-09 04:16:34.672161
305329,Brownleea,galpinii ssp.,https://inaturalist-open-data.s3.amazonaws.com/photos/34647364/original.jpg,GBIF,,,,,2025-11-10 05:09:45.576368
295927,Calanthe,discolor,https://inaturalist-open-data.s3.amazonaws.com/photos/468988849/original.jpeg,GBIF,,,,,2025-11-10 02:49:08.521533
257577,Rhipidoglossum,confusum,https://medialib.naturalis.nl/file/id/WAG.1132006/format/large,GBIF,,,,,2025-11-09 17:07:57.812044
180573,Orchis,anatolica ssp.,https://inaturalist-open-data.s3.amazonaws.com/photos/484441234/original.jpg,GBIF,,,,,2025-11-08 22:22:07.229596
150394,Ceratandra,globosa Lindl.,https://inaturalist-open-data.s3.amazonaws.com/photos/455735170/original.jpeg,GBIF,South Africa,,Jean Stephenson,http://creativecommons.org/licenses/by-nc/4.0/,2025-11-06 02:28:30.664959
248916,Mediocalcar,decoratum,https://medialib.naturalis.nl/file/id/L.1518403/format/large,GBIF,,,,,2025-11-09 15:02:32.798795
233170,Pterostylis,puberula Hook.f.,https://inaturalist-open-data.s3.amazonaws.com/photos/568101764/original.jpg,GBIF,,,,,2025-11-09 10:57:40.532113
277337,Stelis,crescentiicola,https://images.mobot.org/tropicosimages4/detailimages/TropicosImagesVol4/101080000/6851952B-EC24-40C7-A2B8-B14D116317E7.jpg,GBIF,,,,,2025-11-09 22:26:35.081027
307150,Maxillaria,lexarzana,https://quod.lib.umich.edu/cgi/i/image/api/image/herb00ic:1652756:MICH-V-1652756/full/res:0/0/native.jpg,GBIF,,,,,2025-11-10 05:28:02.066683
177193,Dendrobium,nodosum,https://inaturalist-open-data.s3.amazonaws.com/photos/66686504/original.jpeg,GBIF,,,,,2025-11-08 21:33:14.550958
246238,Pteroceras,compressum,https://inaturalist-open-data.s3.amazonaws.com/photos/256210514/original.jpeg,GBIF,,,,,2025-11-09 14:23:48.594979
150302,Corycium,nigrescens Sond.,https://inaturalist-open-data.s3.amazonaws.com/photos/470981380/original.jpeg,GBIF,South Africa,,NT Moolman,http://creativecommons.org/licenses/by-nc/4.0/,2025-11-06 02:28:07.242322
175793,Platystele,stevensonii,https://images.mobot.org/tropicosimages4/detailimages/TropicosImagesVol4/101261000/C7787878-0FE7-4B94-ACE5-8A833FF8231E.jpg,GBIF,,,,,2025-11-08 21:11:34.125563
221712,Epidendrum,pachytepalum,https://inaturalist-open-data.s3.amazonaws.com/photos/304611536/original.jpg,GBIF,,,,,2025-11-09 08:15:20.451431
248747,Cottonia,peduncularis,https://inaturalist-open-data.s3.amazonaws.com/photos/389322397/original.jpg,GBIF,,,,,2025-11-09 15:00:49.526912
229540,Orchis,punctulata Steven,https://inaturalist-open-data.s3.amazonaws.com/photos/472094585/original.jpg,GBIF,,,,,2025-11-09 10:54:22.220785
233884,Rhomboda,lanceolata Lindl.,https://specify-media.science.ku.dk/fileget?coll=NHMD+Vascular+Plants&type=O&filename=C10016306_a.tif,GBIF,,,,,2025-11-09 10:58:17.567463
262574,Satyrium,aethiopicum Summerh.,https://oxalis.br.fgov.be/images/BR0/000/025/200/331/BR0000025200331.jpg,GBIF,,,,,2025-11-09 18:17:22.846705
295237,Pseudogoodyera,pseudogoodyeroides,http://mediaphoto.mnhn.fr/media/1442580934239Svgp6FNVsnrHwNe6,GBIF,,,,,2025-11-10 02:38:26.072848
213316,Habenaria,macrostachya Lindl.,https://d2jcv3kl45hlgi.cloudfront.net/6110c066208febb7b1ecd1e1563d8f3d.jpg,GBIF,,,,,2025-11-09 06:18:25.379041
176914,Pinalia,bipunctata,http://data.huh.harvard.edu/61e809ea-8ca2-44e5-833d-28ea5d57a763/image,GBIF,,,,,2025-11-08 21:29:09.012075
6198,Bulbophyllum,cupreum,http://data.huh.harvard.edu/5a7b367c-10ba-4e82-af72-fdfef907db74/image,GBIF,United States of America,,O. Ames,https://huh.harvard.edu/access-digital-reproductions-works-public-domain,2025-10-20 01:16:06.661811
208442,Sarcoglottis,homalogastra,https://d2jcv3kl45hlgi.cloudfront.net/38c0a0de17fe3740b2b6cc02cc36754d.jpg,GBIF,,,,,2025-11-09 05:02:33.803238
177573,Acianthera,costaricensis,https://object.jacq.org/europeana/W/134351.jpg,GBIF,,,,,2025-11-08 21:38:47.133819
263792,Cischweinfia,platychila,https://inaturalist-open-data.s3.amazonaws.com/photos/506857231/original.jpg,GBIF,,,,,2025-11-09 18:33:05.907438
271985,Paphiopedilum,spicerianum Rchb.f.,"https://iiif.rbge.org.uk/herb/iiif/E00750755/full/1600,/0/default.jpg",GBIF,,,,,2025-11-09 22:21:09.326501
265806,Cyrtopodium,flavum,https://inaturalist-open-data.s3.amazonaws.com/photos/468814171/original.jpg,GBIF,,,,,2025-11-09 19:03:00.026294
227569,Disa,scullyi Bolus,https://inaturalist-open-data.s3.amazonaws.com/photos/188753981/original.jpg,GBIF,,,,,2025-11-09 10:53:03.420314
7224,Oncidium,sphacelatum,https://inaturalist-open-data.s3.amazonaws.com/photos/507515998/original.jpg,GBIF,Mexico,,benmun89,http://creativecommons.org/licenses/by-nc/4.0/,2025-10-20 01:45:05.419973
259001,Calopogon,pallidus,https://inaturalist-open-data.s3.amazonaws.com/photos/476112090/original.jpg,GBIF,,,,,2025-11-09 17:29:37.485279
7711,Epidendrum,hellerianum,https://cdn.floridamuseum.ufl.edu/Herbarium/d05c759d-1041-44f7-992c-4584c82c2c92,GBIF,Panama,,Robert L. Dressler,http://creativecommons.org/licenses/by-nc/4.0/,2025-10-20 01:51:11.634256
278396,Hemipilia,secundiflora Kraenzl.,"https://iiif.rbge.org.uk/herb/iiif/E00003930/full/300,/0/default.jpg",GBIF,,,,,2025-11-09 22:27:12.457206
182457,Pabstiella,curti-bradei,http://jbrj-public-img.s3-sa-east-1.amazonaws.com/JPG/rb/0/25/92/88/00259288.jpg,GBIF,,,,,2025-11-08 22:47:45.150529
280103,Sobralia,macdougallii,https://inaturalist-open-data.s3.amazonaws.com/photos/170475546/original.jpeg,GBIF,,,,,2025-11-09 22:38:10.035284
213533,Bulbophyllum,singaporeanum,https://medialib.naturalis.nl/file/id/L.2108969/format/large,GBIF,,,,,2025-11-09 06:22:06.560505
205538,Trichocentrum,pulchrum,http://mediaphoto.mnhn.fr/media/1443734381299q00QOuVmLBXUuwLL,GBIF,,,,,2025-11-09 04:19:52.799963
205377,Coelogyne,auricularis,http://data.huh.harvard.edu/1fd2bc0b-b757-498f-82b4-629872b42b6c/image,GBIF,,,,,2025-11-09 04:18:32.951329
199951,Pleurothallis,titan,https://inaturalist-open-data.s3.amazonaws.com/photos/12857994/original.jpeg,GBIF,,,,,2025-11-09 03:06:54.111682
227706,Angraecum,patens,https://inaturalist-open-data.s3.amazonaws.com/photos/164611303/original.jpeg,GBIF,,,,,2025-11-09 10:53:08.267837
257302,Pterostylis,arbuscula,https://inaturalist-open-data.s3.amazonaws.com/photos/310626541/original.jpeg,GBIF,,,,,2025-11-09 17:05:03.370803
231370,Bonatea,antennifera Rolfe,https://inaturalist-open-data.s3.amazonaws.com/photos/485371284/original.jpg,GBIF,,,,,2025-11-09 10:55:52.368962
189595,Stigmatodactylus,oxyglossus Schltr.,https://inaturalist-open-data.s3.amazonaws.com/photos/465035552/original.jpeg,GBIF,,,,,2025-11-09 00:31:28.785570
1469,Cypripedium,passerinum Richardson,https://inaturalist-open-data.s3.amazonaws.com/photos/527395945/original.jpg,GBIF,Canada,,cmeymc,http://creativecommons.org/licenses/by-nc/4.0/,2025-10-19 11:19:23.062614
299662,Ophrys,speculum Link,https://inaturalist-open-data.s3.amazonaws.com/photos/473570085/original.jpeg,GBIF,,,,,2025-11-10 03:40:38.428028
265717,Dendrobium,wardianum,https://inaturalist-open-data.s3.amazonaws.com/photos/487690249/original.jpg,GBIF,,,,,2025-11-09 19:02:35.269152
293806,Bulbophyllum,omerandrum,https://inaturalist-open-data.s3.amazonaws.com/photos/249205079/original.jpeg,GBIF,,,,,2025-11-10 02:14:53.251018
237025,Caladenia,marginata Lindl.,https://inaturalist-open-data.s3.amazonaws.com/photos/439579412/original.jpeg,GBIF,,,,,2025-11-09 12:07:15.648416
208794,Polystachya,valentina,https://inaturalist-open-data.s3.amazonaws.com/photos/260188253/original.jpg,GBIF,,,,,2025-11-09 05:07:27.887444
303670,Epidendrum,blepharistes,https://inaturalist-open-data.s3.amazonaws.com/photos/559667253/original.jpg,GBIF,,,,,2025-11-10 04:43:25.718041
194540,Liparis,pygmaea,http://data.huh.harvard.edu/a80de9dc-3371-4254-b6ea-90ff1739fad5/image,GBIF,,,,,2025-11-09 01:39:26.334339
286521,Epidendrum,cleistocoleum,https://inaturalist-open-data.s3.amazonaws.com/photos/458757907/original.jpeg,GBIF,,,,,2025-11-10 00:27:22.452118
304393,Maxillaria,minus,https://inaturalist-open-data.s3.amazonaws.com/photos/322517727/original.jpg,GBIF,,,,,2025-11-10 04:54:09.033195
1500,Cypripedium,passerinum Richardson,https://inaturalist-open-data.s3.amazonaws.com/photos/533771211/original.jpg,GBIF,Canada,,Ian Cruickshank,http://creativecommons.org/licenses/by-nc/4.0/,2025-10-19 11:19:23.062614
186498,Cylindrolobus,biflorus,http://data.huh.harvard.edu/0a0984eb-ad0b-499c-aec3-ad3e8b2169c7/image,GBIF,,,,,2025-11-08 23:50:29.883528
191206,Sobralia,bimaculata,http://data.huh.harvard.edu/3c873086-54fb-45ca-8b0f-364cb513f4fd/image,GBIF,,,,,2025-11-09 00:55:07.866507
216594,Dichaea,neglecta,https://inaturalist-open-data.s3.amazonaws.com/photos/315087686/original.jpeg,GBIF,,,,,2025-11-09 07:02:42.927565
280368,Caladenia,roei Benth.,https://inaturalist-open-data.s3.amazonaws.com/photos/557433008/original.jpg,GBIF,,,,,2025-11-09 22:42:24.042810
3644,Epidendrum,nocturnum,https://inaturalist-open-data.s3.amazonaws.com/photos/266981249/original.jpg,GBIF,United States of America,,Tyler Donaghy,http://creativecommons.org/licenses/by-nc/4.0/,2025-10-19 13:56:57.310196
5012,Bulbophyllum,lobbii,https://inaturalist-open-data.s3.amazonaws.com/photos/537742240/original.jpg,GBIF,Malaysia,,Leslie Flint,http://creativecommons.org/licenses/by-nc/4.0/,2025-10-19 14:00:16.168007
272007,Habenaria,inconspicua Cogn.,https://cdn.plantatlas.org/img/specimens/USF/294582.jpg,GBIF,,,,,2025-11-09 22:21:09.724152
254788,Pleurothallis,dilemma,https://images.mobot.org/tropicosimages3/detailimages/TropicosImages2/235/B54ADBFC-0406-445A-8F28-DA21F2E69B6B.jpg,GBIF,,,,,2025-11-09 16:32:38.660765
231894,Oncidium,parviflorum,https://images.mobot.org/tropicosimages4/detailimages/TropicosImagesVol4/101236000/A94898B3-3D5E-4DFB-983D-1FDED4072B23.jpg,GBIF,,,,,2025-11-09 10:56:28.688697
260492,Paphiopedilum,concolor Bateman,http://data.huh.harvard.edu/32e37acf-1bbd-4183-a450-e93cfbb43960/image,GBIF,,,,,2025-11-09 17:49:52.381254
281764,Bletia,arizonica,https://inaturalist-open-data.s3.amazonaws.com/photos/522764363/original.jpg,GBIF,,,,,2025-11-09 23:25:09.638616
250224,Dendrobium,oreodoxa,"https://iiif.rbge.org.uk/herb/iiif/E01297527/full/300,/0/default.jpg",GBIF,,,,,2025-11-09 15:25:23.517722
304250,Dilochia,cantleyi,https://medialib.naturalis.nl/file/id/L.1503203/format/large,GBIF,,,,,2025-11-10 04:52:25.494380
227860,Oeonia,curvata,https://oxalis.br.fgov.be/images/BR0/000/005/039/128/BR0000005039128.jpg,GBIF,,,,,2025-11-09 10:53:15.923045
631,Cleistes,grandiflora Aubl.,https://inaturalist-open-data.s3.amazonaws.com/photos/62130054/original.jpg,GBIF,French Guiana,,Elendil Cocchi,http://creativecommons.org/licenses/by-nc/4.0/,2025-10-19 08:38:43.854649
267868,Bulbophyllum,taiwanense,https://inaturalist-open-data.s3.amazonaws.com/photos/439316700/original.jpg,GBIF,,,,,2025-11-09 19:37:22.838353
182089,Coelogyne,stenochila,https://medialib.naturalis.nl/file/id/L.1496717/format/large,GBIF,,,,,2025-11-08 22:44:18.659518
286825,Oncidium,maculatum,https://iiif-manifest.oxalis.br.fgov.be/specimen/BR0000017781374/manifest,GBIF,,,,,2025-11-10 00:30:08.475107
231315,Epidendrum,erosum,https://inaturalist-open-data.s3.amazonaws.com/photos/415515945/original.jpeg,GBIF,,,,,2025-11-09 10:55:47.821015
254267,Elleanthus,oliganthus,https://d2jcv3kl45hlgi.cloudfront.net/6fec7638b6d7d1d03489aa40ceed364d.jpg,GBIF,,,,,2025-11-09 16:22:13.596378
251922,Dactylorhiza,majalis ssp.,https://inaturalist-open-data.s3.amazonaws.com/photos/520598701/original.jpg,GBIF,,,,,2025-11-09 15:48:15.717220
206932,Pterostylis,microphylla,https://inaturalist-open-data.s3.amazonaws.com/photos/547349019/original.jpg,GBIF,,,,,2025-11-09 04:39:26.618512
169589,Nigritella,rhellicani ssp.,https://observation.org/photos/122496512.jpg,GBIF,Austria,,User 1078299,,2025-11-07 16:41:10.064550
216258,Rossioglossum,schlieperianum,https://inaturalist-open-data.s3.amazonaws.com/photos/285875545/original.jpeg,GBIF,,,,,2025-11-09 06:56:21.815680
279691,Corybas,gastrosiphon Schltr.,http://data.huh.harvard.edu/04241794-ec56-474f-9218-2cb83404b897/image,GBIF,,,,,2025-11-09 22:29:26.456671
197510,Trichocentrum,fuscum,https://inaturalist-open-data.s3.amazonaws.com/photos/449953146/original.jpeg,GBIF,,,,,2025-11-09 02:28:59.066693
9898,Dendrobium,bifalce,http://data.huh.harvard.edu/94bef8e1-4ab0-4eab-89b1-f1e29b3b3632/image,GBIF,Papua New Guinea,,H. Streimann,https://huh.harvard.edu/access-digital-reproductions-works-public-domain,2025-10-20 19:37:52.989280
298186,Epidendrum,hesperium,http://data.huh.harvard.edu/62ad24fb-3951-4e87-a32b-af1482a34a86/image,GBIF,,,,,2025-11-10 03:20:06.512668
271906,Pleurothallis,lenae,https://images.mobot.org/tropicosimages3/detailimages/TropicosImages2/235/B9A172E7-2053-41D5-BC40-DAD5AD42E76E.jpg,GBIF,,,,,2025-11-09 22:21:06.172229
244563,Dendrobium,jonesii,https://inaturalist-open-data.s3.amazonaws.com/photos/499025849/original.jpeg,GBIF,,,,,2025-11-09 14:01:20.047706
302367,Kefersteinia,wercklei,http://data.huh.harvard.edu/d898a18f-e0f1-44d8-89cc-7c77b807d462/image,GBIF,,,,,2025-11-10 04:20:57.437297
192016,Xerorchis,trichorhiza,https://images.mobot.org/tropicosimages4/detailimages/TropicosImagesVol4/101061000/EC9271B6-FDBF-4D2E-B2D1-2FB02AB5C1C2.jpg,GBIF,,,,,2025-11-09 01:07:26.358736
232804,Prosthechea,pachysepala,https://inaturalist-open-data.s3.amazonaws.com/photos/340974208/original.jpeg,GBIF,,,,,2025-11-09 10:57:17.362427
689,Isotria,Raf.,https://inaturalist-open-data.s3.amazonaws.com/photos/474604796/original.jpg,GBIF,United States of America,,TG,http://creativecommons.org/licenses/by-nc/4.0/,2025-10-19 08:45:38.205674
267971,Catasetum,coniforme,http://data.huh.harvard.edu/5b9f5be1-e79c-4a31-86d6-178370a6e281/image,GBIF,,,,,2025-11-09 19:38:25.791930
196023,Genoplesium,calopterum,http://mediaphoto.mnhn.fr/media/14413069644255fsyPbNzPc4YAgDg,GBIF,,,,,2025-11-09 02:04:16.582613
9618,Cymbidium,madidum,https://inaturalist-open-data.s3.amazonaws.com/photos/464688158/original.jpeg,GBIF,Australia,,Lucas Christofides,http://creativecommons.org/licenses/by/4.0/,2025-10-20 02:52:42.586695
205888,Stenoglottis,woodii Schltr.,https://inaturalist-open-data.s3.amazonaws.com/photos/256092512/original.jpg,GBIF,,,,,2025-11-09 04:25:10.268335
171455,Isochilus,amparoanus,https://inaturalist-open-data.s3.amazonaws.com/photos/71067934/original.jpeg,GBIF,El Salvador,,Nestor Herrera,,2025-11-07 17:47:32.675832
215832,Cattleya,jongheana,http://sweetgum.nybg.org/images3/2007/519/02695388.jpg,GBIF,,,,,2025-11-09 06:50:33.619934
171040,Spiranthes,sylvatica,https://inaturalist-open-data.s3.amazonaws.com/photos/499085160/original.jpeg,GBIF,United States of America,,Scott Allen Davis,,2025-11-07 16:46:38.216255
217594,Bulbophyllum,leytense,http://data.huh.harvard.edu/0bae6e8b-0548-435a-811a-d921857e97ac/image,GBIF,,,,,2025-11-09 07:16:12.142587
211322,Epidendrum,spathatum,https://inaturalist-open-data.s3.amazonaws.com/photos/483538394/original.jpg,GBIF,,,,,2025-11-09 05:46:35.149866
231339,Dendrobium,sabahense,https://inaturalist-open-data.s3.amazonaws.com/photos/99022174/original.jpeg,GBIF,,,,,2025-11-09 10:55:50.133099
279248,Pinalia,edanoana,http://data.huh.harvard.edu/eb9310ab-6fd9-484f-b324-c72143dc1958/image,GBIF,,,,,2025-11-09 22:28:14.846995
181231,Liparis,laurisilvatica,https://inaturalist-open-data.s3.amazonaws.com/photos/443154384/original.jpeg,GBIF,,,,,2025-11-08 22:32:49.068214
255219,Jumellea,maxillarioides,https://inaturalist-open-data.s3.amazonaws.com/photos/243325167/original.jpeg,GBIF,,,,,2025-11-09 16:39:07.479137
258031,Govenia,bella,http://data.huh.harvard.edu/81d98039-7b5a-437a-b77e-e53dff2d2024/image,GBIF,,,,,2025-11-09 17:14:42.843313
193041,Odontochilus,lanceolatus Lindl.,https://inaturalist-open-data.s3.amazonaws.com/photos/560799668/original.jpg,GBIF,,,,,2025-11-09 01:22:14.982697
237303,Ophrys,aegaea,https://inaturalist-open-data.s3.amazonaws.com/photos/362262469/original.jpeg,GBIF,,,,,2025-11-09 12:13:19.855742
264557,Dactylorhiza,traunsteinerioides Pugsley,https://inaturalist-open-data.s3.amazonaws.com/photos/204877122/original.jpg,GBIF,,,,,2025-11-09 18:47:06.562116
293699,Crepidium,matsudae,https://inaturalist-open-data.s3.amazonaws.com/photos/509058993/original.jpg,GBIF,,,,,2025-11-10 02:12:46.967427
244898,Cyrtochilum,macranthum,https://inaturalist-open-data.s3.amazonaws.com/photos/487702610/original.jpg,GBIF,,,,,2025-11-09 14:06:21.533217
298441,Dichaea,latifolia,https://images.mobot.org/tropicosimages4/detailimages/TropicosImagesVol4/101063000/27108395-349D-4CD4-B8D4-33D964CD6CBC.jpg,GBIF,,,,,2025-11-10 03:23:33.765631
237079,Sacoila,argentina,http://data.huh.harvard.edu/d81ea465-b4c6-459a-946b-e192c9fe1e23/image,GBIF,,,,,2025-11-09 12:08:03.646400
246207,Caladenia,saxatilis D.,https://inaturalist-open-data.s3.amazonaws.com/photos/566669217/original.jpg,GBIF,,,,,2025-11-09 14:23:33.657383
238164,Corybas,sulcatus M.,https://inaturalist-open-data.s3.amazonaws.com/photos/238791276/original.jpeg,GBIF,,,,,2025-11-09 12:29:37.831080
214991,Dendrobium,aciculare,http://data.huh.harvard.edu/3366ec62-20af-4f4c-989f-bcdde0ff33fa/image,GBIF,,,,,2025-11-09 06:37:36.553403
5245,Maxillaria,lexarzana,https://inaturalist-open-data.s3.amazonaws.com/photos/473236264/original.jpg,GBIF,Mexico,,Itzel Benavidez,http://creativecommons.org/licenses/by-nc/4.0/,2025-10-19 14:02:10.932767
278041,Platystele,posadarum,https://inaturalist-open-data.s3.amazonaws.com/photos/63192890/original.jpg,GBIF,,,,,2025-11-09 22:26:58.036149
237370,Bulbophyllum,serrulatum,https://d2jcv3kl45hlgi.cloudfront.net/3ae7a0ffde18c19507a8f39b38f87c4f.jpg,GBIF,,,,,2025-11-09 12:15:01.747123
187405,Lepanthes,avis,https://iiif-manifest.oxalis.br.fgov.be/specimen/BR0000023402539/manifest,GBIF,,,,,2025-11-09 00:02:39.242454
212054,Elleanthus,scopula,https://inaturalist-open-data.s3.amazonaws.com/photos/248921608/original.jpeg,GBIF,,,,,2025-11-09 05:57:01.067250
11082,Maxillaria,variabilis,https://images.mobot.org/tropicosimages4/detailimages/TropicosImagesVol4/101214000/459FA334-4700-42A4-B9A8-4962EF1144F5.jpg,Tropicos - Missouri Botanical Garden,,,,,2025-10-21 17:48:51.745551
185445,Oncidium,amazonicum,https://images.mobot.org/tropicosimages4/detailimages/TropicosImagesVol4/101093000/36EE0D28-3636-4671-B3E7-00876B005988.jpg,GBIF,,,,,2025-11-08 23:34:15.007949
296575,Epidendrum,chloranthum,http://jbrj-public-img.s3-sa-east-1.amazonaws.com/JPG/rb/0/93/20/82/00932082.jpg,GBIF,,,,,2025-11-10 02:58:32.720014
225416,Dendrobium,grande,http://data.huh.harvard.edu/4cde6780-eb7d-4f18-a9c2-4c1566d25fdb/image,GBIF,,,,,2025-11-09 09:07:08.393590
295434,Maxillaria,bicallosa,https://cdn.floridamuseum.ufl.edu/Herbarium/b768e69e-c534-4ff1-8309-670d80f15ac7,GBIF,,,,,2025-11-10 02:40:49.049442
298213,Corybas,macranthus Hook.f.,https://inaturalist-open-data.s3.amazonaws.com/photos/579418491/original.jpg,GBIF,,,,,2025-11-10 03:20:40.050423
295776,Chloraea,magellanica Hook.f.,https://inaturalist-open-data.s3.amazonaws.com/photos/462959891/original.jpg,GBIF,,,,,2025-11-10 02:47:25.534065
212207,Malaxis,schliebenii,https://iiif-manifest.oxalis.br.fgov.be/specimen/BR0000021838576/manifest,GBIF,,,,,2025-11-09 05:59:31.967642
214611,Erythrodes,oxyglossa Schltr.,http://data.huh.harvard.edu/535c3669-dc71-431e-93ec-431c1c75e45c/image,GBIF,,,,,2025-11-09 06:33:54.134276
248602,Stelis,purpurascens,https://inaturalist-open-data.s3.amazonaws.com/photos/112483706/original.jpg,GBIF,,,,,2025-11-09 14:59:46.279142
195428,xSerapicamptis,x,https://inaturalist-open-data.s3.amazonaws.com/photos/526657157/original.jpg,GBIF,,,,,2025-11-09 01:55:08.824483
299784,Porroglossum,tokachii,https://images.mobot.org/tropicosimages3/detailimages/Tropicos/235/0F00F592-E6A0-4A46-B0DC-2F7E25292394.jpg,GBIF,,,,,2025-11-10 03:41:56.778309
225957,Pleurothallis,giraldoi,https://inaturalist-open-data.s3.amazonaws.com/photos/173897417/original.jpg,GBIF,,,,,2025-11-09 09:10:11.756440
188472,Ypsilopus,amaniensis,https://inaturalist-open-data.s3.amazonaws.com/photos/490970919/original.jpeg,GBIF,,,,,2025-11-09 00:19:34.024459
230279,Bulbophyllum,callosum,http://mediaphoto.mnhn.fr/media/1442487793808Sn9a9ZdJC2GtDFL4,GBIF,,,,,2025-11-09 10:54:57.948651
191325,Pterostylis,lineata D.,https://inaturalist-open-data.s3.amazonaws.com/photos/572575515/original.jpg,GBIF,,,,,2025-11-09 00:56:19.895250
198898,Eulophia,chlorantha,https://inaturalist-open-data.s3.amazonaws.com/photos/15204781/original.jpg,GBIF,,,,,2025-11-09 02:52:29.095271
230640,Pinalia,flavescens,https://medialib.naturalis.nl/file/id/L.1510336/format/large,GBIF,,,,,2025-11-09 10:55:09.776588
200971,Epidendrum,cordiforme,http://data.huh.harvard.edu/8b78a668-5ead-4c66-8830-301ec0a62a80/image,GBIF,,,,,2025-11-09 03:20:46.567496
301847,Dendrobium,lituiflorum,https://inaturalist-open-data.s3.amazonaws.com/photos/364387407/original.jpg,GBIF,,,,,2025-11-10 04:14:12.526635
267250,Cyrtochilum,linguiforme,https://d2jcv3kl45hlgi.cloudfront.net/b6691a16991a608f9540661f2e452c41.jpg,GBIF,,,,,2025-11-09 19:25:05.003440
206152,Platanthera,stenantha Hook.f.,https://iiif.rbge.org.uk/herb/iiif/E00814643/manifest,GBIF,,,,,2025-11-09 04:28:20.587774
184096,Masdevallia,yungasensis,https://inaturalist-open-data.s3.amazonaws.com/photos/447932804/original.jpeg,GBIF,,,,,2025-11-08 23:15:45.088449
250149,xGymnigritella,x,http://data.huh.harvard.edu/1ab7cb42-7cdc-46c2-ba59-8cd81ab8506d/image,GBIF,,,,,2025-11-09 15:24:04.451198
218315,Zeuxine,philippinensis Ames,http://data.huh.harvard.edu/b8458e52-dfc0-432e-be4f-b2c91caa37af/image,GBIF,,,,,2025-11-09 07:27:26.285362
231367,Bonatea,antennifera Rolfe,https://inaturalist-open-data.s3.amazonaws.com/photos/482836849/original.jpeg,GBIF,,,,,2025-11-09 10:55:52.351519
198691,Habenaria,cornuta Lindl.,https://inaturalist-open-data.s3.amazonaws.com/photos/243616890/original.jpeg,GBIF,,,,,2025-11-09 02:50:14.295846
268036,Epidendrum,nocturnum,https://inaturalist-open-data.s3.amazonaws.com/photos/465200605/original.jpg,GBIF,,,,,2025-11-09 19:39:29.988213
304988,Dendrobium,macropus,https://inaturalist-open-data.s3.amazonaws.com/photos/442087771/original.jpeg,GBIF,,,,,2025-11-10 05:05:31.171068
224661,Zeuxine,strateumatica L.,https://inaturalist-open-data.s3.amazonaws.com/photos/462635620/original.jpg,GBIF,,,,,2025-11-09 09:01:18.007215
194000,Porpax,karikouyensis,https://inaturalist-open-data.s3.amazonaws.com/photos/157623907/original.jpeg,GBIF,,,,,2025-11-09 01:34:33.456239
299631,Catasetum,saccatum,https://inaturalist-open-data.s3.amazonaws.com/photos/292387261/original.jpeg,GBIF,,,,,2025-11-10 03:40:05.874974
204281,Rhipidoglossum,densiflorum,https://iiif-manifest.oxalis.br.fgov.be/specimen/BR0000005869473/manifest,GBIF,,,,,2025-11-09 04:05:19.065077
199118,Dendrobium,distichum,http://data.huh.harvard.edu/ccc44cf7-70cc-44b8-a035-1b8a6fd4f1ea/image,GBIF,,,,,2025-11-09 02:55:15.792810
273170,Rossioglossum,williamsianum,https://media01.symbiota.org/media/h_seinet/seinet/KHD/KHD00021/KHD00021175_lg.jpg,GBIF,,,,,2025-11-09 22:22:07.903673
246442,Dendrobium,forbesii,http://data.huh.harvard.edu/20a0c656-ed7d-4a57-9cfa-82b4e2db7cdf/image,GBIF,,,,,2025-11-09 14:26:35.621254
225542,Calochilus,pruinosus D.,https://inaturalist-open-data.s3.amazonaws.com/photos/327522726/original.jpeg,GBIF,,,,,2025-11-09 09:07:56.331842
278203,Pleurothallis,homalantha,https://inaturalist-open-data.s3.amazonaws.com/photos/248292602/original.jpeg,GBIF,,,,,2025-11-09 22:27:02.743118
286950,Encyclia,adenocarpa,https://inaturalist-open-data.s3.amazonaws.com/photos/481669280/original.jpeg,GBIF,,,,,2025-11-10 00:32:23.339171
288316,Prosthechea,pygmaea,https://inaturalist-open-data.s3.amazonaws.com/photos/501118817/original.jpg,GBIF,,,,,2025-11-10 00:54:12.758362
303506,Pabstiella,matinhensis,https://inaturalist-open-data.s3.amazonaws.com/photos/448446164/original.jpeg,GBIF,,,,,2025-11-10 04:40:46.753401
287282,Ophrys,ferrum-equinum Desf.,https://object.jacq.org/europeana/WU/1535256.jpg,GBIF,,,,,2025-11-10 00:35:50.381460
220308,Microcoelia,konduensis,https://medialib.naturalis.nl/file/id/WAG.1138070/format/large,GBIF,,,,,2025-11-09 07:53:06.578230
212362,Maxillaria,funicaulis,https://images.mobot.org/tropicosimages4/detailimages/TropicosImagesVol4/101227000/AF68C375-1A2B-40A2-B4C1-B523A1E05139.jpg,GBIF,,,,,2025-11-09 06:00:58.818344
247355,Prosthechea,glumacea,https://inaturalist-open-data.s3.amazonaws.com/photos/60680197/original.jpeg,GBIF,,,,,2025-11-09 14:40:11.886066
170149,Pterostylis,ectypha,https://inaturalist-open-data.s3.amazonaws.com/photos/550844538/original.jpg,GBIF,Australia,,Enrica Longo,,2025-11-07 16:43:23.894618
214115,Brownleea,macroceras Sond.,https://inaturalist-open-data.s3.amazonaws.com/photos/467810728/original.jpg,GBIF,,,,,2025-11-09 06:30:11.583799
212737,Dactylorhiza,x ruppertii,https://inaturalist-open-data.s3.amazonaws.com/photos/41263124/original.jpg,GBIF,,,,,2025-11-09 06:07:03.269445
205367,Cynorkis,anacamptoides Kraenzl.,https://inaturalist-open-data.s3.amazonaws.com/photos/470015324/original.jpg,GBIF,,,,,2025-11-09 04:18:25.602839
294363,Epidendrum,mancum,https://cdn.plantatlas.org/img/specimens/USF/26830.jpg,GBIF,,,,,2025-11-10 02:24:24.458456
179018,Corybas,rotundifolius Hook.f.,https://inaturalist-open-data.s3.amazonaws.com/photos/537849281/original.jpg,GBIF,,,,,2025-11-08 21:57:56.987692
257067,Scaphyglottis,modesta,https://inaturalist-open-data.s3.amazonaws.com/photos/275220533/original.jpeg,GBIF,,,,,2025-11-09 17:01:13.983522
209953,Masdevallia,uncifera,https://images.mobot.org/tropicosimages4/detailimages/TropicosImagesVol4/101215000/729CA505-D272-4EED-9973-C62ECB2004FE.jpg,GBIF,,,,,2025-11-09 05:26:37.123068
952,Isotria,medeoloides Pursh,https://inaturalist-open-data.s3.amazonaws.com/photos/277462959/original.jpg,GBIF,United States of America,,Josh Emm,http://creativecommons.org/licenses/by-nc/4.0/,2025-10-19 08:48:08.278206
150700,Disa,amoena H.,https://inaturalist-open-data.s3.amazonaws.com/photos/466357196/original.jpeg,GBIF,South Africa,,Frederic Melki,http://creativecommons.org/licenses/by-nc/4.0/,2025-11-06 02:29:42.652754
303433,Pinalia,chrysocardium,http://mediaphoto.mnhn.fr/media/1441306012296xoFcPWeBJZXc4pHf,GBIF,,,,,2025-11-10 04:39:12.479523
253611,Miltonia,flavescens,https://inaturalist-open-data.s3.amazonaws.com/photos/449519894/original.jpeg,GBIF,,,,,2025-11-09 16:13:53.932395
210019,Prasophyllum,regium R.,https://inaturalist-open-data.s3.amazonaws.com/photos/352903648/original.jpeg,GBIF,,,,,2025-11-09 05:27:01.174004
191985,Pleurothallis,lilijae,https://inaturalist-open-data.s3.amazonaws.com/photos/423594532/original.jpeg,GBIF,,,,,2025-11-09 01:07:18.791941
205556,Maxillaria,falcata,https://images.mobot.org/tropicosimages4/detailimages/TropicosImagesVol4/101215000/B4CF3A6A-85A2-4EAE-B1F1-C1219EF6221A.jpg,GBIF,,,,,2025-11-09 04:20:00.483045
219640,Platanthera,elegans ssp.,https://inaturalist-open-data.s3.amazonaws.com/photos/533710337/original.jpg,GBIF,,,,,2025-11-09 07:44:46.835802
295089,Anathallis,angustilabia,http://data.huh.harvard.edu/712eb6e5-6c40-492a-a0e2-61d5d38547c2/image,GBIF,,,,,2025-11-10 02:36:58.256582
228290,Bulbophyllum,humblotii,https://inaturalist-open-data.s3.amazonaws.com/photos/2665422/original.JPG,GBIF,,,,,2025-11-09 10:53:50.091302
296444,Dendrobium,roseatum,"https://iiif.rbge.org.uk/herb/iiif/E01297224/full/300,/0/default.jpg",GBIF,,,,,2025-11-10 02:55:14.640516
274573,Caladenia,denticulata ssp.,https://inaturalist-open-data.s3.amazonaws.com/photos/294646962/original.jpg,GBIF,,,,,2025-11-09 22:23:45.161720
212900,Eria,genuflexa,https://medialib.naturalis.nl/file/id/L.1511205/format/large,GBIF,,,,,2025-11-09 06:10:29.913356
242599,Microchilus,hirtellus Sw.,https://inaturalist-open-data.s3.amazonaws.com/photos/258615566/original.jpg,GBIF,,,,,2025-11-09 13:33:57.868159
235918,Diuris,ochroma D.,https://inaturalist-open-data.s3.amazonaws.com/photos/452969196/large.jpeg,iNaturalist,AU,,,,2025-11-09 11:26:35.096174
289211,Platanthera,grandiflora Bigelow,https://inaturalist-open-data.s3.amazonaws.com/photos/524704403/original.jpg,GBIF,,,,,2025-11-10 01:09:32.334596
189990,Epidendrum,stamfordianum,https://inaturalist-open-data.s3.amazonaws.com/photos/471502712/original.jpg,GBIF,,,,,2025-11-09 00:37:10.511074
252868,Spiranthes,x,https://inaturalist-open-data.s3.amazonaws.com/photos/576683231/original.jpg,GBIF,,,,,2025-11-09 16:02:40.598788
277784,Gavilea,venosa Lam.,https://bs.plantnet.org/image/o/a1dbcfa98ea41bca67886bb52343e6ec64897569,GBIF,,,,,2025-11-09 22:26:51.111809
201453,Eulophia,schweinfurthii,https://inaturalist-open-data.s3.amazonaws.com/photos/452281806/original.jpeg,GBIF,,,,,2025-11-09 03:27:07.953768
179259,Ponthieva,mandonii Rchb.f.,https://inaturalist-open-data.s3.amazonaws.com/photos/286641656/original.jpeg,GBIF,,,,,2025-11-08 22:02:10.619153
264858,Pterostylis,roensis M.,https://inaturalist-open-data.s3.amazonaws.com/photos/297966340/original.jpg,GBIF,,,,,2025-11-09 18:50:16.749696
209417,Coelogyne,radicosa,https://inaturalist-open-data.s3.amazonaws.com/photos/580559326/original.jpg,GBIF,,,,,2025-11-09 05:18:01.817994
251836,Pomatocalpa,kunstleri,https://medialib.naturalis.nl/file/id/L.1525645/format/large,GBIF,,,,,2025-11-09 15:47:12.362737
174737,Caladenia,heberleana Hopper,https://inaturalist-open-data.s3.amazonaws.com/photos/429306577/original.jpeg,GBIF,,,,,2025-11-08 20:55:26.931353
7756,Dendrobium,lunatum,https://medialib.naturalis.nl/file/id/L.1502509/format/large,GBIF,Philippines,,Ledesma D,http://creativecommons.org/publicdomain/zero/1.0/,2025-10-20 01:52:17.844115
224012,Scaphyglottis,pulchella,http://data.huh.harvard.edu/58423bae-8c95-485b-a8b8-1d4da29b7314/image,GBIF,,,,,2025-11-09 08:51:46.982414
243258,Gomesa,pulchella,https://oxalis.br.fgov.be/images/BR0/000/006/584/849/BR0000006584849.jpg,GBIF,,,,,2025-11-09 13:43:36.800497
143479,Vanilla,somae Hayata,https://inaturalist-open-data.s3.amazonaws.com/photos/474254076/original.jpg,GBIF,Chinese Taipei,,wushengcheng,http://creativecommons.org/licenses/by-nc/4.0/,2025-11-06 01:39:16.572703
209027,Caladenia,pachychila Hopper,https://inaturalist-open-data.s3.amazonaws.com/photos/568128987/original.jpg,GBIF,,,,,2025-11-09 05:12:29.342974
2036,Phragmipedium,longifolium Warsz.,https://inaturalist-open-data.s3.amazonaws.com/photos/445928909/original.jpeg,GBIF,Costa Rica,,Ria Jarquin-Lewis,http://creativecommons.org/licenses/by-nc/4.0/,2025-10-19 13:04:46.333041
205589,Roeperocharis,wentzeliana Kraenzl.,http://www.westafricanplants.senckenberg.de/images/pictures/roeperocharis_wentzeliana_ms_26343699-40899363_10126_fa1521.jpg,GBIF,,,,,2025-11-09 04:20:40.806572
303830,Eulophia,bolusii,https://inaturalist-open-data.s3.amazonaws.com/photos/549356071/original.jpg,GBIF,,,,,2025-11-10 04:46:36.583570
7441,Oncidium,sphacelatum,https://inaturalist-open-data.s3.amazonaws.com/photos/137439403/original.jpeg,GBIF,Guatemala,,Ricard Busquets Reverte,http://creativecommons.org/licenses/by/4.0/,2025-10-20 01:45:05.419973
234233,Cynorkis,ridleyi T.,https://inaturalist-open-data.s3.amazonaws.com/photos/477853701/original.jpeg,GBIF,,,,,2025-11-09 10:58:41.589773
233063,Masdevallia,polychroma,https://images.mobot.org/tropicosimages3/detailimages/Tropicos/235/35651A1D-7807-426B-B1C4-42900EDD9AD9.jpg,GBIF,,,,,2025-11-09 10:57:29.819009
3883,Vanda,species,https://inaturalist-open-data.s3.amazonaws.com/photos/401451016/original.jpeg,GBIF,Chinese Taipei,,曾昱承 Yu-Cheng Zeng,http://creativecommons.org/licenses/by/4.0/,2025-10-19 13:58:11.428304
171479,Cynorkis,baronii Rolfe,https://inaturalist-open-data.s3.amazonaws.com/photos/109845892/original.jpeg,GBIF,Madagascar,,kenbehrens,,2025-11-07 17:47:33.515727
245523,Platanthera,x keenanii,https://quod.lib.umich.edu/cgi/i/image/api/image/herb00ic:1648057:MICH-V-1648057_2/full/res:0/0/native.jpg,GBIF,,,,,2025-11-09 14:14:01.958266
212965,Atopoglossum,ekmanii,http://data.huh.harvard.edu/5686d32e-d74f-441b-ad13-20f24ddd80f0/image,GBIF,,,,,2025-11-09 06:12:12.858887
229712,Epidendrum,parviflorum,https://inaturalist-open-data.s3.amazonaws.com/photos/60732808/original.jpeg,GBIF,,,,,2025-11-09 10:54:27.631228
125681,Epidendrum,bracteosum,https://images.mobot.org/tropicosimages4/detailimages/TropicosImagesVol4/101079000/2333BCFF-0D13-4DB5-B2F7-C5C8B7276BBC.jpg,GBIF,Costa Rica,"San José-Cartago, Cordillera de Talamanca, Cerros Cuericí, Parque Nacional Chirripó, continental divide.",Gerrit Davidse,http://creativecommons.org/licenses/by-nc-sa/3.0/,2025-11-05 20:14:37.784500
258806,Porphyrostachys,parviflora C.,http://sweetgum.nybg.org/images3/3557/243/00981520.jpg,GBIF,,,,,2025-11-09 17:25:47.883774
6627,Maxillaria,luteoalba,https://cdn.floridamuseum.ufl.edu/Herbarium/688225b7-3d54-472a-a227-fc470affb526,GBIF,Panama,,Robin Foster;Helen Kennedy,http://creativecommons.org/licenses/by-nc/4.0/,2025-10-20 01:27:19.961656
208667,Coelogyne,yuccifolia,https://medialib.naturalis.nl/file/id/L.1507490/format/large,GBIF,,,,,2025-11-09 05:06:08.029928
298278,Caladenia,stellata D.,https://inaturalist-open-data.s3.amazonaws.com/photos/425835405/original.jpeg,GBIF,,,,,2025-11-10 03:20:55.589693
205836,Pleurothallis,alvaroi,https://images.mobot.org/tropicosimages4/detailimages/TropicosImagesVol4/101273000/AFD93F62-4BE5-416F-8321-58C99E4000E0.jpg,GBIF,,,,,2025-11-09 04:24:22.006950
227824,Dendrobium,koordersii,https://medialib.naturalis.nl/file/id/L0059510_MLN/format/large,GBIF,,,,,2025-11-09 10:53:14.933645
213724,Brachycorythis,galeandra Rchb.f.,https://medialib.naturalis.nl/file/id/L.1487621/format/large,GBIF,,,,,2025-11-09 06:25:33.253053
230606,Oestlundia,ligulata,https://inaturalist-open-data.s3.amazonaws.com/photos/362438449/original.jpeg,GBIF,,,,,2025-11-09 10:55:09.496794
170254,Spathoglottis,parviflora,https://inaturalist-open-data.s3.amazonaws.com/photos/398472423/original.jpeg,GBIF,Papua New Guinea,,Isaac,,2025-11-07 16:43:41.747224
262732,Cynorkis,elata Rolfe,https://inaturalist-open-data.s3.amazonaws.com/photos/57949234/original.jpg,GBIF,,,,,2025-11-09 18:18:34.210954
258570,Masdevallia,infracta,https://inaturalist-open-data.s3.amazonaws.com/photos/251690779/original.jpeg,GBIF,,,,,2025-11-09 17:23:01.992501
193789,Hemipilia,alpestris Fukuy.,https://inaturalist-open-data.s3.amazonaws.com/photos/521171759/original.jpg,GBIF,,,,,2025-11-09 01:32:17.560330
207046,Corybas,hatchii Lehnebach,https://inaturalist-open-data.s3.amazonaws.com/photos/543528805/original.jpg,GBIF,,,,,2025-11-09 04:41:09.060324
278374,Habenaria,lankesteri Ames,https://image.bgbm.org/images/internal/HerbarThumbs/B101139328_1700,GBIF,,,,,2025-11-09 22:27:11.685566
302654,Aerangis,hologlottis,https://d2jcv3kl45hlgi.cloudfront.net/3cbe70f68bdd7d9a694e5ccf60a23ff5.jpg,GBIF,,,,,2025-11-10 04:25:42.673617
250804,Pachyplectron,aphyllum T.,https://inaturalist-open-data.s3.amazonaws.com/photos/436441095/original.jpeg,GBIF,,,,,2025-11-09 15:33:03.962920
168065,Epidendrum,viridipurpureum,http://sweetgum.nybg.org/images3/3517/286/00418438.jpg,GBIF,Brazil,,P. K. H. Dusén,,2025-11-07 07:52:14.518153
205829,Stanhopea,ruckeri,https://inaturalist-open-data.s3.amazonaws.com/photos/82210799/original.jpeg,GBIF,,,,,2025-11-09 04:24:06.557556
181945,Dendrobium,crispilinguum,https://medialib.naturalis.nl/file/id/L.1498027/format/large,GBIF,,,,,2025-11-08 22:42:11.341949
260761,Ophrys,x sommieri,https://inaturalist-open-data.s3.amazonaws.com/photos/475501593/original.jpg,GBIF,,,,,2025-11-09 17:53:42.892970
302114,Dendrobium,lanceolatum,https://inaturalist-open-data.s3.amazonaws.com/photos/238618900/original.jpeg,GBIF,,,,,2025-11-10 04:16:36.043898
281963,Habenaria,glaucophylla Barb.,http://mediaphoto.mnhn.fr/media/1442627370176OZvBQRH7riVqaM1s,GBIF,,,,,2025-11-09 23:30:03.135113
227413,Homalopetalum,kienastii,https://inaturalist-open-data.s3.amazonaws.com/photos/176059855/original.jpg,GBIF,,,,,2025-11-09 10:52:58.284587
288538,Calochilus,grandiflorus Benth.,https://inaturalist-open-data.s3.amazonaws.com/photos/338459136/original.jpg,GBIF,,,,,2025-11-10 00:58:41.863843
11216,Epidendrum,eburneum,https://images.mobot.org/tropicosimages4/detailimages/TropicosImagesVol4/101100000/B02E9A50-A740-442C-BA66-91AE775A858C.jpg,Tropicos - Missouri Botanical Garden,,,,,2025-10-21 17:53:27.337832
271909,Dendrobium,bostrychodes,https://medialib.naturalis.nl/file/id/L0059570_MLN/format/large,GBIF,,,,,2025-11-09 22:21:06.421711
1215,Cypripedium,parviflorum Salisb.,https://inaturalist-open-data.s3.amazonaws.com/photos/508883055/original.jpg,GBIF,United States of America,,Alex Karasoulos,http://creativecommons.org/licenses/by/4.0/,2025-10-19 11:18:59.413928
236511,Bulbophyllum,nigritianum,https://images.mobot.org/tropicosimages3/detailimages/TropicosImageVol3/100620000/FD1FD48E-FAD8-488F-80A1-17E3E24DA17B.jpg,GBIF,,,,,2025-11-09 11:43:39.901219
248873,Spiculaea,ciliata Lindl.,https://inaturalist-open-data.s3.amazonaws.com/photos/431484972/original.jpeg,GBIF,,,,,2025-11-09 15:02:09.073788
205108,Bulbophyllum,ignevenosum,http://mediaphoto.mnhn.fr/media/1443081560051jPZIiKQF8zg3Kjr7,GBIF,,,,,2025-11-09 04:15:22.992439
306875,Habenaria,petalodes Lindl.,https://inaturalist-open-data.s3.amazonaws.com/photos/550848321/original.jpg,GBIF,,,,,2025-11-10 05:26:35.510365
265705,Peristylus,richardianus Wight,https://d2jcv3kl45hlgi.cloudfront.net/b35b7e17bb8dc1abbd25738a8b855b7b.jpg,GBIF,,,,,2025-11-09 19:02:19.243360
292162,Masdevallia,calura,https://oxalis.br.fgov.be/images/BR0/000/033/167/077/BR0000033167077.jpg,GBIF,,,,,2025-11-10 01:51:05.245825
286865,Podochilus,australiensis,https://inaturalist-open-data.s3.amazonaws.com/photos/474652110/original.jpg,GBIF,,,,,2025-11-10 00:30:32.847082
182272,Dendrobium,baeuerlenii,https://medialib.naturalis.nl/file/id/L.1497300/format/large,GBIF,,,,,2025-11-08 22:46:01.456232
293447,Satyrium,retusum Lindl.,https://inaturalist-open-data.s3.amazonaws.com/photos/182702693/original.jpeg,GBIF,,,,,2025-11-10 02:08:32.840308
306251,Encyclia,oxypetala,http://sweetgum.nybg.org/images3/140/748/v-066-00056611.jpg,GBIF,,,,,2025-11-10 05:19:17.586951
214826,Ophrys,x koseciorum,https://inaturalist-open-data.s3.amazonaws.com/photos/476261132/original.jpg,GBIF,,,,,2025-11-09 06:36:09.443460
223628,Liparis,nokoensis,https://inaturalist-open-data.s3.amazonaws.com/photos/463925810/original.jpg,GBIF,,,,,2025-11-09 08:44:47.477388
218135,Jumellea,triquetra,https://inaturalist-open-data.s3.amazonaws.com/photos/452760613/original.jpg,GBIF,,,,,2025-11-09 07:23:36.390246
249271,Prosthechea,hastata,http://fm-digital-assets.fieldmuseum.org/990/047/ORCH_pros_hast_1455443.jpg,GBIF,,,,,2025-11-09 15:11:39.281251
262123,Thelymitra,carnea R.,https://inaturalist-open-data.s3.amazonaws.com/photos/566649583/original.jpg,GBIF,,,,,2025-11-09 18:10:07.445201
267880,Bulbophyllum,ivorense,http://mediaphoto.mnhn.fr/media/1442454051676KCnsaOr2D4RGLzK9,GBIF,,,,,2025-11-09 19:37:30.497744
6821,Epidendrum,thurstonorum,https://images.mobot.org/tropicosimages4/detailimages/TropicosImagesVol4/101057000/F054D483-E7FF-4C5A-814A-FBCD33E779B5.jpg,GBIF,Panama,,Gordon McPherson,http://creativecommons.org/licenses/by-nc-sa/3.0/,2025-10-20 01:38:48.876483
192481,Jumellea,anjouanensis,http://mediaphoto.mnhn.fr/media/1464697711464K6ZXfvM4ruXXXKA2,GBIF,,,,,2025-11-09 01:12:44.368834
218946,Trichocentrum,cepula,https://inaturalist-open-data.s3.amazonaws.com/photos/221078000/original.jpg,GBIF,,,,,2025-11-09 07:34:58.842141
273468,Neottia,convallarioides,https://inaturalist-open-data.s3.amazonaws.com/photos/518991362/original.jpg,GBIF,,,,,2025-11-09 22:22:22.959732
263291,Andreettaea,sibatensis,http://data.huh.harvard.edu/6206f6e8-f029-4377-b3dc-4792e13117ba/image,GBIF,,,,,2025-11-09 18:24:31.556341
154428,Disa,procera H.,https://inaturalist-open-data.s3.amazonaws.com/photos/375198960/original.jpg,GBIF,South Africa,,Donovan Kirkwood,http://creativecommons.org/licenses/by-nc/4.0/,2025-11-06 02:44:56.776937
265499,Aerangis,citrata,https://inaturalist-open-data.s3.amazonaws.com/photos/436798773/original.jpeg,GBIF,,,,,2025-11-09 18:58:13.796923
211576,Epidendrum,guanacasense,http://sweetgum.nybg.org/images3/3517/770/01045733.jpg,GBIF,,,,,2025-11-09 05:50:16.349819
2515,Maxillaria,variabilis,https://inaturalist-open-data.s3.amazonaws.com/photos/340842086/original.jpeg,GBIF,Mexico,,Luis Humberto Vicente-Rivera,http://creativecommons.org/licenses/by-nc/4.0/,2025-10-19 13:53:26.328101
213584,Fernandezia,nubivaga,http://sweetgum.nybg.org/images3/3565/692/04111004.jpg,GBIF,,,,,2025-11-09 06:23:02.484888
231833,Spiranthes,australis,https://inaturalist-open-data.s3.amazonaws.com/photos/462808992/original.jpeg,GBIF,,,,,2025-11-09 10:56:25.925793
219890,Sobralia,ruckeri,https://inaturalist-open-data.s3.amazonaws.com/photos/358301893/original.jpeg,GBIF,,,,,2025-11-09 07:47:09.827321
221623,Pleurothallis,asplundii,https://media-service.nrm.se/images?dataset=fbo&id=large/S-R-004001/S-R-4950.jpg,GBIF,,,,,2025-11-09 08:14:45.694239
166258,Habenaria,pabstii,http://jbrj-public-img.s3-sa-east-1.amazonaws.com/JPG/rb/0/25/76/26/00257626.jpg,GBIF,Brazil,,,,2025-11-07 03:10:53.817140
290558,Liparis,delicatula,https://d2jcv3kl45hlgi.cloudfront.net/6ada9323d2e8ac178535e3773005ad14.jpg,GBIF,,,,,2025-11-10 01:30:01.476338
303672,Epidendrum,blepharistes,https://inaturalist-open-data.s3.amazonaws.com/photos/487352608/original.jpeg,GBIF,,,,,2025-11-10 04:43:25.729088
6347,Epidendrum,nervosiflorum,http://data.huh.harvard.edu/3884eef3-46cb-49b0-9af0-9d4166e40167/image,GBIF,Costa Rica,,C. H. Lankester,https://huh.harvard.edu/access-digital-reproductions-works-public-domain,2025-10-20 01:19:32.877676
265468,Phreatia,elata,https://medialib.naturalis.nl/file/id/L.1527771/format/large,GBIF,,,,,2025-11-09 18:58:05.762991
180606,Fernandezia,crystallina,https://inaturalist-open-data.s3.amazonaws.com/photos/469218497/original.jpeg,GBIF,,,,,2025-11-08 22:22:14.912644
204954,Encyclia,mapuerae,https://inaturalist-open-data.s3.amazonaws.com/photos/571064252/original.jpg,GBIF,,,,,2025-11-09 04:13:24.358198
257752,Porpax,braccata,https://inaturalist-open-data.s3.amazonaws.com/photos/42156454/original.jpeg,GBIF,,,,,2025-11-09 17:10:04.886373
295858,Cyrtopodium,lamellaticallosum,https://inaturalist-open-data.s3.amazonaws.com/photos/489370729/original.jpg,GBIF,,,,,2025-11-10 02:47:56.935777
286551,Epidendrum,macrum,https://media-service.nrm.se/images?dataset=fbo&id=large/S07-007001/S07-7114.jpg,GBIF,,,,,2025-11-10 00:27:30.294665
3572,Epidendrum,nocturnum,https://inaturalist-open-data.s3.amazonaws.com/photos/448959048/original.jpeg,GBIF,United States of America,,Thane Pratt,http://creativecommons.org/licenses/by-nc/4.0/,2025-10-19 13:56:57.310196
247270,Pecteilis,gigantea Sm.,https://inaturalist-open-data.s3.amazonaws.com/photos/571506045/original.jpg,GBIF,,,,,2025-11-09 14:39:24.329756
168744,Cyrtorchis,ringens,https://images.mobot.org/tropicosimages3/detailimages/TropicosImageVol3/100805000/1AE741D3-76E5-4436-B7B9-211BB9DC59B3.jpg,GBIF,Guinea,,Tariq Stévart|Ehoarn Bidault|Thomas Williams|Lamah Kokoly|David Bilivogui,,2025-11-07 16:37:47.195086
294807,Coelogyne,glumacea,https://medialib.naturalis.nl/file/id/L.1508010/format/large,GBIF,,,,,2025-11-10 02:32:12.774409
292090,Catasetum,x,http://data.huh.harvard.edu/8dce224a-42bf-4c37-bb39-96753a2e0a42/image,GBIF,,,,,2025-11-10 01:50:32.905292
215772,Thelyschista,ghillanyi,http://rb.jbrj.gov.br/v2/templaterb2.php?colbot=RB&codtestemunho=573578&arquivo=00573578.jpg,GBIF,,,,,2025-11-09 06:49:45.990672
174006,Dendrobium,jenkinsii,https://drive.google.com/uc?export=view&id=1iON2dyhPc6a32q_PhQEwgVwKRoEphrpd,Chris Howard Collection,,,,Private Collection,2025-11-08 07:15:27.583007
251680,Cryptochilus,strictus,https://iiif.rbge.org.uk/herb/iiif/E00050460/manifest,GBIF,,,,,2025-11-09 15:45:12.563580
290256,Lyroglossa,grisebachii,https://d2jcv3kl45hlgi.cloudfront.net/70f78208a49e63854fcf4fba2180b2dc.jpg,GBIF,,,,,2025-11-10 01:25:16.941142
248481,Bulbophyllum,pipio,http://riha.african-herbaria.org/img/parts/UCJ/UCJ013573.jpg,GBIF,,,,,2025-11-09 14:57:31.087131
280092,Sobralia,macdougallii,https://inaturalist-open-data.s3.amazonaws.com/photos/269204182/original.jpeg,GBIF,,,,,2025-11-09 22:38:09.964596
278290,Ophrys,x pseudofusca,https://inaturalist-open-data.s3.amazonaws.com/photos/381460892/original.jpeg,GBIF,,,,,2025-11-09 22:27:06.857445
214218,Anacamptis,papilionacea ssp.,https://inaturalist-open-data.s3.amazonaws.com/photos/486387016/original.jpeg,GBIF,,,,,2025-11-09 06:30:42.875598
197582,Pterostylis,agathicola D.,https://inaturalist-open-data.s3.amazonaws.com/photos/540094481/original.jpg,GBIF,,,,,2025-11-09 02:29:22.826145
253165,Ophrys,lesbis,https://inaturalist-open-data.s3.amazonaws.com/photos/363754777/original.jpg,GBIF,,,,,2025-11-09 16:06:54.332395
260906,Taeniophyllum,latipetalum,"https://iiif.rbge.org.uk/herb/iiif/E00033023/full/1600,/0/default.jpg",GBIF,,,,,2025-11-09 17:55:33.658892
292841,Bulbophyllum,leandrianum,https://inaturalist-open-data.s3.amazonaws.com/photos/349325079/original.jpeg,GBIF,,,,,2025-11-10 02:00:12.419633
302801,Dendrobium,cruentum,http://data.huh.harvard.edu/819981de-0755-48f3-bbdd-fd38d0168ad5/image,GBIF,,,,,2025-11-10 04:28:13.903337
3658,Epidendrum,nocturnum,https://inaturalist-open-data.s3.amazonaws.com/photos/286692862/original.jpg,GBIF,United States of America,,Andres Vila,http://creativecommons.org/licenses/by-nc/4.0/,2025-10-19 13:56:57.310196
236031,Cynorkis,calcarata Thouars,http://mediaphoto.mnhn.fr/media/1441323740579W107Nj8JKrQO42zU,GBIF,,,,,2025-11-09 11:29:09.885407
229973,Dendrobium,basilanense,http://data.huh.harvard.edu/3bdaeed1-9d12-46a6-977a-4cebb6884437/image,GBIF,,,,,2025-11-09 10:54:39.053905
192298,Serapias,vomeracea Burm.f.,https://bs.plantnet.org/image/o/2824eb18aaaf9e3a70845f2cf246c588ae400bf0,GBIF,,,,,2025-11-09 01:10:21.058485
147552,Disperis,bolusiana ssp.,https://inaturalist-open-data.s3.amazonaws.com/photos/442252494/original.jpeg,GBIF,South Africa,,Corrie du Toit,http://creativecommons.org/licenses/by-nc/4.0/,2025-11-06 02:10:31.955430
205514,Trichocentrum,pulchrum,https://inaturalist-open-data.s3.amazonaws.com/photos/484426238/original.jpeg,GBIF,,,,,2025-11-09 04:19:52.640320
235914,Orchis,x loreziana,https://inaturalist-open-data.s3.amazonaws.com/photos/449982697/large.jpeg,iNaturalist,France,,,,2025-11-09 11:26:34.926104
182983,Gastrodia,celebica,https://inaturalist-open-data.s3.amazonaws.com/photos/554181780/original.jpg,GBIF,,,,,2025-11-08 22:56:59.422730
214029,Epipactis,muelleri,https://observation.org/photos/117914819.jpg,GBIF,,,,,2025-11-09 06:29:15.766675
195974,Preptanthe,cardioglossa,https://medialib.naturalis.nl/file/id/L.4485660/format/large,GBIF,,,,,2025-11-09 02:03:13.123193
187734,Pterostylis,arfakensis,https://iiif-manifest.oxalis.br.fgov.be/specimen/BR0000032863550/manifest,GBIF,,,,,2025-11-09 00:08:21.266853
9498,Bulbophyllum,melanoglossum,https://inaturalist-open-data.s3.amazonaws.com/photos/262194488/original.jpeg,GBIF,Chinese Taipei,,benny-lin,http://creativecommons.org/licenses/by-nc/4.0/,2025-10-20 02:37:15.377357
247035,Epidendrum,leopardihamatum,https://inaturalist-open-data.s3.amazonaws.com/photos/193906266/original.jpeg,GBIF,,,,,2025-11-09 14:34:06.825015
224408,Glomera,latipetala,http://data.huh.harvard.edu/c0f2a055-05a8-4417-91de-b73f3f48022b/image,GBIF,,,,,2025-11-09 08:57:36.345077
209885,Cleisostoma,suffusum,https://medialib.naturalis.nl/file/id/L.4172213/format/large,GBIF,,,,,2025-11-09 05:25:33.370380
172068,Coelogyne,strongiae,https://medialib.naturalis.nl/file/id/L.1507737/format/large,GBIF,Malaysia,,Vogel EF de; Huisman J; Vermeulen JJ; Welzen PC van,,2025-11-07 18:07:02.271059
302725,Cranichis,muscosa Sw.,https://inaturalist-open-data.s3.amazonaws.com/photos/463616796/original.jpg,GBIF,,,,,2025-11-10 04:26:30.853742
197234,Genoplesium,geminatum M.,https://inaturalist-open-data.s3.amazonaws.com/photos/476169556/original.jpg,GBIF,,,,,2025-11-09 02:22:46.532595
223929,Glomera,confusa,https://medialib.naturalis.nl/file/id/L.1521059/format/large,GBIF,,,,,2025-11-09 08:50:19.923895
281208,Liparis,arnoglossophylla,https://inaturalist-open-data.s3.amazonaws.com/photos/262514738/original.jpg,GBIF,,,,,2025-11-09 23:07:28.078555
259711,Ponthieva,sylvicola Rchb.f.,http://data.huh.harvard.edu/57880d4a-6509-4032-872d-c0f7f6e98705/image,GBIF,,,,,2025-11-09 17:40:20.617916
238449,Pabstiella,ephemera,https://d2jcv3kl45hlgi.cloudfront.net/7564967d9f09589d28069e30c03fca00.jpg,GBIF,,,,,2025-11-09 12:46:20.393453
3024,Cattleya,species,https://inaturalist-open-data.s3.amazonaws.com/photos/513001895/original.jpg,GBIF,Brazil,,MarcosHalemFelix,http://creativecommons.org/licenses/by-nc/4.0/,2025-10-19 13:54:41.507695
264231,Brassavola,flagellaris,https://cdn.plantatlas.org/img/specimens/USF/25615.jpg,GBIF,,,,,2025-11-09 18:39:35.524416
148662,Disperis,nitida Summerh.,https://images.mobot.org/tropicosimages3/detailimages/TropicosImageVol3/100445000/D1A7AD80-CAD3-40EE-972C-C60CDC972DC6.jpg,GBIF,Cameroon,,Vincent Droissart|Gyslène Kamdem|Pierre Ploton,http://creativecommons.org/licenses/by-nc-nd/3.0/,2025-11-06 02:19:08.908124
11565,Cattleya,labiata,https://images.mobot.org/tropicosimages4/detailimages/TropicosImagesVol4/101084000/19949F10-E42C-4359-ABC0-80C9FDED5A75.jpg,Tropicos - Missouri Botanical Garden,,,,,2025-10-21 17:58:55.247924
10053,Dendrobium,monophyllum,https://inaturalist-open-data.s3.amazonaws.com/photos/476667980/original.jpeg,GBIF,Australia,,Tina Raveneau,http://creativecommons.org/licenses/by-nc/4.0/,2025-10-20 19:40:33.301924
3180,Cattleya,species,https://inaturalist-open-data.s3.amazonaws.com/photos/377779157/original.jpeg,GBIF,Brazil,,paprocki,http://creativecommons.org/licenses/by-nc/4.0/,2025-10-19 13:54:41.507695
267392,Epidendrum,coryophorum,https://inaturalist-open-data.s3.amazonaws.com/photos/507495272/original.jpg,GBIF,,,,,2025-11-09 19:28:55.086017
202542,Campylocentrum,itatiaiae,http://jbrj-public-img.s3-sa-east-1.amazonaws.com/JPG/rb/0/24/71/9/00247109.jpg,GBIF,,,,,2025-11-09 03:42:10.369057
175236,Eulophia,gonychila,https://inaturalist-open-data.s3.amazonaws.com/photos/336711016/original.jpeg,GBIF,,,,,2025-11-08 21:05:29.877311
269270,Eurychone,rothschildiana,https://medialib.naturalis.nl/file/id/WAG.1962039/format/large,GBIF,,,,,2025-11-09 19:53:07.647303
233286,Caladenia,decora,https://inaturalist-open-data.s3.amazonaws.com/photos/570494953/original.jpg,GBIF,,,,,2025-11-09 10:57:44.709447
211510,Appendicula,alba,https://medialib.naturalis.nl/file/id/AMD.93251/format/large,GBIF,,,,,2025-11-09 05:49:28.764565
265828,Polystachya,anceps,https://d2seqvvyy3b8p2.cloudfront.net/e9ce32756414d4280fd106ac14f54715.jpg,GBIF,,,,,2025-11-09 19:03:15.371497
264492,Dracula,severa,https://images.mobot.org/tropicosimages4/detailimages/TropicosImagesVol4/101087000/4784A23E-E117-44C6-8F77-087D6AB72903.jpg,GBIF,,,,,2025-11-09 18:46:17.860219
268435,Habenaria,fluminensis Hoehne,https://inaturalist-open-data.s3.amazonaws.com/photos/420590471/original.jpeg,GBIF,,,,,2025-11-09 19:45:33.829252
208936,Eulophia,suzannae,https://iiif-manifest.oxalis.br.fgov.be/specimen/BR0000009976047/manifest,GBIF,,,,,2025-11-09 05:09:50.267284
216416,Pteroglossa,rhombipetala,http://data.huh.harvard.edu/7650c97f-2c4f-4017-a87b-851d083b2600/image,GBIF,,,,,2025-11-09 07:00:11.491742
198054,Gomesa,nitida,http://jbrj-public.s3.amazonaws.com/fsi/server?type=image&source=DZI/alcb/alcb/0/0/76/94/alcb00007694_1.dzi,GBIF,,,,,2025-11-09 02:37:33.718308
189919,Satyrium,neglectum,https://data.nhm.ac.uk/media/91757891-eb66-4c61-9138-b26f19f0f3c9,GBIF,,,,,2025-11-09 00:35:42.145480
229882,Masdevallia,pumila,https://images.mobot.org/tropicosimages4/detailimages/TropicosImagesVol4/101210000/7CE008DF-D6F5-426C-8F0B-54B58170A09C.jpg,GBIF,,,,,2025-11-09 10:54:36.481213
204121,Caladenia,anthracina D.,https://inaturalist-open-data.s3.amazonaws.com/photos/165092896/original.jpeg,GBIF,,,,,2025-11-09 04:03:35.324423
267043,Macroclinium,wullschlaegelianum,https://images.mobot.org/tropicosimages3/detailimages/TropicosImageVol3/100377000/112AA2CE-11E9-4955-B55A-A8977E6A13FB.jpg,GBIF,,,,,2025-11-09 19:22:49.572328
153672,Disa,nivea H.,https://inaturalist-open-data.s3.amazonaws.com/photos/428526171/original.jpeg,GBIF,Lesotho,,ruthcozien,http://creativecommons.org/licenses/by-nc/4.0/,2025-11-06 02:42:20.581078
4688,Oncidium,flexuosum,https://inaturalist-open-data.s3.amazonaws.com/photos/461474546/original.jpg,GBIF,South Africa,,Luke Goddard,http://creativecommons.org/licenses/by-nc/4.0/,2025-10-19 13:59:45.892208
233033,Satyrium,coriifolium Sw.,https://inaturalist-open-data.s3.amazonaws.com/photos/524957406/original.jpg,GBIF,,,,,2025-11-09 10:57:28.747612
251915,Dactylorhiza,majalis ssp.,https://inaturalist-open-data.s3.amazonaws.com/photos/521275221/original.jpg,GBIF,,,,,2025-11-09 15:48:15.687826
248975,Pleurothallis,troglodytes,https://inaturalist-open-data.s3.amazonaws.com/photos/158192563/original.jpeg,GBIF,,,,,2025-11-09 15:04:47.179652
244022,Disa,tenella ssp.,https://inaturalist-open-data.s3.amazonaws.com/photos/561933156/original.jpg,GBIF,,,,,2025-11-09 13:52:44.631791
212586,Phymatidium,hysteranthum,https://oxalis.br.fgov.be/images/BR0/000/032/852/141/BR0000032852141.jpg,GBIF,,,,,2025-11-09 06:05:04.797528
178100,Habenaria,papyracea Schltr.,http://mediaphoto.mnhn.fr/media/1442452458124tmWAa7mHqDvWLHKQ,GBIF,,,,,2025-11-08 21:45:55.670622
230443,Cyrtopodium,vernum,https://inaturalist-open-data.s3.amazonaws.com/photos/582087374/original.jpg,GBIF,,,,,2025-11-09 10:55:04.943981
228440,Agrostophyllum,sumatranum,https://quod.lib.umich.edu/cgi/i/image/api/image/herb00ic:1646726:MICH-V-1646726/full/res:0/0/native.jpg,GBIF,,,,,2025-11-09 10:53:53.932627
304357,Maxillaria,aciantha,https://inaturalist-open-data.s3.amazonaws.com/photos/167903962/original.jpeg,GBIF,,,,,2025-11-10 04:53:53.418239
196803,Lockhartia,micrantha,https://inaturalist-open-data.s3.amazonaws.com/photos/463862393/original.jpg,GBIF,,,,,2025-11-09 02:16:33.616285
172212,Cynorkis,gabonensis Summerh.,https://images.mobot.org/tropicosimages3/detailimages/TropicosImageVol3/100573000/6B61F917-F777-4691-BD90-58A9C840242F.jpg,GBIF,Sao Tome and Principe,,Tariq Stévart|Faustino de Oliveira,,2025-11-07 18:40:17.390300
2983,Cattleya,species,https://inaturalist-open-data.s3.amazonaws.com/photos/474513684/original.jpeg,GBIF,Brazil,,Eduardo Moreira,http://creativecommons.org/licenses/by-nc/4.0/,2025-10-19 13:54:41.507695
261366,Disa,ferruginea Thunb.,https://inaturalist-open-data.s3.amazonaws.com/photos/470060426/original.jpeg,GBIF,,,,,2025-11-09 18:00:43.927557
193512,Sobralia,atropubescens,https://inaturalist-open-data.s3.amazonaws.com/photos/327318829/original.jpeg,GBIF,,,,,2025-11-09 01:28:03.365765
182769,Podochilus,strictus,http://sweetgum.nybg.org/images3/3562/475/04132366.jpg,GBIF,,,,,2025-11-08 22:53:49.691729
299093,Angraecum,eichlerianum,https://images.mobot.org/tropicosimages5/detailimages/TropicosImagesVol5/101881000/7BDB4D96-71E9-4EA8-B416-018BC828F18D.jpg,GBIF,,,,,2025-11-10 03:34:32.437022
203315,Porroglossum,amethystinum,https://inaturalist-open-data.s3.amazonaws.com/photos/93029582/original.jpeg,GBIF,,,,,2025-11-09 03:52:53.730543
167025,Pseudovanilla,foliata F.,https://images.mobot.org/tropicosimages3/detailimages/TropicosImages2/100231000/9F2D754F-E64D-4CF7-9C88-A5470C9B07E7.jpg,GBIF,Indonesia,,Martin W. Callmander|Bahar Fabanyo|Roji Mahroji,,2025-11-07 06:05:26.146279
227260,Platystele,hirtzii,https://inaturalist-open-data.s3.amazonaws.com/photos/355297573/original.jpeg,GBIF,,,,,2025-11-09 10:52:54.580894
246854,Calanthe,aristulifera,https://inaturalist-open-data.s3.amazonaws.com/photos/477996396/original.jpg,GBIF,,,,,2025-11-09 14:33:11.843329
2313,Paphiopedilum,Pfitzer,https://inaturalist-open-data.s3.amazonaws.com/photos/532674718/original.jpg,GBIF,Thailand,,Walk A Long,http://creativecommons.org/licenses/by-nc/4.0/,2025-10-19 13:10:00.388065
191991,Pleurothallis,lilijae,https://inaturalist-open-data.s3.amazonaws.com/photos/456785683/original.jpeg,GBIF,,,,,2025-11-09 01:07:18.830871
5534,Pleurothallis,liripipia,https://inaturalist-open-data.s3.amazonaws.com/photos/350766519/original.jpeg,GBIF,Ecuador,,Fredy Ramón C.,http://creativecommons.org/licenses/by-nc/4.0/,2025-10-19 14:02:52.904184
263564,Stenorrhynchos,glicensteinii Christenson,https://inaturalist-open-data.s3.amazonaws.com/photos/340578001/original.jpg,GBIF,,,,,2025-11-09 18:29:25.118707
254871,Pterostylis,reflexa R.,https://inaturalist-open-data.s3.amazonaws.com/photos/475170300/original.jpeg,GBIF,,,,,2025-11-09 16:34:06.412869
220704,Coelogyne,pulverula,https://inaturalist-open-data.s3.amazonaws.com/photos/222979910/original.jpeg,GBIF,,,,,2025-11-09 07:57:59.648864
189623,Coelogyne,occultata,https://images.mobot.org/tropicosimages4/detailimages/TropicosImagesVol4/101079000/E9A48E88-F47A-46B8-9D06-E9A0836AFC23.jpg,GBIF,,,,,2025-11-09 00:31:44.791715
3302,Dendrobium,nobile,https://bs.plantnet.org/image/o/9ccf835c1013dbd984c1a190d39ab0592e6993ff,GBIF,India,,,Pradhan Khushi (cc-by-sa),2025-10-19 13:55:06.602436
301767,Glomera,fransseniana,http://data.huh.harvard.edu/7415502d-f2e2-4233-afa2-6f46a5dbeedd/image,GBIF,,,,,2025-11-10 04:13:25.016750
175987,Prescottia,phleoides Lindl.,http://mediaphoto.mnhn.fr/media/14413052330437Z7MJVFEL8NU8E6O,GBIF,,,,,2025-11-08 21:14:20.736515
261773,Thelymitra,atronitida Jeanes,https://inaturalist-open-data.s3.amazonaws.com/photos/579058357/original.jpg,GBIF,,,,,2025-11-09 18:04:18.342919
166616,Bulbophyllum,thydoi,https://inaturalist-open-data.s3.amazonaws.com/photos/11527677/original.jpeg,GBIF,Viet Nam,,,,2025-11-07 04:31:13.875573
154092,Disa,perplexa H.,https://inaturalist-open-data.s3.amazonaws.com/photos/340812972/original.jpg,GBIF,South Africa,,markbowman,http://creativecommons.org/licenses/by-nc/4.0/,2025-11-06 02:43:47.813690
267885,Bulbophyllum,ivorense,https://oxalis.br.fgov.be/images/BR0/000/009/866/485/BR0000009866485.jpg,GBIF,,,,,2025-11-09 19:37:30.534972
280692,Dendrobium,pemae,https://medialib.naturalis.nl/file/id/L.1520544/format/large,GBIF,,,,,2025-11-09 22:54:39.378984
248492,Cyrtochilum,tucumanense,https://images.mobot.org/tropicosimages4/detailimages/TropicosImagesVol4/101089000/3A7EF252-5D6D-43BC-A262-65D0440A3A2D.jpg,GBIF,,,,,2025-11-09 14:57:38.338759
183112,Ida,locusta,https://inaturalist-open-data.s3.amazonaws.com/photos/239595129/original.jpg,GBIF,,,,,2025-11-08 22:59:46.242380
196018,Genoplesium,calopterum,http://mediaphoto.mnhn.fr/media/1441306964296hqPZHNf0fYLhieQ2,GBIF,,,,,2025-11-09 02:04:16.551409
304511,Pleurothallis,macra,https://inaturalist-open-data.s3.amazonaws.com/photos/279509122/original.jpeg,GBIF,,,,,2025-11-10 04:58:30.516037
236502,Coelogyne,guibertiae,http://mediaphoto.mnhn.fr/media/1442948666256luOJgU7tbutqlK3M,GBIF,,,,,2025-11-09 11:42:36.083490
270087,Platanthera,x mixta,https://inaturalist-open-data.s3.amazonaws.com/photos/242293753/original.jpeg,GBIF,,,,,2025-11-09 19:57:31.610214
243279,Pabstiella,arcuata,http://sweetgum.nybg.org/images3/3565/658/04110967.jpg,GBIF,,,,,2025-11-09 13:43:45.017095
227965,Habenaria,isoantha Schltr.,https://www.unimus.no/felles/bilder/web_hent_bilde.php?id=12994938&type=jpeg,GBIF,,,,,2025-11-09 10:53:23.714201
227741,Eulophia,malangana,https://inaturalist-open-data.s3.amazonaws.com/photos/30454447/original.jpeg,GBIF,,,,,2025-11-09 10:53:09.502861
4250,Bulbophyllum,species,https://inaturalist-open-data.s3.amazonaws.com/photos/500372338/original.jpeg,GBIF,Thailand,,Bruno D'Agosto,http://creativecommons.org/licenses/by-nc/4.0/,2025-10-19 13:58:45.290643
237832,Epidendrum,palmense,https://images.mobot.org/tropicosimages4/detailimages/TropicosImagesVol4/101106000/8C8AF0E7-5007-4F85-A3B0-B006523132B5.jpg,GBIF,,,,,2025-11-09 12:24:23.843637
292861,Bulbophyllum,leandrianum,https://images.mobot.org/tropicosimages3/detailimages/TropicosImages2/100305000/34BE7790-CE7E-4294-8B17-EFF6DB06C4C8.jpg,GBIF,,,,,2025-11-10 02:00:12.560667
246689,Platystele,microscopica,https://images.mobot.org/tropicosimages4/detailimages/TropicosImagesVol4/101261000/D6FB20A4-14A4-4F4C-9A19-DA9E4091D070.jpg,GBIF,,,,,2025-11-09 14:30:40.843575
262146,Smithsonia,viridiflora,https://inaturalist-open-data.s3.amazonaws.com/photos/436469551/original.jpeg,GBIF,,,,,2025-11-09 18:10:15.139322
266169,Dendrobium,plicatile,https://medialib.naturalis.nl/file/id/L.1520655/format/large,GBIF,,,,,2025-11-09 19:09:04.292271
293820,Bulbophyllum,coloratum,https://medialib.naturalis.nl/file/id/L.2108809/format/large,GBIF,,,,,2025-11-10 02:15:00.782842
168682,Thelymitra,bracteata J.,https://inaturalist-open-data.s3.amazonaws.com/photos/452170844/original.jpg,GBIF,Australia,,John T JENNINGS,,2025-11-07 16:37:35.665812
179082,Satyrium,rhodanthum Schltr.,https://inaturalist-open-data.s3.amazonaws.com/photos/451761307/original.jpg,GBIF,,,,,2025-11-08 21:58:52.739586
285344,Disa,multifida Lindl.,https://inaturalist-open-data.s3.amazonaws.com/photos/452269460/original.jpeg,GBIF,,,,,2025-11-10 00:10:17.973264
10449,Epidendrum,intermixtum,http://data.huh.harvard.edu/7c333954-f071-4f42-9841-e74159f92d14/image,GBIF,Costa Rica,,Aust. P. Smith,https://huh.harvard.edu/access-digital-reproductions-works-public-domain,2025-10-21 00:03:17.310715
178712,Gastrochilus,matsudae,https://inaturalist-open-data.s3.amazonaws.com/photos/575027057/original.jpg,GBIF,,,,,2025-11-08 21:54:53.836845
205533,Trichocentrum,pulchrum,https://iiif-manifest.oxalis.br.fgov.be/specimen/BR0000032878899/manifest,GBIF,,,,,2025-11-09 04:19:52.763588
222896,Pleurothallis,lunaris,https://inaturalist-open-data.s3.amazonaws.com/photos/579413814/original.jpg,GBIF,,,,,2025-11-09 08:35:07.495192
176596,Dactylorhiza,majalis ssp.,https://inaturalist-open-data.s3.amazonaws.com/photos/498318664/original.jpeg,GBIF,,,,,2025-11-08 21:23:44.062155
183281,Bonatea,pulchella Summerh.,https://inaturalist-open-data.s3.amazonaws.com/photos/395243485/original.jpg,GBIF,,,,,2025-11-08 23:02:00.800591
305396,Odontochilus,drymoglossifolius Hayata,https://inaturalist-open-data.s3.amazonaws.com/photos/531027252/original.jpg,GBIF,,,,,2025-11-10 05:11:12.587641
252581,Epidendrum,mantis-religiosae,https://cdn.floridamuseum.ufl.edu/Herbarium/63811164-9630-40ca-bd47-96b7e7db14cf,GBIF,,,,,2025-11-09 15:58:33.950583
198047,Gomesa,nitida,http://jbrj-public-img.s3-sa-east-1.amazonaws.com/JPG/rb/0/25/83/8/00258308.jpg,GBIF,,,,,2025-11-09 02:37:33.680145
285660,Bulbophyllum,trifarium,https://inaturalist-open-data.s3.amazonaws.com/photos/182864931/original.jpeg,GBIF,,,,,2025-11-10 00:13:12.292851
216860,Angraecum,urschianum,http://www.boldsystems.org/pics/ANGMD/DBEV.8.1.3+1309440700.jpg,GBIF,,,,,2025-11-09 07:05:21.608405
223166,Lockhartia,acuta,https://cdn.floridamuseum.ufl.edu/Herbarium/14d6727c-3693-4d5b-83fe-4d118bb21845,GBIF,,,,,2025-11-09 08:38:33.579094
176371,Dactylorhiza,purpurella T.,https://inaturalist-open-data.s3.amazonaws.com/photos/511485978/original.jpg,GBIF,,,,,2025-11-08 21:20:41.572903
273978,Encyclia,howardii,https://media-service.nrm.se/images?dataset=fbo&id=large/S16-007001/S16-7668.jpg,GBIF,,,,,2025-11-09 22:23:08.683819
176851,Stigmatodactylus,sikokianus Maximova,https://inaturalist-open-data.s3.amazonaws.com/photos/423335080/original.jpeg,GBIF,,,,,2025-11-08 21:26:54.168630
179581,Arpophyllum,alpinum,https://inaturalist-open-data.s3.amazonaws.com/photos/60449772/original.jpg,GBIF,,,,,2025-11-08 22:05:44.780937
294703,Dactylorhiza,hatagirea D.,https://inaturalist-open-data.s3.amazonaws.com/photos/207021356/original.jpeg,GBIF,,,,,2025-11-10 02:31:32.920291
172407,Deiregyne,eriophora,https://inaturalist-open-data.s3.amazonaws.com/photos/489406835/original.jpeg,GBIF,Mexico,,Sarahí Díaz,,2025-11-07 18:41:46.672671
203173,Maxillaria,adolphi,https://herbarium.bgbm.org/data/iiif/B101131846/manifest.json,GBIF,,,,,2025-11-09 03:51:49.794803
6988,Dendrobium,scopula,https://media-service.nrm.se/images?dataset=fbo&id=large/S-G-001001/S-G-1939.jpg,GBIF,Papua New Guinea,,R. Schlechter,http://creativecommons.org/licenses/by/4.0/,2025-10-20 01:41:08.408431
261635,Diuris,lanceolata Lindl.,https://inaturalist-open-data.s3.amazonaws.com/photos/353308070/original.jpg,GBIF,,,,,2025-11-09 18:03:06.858562
190468,Dendrobium,polysema,https://images.mobot.org/tropicosimages4/detailimages/TropicosImagesVol4/101079000/92125A18-7CD5-40D3-B135-AE18D538CFDB.jpg,GBIF,,,,,2025-11-09 00:45:21.285133
199536,Masdevallia,angulifera,https://oxalis.br.fgov.be/images/BR0/000/006/570/743/BR0000006570743.jpg,GBIF,,,,,2025-11-09 02:59:52.796365
299677,Caladenia,iridescens R.,https://inaturalist-open-data.s3.amazonaws.com/photos/580862034/original.jpg,GBIF,,,,,2025-11-10 03:40:53.617465
281632,Dendrobium,padangense,http://mediaphoto.mnhn.fr/media/1441306450332K9orK0QhmfYRoxS9,GBIF,,,,,2025-11-09 23:21:36.269688
291436,Epidendrum,geminiflorum,https://inaturalist-open-data.s3.amazonaws.com/photos/503380437/original.jpeg,GBIF,,,,,2025-11-10 01:42:28.892475
230996,Gastrodia,peichatieniana,https://inaturalist-open-data.s3.amazonaws.com/photos/326859375/original.jpeg,GBIF,,,,,2025-11-09 10:55:36.801474
166939,Dichaea,hamata,https://images.mobot.org/tropicosimages4/detailimages/TropicosImagesVol4/101078000/7CE316A6-B4EC-434A-AE6C-218CBE094B16.jpg,GBIF,Bolivia (Plurinational State of),,Alfredo F. Fuentes|J. Salas|R. Huasurco,,2025-11-07 06:01:13.587050
306493,Disa,patula Sond.,https://inaturalist-open-data.s3.amazonaws.com/photos/471034180/original.jpeg,GBIF,,,,,2025-11-10 05:23:54.267379
213216,Ponthieva,mexicana,https://inaturalist-open-data.s3.amazonaws.com/photos/167514883/original.jpeg,GBIF,,,,,2025-11-09 06:17:14.813407
210087,Encyclia,fehlingii,https://cdn.plantatlas.org/img/specimens/USF/145130.jpg,GBIF,,,,,2025-11-09 05:27:48.523714
11025,Cymbidium,goeringii,https://images.mobot.org/tropicosimages4/detailimages/TropicosImagesVol4/101095000/0E9C4058-C9CF-4898-AE98-C67F70FE0398.jpg,Tropicos - Missouri Botanical Garden,,,,,2025-10-21 17:48:07.482364
216278,Appendicula,polita,https://medialib.naturalis.nl/file/id/L0052456_MLN/format/large,GBIF,,,,,2025-11-09 06:56:38.085287
257407,Lepanthes,rotundata,http://sweetgum.nybg.org/images3/288/804/v-066-00058473-01.jpg,GBIF,,,,,2025-11-09 17:06:22.219897
201742,Govenia,sodiroi,https://inaturalist-open-data.s3.amazonaws.com/photos/260804677/original.jpg,GBIF,,,,,2025-11-09 03:30:49.697773
292729,Spathoglottis,unguiculata,https://inaturalist-open-data.s3.amazonaws.com/photos/386178517/original.jpeg,GBIF,,,,,2025-11-10 01:58:29.686863
4776,Oncidium,flexuosum,https://inaturalist-open-data.s3.amazonaws.com/photos/462399403/original.jpeg,GBIF,Puerto Rico,,Ted Weber,http://creativecommons.org/licenses/by-nc/4.0/,2025-10-19 13:59:45.892208
168821,Dendrobium,bulbophylloides,https://medialib.naturalis.nl/file/id/L.1497752/format/large,GBIF,Papua New Guinea,,Carr CE,,2025-11-07 16:38:25.715086
292099,Calyptrochilum,emarginatum,https://inaturalist-open-data.s3.amazonaws.com/photos/112330250/original.jpg,GBIF,,,,,2025-11-10 01:50:48.612110
182695,Microtis,alba R.,https://inaturalist-open-data.s3.amazonaws.com/photos/325397375/original.jpeg,GBIF,,,,,2025-11-08 22:52:54.541773
260666,Maxillaria,huebschii,https://inaturalist-open-data.s3.amazonaws.com/photos/417095289/original.jpeg,GBIF,,,,,2025-11-09 17:52:39.032974
252510,Elleanthus,amethystinoides,https://inaturalist-open-data.s3.amazonaws.com/photos/87562836/original.jpeg,GBIF,,,,,2025-11-09 15:57:38.118150
305661,Restrepia,guttulata,https://images.mobot.org/tropicosimages4/detailimages/TropicosImagesVol4/101099000/CBC7287E-D0A7-4C74-8A56-FF86F404FE3B.jpg,GBIF,,,,,2025-11-10 05:13:19.991137
253306,Warrea,warreana,https://inaturalist-open-data.s3.amazonaws.com/photos/258909330/original.jpg,GBIF,,,,,2025-11-09 16:08:05.492890
215274,Diuris,fragrantissima D.,http://data.landcareresearch.co.nz/Image/5KCS/NZVH,GBIF,,,,,2025-11-09 06:42:14.372112
223431,Prasophyllum,rogersii Rupp,https://images.ala.org.au/image/proxyImageThumbnailLarge?imageId=5edaa7c2-2744-46f9-bdb1-db85861194ed,GBIF,,,,,2025-11-09 08:41:44.030047
234903,Vanda,coelestis,https://inaturalist-open-data.s3.amazonaws.com/photos/515503391/original.jpg,GBIF,,,,,2025-11-09 11:05:08.070322
232926,Caladenia,ampla D.,https://inaturalist-open-data.s3.amazonaws.com/photos/572219064/original.jpg,GBIF,,,,,2025-11-09 10:57:22.071171
210852,Neottia,papilligera,https://inaturalist-open-data.s3.amazonaws.com/photos/43002777/original.jpeg,GBIF,,,,,2025-11-09 05:40:37.754564
189346,Cynorkis,uncinata H.,https://inaturalist-open-data.s3.amazonaws.com/photos/233283525/original.jpeg,GBIF,,,,,2025-11-09 00:27:31.109606
248959,Cylindrolobus,dilutus,https://ans-images.ansp.org/botany/PH2/Fullsize/00598/PH00598032.jpg,GBIF,,,,,2025-11-09 15:03:51.768204
298851,Platanthera,leucophaea Nutt.,https://inaturalist-open-data.s3.amazonaws.com/photos/528404297/original.jpg,GBIF,,,,,2025-11-10 03:30:26.545393
207477,Encyclia,ivoniae,http://sweetgum.nybg.org/images3/3855/586/04076626.jpg,GBIF,,,,,2025-11-09 04:47:45.919406
302926,Xylobium,zarumense,https://images.mobot.org/tropicosimages4/detailimages/TropicosImagesVol4/101060000/D1F98AB9-3FC0-4A49-B79A-2B6E2A699622.jpg,GBIF,,,,,2025-11-10 04:29:09.532381
194978,Microchilus,foliosus,http://jbrj-public.s3-sa-east-1.amazonaws.com/fsi/server?type=image&source=DZI/alcb/alcb/0/7/42/92/alcb00074292.dzi,GBIF,,,,,2025-11-09 01:48:09.602438
219557,Robiquetia,amesiana,http://data.huh.harvard.edu/95059549-dacc-414e-a1f9-b0501f24a869/image,GBIF,,,,,2025-11-09 07:43:58.930191
271035,Holcoglossum,quasipinifolium,https://inaturalist-open-data.s3.amazonaws.com/photos/355854007/original.jpeg,GBIF,,,,,2025-11-09 22:20:19.525464
275886,Catasetum,moorei,http://data.huh.harvard.edu/cf69716c-1c02-4f9e-a49a-3c787c480058/image,GBIF,,,,,2025-11-09 22:25:17.781575
295209,Sarcochilus,ceciliae,https://inaturalist-open-data.s3.amazonaws.com/photos/465874148/original.jpg,GBIF,,,,,2025-11-10 02:38:09.911896
203419,Cyrtochilum,scabiosum,https://inaturalist-open-data.s3.amazonaws.com/photos/257311172/original.jpeg,GBIF,,,,,2025-11-09 03:54:20.833771
173879,Cattleya,tenebrosa,https://drive.google.com/uc?export=view&id=1tlmmVUDYK6KqgmTe7opicOZV7AQEm5-P,Chris Howard Collection,,,,Private Collection,2025-11-08 07:14:55.953012
177957,Pterichis,habenarioides,https://inaturalist-open-data.s3.amazonaws.com/photos/535537131/original.jpg,GBIF,,,,,2025-11-08 21:43:49.122778
237000,Jumellea,zaratananae,http://mediaphoto.mnhn.fr/media/1442483408143FQS4Lxay1lK50iW5,GBIF,,,,,2025-11-09 12:04:53.182958
197601,Phalaenopsis,parishii,https://medialib.naturalis.nl/file/id/L.1519502/format/large,GBIF,,,,,2025-11-09 02:29:30.408020
167629,Pterostylis,porrecta D.,https://inaturalist-open-data.s3.amazonaws.com/photos/454843942/original.jpeg,GBIF,New Zealand,,Indy Marshall,,2025-11-07 07:08:13.794358
213442,Stelis,micrantha,http://sweetgum.nybg.org/images3/203/589/v-066-00033258.jpg,GBIF,,,,,2025-11-09 06:20:40.345305
226553,Disa,procera H.,https://inaturalist-open-data.s3.amazonaws.com/photos/465509060/original.jpeg,GBIF,,,,,2025-11-09 09:13:08.062215
204839,Drakaea,thynniphila A.,https://inaturalist-open-data.s3.amazonaws.com/photos/567117526/original.jpg,GBIF,,,,,2025-11-09 04:12:20.042129
260857,Dichaea,anchorifera,http://jbrj-public-img.s3-sa-east-1.amazonaws.com/JPG/rb/0/24/76/56/00247656.jpg,GBIF,,,,,2025-11-09 17:54:46.157420
289213,Platanthera,grandiflora Bigelow,https://inaturalist-open-data.s3.amazonaws.com/photos/524704814/original.jpg,GBIF,,,,,2025-11-10 01:09:32.348306
264249,Appendicula,pauciflora,https://medialib.naturalis.nl/file/id/L.1483152/format/large,GBIF,,,,,2025-11-09 18:39:58.784784
261117,Vanilla,roscheri Rchb.f.,https://inaturalist-open-data.s3.amazonaws.com/photos/315176192/original.jpeg,GBIF,,,,,2025-11-09 17:57:49.029022
254680,Angraecopsis,trifurca,http://mediaphoto.mnhn.fr/media/1464697842248txb9ruKjhvHva80V,GBIF,,,,,2025-11-09 16:31:35.618560
224303,Oncidium,picturatissimum,https://inaturalist-open-data.s3.amazonaws.com/photos/341943877/original.jpeg,GBIF,,,,,2025-11-09 08:56:24.851639
182413,Disa,stricta Sond.,https://inaturalist-open-data.s3.amazonaws.com/photos/457044877/original.jpg,GBIF,,,,,2025-11-08 22:47:28.974889
300817,Liparis,kwangtungensis,"https://iiif.rbge.org.uk/herb/iiif/E01270864/full/1600,/0/default.jpg",GBIF,,,,,2025-11-10 03:58:21.128163
189713,Oncidium,lindleyoides,https://iiif-manifest.oxalis.br.fgov.be/specimen/BR0000013084714/manifest,GBIF,,,,,2025-11-09 00:32:24.497399
269149,Disa,crassicornis Lindl.,https://inaturalist-open-data.s3.amazonaws.com/photos/352569096/original.jpg,GBIF,,,,,2025-11-09 19:52:19.753786
233081,Epidendrum,tetracuniculatum,https://inaturalist-open-data.s3.amazonaws.com/photos/39811389/original.jpeg,GBIF,,,,,2025-11-09 10:57:33.407335
301852,Dendrobium,lituiflorum,http://mediaphoto.mnhn.fr/media/1441306505710qvMMr8lB65gBeTly,GBIF,,,,,2025-11-10 04:14:12.557462
273128,Lepanthes,xenos,https://images.mobot.org/tropicosimages4/detailimages/TropicosImagesVol4/101207000/80B5986C-E56B-40AA-826C-C6C1CD138920.jpg,GBIF,,,,,2025-11-09 22:22:05.723085
286257,Nervilia,gammieana,https://oxalis.br.fgov.be/images/BR0/000/033/175/294/BR0000033175294.jpg,GBIF,,,,,2025-11-10 00:22:28.204448
183600,Pterostylis,viriosa D.,https://inaturalist-open-data.s3.amazonaws.com/photos/538391474/original.jpg,GBIF,,,,,2025-11-08 23:06:06.848994
208999,Coelogyne,schultesii,https://inaturalist-open-data.s3.amazonaws.com/photos/418803926/original.jpeg,GBIF,,,,,2025-11-09 05:11:25.570669
264158,Eulophia,chilangensis,https://iiif-manifest.oxalis.br.fgov.be/specimen/BR0000021555220/manifest,GBIF,,,,,2025-11-09 18:38:55.297744
257708,Caladenia,peisleyi D.,https://inaturalist-open-data.s3.amazonaws.com/photos/443065850/original.jpeg,GBIF,,,,,2025-11-09 17:09:56.899964
276952,Prasophyllum,plumiforme Fitzg.,https://inaturalist-open-data.s3.amazonaws.com/photos/162051138/original.jpeg,GBIF,,,,,2025-11-09 22:26:16.577525
299846,Coelogyne,sparsa,http://data.huh.harvard.edu/1caf5a6f-b532-4595-9b05-eb68f6f26ebc/image,GBIF,,,,,2025-11-10 03:43:48.095970
235298,Barkeria,melanocaulon,https://inaturalist-open-data.s3.amazonaws.com/photos/294078575/original.jpg,GBIF,,,,,2025-11-09 11:13:43.376551
255180,Orchis,provincialis Balb.,https://inaturalist-open-data.s3.amazonaws.com/photos/481461217/original.jpeg,GBIF,,,,,2025-11-09 16:38:12.441860
245839,Trichocentrum,panduratum,https://data.nhm.ac.uk/media/681a2430-ee07-411f-b438-820a91d2b34d,GBIF,,,,,2025-11-09 14:18:30.903604
305239,Epidendrum,hemiscleria,http://sweetgum.nybg.org/images3/3518/880/04078031.jpg,GBIF,,,,,2025-11-10 05:08:42.180427
298118,Maxillaria,plicata,http://mediaphoto.mnhn.fr/media/1443087513025VmJ4sVejN6ViC1Ap,GBIF,,,,,2025-11-10 03:19:43.994544
169,Pogonia,japonica Rchb.f.,https://inaturalist-open-data.s3.amazonaws.com/photos/513514931/original.jpg,GBIF,China,,Guanning Liu,http://creativecommons.org/licenses/by-nc/4.0/,2025-10-19 08:22:32.402880
223783,Habenaria,quadrata Lindl.,https://d2jcv3kl45hlgi.cloudfront.net/0a9563b49b34f27bbdc36ca32e73db51.jpg,GBIF,,,,,2025-11-09 08:48:35.966417
214618,Erythrodes,oxyglossa Schltr.,http://mediaphoto.mnhn.fr/media/1441307051500XNV5kJHV45Ph1LzR,GBIF,,,,,2025-11-09 06:33:54.178075
194944,Galeandra,biloba,http://sweetgum.nybg.org/images3/3520/650/04088639.jpg,GBIF,,,,,2025-11-09 01:47:45.261510
230377,Diodonopsis,pygmaea,https://oxalis.br.fgov.be/images/BR0/000/032/827/347/BR0000032827347.jpg,GBIF,,,,,2025-11-09 10:55:03.634968
252538,Epidendrum,wallisii,https://inaturalist-open-data.s3.amazonaws.com/photos/581059249/original.jpg,GBIF,,,,,2025-11-09 15:57:46.203260
298235,Bletia,catenulata,https://inaturalist-open-data.s3.amazonaws.com/photos/574295705/original.jpg,GBIF,,,,,2025-11-10 03:20:47.621729
183998,Sarcoglottis,schwackei,http://mediaphoto.mnhn.fr/media/14423193946753yUdeeaLuTpKQmZ6,GBIF,,,,,2025-11-08 23:13:30.507872
264798,Polystachya,tenella,https://oxalis.br.fgov.be/images/BR0/000/013/685/928/BR0000013685928.jpg,GBIF,,,,,2025-11-09 18:49:45.429045
194903,Ionopsis,satyrioides,https://inaturalist-open-data.s3.amazonaws.com/photos/498857355/original.jpg,GBIF,,,,,2025-11-09 01:47:14.026967
305276,Platanthera,sparsiflora S.,https://inaturalist-open-data.s3.amazonaws.com/photos/511163776/original.jpg,GBIF,,,,,2025-11-10 05:08:49.966553
228009,Epidendrum,sarcodes,https://d2jcv3kl45hlgi.cloudfront.net/eff3ec740dfec05df4beca6453b0f409.jpg,GBIF,,,,,2025-11-09 10:53:28.868019
267290,Lepanthes,acarina,https://inaturalist-open-data.s3.amazonaws.com/photos/256408347/original.jpg,GBIF,,,,,2025-11-09 19:26:39.891166
285223,Phreatia,densiflora,https://medialib.naturalis.nl/file/id/L.1527951/format/large,GBIF,,,,,2025-11-10 00:08:18.080743
282012,Corybas,taiwanensis T.,https://inaturalist-open-data.s3.amazonaws.com/photos/552418943/original.jpg,GBIF,,,,,2025-11-09 23:32:48.526553
293903,Maxillaria,vaginalis,https://images.mobot.org/tropicosimages4/detailimages/TropicosImagesVol4/101214000/9CF2A771-C693-4677-9550-BA28B1143CAB.jpg,GBIF,,,,,2025-11-10 02:16:37.142206
219935,Grosourdya,incurvicalcar,https://medialib.naturalis.nl/file/id/L.1515484/format/large,GBIF,,,,,2025-11-09 07:47:48.584259
170825,Oncidium,vierlingii,https://images.mobot.org/tropicosimages3/detailimages/TropicosImageVol3/100534000/F5353430-2352-4478-95C1-0F58CEFC4DD8.jpg,GBIF,Bolivia (Plurinational State of),,Alfredo F. Fuentes|Moisés Mendoza|M.C. López|Remy Roque,,2025-11-07 16:46:09.799196
171,Pogonia,japonica Rchb.f.,https://inaturalist-open-data.s3.amazonaws.com/photos/404945717/original.jpg,GBIF,Russian Federation,,Tatjana Koroteeva,http://creativecommons.org/licenses/by-nc/4.0/,2025-10-19 08:22:32.402880
280301,Spathoglottis,gracilis,https://d2seqvvyy3b8p2.cloudfront.net/564abf215026be84ed1be2b027a66c4d.jpg,GBIF,,,,,2025-11-09 22:41:05.325628
174002,Dendrobium,jenkinsii,https://drive.google.com/uc?export=view&id=1g197B10w-j2hgMoauA3KSBvHzb-L3e1j,Chris Howard Collection,,,,Private Collection,2025-11-08 07:15:27.583007
148297,Disperis,kilimanjarica Rendle,http://www.westafricanplants.senckenberg.de/images/pictures/disperis_kilimanjarica_dascco_3_7072_41b848.jpg,GBIF,"Tanzania, United Republic of",,,All rights reserved; for terms and conditions see http://www.africanplants.senckenberg.de/root/index.php?page_id=84,2025-11-06 02:15:03.800109
305601,Guarianthe,skinneri,https://inaturalist-open-data.s3.amazonaws.com/photos/467711718/original.jpeg,GBIF,,,,,2025-11-10 05:12:39.938422
211831,Dendrophylax,porrectus,https://inaturalist-open-data.s3.amazonaws.com/photos/464768860/original.jpg,GBIF,,,,,2025-11-09 05:53:43.055810
200188,Epidendrum,avicula,https://inaturalist-open-data.s3.amazonaws.com/photos/362385788/original.jpeg,GBIF,,,,,2025-11-09 03:09:55.477256
223719,Jumellea,cyrtoceras,https://inaturalist-open-data.s3.amazonaws.com/photos/462342095/original.jpeg,GBIF,,,,,2025-11-09 08:47:48.786886
206447,Scaphyglottis,sigmoidea,https://inaturalist-open-data.s3.amazonaws.com/photos/452927626/original.jpeg,GBIF,,,,,2025-11-09 04:34:17.033934
291901,Ornithocephalus,inflexus,https://inaturalist-open-data.s3.amazonaws.com/photos/542582499/original.jpg,GBIF,,,,,2025-11-10 01:47:14.845036
258098,Masdevallia,minuta,https://inaturalist-open-data.s3.amazonaws.com/photos/387019774/original.jpeg,GBIF,,,,,2025-11-09 17:15:30.293811
203072,Galearis,camtschatica,https://inaturalist-open-data.s3.amazonaws.com/photos/548134048/original.jpg,GBIF,,,,,2025-11-09 03:50:22.407661
268071,Trichoglottis,ventricularis,https://medialib.naturalis.nl/file/id/L.4163408/format/large,GBIF,,,,,2025-11-09 19:39:53.356100
222987,Diuris,oporina D.,https://inaturalist-open-data.s3.amazonaws.com/photos/268436404/original.jpg,GBIF,,,,,2025-11-09 08:36:26.729205
231512,Ophrys,incubacea Bianca,https://observation.org/photos/92459611.jpg,GBIF,,,,,2025-11-09 10:56:08.608536
236931,Phalaenopsis,maculata,https://data.nhm.ac.uk/media/177715a3-faf1-4b43-9666-018205b7ba55,GBIF,,,,,2025-11-09 12:03:42.081380
286988,Dendrobium,schneiderae,https://inaturalist-open-data.s3.amazonaws.com/photos/475767047/original.jpeg,GBIF,,,,,2025-11-10 00:32:47.194593
227194,Cleisostoma,racemiferum,"https://iiif.rbge.org.uk/herb/iiif/E00135568/full/300,/0/default.jpg",GBIF,,,,,2025-11-09 10:52:51.469843
274612,Aetheorhyncha,andreettae,https://images.mobot.org/tropicosimages3/detailimages/TropicosImageVol3/100409000/F8BDC25E-2D88-40A2-A935-2E65F560D004.jpg,GBIF,,,,,2025-11-09 22:23:47.322025
208400,Acianthera,wageneriana,https://images.mobot.org/tropicosimages4/detailimages/TropicosImagesVol4/101291000/D11FC4D7-36DD-44C8-9B73-0B828798A5AA.jpg,GBIF,,,,,2025-11-09 05:01:38.808612
175330,Prosthechea,fragrans,https://inaturalist-open-data.s3.amazonaws.com/photos/344344870/original.jpg,GBIF,,,,,2025-11-08 21:07:12.402919
298650,Prosthechea,pterocarpa,https://inaturalist-open-data.s3.amazonaws.com/photos/371172660/original.jpeg,GBIF,,,,,2025-11-10 03:26:52.361880
167753,Fernandezia,pastii,https://web.corral.tacc.utexas.edu/brit/web/VDB/BRIT0464000/BRIT464049.jpg,GBIF,Ecuador,,Vlastimil Zak,,2025-11-07 07:39:30.903949
225285,Caladenia,lyallii Hook.f.,https://inaturalist-open-data.s3.amazonaws.com/photos/465808278/original.jpeg,GBIF,,,,,2025-11-09 09:06:28.837187
204447,Cyrtochiloides,panduriformis,https://inaturalist-open-data.s3.amazonaws.com/photos/526354158/original.jpg,GBIF,,,,,2025-11-09 04:08:21.781295
10724,Bulbophyllum,kaniense,https://data.nhm.ac.uk/media/b5ef334c-7c00-4386-9200-7e265bb74747,GBIF,Papua New Guinea,,['Friedrich Richard Rudolf Schlechter'],http://creativecommons.org/licenses/by/4.0/,2025-10-21 07:30:27.681270
212995,Dactylorhiza,sphagnicola,https://observation.org/photos/119531538.jpg,GBIF,,,,,2025-11-09 06:13:00.520108
257831,Acanthophippium,sylhetense,https://inaturalist-open-data.s3.amazonaws.com/photos/511793376/original.jpg,GBIF,,,,,2025-11-09 17:11:16.613268
207057,Corybas,hatchii Lehnebach,https://inaturalist-open-data.s3.amazonaws.com/photos/545259055/original.jpg,GBIF,,,,,2025-11-09 04:41:09.106615
196438,Dendrobium,rigidifolium,https://medialib.naturalis.nl/file/id/L.1506463/format/large,GBIF,,,,,2025-11-09 02:09:41.850299
126700,Acianthera,caymanensis,https://inaturalist-open-data.s3.amazonaws.com/photos/34535625/original.jpg,GBIF,Cayman Islands,,Steven Mlodinow,http://creativecommons.org/licenses/by-nc/4.0/,2025-11-05 20:28:09.236013
249400,Dendrobium,cymbulipes,http://data.huh.harvard.edu/52233e5c-4c60-4169-beab-809ef3d99368/image,GBIF,,,,,2025-11-09 15:14:25.503916
215,Pogonia,japonica Rchb.f.,https://inaturalist-open-data.s3.amazonaws.com/photos/33473889/original.jpeg,GBIF,Russian Federation,,Gularjanz Grigoryi Mihajlovich,http://creativecommons.org/licenses/by-nc/4.0/,2025-10-19 08:22:32.402880
211538,Epidendrum,costatum,http://data.huh.harvard.edu/2b507601-dee5-46fb-81c6-cc07057e07a7/image,GBIF,,,,,2025-11-09 05:49:37.581058
219544,Robiquetia,amesiana,http://data.huh.harvard.edu/9bfc356c-3f2c-452c-a44f-b7ee51fd2040/image,GBIF,,,,,2025-11-09 07:43:58.881000
262290,Lepanthes,wullschlaegelii,http://sweetgum.nybg.org/images3/136/572/v-066-00058398.jpg,GBIF,,,,,2025-11-09 18:12:45.067286
279073,Epidendrum,fastigiatum,http://data.huh.harvard.edu/5d515103-44fc-47af-a22c-81e0aa01f69a/image,GBIF,,,,,2025-11-09 22:28:04.379412
165493,Habenaria,guadalajarana S.,https://wis.botany.wisc.edu/WIS/Magnoliidae2020-02b/v0384016WIS.JPG,GBIF,Mexico,,,,2025-11-07 02:03:22.637562
9928,Dendrobium,bifalce,https://orphans.gbif.org/DE/85c8e444-f762-11e1-a439-00145eb45e9a/HBG-501554.jpg,GBIF,Papua New Guinea,,"Hartmann, C.H.",http://creativecommons.org/licenses/by-sa/4.0/,2025-10-20 19:37:52.989280
272076,Phragmipedium,klotzschianum Rchb.f.,http://sweetgum.nybg.org/images3/3763/544/04111124.jpg,GBIF,,,,,2025-11-09 22:21:12.656143
195313,Bulbophyllum,toilliezae,https://mediaphoto.mnhn.fr/media/1546012917401vIoD4XfsB8Fs93LK,GBIF,,,,,2025-11-09 01:53:09.927889
204050,Acianthera,glumacea,https://inaturalist-open-data.s3.amazonaws.com/photos/252248339/original.jpg,GBIF,,,,,2025-11-09 04:02:40.202779
285151,Calanthe,tsoongiana,http://mediaphoto.mnhn.fr/media/14413060513816prP92ByT75rSQp7,GBIF,,,,,2025-11-10 00:06:35.074556
198365,Disperis,oppositifolia Sm.,https://inaturalist-open-data.s3.amazonaws.com/photos/251594831/original.jpeg,GBIF,,,,,2025-11-09 02:42:51.146055
221599,Myrmecophila,christinae,https://inaturalist-open-data.s3.amazonaws.com/photos/504625334/original.jpg,GBIF,,,,,2025-11-09 08:14:22.888788
261462,Epiblastus,merrillii,http://data.huh.harvard.edu/b8d06166-7632-41eb-942a-2fde8133e9da/image,GBIF,,,,,2025-11-09 18:01:22.717954
277401,Dendrobium,nitidicolle,https://medialib.naturalis.nl/file/id/U.1460498/format/large,GBIF,,,,,2025-11-09 22:26:38.874596
287029,Bulbophyllum,subclausum,https://medialib.naturalis.nl/file/id/L.1493594/format/large,GBIF,,,,,2025-11-10 00:33:43.025775
190688,Leporella,fimbriata Lindl.,https://inaturalist-open-data.s3.amazonaws.com/photos/488125209/original.jpeg,GBIF,,,,,2025-11-09 00:46:56.895805
180051,Anathallis,polygonoides,http://pictures.snsb.info/GOETvplantscoll/web/GOET0090/GOET009094_20111206_120308.jpg,GBIF,,,,,2025-11-08 22:13:00.664985
4474,Cymbidium,goeringii,https://inaturalist-open-data.s3.amazonaws.com/photos/477281387/original.jpeg,GBIF,China,,李博恒,http://creativecommons.org/licenses/by-nc/4.0/,2025-10-19 13:59:14.469672
174907,Cranichis,nudilabia Pabst,http://sweetgum.nybg.org/images3/2004/719/00414872.jpg,GBIF,,,,,2025-11-08 20:58:25.557098
7881,Dendrobium,lacteum,http://data.huh.harvard.edu/87e09067-6cd9-4ca8-a51f-371b508a9af0/image,GBIF,Papua New Guinea,,R. Schlechter,https://huh.harvard.edu/access-digital-reproductions-works-public-domain,2025-10-20 01:54:36.999563
195122,Caleana,major R.,https://inaturalist-open-data.s3.amazonaws.com/photos/508173956/original.jpg,GBIF,,,,,2025-11-09 01:49:28.767547
251601,Oncidium,hennisii,https://iiif.rbge.org.uk/herb/iiif/E01313392/manifest,GBIF,,,,,2025-11-09 15:44:41.392519
286243,Habenaria,jaguariahyvae Kraenzl.,https://iiif-manifest.oxalis.br.fgov.be/specimen/BR0000033154978/manifest,GBIF,,,,,2025-11-10 00:22:12.894265
285652,Dendrobium,echinocarpum,https://d2jcv3kl45hlgi.cloudfront.net/35139c8c98c15a9dbaffc404560ed255.jpg,GBIF,,,,,2025-11-10 00:12:56.268971
223128,Rhipidoglossum,delepierreanum,https://images.mobot.org/tropicosimages3/detailimages/TropicosImageVol3/100574000/2E0EFD48-82B6-4714-A2C2-CE30F8D5BEE0.jpg,GBIF,,,,,2025-11-09 08:38:18.169184
265649,Gongora,meneziana,https://inaturalist-open-data.s3.amazonaws.com/photos/244713913/original.jpeg,GBIF,,,,,2025-11-09 19:01:08.092361
166547,Dendrobium,mamberamense,https://medialib.naturalis.nl/file/id/L0058701_MLN/format/large,GBIF,Indonesia,,,,2025-11-07 04:02:57.532271
208354,Bulbophyllum,odoratum,https://medialib.naturalis.nl/file/id/L.1484911/format/large,GBIF,,,,,2025-11-09 05:00:59.353442
228543,Lepanthes,rhombipetala,https://inaturalist-open-data.s3.amazonaws.com/photos/180533873/original.jpeg,GBIF,,,,,2025-11-09 10:53:58.723969
204308,Epidendrum,schweinfurthianum,https://inaturalist-open-data.s3.amazonaws.com/photos/468833702/original.jpeg,GBIF,,,,,2025-11-09 04:05:42.325224
247439,Rhipidoglossum,stolzii,https://images.mobot.org/tropicosimages4/detailimages/TropicosImagesVol4/101100000/61E620B8-5EBD-493D-AF3A-E70D3678E049.jpg,GBIF,,,,,2025-11-09 14:41:31.249589
191755,Vanda,cristata,https://inaturalist-open-data.s3.amazonaws.com/photos/288054165/original.jpeg,GBIF,,,,,2025-11-09 01:04:08.222422
8137,Phalaenopsis,,https://inaturalist-open-data.s3.amazonaws.com/photos/250696416/original.jpeg,GBIF,Malaysia,,Ryan E. Gray,http://creativecommons.org/licenses/by-nc/4.0/,2025-10-20 01:55:36.257621
234611,Telipogon,mesotropicalis,https://assets.rjb.csic.es/fileget?coll=Plantas+Vasculares&type=O&filename=sp63613843218944803233.att.jpg&downloadname=MA-01-00771469,GBIF,,,,,2025-11-09 10:59:34.770558
183813,Gennaria,griffithii,https://d2jcv3kl45hlgi.cloudfront.net/2f8239d803cdc6c8ec5c884e409f850b.jpg,GBIF,,,,,2025-11-08 23:09:40.331103
250603,Dipodium,scandens,http://data.huh.harvard.edu/0d27c111-2684-46fa-9f3d-af046deee777/image,GBIF,,,,,2025-11-09 15:29:14.157715
8161,Phalaenopsis,,https://collections.nmnh.si.edu/media/?i=10838226&h=2000,GBIF,,,,Usage Conditions Apply,2025-10-20 01:55:36.257621
196011,Cattleya,kautskyana,https://d2jcv3kl45hlgi.cloudfront.net/b0c8d873b3ec0b15bc2c1b989e141dfa.jpg,GBIF,,,,,2025-11-09 02:04:00.755032
170506,Crepidium,taurinum,https://inaturalist-open-data.s3.amazonaws.com/photos/446944248/original.jpeg,GBIF,New Caledonia,,narido,,2025-11-07 16:44:53.407256
196232,Angraecum,subulatum,https://iiif-manifest.oxalis.br.fgov.be/specimen/BR0000020026325/manifest,GBIF,,,,,2025-11-09 02:07:10.735955
268473,Acampe,rigida,https://inaturalist-open-data.s3.amazonaws.com/photos/262551858/original.jpg,GBIF,,,,,2025-11-09 19:45:41.999187
181040,Stelis,nutans,https://images.mobot.org/tropicosimages4/detailimages/TropicosImagesVol4/101074000/D6FFE972-E565-4401-BF82-24DB1F8F52CF.jpg,GBIF,,,,,2025-11-08 22:29:22.901254
290876,Brassia,ocanensis,https://inaturalist-open-data.s3.amazonaws.com/photos/452231782/original.jpeg,GBIF,,,,,2025-11-10 01:36:14.652981
142509,Vanilla,inodora Schiede,https://inaturalist-open-data.s3.amazonaws.com/photos/264448642/original.jpeg,GBIF,Mexico,,"Martinez-Perez, C. Saúl",http://creativecommons.org/licenses/by-nc/4.0/,2025-11-06 01:34:28.439839
267570,Corybas,trilobus Hook.f.,https://inaturalist-open-data.s3.amazonaws.com/photos/567175292/original.jpg,GBIF,,,,,2025-11-09 19:31:18.159826
187700,Coelogyne,echinolabium,http://sweetgum.nybg.org/images3/666/197/00008663.jpg,GBIF,,,,,2025-11-09 00:06:22.096961
294587,Elleanthus,petrogeiton,https://images.mobot.org/tropicosimages4/detailimages/TropicosImagesVol4/101090000/FA6AF8B4-6227-4147-8CA1-C30E4FAF3F71.jpg,GBIF,,,,,2025-11-10 02:29:02.035968
249284,Prosthechea,hastata,https://object.jacq.org/europeana/W/2201571.jpg,GBIF,,,,,2025-11-09 15:11:39.364799
247773,Pinalia,obesa,https://iiif.rbge.org.uk/herb/iiif/E01296367/manifest,GBIF,,,,,2025-11-09 14:45:29.013810
210941,Oberonia,surigaensis,https://medialib.naturalis.nl/file/id/L.1513902/format/large,GBIF,,,,,2025-11-09 05:41:41.138176
233685,Masdevallia,rosea,https://inaturalist-open-data.s3.amazonaws.com/photos/504924535/original.jpg,GBIF,,,,,2025-11-09 10:58:09.327234
230849,Maxillaria,gomeziana,https://images.mobot.org/tropicosimages4/detailimages/TropicosImagesVol4/101207000/EBEB0589-4D89-429F-A27F-1AC8C3922297.jpg,GBIF,,,,,2025-11-09 10:55:23.606997
179536,Dendrobium,pugioniforme,https://inaturalist-open-data.s3.amazonaws.com/photos/493097088/original.jpeg,GBIF,,,,,2025-11-08 22:05:21.088685
178433,Dendrobium,nebularum,https://medialib.naturalis.nl/file/id/L.1503053/format/large,GBIF,,,,,2025-11-08 21:51:52.329197
291769,Diuris,refracta,https://images.ala.org.au/image/proxyImageThumbnailLarge?imageId=8f2f7a56-53de-4596-8684-c8f027ff27d3,GBIF,,,,,2025-11-10 01:46:10.848132
176875,Ophrys,episcopalis Poir.,https://storage.osca.science/hdn/HNS-SZB/51001-52000/SZB-51073.jpg,GBIF,,,,,2025-11-08 21:27:25.639457
8669,Epidendrum,tridactylum,http://mediaphoto.mnhn.fr/media/1441306028891VgE05BwyuQtDxcuH,GBIF,Brazil,,"Regnell, A.",http://creativecommons.org/licenses/by/4.0/,2025-10-20 02:00:33.904359
303652,Diuris,emarginata R.,https://d2jcv3kl45hlgi.cloudfront.net/b6785885750441026b7aafd50ee41441.jpg,GBIF,,,,,2025-11-10 04:43:17.687018
301976,Habenaria,jaliscana S.,https://inaturalist-open-data.s3.amazonaws.com/photos/577064007/original.jpg,GBIF,,,,,2025-11-10 04:15:24.228453
249116,Angraecopsis,ischnopus,https://medialib.naturalis.nl/file/id/WAG.1962495/format/large,GBIF,,,,,2025-11-09 15:08:45.576579
224175,Caladenia,atrovespa D.,https://inaturalist-open-data.s3.amazonaws.com/photos/582407267/original.jpg,GBIF,,,,,2025-11-09 08:54:57.448968
233773,Microchilus,cuscoensis Kolan.,https://images.mobot.org/tropicosimages3/detailimages/TropicosImageVol3/100511000/BE9BD5EC-BE25-4960-A5AE-CA22D1141D8C.jpg,GBIF,,,,,2025-11-09 10:58:10.406815
196428,Dendrobium,rigidifolium,https://medialib.naturalis.nl/file/id/L.1506467/format/large,GBIF,,,,,2025-11-09 02:09:41.790238
249801,Pterostylis,maxima M.,https://inaturalist-open-data.s3.amazonaws.com/photos/488576151/original.jpg,GBIF,,,,,2025-11-09 15:18:39.601190
262301,Orchis,x,https://inaturalist-open-data.s3.amazonaws.com/photos/478162734/original.jpeg,GBIF,,,,,2025-11-09 18:12:53.771445
227766,Stichorkis,gracilis,http://data.huh.harvard.edu/dfbdd8d2-6913-49b4-9331-1450ee6fdb4d/image,GBIF,,,,,2025-11-09 10:53:10.027842
235333,Caucaea,olivacea,https://inaturalist-open-data.s3.amazonaws.com/photos/440461221/original.jpeg,GBIF,,,,,2025-11-09 11:14:07.259595
193787,Hemipilia,alpestris Fukuy.,https://inaturalist-open-data.s3.amazonaws.com/photos/521171751/original.jpg,GBIF,,,,,2025-11-09 01:32:17.547057
253044,Epidendrum,alsum,https://inaturalist-open-data.s3.amazonaws.com/photos/458738816/original.jpg,GBIF,,,,,2025-11-09 16:04:40.012271
6786,Oncidium,stenoglossum,https://images.mobot.org/tropicosimages4/detailimages/TropicosImagesVol4/101217000/93260F82-12BD-479F-A911-2B3FA0B0DDCC.jpg,GBIF,Nicaragua,,Esteban M. Martínez S.|Alfredo Grijalva P.,http://creativecommons.org/licenses/by-nc-sa/3.0/,2025-10-20 01:37:45.991196
286298,Epidendrum,romero-castannedae,https://images.mobot.org/tropicosimages5/detailimages/TropicosImagesVol5/101642000/01AB38C7-2836-4F03-836F-7A3D330CB35F.jpg,GBIF,,,,,2025-11-10 00:22:51.032259
251104,Coelogyne,latiloba,https://data.nhm.ac.uk/media/c10924c8-ddaf-4385-b7af-719380782321,GBIF,,,,,2025-11-09 15:36:37.560459
266377,Cattleya,x,http://jbrj-public-img.s3-sa-east-1.amazonaws.com/JPG/rb/0/54/25/74/00542574.jpg,GBIF,,,,,2025-11-09 19:11:03.083118
200086,Platanthera,bifolia ssp.,https://inaturalist-open-data.s3.amazonaws.com/photos/514512912/original.jpg,GBIF,,,,,2025-11-09 03:09:00.550594
202914,Dendrobium,woodsii,https://iiif.rbge.org.uk/herb/iiif/E00394156/manifest,GBIF,,,,,2025-11-09 03:48:23.094403
243517,Pleurothallis,silverstonei,https://inaturalist-open-data.s3.amazonaws.com/photos/335187622/original.jpeg,GBIF,,,,,2025-11-09 13:47:11.169155
307144,Maxillaria,lexarzana,https://inaturalist-open-data.s3.amazonaws.com/photos/429761398/original.jpg,GBIF,,,,,2025-11-10 05:28:02.042757
253909,Malaxis,rosei,https://images.mobot.org/tropicosimages4/detailimages/TropicosImagesVol4/101201000/6526C6BC-EA4E-4D3F-8299-C0C07436B351.jpg,GBIF,,,,,2025-11-09 16:18:46.924478
211616,Rhyncholaelia,glauca,https://inaturalist-open-data.s3.amazonaws.com/photos/182387890/original.jpg,GBIF,,,,,2025-11-09 05:50:41.076143
190426,Psilochilus,panamensis,https://images.mobot.org/tropicosimages3/detailimages/TropicosImageVol3/100465000/41AE9EB0-266A-4910-B37E-01ACD56DD349.jpg,GBIF,,,,,2025-11-09 00:44:49.053248
2100,Phragmipedium,longifolium Warsz.,https://inaturalist-open-data.s3.amazonaws.com/photos/115676466/original.jpeg,GBIF,Panama,,ramon_d,http://creativecommons.org/licenses/by-nc/4.0/,2025-10-19 13:04:46.333041
232733,Hetaeria,pelota,"https://iiif.rbge.org.uk/herb/iiif/E00027260/full/300,/0/default.jpg",GBIF,,,,,2025-11-09 10:57:15.116639
250803,Pachyplectron,aphyllum T.,https://inaturalist-open-data.s3.amazonaws.com/photos/436441102/original.jpg,GBIF,,,,,2025-11-09 15:33:03.956618
8560,Dendrobium,villosulum,"https://iiif.rbge.org.uk/herb/iiif/E01297304/full/1600,/0/default.jpg",GBIF,,,,http://creativecommons.org/publicdomain/zero/1.0/,2025-10-20 01:59:00.084984
267813,Habenaria,silvatica Schltr.,https://oxalis.br.fgov.be/images/BR0/000/021/833/175/BR0000021833175.jpg,GBIF,,,,,2025-11-09 19:36:26.432561
182435,Habenaria,cephalotes Lindl.,http://sweetgum.nybg.org/images3/3533/547/04097074.jpg,GBIF,,,,,2025-11-08 22:47:37.916009
1685,Cypripedium,tibeticum King,https://inaturalist-open-data.s3.amazonaws.com/photos/107897574/original.jpg,GBIF,China,,Xavier Rufray,http://creativecommons.org/licenses/by-nc/4.0/,2025-10-19 11:20:00.293923
294841,Epidendrum,physodes,https://collections.nmnh.si.edu/media/?i=10839622&h=2000,GBIF,,,,,2025-11-10 02:32:28.755527
288078,Encyclia,aspera,http://data.huh.harvard.edu/6dc79069-39de-4107-b025-0607ca5795b1/image,GBIF,,,,,2025-11-10 00:49:26.553978
196357,Cattleya,harpophylla,https://oxalis.br.fgov.be/images/BR0/000/008/089/786/BR0000008089786.jpg,GBIF,,,,,2025-11-09 02:08:22.368542
179078,Satyrium,rhodanthum Schltr.,https://inaturalist-open-data.s3.amazonaws.com/photos/451081168/original.jpeg,GBIF,,,,,2025-11-08 21:58:52.724216
288404,Stelis,guianensis,https://images.mobot.org/tropicosimages4/detailimages/TropicosImagesVol4/101075000/22AC361F-5C8C-4EDF-86B9-055E34D4A0D4.jpg,GBIF,,,,,2025-11-10 00:55:00.208159
297096,Acianthera,heteropetala,https://images.mobot.org/tropicosimages3/detailimages/Tropicos/235/0FD44DD5-383F-4E56-9B37-6221C455A7D8.jpg,GBIF,,,,,2025-11-10 03:06:43.734379
179093,Satyrium,rhodanthum Schltr.,https://inaturalist-open-data.s3.amazonaws.com/photos/241216035/original.jpg,GBIF,,,,,2025-11-08 21:58:52.778287
258764,Oberonia,dubia,http://data.huh.harvard.edu/c54d3e26-675b-41c7-9960-ac4507f152f9/image,GBIF,,,,,2025-11-09 17:25:32.641724
294246,Epipogium,kentingense,https://inaturalist-open-data.s3.amazonaws.com/photos/192873219/original.jpeg,GBIF,,,,,2025-11-10 02:23:05.281401
215326,Caladenia,branwhitei D.,https://images.ala.org.au/image/proxyImageThumbnailLarge?imageId=b553f38b-96dc-4d06-a86a-2d675e64ec94,GBIF,,,,,2025-11-09 06:44:13.103173
232842,Dendrobium,brevilabium,https://medialib.naturalis.nl/file/id/L0059210_MLN/format/large,GBIF,,,,,2025-11-09 10:57:19.404118
662,Cleistes,rosea Lindl.,https://inaturalist-open-data.s3.amazonaws.com/photos/123547915/original.jpeg,GBIF,Panama,,Annie Muñoz,http://creativecommons.org/licenses/by-nc/4.0/,2025-10-19 08:44:55.103289
194538,Liparis,pygmaea,https://d2jcv3kl45hlgi.cloudfront.net/6f147d1496fcccfbb0872c57bee1e1ac.jpg,GBIF,,,,,2025-11-09 01:39:26.322988
273014,Polystachya,parva,https://images.mobot.org/tropicosimages4/detailimages/TropicosImagesVol4/101273000/C1DF18D7-FC8A-4C01-8F39-97E84D0E31BA.jpg,GBIF,,,,,2025-11-09 22:21:59.605646
268010,Epidendrum,nocturnum,https://inaturalist-open-data.s3.amazonaws.com/photos/461244244/original.jpeg,GBIF,,,,,2025-11-09 19:39:29.883296
234597,Masdevallia,gnoma,http://data.huh.harvard.edu/f487d22f-9449-470d-9e2e-5dc241c852cd/image,GBIF,,,,,2025-11-09 10:59:18.231545
261792,Gongora,superflua,https://cdn.floridamuseum.ufl.edu/Herbarium/38b57e19-0863-4aa2-9657-6a90fe7c1902,GBIF,,,,,2025-11-09 18:04:25.954220
233828,Brassia,signata,http://data.huh.harvard.edu/dc7d06be-5931-48aa-962c-df580a1dc81a/image,GBIF,,,,,2025-11-09 10:58:12.490570
252069,Acineta,densa,https://d2jcv3kl45hlgi.cloudfront.net/fb5ed31fb7581d0b015dc987ad912061.jpg,GBIF,,,,,2025-11-09 15:51:02.591433
269416,Cyrtochilum,loesenerianum,https://inaturalist-open-data.s3.amazonaws.com/photos/538368279/original.jpg,GBIF,,,,,2025-11-09 19:53:55.121887
296584,Epidendrum,chloranthum,http://jbrj-public-img.s3-sa-east-1.amazonaws.com/JPG/rb/0/54/90/77/00549077.jpg,GBIF,,,,,2025-11-10 02:58:32.781591
299141,Vrydagzynea,albostriata Schltr.,"https://iiif.rbge.org.uk/herb/iiif/E01270086/full/300,/0/default.jpg",GBIF,,,,,2025-11-10 03:35:03.670723
207124,Clowesia,thylaciochila,https://inaturalist-open-data.s3.amazonaws.com/photos/227426891/original.jpg,GBIF,,,,,2025-11-09 04:41:58.470622
236178,Corybas,vitreus Lehnebach,https://inaturalist-open-data.s3.amazonaws.com/photos/539798976/original.jpg,GBIF,,,,,2025-11-09 11:31:25.127046
286371,Bulbophyllum,afzelii,http://sweetgum.nybg.org/images3/4333/997/03998747.jpg,GBIF,,,,,2025-11-10 00:25:14.977694
208148,Epigeneium,tricallosum,https://inaturalist-open-data.s3.amazonaws.com/photos/511363043/original.jpg,GBIF,,,,,2025-11-09 04:58:36.831801
295284,Aerangis,hyaloides,http://mediaphoto.mnhn.fr/media/1441306210328iKF8MVuNhNJ0d4rE,GBIF,,,,,2025-11-10 02:39:05.838538
218795,Lepanthes,montezumae,https://inaturalist-open-data.s3.amazonaws.com/photos/414739979/original.jpeg,GBIF,,,,,2025-11-09 07:33:16.008214
292655,Scaphyglottis,propinqua,https://images.mobot.org/tropicosimages4/detailimages/TropicosImagesVol4/101090000/7B116C11-7BF3-4292-A8F5-715EDC8C69E9.jpg,GBIF,,,,,2025-11-10 01:57:10.128199
211316,Calanthe,candida,https://inaturalist-open-data.s3.amazonaws.com/photos/480221354/original.jpeg,GBIF,,,,,2025-11-09 05:46:27.664478
186603,Cyrtopodium,braemii,https://images.mobot.org/tropicosimages3/detailimages/Tropicos/235/2016D521-0E6E-45BE-A52A-14A0CB417582.jpg,GBIF,,,,,2025-11-08 23:52:44.753674
149511,Pterygodium,hallii Schelpe,https://inaturalist-open-data.s3.amazonaws.com/photos/565080668/original.jpg,GBIF,South Africa,,esme_15,http://creativecommons.org/licenses/by-nc/4.0/,2025-11-06 02:24:50.237269
186642,Ida,castanea,https://d2jcv3kl45hlgi.cloudfront.net/e293fe8fab23decb1c846e1093504b03.jpg,GBIF,,,,,2025-11-08 23:52:59.570581
125808,Aa,leucantha,http://sweetgum.nybg.org/images3/3506/432/03988146.jpg,GBIF,Peru,"1.4 km north of Ura-ayllu, in vertical rock outcrop just south of Rio Awi-Awi",B. C. Bennett,http://creativecommons.org/licenses/by/4.0/,2025-11-05 20:21:40.106972
184930,Spiranthes,x,https://inaturalist-open-data.s3.amazonaws.com/photos/561812592/original.jpg,GBIF,,,,,2025-11-08 23:26:50.585990
222584,Liparis,perrieri,https://mediaphoto.mnhn.fr/media/1568731884067mrWly7TpwlUUdLkk,GBIF,,,,,2025-11-09 08:30:29.779345
302248,Dactylorhiza,viridis L.,https://inaturalist-open-data.s3.amazonaws.com/photos/489966932/original.jpg,GBIF,,,,,2025-11-10 04:19:23.264004
199732,Cattleya,bradei,http://jbrj-public-img.s3-sa-east-1.amazonaws.com/JPG/rb/0/84/22/88/00842288.jpg,GBIF,,,,,2025-11-09 03:03:34.546861
275902,Epidendrum,sumacoense,https://inaturalist-open-data.s3.amazonaws.com/photos/180032051/original.jpg,GBIF,,,,,2025-11-09 22:25:19.017604
220845,Cattleya,coccinea,https://inaturalist-open-data.s3.amazonaws.com/photos/358438045/original.jpeg,GBIF,,,,,2025-11-09 07:59:43.914790
226101,Coelogyne,beccarii,http://data.huh.harvard.edu/6d9a1024-df91-4d0d-b623-df0da7f9fba2/image,GBIF,,,,,2025-11-09 09:10:59.949430
2388,Paphiopedilum,Pfitzer,https://inaturalist-open-data.s3.amazonaws.com/photos/248799718/original.jpg,GBIF,,,Tse Chung Yi,http://creativecommons.org/licenses/by-nc/4.0/,2025-10-19 13:10:00.388065
252022,Bulbophyllum,subsecundum,https://mediaphoto.mnhn.fr/media/1661419167078d9YPgiiuJWYXjDzQ,GBIF,,,,,2025-11-09 15:49:50.738315
223271,Bulbophyllum,purpureum,http://data.huh.harvard.edu/821b0771-deb0-4c7b-96a4-6eac35101f88/image,GBIF,,,,,2025-11-09 08:39:52.295371
3296,Dendrobium,nobile,https://inaturalist-open-data.s3.amazonaws.com/photos/438110835/original.jpg,GBIF,Brazil,,Vitor C. Dias Gonçalves,http://creativecommons.org/licenses/by-nc/4.0/,2025-10-19 13:55:06.602436
4819,Oncidium,flexuosum,https://inaturalist-open-data.s3.amazonaws.com/photos/461326887/original.jpg,GBIF,Australia,,Tina Hanneman,http://creativecommons.org/licenses/by-nc/4.0/,2025-10-19 13:59:45.892208
107197,Angraecum,sesquipedale,https://inaturalist-open-data.s3.amazonaws.com/photos/345337116/original.jpeg,GBIF,Madagascar,,david e leo berton,http://creativecommons.org/licenses/by-nc/4.0/,2025-11-04 03:12:22.575075
233717,Masdevallia,rosea,https://inaturalist-open-data.s3.amazonaws.com/photos/353115078/original.jpeg,GBIF,,,,,2025-11-09 10:58:09.420855
168051,Prasophyllum,beatrix D.,https://inaturalist-open-data.s3.amazonaws.com/photos/55163402/original.jpg,GBIF,Australia,,zeke1944,,2025-11-07 07:48:58.933317
190589,Dendrobium,scopa,https://medialib.naturalis.nl/file/id/L.1520492/format/large,GBIF,,,,,2025-11-09 00:46:32.718721
255611,Liparis,elegantula,https://images.mobot.org/tropicosimages4/detailimages/TropicosImagesVol4/101206000/7528C903-A971-47C0-ABE6-43CAFC514291.jpg,GBIF,,,,,2025-11-09 16:43:13.580294
194595,Laelia,schultzei,http://data.huh.harvard.edu/4ec5f4f6-2c78-46fc-b96f-cebd97865b1a/image,GBIF,,,,,2025-11-09 01:41:01.081751
243594,Caladenia,polychroma Hopper,https://inaturalist-open-data.s3.amazonaws.com/photos/427427780/original.jpeg,GBIF,,,,,2025-11-09 13:47:58.807232
296234,Caladenia,alata R.,https://inaturalist-open-data.s3.amazonaws.com/photos/552197846/original.jpg,GBIF,,,,,2025-11-10 02:53:07.401855
175983,Prescottia,phleoides Lindl.,http://jbrj-public-img.s3-sa-east-1.amazonaws.com/JPG/rb/1/19/89/19/01198919.jpg,GBIF,,,,,2025-11-08 21:14:20.706102
248744,Cottonia,peduncularis,https://inaturalist-open-data.s3.amazonaws.com/photos/389322345/original.jpg,GBIF,,,,,2025-11-09 15:00:49.510959
215408,Gastrorchis,tuberculosa,"https://iiif.rbge.org.uk/herb/iiif/E01307630/full/300,/0/default.jpg",GBIF,,,,,2025-11-09 06:44:44.337514
281525,Disa,tripetaloides L.f.,https://inaturalist-open-data.s3.amazonaws.com/photos/461154331/original.jpg,GBIF,,,,,2025-11-09 23:15:16.422330
8204,Epidendrum,paniculatum,https://images.mobot.org/tropicosimages3/detailimages/TropicosImageVol3/100398000/13DB9D14-B918-4E50-B167-7CC6D9B10BFE.jpg,GBIF,Peru,,Rodolfo Vásquez|Rocío Rojas|R. Rivera,http://creativecommons.org/licenses/by-nc-sa/3.0/,2025-10-20 01:57:58.467496
168176,Stelis,perpusilliflora,https://cdn.plantatlas.org/img/specimens/USF/296225.jpg,GBIF,Puerto Rico,,"R. P. Sauleda, M.E. Ragan, B.F. Hansen, W.R. Morales",,2025-11-07 16:33:52.469763
178877,Gastrorchis,francoisii,https://inaturalist-open-data.s3.amazonaws.com/photos/381110546/original.jpeg,GBIF,,,,,2025-11-08 21:56:13.912299
205684,Bulbophyllum,kaitiense,https://d2jcv3kl45hlgi.cloudfront.net/b598931b41b9d25bd250a170c3fe2ecf.jpg,GBIF,,,,,2025-11-09 04:21:43.830547
217058,Pabstiella,armeniaca,http://imagens4.jbrj.gov.br/fsi/server?type=image&source=smnh/Plantas_do_Brasil_2017_02/S16-14974_a.jpg,GBIF,,,,,2025-11-09 07:08:40.480722
201313,Ophrys,spruneri Nyman,https://inaturalist-open-data.s3.amazonaws.com/photos/484212083/original.jpg,GBIF,,,,,2025-11-09 03:23:35.849445
267271,Bulbophyllum,disjunctum,https://medialib.naturalis.nl/file/id/L.1492737/format/large,GBIF,,,,,2025-11-09 19:26:31.920364
280879,Stelis,discolor,https://iiif-manifest.oxalis.br.fgov.be/specimen/BR0000006594152/manifest,GBIF,,,,,2025-11-09 22:56:46.399933
234299,Taeniophyllum,elmeri,http://data.huh.harvard.edu/4b73a628-5b76-4dbc-a8d4-99d7a0394455/image,GBIF,,,,,2025-11-09 10:58:42.794745
254008,Aeranthes,peyrotii,https://inaturalist-open-data.s3.amazonaws.com/photos/5291979/original.jpeg,GBIF,,,,,2025-11-09 16:19:42.724649
187402,Lepanthes,avis,https://images.mobot.org/tropicosimages3/detailimages/Tropicos/235/F9AE06C7-7FF9-4EB0-85CF-8C173A768F65.jpg,GBIF,,,,,2025-11-09 00:02:39.225977
206268,Serapias,cordigera ssp.,https://inaturalist-open-data.s3.amazonaws.com/photos/486322401/original.jpg,GBIF,,,,,2025-11-09 04:29:32.007987
179671,Genoplesium,cuspidatum D.,https://inaturalist-open-data.s3.amazonaws.com/photos/450299129/original.jpeg,GBIF,,,,,2025-11-08 22:06:16.528832
212083,Preptanthe,vestita,https://d2seqvvyy3b8p2.cloudfront.net/52aa40ec9f11f10c04c98b01ba55e37c.jpg,GBIF,,,,,2025-11-09 05:57:09.453662
274183,Eulophia,seleensis,https://inaturalist-open-data.s3.amazonaws.com/photos/55411220/original.jpg,GBIF,,,,,2025-11-09 22:23:26.334438
268195,Cyrtochilum,serratum,https://inaturalist-open-data.s3.amazonaws.com/photos/527260982/original.jpg,GBIF,,,,,2025-11-09 19:41:44.731277
4687,Oncidium,flexuosum,https://inaturalist-open-data.s3.amazonaws.com/photos/461133414/original.jpg,GBIF,Australia,,Rodney Falconer,http://creativecommons.org/licenses/by-nc/4.0/,2025-10-19 13:59:45.892208
181790,Epidendrum,ferrugineum,https://inaturalist-open-data.s3.amazonaws.com/photos/104034835/original.jpeg,GBIF,,,,,2025-11-08 22:39:57.062963
214212,Duckeella,alticola C.,http://sweetgum.nybg.org/images3/3518/036/04070340.jpg,GBIF,,,,,2025-11-09 06:30:35.265227
262079,Pelexia,obliqua,http://data.huh.harvard.edu/72323ee4-31f3-4dfb-a0f3-2138510a1feb/image,GBIF,,,,,2025-11-09 18:09:34.779139
287785,Angraecum,ramosum,https://bs.plantnet.org/image/o/c083982f8eac6061f957a0c365ed5bc1a3f29a44,GBIF,,,,,2025-11-10 00:43:37.751970
188467,Bulbophyllum,tothastes,https://medialib.naturalis.nl/file/id/L.2109019/format/large,GBIF,,,,,2025-11-09 00:17:59.392569
205780,Caladenia,atradenia D.,https://inaturalist-open-data.s3.amazonaws.com/photos/571698101/original.jpg,GBIF,,,,,2025-11-09 04:23:51.315634
266644,Dendrobium,dentatum,http://data.huh.harvard.edu/bc01261f-e61e-489b-a6cf-3fd275b5c60d/image,GBIF,,,,,2025-11-09 19:16:13.274857
279102,Dendrobium,friedericksianum,https://inaturalist-open-data.s3.amazonaws.com/photos/355800359/original.jpg,GBIF,,,,,2025-11-09 22:28:04.789704
244541,Dactylorhiza,majalis ssp.,http://live.staticflickr.com/437/18357237182_0ac4007ebb_b.jpg,GBIF,,,,,2025-11-09 14:00:56.658450
294150,Andreettaea,quinqueseta,https://object.jacq.org/europeana/W/127025.jpg,GBIF,,,,,2025-11-10 02:21:06.066783
273868,Masdevallia,concinna,http://pictures.snsb.info/BSMvplantscoll/web/M-0226/M-0226453_20140714_095154.jpg,GBIF,,,,,2025-11-09 22:22:54.948343
190392,Rhipidoglossum,globulosocalcaratum,https://iiif-manifest.oxalis.br.fgov.be/specimen/BR0000006800758/manifest,GBIF,,,,,2025-11-09 00:44:02.062797
198061,Eulophia,schaijesii,https://oxalis.br.fgov.be/images/BR0/000/008/811/745/BR0000008811745.jpg,GBIF,,,,,2025-11-09 02:37:57.426728
251958,Phreatia,pulchella,https://d2jcv3kl45hlgi.cloudfront.net/f98d2068ccab5c395b0b4e8b6cd1f793.jpg,GBIF,,,,,2025-11-09 15:49:10.932217
295281,Aerangis,hyaloides,https://images.mobot.org/tropicosimages4/detailimages/TropicosImagesVol4/101029000/B3A2A960-4222-4EB1-A10F-5D20563031B7.jpg,GBIF,,,,,2025-11-10 02:39:05.824874
205873,Lepanthes,domingensis,http://sweetgum.nybg.org/images3/383/438/v-243-01287936.jpg,GBIF,,,,,2025-11-09 04:25:01.739698
146738,Paphiopedilum,vietnamense O.,https://d2jcv3kl45hlgi.cloudfront.net/311c41ca3ceab5070640e74bd724ce92.jpg,GBIF,Viet Nam,,"Gross, O.",http://creativecommons.org/licenses/by/4.0/,2025-11-06 02:05:36.222664
268315,Dendrobium,quinquelobum,https://medialib.naturalis.nl/file/id/L.1495629/format/large,GBIF,,,,,2025-11-09 19:43:43.692588
297095,Microchilus,lechleri Ormerod,https://d2jcv3kl45hlgi.cloudfront.net/bca9002a1db72ae5f7074960b16e93c3.jpg,GBIF,,,,,2025-11-10 03:06:35.691857
296874,Dendrobium,nardoides,https://iiif.rbge.org.uk/herb/iiif/E00383629/manifest,GBIF,,,,,2025-11-10 03:03:10.367870
166538,Dendrobium,filicaule,https://medialib.naturalis.nl/file/id/L.1507008/format/large,GBIF,Indonesia,,,,2025-11-07 03:59:13.542488
2424,Paphiopedilum,Pfitzer,https://inaturalist-open-data.s3.amazonaws.com/photos/106355284/original.jpg,GBIF,Philippines,,ellencorcino,http://creativecommons.org/licenses/by-nc/4.0/,2025-10-19 13:10:00.388065
285431,Malaxis,novogaliciana,https://inaturalist-open-data.s3.amazonaws.com/photos/87554865/original.jpg,GBIF,,,,,2025-11-10 00:11:21.088634
295733,Coelogyne,saccata,https://d2jcv3kl45hlgi.cloudfront.net/8eb765b557c5d81e04c7f02a42ea4cfb.jpg,GBIF,,,,,2025-11-10 02:46:38.149864
249248,Odontochilus,poilanei Gagnep.,http://data.huh.harvard.edu/0f93814f-2b08-47ba-bfc6-c8ff9fd12bd3/image,GBIF,,,,,2025-11-09 15:11:30.900727
142647,Vanilla,humblotii Rchb.f.,https://inaturalist-open-data.s3.amazonaws.com/photos/443826279/original.jpg,GBIF,Madagascar,,昆虫学liuye,http://creativecommons.org/licenses/by-nc/4.0/,2025-11-06 01:35:05.347249
293966,Cyrtochilum,examinans,https://oxalis.br.fgov.be/images/BR0/000/032/813/418/BR0000032813418.jpg,GBIF,,,,,2025-11-10 02:17:47.780238
298746,Paphiopedilum,javanicum Reinw.,https://cdn.plantatlas.org/img/specimens/USF/27953.jpg,GBIF,,,,,2025-11-10 03:28:28.134459
213222,Ponthieva,mexicana,https://inaturalist-open-data.s3.amazonaws.com/photos/321896376/original.jpg,GBIF,,,,,2025-11-09 06:17:14.847450
281152,Oxystophyllum,cultratum,http://sweetgum.nybg.org/images3/3484/238/04055906.jpg,GBIF,,,,,2025-11-09 23:06:40.759119
177882,Maxillaria,uncata,https://inaturalist-open-data.s3.amazonaws.com/photos/475518184/original.jpg,GBIF,,,,,2025-11-08 21:43:16.794921
256490,Acianthera,strupifolia,https://inaturalist-open-data.s3.amazonaws.com/photos/363782989/original.jpeg,GBIF,,,,,2025-11-09 16:54:51.907407
289749,Bryobium,pudicum,https://d2seqvvyy3b8p2.cloudfront.net/2a1eb71f7070bb11ba98583e909647e7.jpg,GBIF,,,,,2025-11-10 01:17:59.772573
287877,Agrostophyllum,stenophyllum,https://medialib.naturalis.nl/file/id/L0058555_MLN/format/large,GBIF,,,,,2025-11-10 00:44:33.712649
221188,Epidendrum,cooperianum,http://jbrj-public-img.s3-sa-east-1.amazonaws.com/JPG/rb/0/76/20/35/00762035-2.jpg,GBIF,,,,,2025-11-09 08:06:27.570508
247568,Epidendrum,melinanthum,https://inaturalist-open-data.s3.amazonaws.com/photos/497109212/original.jpeg,GBIF,,,,,2025-11-09 14:43:22.656620
232927,Caladenia,ampla D.,https://inaturalist-open-data.s3.amazonaws.com/photos/572219068/original.jpg,GBIF,,,,,2025-11-09 10:57:22.077835
304549,Pterostylis,perculta,https://inaturalist-open-data.s3.amazonaws.com/photos/73870820/original.jpeg,GBIF,,,,,2025-11-10 04:58:38.136867
287619,Porpax,lacei,"https://iiif.rbge.org.uk/herb/iiif/E00742926/full/300,/0/default.jpg",GBIF,,,,,2025-11-10 00:40:27.310235
252674,Aerangis,decaryana,https://inaturalist-open-data.s3.amazonaws.com/photos/5193044/original.jpeg,GBIF,,,,,2025-11-09 16:00:10.213409
192564,Ophrys,x praemelena,http://mediaphoto.mnhn.fr/media/1441305660996T0e3MhcwlZ5esJxe,GBIF,,,,,2025-11-09 01:14:20.552422
238346,Pterichis,parvifolia Lindl.,http://www.aubot.dk/specimenimages/AAU_8_2017_Orchidaceae/IMG_525.jpg,GBIF,,,,,2025-11-09 12:40:16.270158
216987,Pelexia,minarum,"https://iiif.rbge.org.uk/herb/iiif/E01267890/full/1600,/0/default.jpg",GBIF,,,,,2025-11-09 07:07:28.553777
182280,Dendrobium,baeuerlenii,"https://iiif.rbge.org.uk/herb/iiif/E00706223/full/1600,/0/default.jpg",GBIF,,,,,2025-11-08 22:46:01.504802
299744,Aerangis,stelligera,https://inaturalist-open-data.s3.amazonaws.com/photos/63573104/original.jpg,GBIF,,,,,2025-11-10 03:41:25.220728
230408,Bulbophyllum,pygmaeum,https://inaturalist-open-data.s3.amazonaws.com/photos/461832653/original.jpg,GBIF,,,,,2025-11-09 10:55:04.581526
202353,Scaphosepalum,triceratops,https://images.mobot.org/tropicosimages3/detailimages/TropicosImages2/235/01866942-0606-41DD-8034-32DB5AEEB191.jpg,GBIF,,,,,2025-11-09 03:39:00.789951
229283,Pterostylis,parva D.,https://inaturalist-open-data.s3.amazonaws.com/photos/142583121/original.jpeg,GBIF,,,,,2025-11-09 10:54:15.280730
267956,Galeoglossum,tubulosum Lindl.,http://data.huh.harvard.edu/c0a17c00-ce5a-4254-a087-1294119760e7/image,GBIF,,,,,2025-11-09 19:38:09.734322
257851,Eulophia,litoralis,https://inaturalist-open-data.s3.amazonaws.com/photos/455862248/original.jpg,GBIF,,,,,2025-11-09 17:12:11.970570
195375,Bulbophyllum,aemulum,"https://iiif.rbge.org.uk/herb/iiif/E00123407/full/1600,/0/default.jpg",GBIF,,,,,2025-11-09 01:54:05.579165
224706,Encyclia,xipheres,http://data.huh.harvard.edu/a7162405-c559-458e-9fde-d1f46c786362/image,GBIF,,,,,2025-11-09 09:01:49.919587
298258,Caladenia,stellata D.,https://inaturalist-open-data.s3.amazonaws.com/photos/556352529/original.jpg,GBIF,,,,,2025-11-10 03:20:55.448668
2150,Phragmipedium,pearcei Rchb.f.,https://inaturalist-open-data.s3.amazonaws.com/photos/468515726/original.jpg,GBIF,Ecuador,,Harrison Reber,http://creativecommons.org/licenses/by/4.0/,2025-10-19 13:04:55.729574
10700,Epidendrum,envigadoense,https://inaturalist-open-data.s3.amazonaws.com/photos/310961330/original.jpeg,GBIF,Colombia,,Daniel Higuita Tamayo,http://creativecommons.org/licenses/by-nc/4.0/,2025-10-21 07:29:42.645518
214262,Acianthera,limae,http://jbrj-public-img.s3-sa-east-1.amazonaws.com/JPG/rb/1/12/58/71/01125871-1.jpg,GBIF,,,,,2025-11-09 06:30:58.724936
299292,Lepanthes,otara,https://images.mobot.org/tropicosimages4/detailimages/TropicosImagesVol4/101201000/E4E02538-DBDD-4A4B-BFED-2BB5833AEC8A.jpg,GBIF,,,,,2025-11-10 03:36:54.443496
4328,Bulbophyllum,species,https://inaturalist-open-data.s3.amazonaws.com/photos/526485847/original.jpg,GBIF,Japan,,Mason Brock,http://creativecommons.org/publicdomain/zero/1.0/,2025-10-19 13:58:45.290643
190498,Dracula,bella,http://repo.rbge.org.uk/image_server.php?kind=1500&path_base64=L2l0ZW1faW1hZ2VzL2FjY2Vzc2lvbnMvMTkvNzEvNjIvMzUvQS9QaG90b181OTJlNWQ1NDE4OGMzLmpwZw==,GBIF,,,,,2025-11-09 00:45:36.777855
185169,Liparis,cordiformis,https://inaturalist-open-data.s3.amazonaws.com/photos/223603699/original.jpg,GBIF,,,,,2025-11-08 23:30:01.502070
266235,Stelis,alta,http://data.huh.harvard.edu/1476a1c8-981c-4318-b1ab-266c9d344593/image,GBIF,,,,,2025-11-09 19:09:29.022519
261298,Stereosandra,javanica,https://inaturalist-open-data.s3.amazonaws.com/photos/580000466/original.jpg,GBIF,,,,,2025-11-09 17:59:56.265609
10796,Oncidium,leleui,http://sweetgum.nybg.org/images3/3564/756/04110018.jpg,GBIF,Mexico,,G. B. Hinton,http://creativecommons.org/licenses/by/4.0/,2025-10-21 07:31:46.123517
280528,Dendrobium,seranicum,http://repo.rbge.org.uk/image_server.php?kind=1500&path_base64=L2l0ZW1faW1hZ2VzL2FjY2Vzc2lvbnMvMTkvODgvMDIvNzIvUGhvdG9fNTFjMWNhZmRiM2RkYS5qcGc=,GBIF,,,,,2025-11-09 22:47:08.567014
262680,Sobralia,fragrans,https://inaturalist-open-data.s3.amazonaws.com/photos/161471040/original.jpeg,GBIF,,,,,2025-11-09 18:18:03.393512
178873,Gastrorchis,francoisii,https://inaturalist-open-data.s3.amazonaws.com/photos/381110788/original.jpeg,GBIF,,,,,2025-11-08 21:56:13.892675
2061,Phragmipedium,longifolium Warsz.,https://inaturalist-open-data.s3.amazonaws.com/photos/307197583/original.jpeg,GBIF,Colombia,,Apipa,http://creativecommons.org/licenses/by-nc/4.0/,2025-10-19 13:04:46.333041
223937,Glomera,confusa,https://iiif.rbge.org.uk/herb/iiif/E01296914/manifest,GBIF,,,,,2025-11-09 08:50:19.956544
291348,Epidendrum,prostratum,http://mediaphoto.mnhn.fr/media/1441305135168qV3evPYgIxtP7HOW,GBIF,,,,,2025-11-10 01:41:41.345258
204721,Holothrix,elgonensis Summerh.,https://d2jcv3kl45hlgi.cloudfront.net/2313c438cb6761ac0d47b4ecc54ea5b1.jpg,GBIF,,,,,2025-11-09 04:10:45.166641
9167,Dendrobium,lindleyi,https://collections.nmnh.si.edu/media/?i=10835765&h=2000,GBIF,,,,Usage Conditions Apply,2025-10-20 02:24:07.741168
8627,Epidendrum,tridactylum,http://data.huh.harvard.edu/299bc6e3-a56e-452a-8f2d-c453125b382e/image,GBIF,Peru,,P. C. Hutchison & J. K. Wright,https://huh.harvard.edu/access-digital-reproductions-works-public-domain,2025-10-20 02:00:33.904359
299755,Aerangis,stelligera,http://mediaphoto.mnhn.fr/media/144248214437496lsJ6hM42HyxCfS,GBIF,,,,,2025-11-10 03:41:25.272367
253952,Acianthera,hystrix,http://imagens4.jbrj.gov.br/fsi/server?type=image&source=smnh/Plantas_do_Brasil_2017_03/S17-14522.jpg,GBIF,,,,,2025-11-09 16:19:26.500425
191684,Maxillaria,pulla,https://iiif-manifest.oxalis.br.fgov.be/specimen/BR0000006812737/manifest,GBIF,,,,,2025-11-09 01:02:40.543111
200461,Orchis,galilaea Bornm.,https://inaturalist-open-data.s3.amazonaws.com/photos/475998725/original.jpeg,GBIF,,,,,2025-11-09 03:14:09.531974
3951,Vanda,species,https://inaturalist-open-data.s3.amazonaws.com/photos/288054141/original.jpeg,GBIF,Nepal,,Basu Dev Neupane,http://creativecommons.org/licenses/by-nc/4.0/,2025-10-19 13:58:11.428304
250766,Pleurothallis,eduardoi,https://inaturalist-open-data.s3.amazonaws.com/photos/142535111/original.jpeg,GBIF,,,,,2025-11-09 15:32:00.325127
301524,Alatiliparis,lepanthes,https://medialib.naturalis.nl/file/id/L.1513409/format/large,GBIF,,,,,2025-11-10 04:10:14.864843
197789,Bulbophyllum,uniflorum,https://inaturalist-open-data.s3.amazonaws.com/photos/373563716/original.png,GBIF,,,,,2025-11-09 02:32:08.927447
278945,Telipogon,pogonostalix,https://inaturalist-open-data.s3.amazonaws.com/photos/342412699/original.jpg,GBIF,,,,,2025-11-09 22:27:43.665343
2768,Epidendrum,species,https://inaturalist-open-data.s3.amazonaws.com/photos/466679020/original.jpg,GBIF,Mexico,,Ismael Carreón,http://creativecommons.org/licenses/by-nc/4.0/,2025-10-19 13:54:01.651673
217425,Aerangis,seegeri,https://images.mobot.org/tropicosimages3/detailimages/TropicosImageVol3/100519000/7BE81F34-7741-46FC-91B1-2C0F5198A723.jpg,GBIF,,,,,2025-11-09 07:14:05.686930
168567,Drakaea,livida J.,https://inaturalist-open-data.s3.amazonaws.com/photos/568991594/original.jpg,GBIF,Australia,,Stephen Buckle,,2025-11-07 16:36:41.026012
305443,Epidendrum,amaruense,https://images.mobot.org/tropicosimages3/detailimages/TropicosImages2/100344000/E4CF66F1-B368-455A-AF43-E2D6D389F035.jpg,GBIF,,,,,2025-11-10 05:11:28.364998
199745,Masdevallia,mallii,https://images.mobot.org/tropicosimages3/detailimages/Tropicos/235/2F13E6B8-D767-4594-9302-296F35F71089.jpg,GBIF,,,,,2025-11-09 03:03:58.870096
187787,Masdevallia,caesia,https://inaturalist-open-data.s3.amazonaws.com/photos/437670413/original.jpeg,GBIF,,,,,2025-11-09 00:08:59.909563
272911,Dendrobium,viridiflorum,https://inaturalist-open-data.s3.amazonaws.com/photos/467854717/original.jpeg,GBIF,,,,,2025-11-09 22:21:53.818160
217660,Gomesa,cornigera,https://inaturalist-open-data.s3.amazonaws.com/photos/566077822/original.jpg,GBIF,,,,,2025-11-09 07:16:59.844071
182815,Stenoglottis,fimbriata Lindl.,https://inaturalist-open-data.s3.amazonaws.com/photos/465311633/original.jpg,GBIF,,,,,2025-11-08 22:55:01.050109
260665,Maxillaria,huebschii,https://inaturalist-open-data.s3.amazonaws.com/photos/417095322/original.jpeg,GBIF,,,,,2025-11-09 17:52:39.027456
216214,Lepanthes,manabina,https://inaturalist-open-data.s3.amazonaws.com/photos/374219677/original.jpg,GBIF,,,,,2025-11-09 06:55:27.026636
288883,Pleurothallis,dewildei,https://inaturalist-open-data.s3.amazonaws.com/photos/360676696/original.jpeg,GBIF,,,,,2025-11-10 01:05:34.162873
260424,Maxillaria,sanantonioensis,https://cdn.floridamuseum.ufl.edu/Herbarium/7b486cdc-4f05-4860-9c1d-3e3ccd50d4dd,GBIF,,,,,2025-11-09 17:48:40.690714
7197,Oncidium,sphacelatum,https://inaturalist-open-data.s3.amazonaws.com/photos/489729947/original.jpg,GBIF,Mexico,,Itzel Flores,http://creativecommons.org/licenses/by/4.0/,2025-10-20 01:45:05.419973
208122,Ophrys,x philippi,https://inaturalist-open-data.s3.amazonaws.com/photos/564924534/original.jpg,GBIF,,,,,2025-11-09 04:58:20.354318
246715,Goodyera,foliosa Lindl.,https://inaturalist-open-data.s3.amazonaws.com/photos/441592755/original.jpeg,GBIF,,,,,2025-11-09 14:30:49.196616
224894,Himantoglossum,hircinum L.,https://observation.org/photos/110515489.jpg,GBIF,,,,,2025-11-09 09:03:34.074970
185256,Schizochilus,flexuosus Harv.,https://inaturalist-open-data.s3.amazonaws.com/photos/366589376/original.jpeg,GBIF,,,,,2025-11-08 23:31:28.424261
178240,Cycnoches,pentadactylon,https://cdn.floridamuseum.ufl.edu/Herbarium/0cb65bbf-4a8a-4ae8-9cfc-8f052cd19edf,GBIF,,,,,2025-11-08 21:47:06.811939
237337,Bulbophyllum,granulosum,https://oxalis.br.fgov.be/images/BR0/000/032/804/942/BR0000032804942.jpg,GBIF,,,,,2025-11-09 12:13:35.439686
259689,Myrmecophila,wendlandii,https://inaturalist-open-data.s3.amazonaws.com/photos/177945267/original.jpeg,GBIF,,,,,2025-11-09 17:40:05.351379
294071,Earina,autumnalis,https://inaturalist-open-data.s3.amazonaws.com/photos/462302034/original.jpg,GBIF,,,,,2025-11-10 02:19:39.544566
274914,Eulophia,speciosa,https://inaturalist-open-data.s3.amazonaws.com/photos/472078826/original.jpg,GBIF,,,,,2025-11-09 22:24:10.482125
255351,Prasophyllum,petilum,https://inaturalist-open-data.s3.amazonaws.com/photos/579194269/original.jpg,GBIF,,,,,2025-11-09 16:40:02.664130
264881,Clematepistephium,smilacifolium,http://mediaphoto.mnhn.fr/media/1441307138732RgAYJbxCSER49xFd,GBIF,,,,,2025-11-09 18:50:25.250804
191822,Polystachya,dewanckeliana,https://oxalis.br.fgov.be/images/BR0/000/006/616/397/BR0000006616397.jpg,GBIF,,,,,2025-11-09 01:04:23.826205
261871,Epidendrum,gonzalez-tamayoi,https://inaturalist-open-data.s3.amazonaws.com/photos/363304528/original.jpeg,GBIF,,,,,2025-11-09 18:05:53.560251
227223,Elleanthus,magnicallosus,https://images.mobot.org/tropicosimages5/detailimages/TropicosImagesVol5/101616000/12F7EAD1-9E95-42C9-960B-96D99707C9E3.jpg,GBIF,,,,,2025-11-09 10:52:52.138804
292339,Ceratostylis,hainanensis,https://d2jcv3kl45hlgi.cloudfront.net/04e0c724c8a5cf16a1c02e266db542fc.jpg,GBIF,,,,,2025-11-10 01:53:19.479946
218055,Habenaria,kassneriana Kraenzl.,https://oxalis.br.fgov.be/images/BR0/000/013/684/570/BR0000013684570.jpg,GBIF,,,,,2025-11-09 07:23:04.779844
3607,Epidendrum,nocturnum,https://inaturalist-open-data.s3.amazonaws.com/photos/254163451/original.jpg,GBIF,United States of America,,Logan Crees,http://creativecommons.org/licenses/by-nc/4.0/,2025-10-19 13:56:57.310196
176535,Barkeria,uniflora,https://inaturalist-open-data.s3.amazonaws.com/photos/337228144/original.jpg,GBIF,,,,,2025-11-08 21:23:04.114887
290645,Eulophia,tabularis,https://inaturalist-open-data.s3.amazonaws.com/photos/453327567/original.jpeg,GBIF,,,,,2025-11-10 01:31:05.624528
234566,Stelis,cuencana,http://data.huh.harvard.edu/074cb52f-0810-4956-8cd5-6acca0a13dc3/image,GBIF,,,,,2025-11-09 10:59:01.216565
270031,Epidendrum,diffusum,https://inaturalist-open-data.s3.amazonaws.com/photos/234275055/original.jpeg,GBIF,,,,,2025-11-09 19:56:59.192410
275910,Epidendrum,sumacoense,https://inaturalist-open-data.s3.amazonaws.com/photos/67121081/original.jpeg,GBIF,,,,,2025-11-09 22:25:19.073837
202713,Jumellea,jumelleana,https://inaturalist-open-data.s3.amazonaws.com/photos/1542657/original.jpg,GBIF,,,,,2025-11-09 03:46:24.277317
212386,Stelis,poasensis,https://inaturalist-open-data.s3.amazonaws.com/photos/30110880/original.jpg,GBIF,,,,,2025-11-09 06:01:06.858126
213558,Gomphichis,plantaginifolia C.,https://images.mobot.org/tropicosimages4/detailimages/TropicosImagesVol4/101162000/F9DAADD1-95AA-424C-9140-C36F60436E28.jpg,GBIF,,,,,2025-11-09 06:22:15.848723
224708,Encyclia,xipheres,"https://iiif.rbge.org.uk/herb/iiif/E01282134/full/300,/0/default.jpg",GBIF,,,,,2025-11-09 09:01:49.928309
223903,Angraecopsis,gracillima,https://oxalis.br.fgov.be/images/BR0/000/009/867/772/BR0000009867772.jpg,GBIF,,,,,2025-11-09 08:50:11.984000
186861,Prosthechea,roraimensis,https://inaturalist-open-data.s3.amazonaws.com/photos/566529708/original.jpg,GBIF,,,,,2025-11-08 23:55:47.347899
301680,Disperis,bathiei Bosser,http://mediaphoto.mnhn.fr/media/1442488258353jMoWzjqADcdml8lU,GBIF,,,,,2025-11-10 04:12:12.743652
235600,Stellamaris,pergrata,https://inaturalist-open-data.s3.amazonaws.com/photos/425765018/original.jpeg,GBIF,,,,,2025-11-09 11:19:55.713456
298119,Maxillaria,plicata,http://mediaphoto.mnhn.fr/media/1442443426212skhSGGTwfm1CAh6R,GBIF,,,,,2025-11-10 03:19:44.001982
195669,Pterostylis,mutica R.,https://inaturalist-open-data.s3.amazonaws.com/photos/553946127/original.jpg,GBIF,,,,,2025-11-09 01:58:59.660776
232250,Stelis,campanulifera,http://data.huh.harvard.edu/9c7fdfaa-6829-41c5-a406-52085b4b05d0/image,GBIF,,,,,2025-11-09 10:56:50.029680
2592,Maxillaria,variabilis,https://inaturalist-open-data.s3.amazonaws.com/photos/342386618/original.jpeg,GBIF,Costa Rica,,Eric van den Berghe,http://creativecommons.org/licenses/by-nc/4.0/,2025-10-19 13:53:26.328101
261330,Habenaria,cultrata A.,http://mediaphoto.mnhn.fr/media/1540907494574fnsX846DQbJv2pTs,GBIF,,,,,2025-11-09 18:00:11.496420
294637,Bulbophyllum,sensile,http://sweetgum.nybg.org/images3/668/169/00563901.jpg,GBIF,,,,,2025-11-10 02:30:45.076532
250609,Lepanthes,longipedicellata,http://sweetgum.nybg.org/images3/3701/489/04203606.jpg,GBIF,,,,,2025-11-09 15:29:29.407591
221432,Bulbophyllum,plumula,https://iiif.rbge.org.uk/herb/iiif/E01306257/manifest,GBIF,,,,,2025-11-09 08:11:04.832804
291233,Pinalia,formosana,https://inaturalist-open-data.s3.amazonaws.com/photos/482057036/original.jpeg,GBIF,,,,,2025-11-10 01:40:45.259780
240,Cleistesiopsis,Pansarin &,https://inaturalist-open-data.s3.amazonaws.com/photos/501197373/original.jpeg,GBIF,United States of America,,j_appleget,http://creativecommons.org/licenses/by-nc/4.0/,2025-10-19 08:22:49.675141
215284,Oberonia,serpentinicaulis,https://medialib.naturalis.nl/file/id/L0061777_MLN/format/large,GBIF,,,,,2025-11-09 06:42:37.437031
215568,Satyrium,erectum Sw.,https://inaturalist-open-data.s3.amazonaws.com/photos/553788446/original.jpg,GBIF,,,,,2025-11-09 06:46:43.661684
199885,Ancistrochilus,thomsonianus,https://images.mobot.org/tropicosimages3/detailimages/TropicosImageVol3/100597000/96691707-D0F9-43D0-B8D5-072DCE85C761.jpg,GBIF,,,,,2025-11-09 03:05:50.836857
144318,Cypripedium,acaule Aiton,https://api.idigbio.org/v2/media/565dfac8-b6a9-492e-8ca9-36766c9c489f,iDigBio,canada,,,CC0,2025-11-06 01:44:12.602200
210552,Bulbophyllum,fimbriatum,https://inaturalist-open-data.s3.amazonaws.com/photos/33422100/original.jpeg,GBIF,,,,,2025-11-09 05:35:20.932042
11127,Cypripedium,reginae Walt.,https://images.mobot.org/tropicosimages3/detailimages/TropicosImages2/100158000/2213DB26-324C-4AE8-ACEC-E6B39C8CB9FF.jpg,Tropicos - Missouri Botanical Garden,,,,,2025-10-21 17:49:15.117317
262456,Coelogyne,veitchii,http://data.huh.harvard.edu/d04d1bea-1eda-4b71-ba8e-1134f8a788eb/image,GBIF,,,,,2025-11-09 18:15:47.600842
202814,Epidendrum,urbanianum,https://inaturalist-open-data.s3.amazonaws.com/photos/572951970/original.jpg,GBIF,,,,,2025-11-09 03:47:19.601365
177219,Bulbophyllum,gusdorfii,https://medialib.naturalis.nl/file/id/L.1484578/format/large,GBIF,,,,,2025-11-08 21:33:22.211279
5415,Pleurothallis,liripipia,https://inaturalist-open-data.s3.amazonaws.com/photos/539590448/original.jpg,GBIF,Cuba,,Roberto Jovel,http://creativecommons.org/licenses/by-nc/4.0/,2025-10-19 14:02:52.904184
259749,Oberonia,equitans,https://inaturalist-open-data.s3.amazonaws.com/photos/212632726/original.jpeg,GBIF,,,,,2025-11-09 17:40:52.626036
177409,Rossioglossum,krameri,https://object.jacq.org/europeana/W/132726.jpg,GBIF,,,,,2025-11-08 21:36:16.597875
304121,Deiregyne,albovaginata,https://inaturalist-open-data.s3.amazonaws.com/photos/261271925/original.jpg,GBIF,,,,,2025-11-10 04:51:06.413845
229524,Orchis,punctulata Steven,https://inaturalist-open-data.s3.amazonaws.com/photos/471578938/original.jpeg,GBIF,,,,,2025-11-09 10:54:22.119666
212619,Cymbidium,suave,https://inaturalist-open-data.s3.amazonaws.com/photos/464070018/original.jpg,GBIF,,,,,2025-11-09 06:05:20.699108
250692,Maxillaria,luteograndiflora,https://inaturalist-open-data.s3.amazonaws.com/photos/346571139/original.jpeg,GBIF,,,,,2025-11-09 15:30:57.014493
196700,Trichoglottis,tenera,https://medialib.naturalis.nl/file/id/L.1529311/format/large,GBIF,,,,,2025-11-09 02:14:39.247139
280698,Dichaea,cryptarrhena,https://inaturalist-open-data.s3.amazonaws.com/photos/451172158/original.jpeg,GBIF,,,,,2025-11-09 22:54:47.866477
211892,Bulbophyllum,occultum,https://inaturalist-open-data.s3.amazonaws.com/photos/50586737/original.jpeg,GBIF,,,,,2025-11-09 05:54:46.793527
146750,Paphiopedilum,violascens Schltr.,http://data.huh.harvard.edu/dff9e6a7-ed0b-49d4-87e4-3bb9d22e715a/image,GBIF,Papua New Guinea,,A. Kairo,https://huh.harvard.edu/access-digital-reproductions-works-public-domain,2025-11-06 02:05:45.969662
228873,Gomesa,forbesii,http://jbrj-public-img.s3-sa-east-1.amazonaws.com/JPG/rb/0/69/96/61/00699661.jpg,GBIF,,,,,2025-11-09 10:54:06.878433
266801,Epidendrum,andinum,http://data.huh.harvard.edu/6d50e916-9088-434b-a128-5d0c73c0693e/image,GBIF,,,,,2025-11-09 19:18:59.819766
260787,Caladenia,brachyscapa G.,https://images.ala.org.au/image/proxyImageThumbnailLarge?imageId=bd8db12b-efbe-4872-b1ae-04bb7e845cb5,GBIF,,,,,2025-11-09 17:53:58.040814
202629,Oncidium,pardalis,https://d2jcv3kl45hlgi.cloudfront.net/082de1292c4eae80b2cb02576d2bc657.jpg,GBIF,,,,,2025-11-09 03:44:49.351555
259654,Telipogon,collantesii,https://inaturalist-open-data.s3.amazonaws.com/photos/375316122/original.jpg,GBIF,,,,,2025-11-09 17:39:41.152533
305119,Diuris,nigromontana D.,https://inaturalist-open-data.s3.amazonaws.com/photos/579169684/original.jpg,GBIF,,,,,2025-11-10 05:07:30.677144
294736,Corybas,abellianus Dockrill,https://inaturalist-open-data.s3.amazonaws.com/photos/452215721/original.jpg,GBIF,,,,,2025-11-10 02:31:48.748153
298715,Plectorrhiza,beckleri,https://inaturalist-open-data.s3.amazonaws.com/photos/310307396/original.jpeg,GBIF,,,,,2025-11-10 03:28:19.534108
8818,Maxillaria,paranaensis,https://cdn.plantatlas.org/img/specimens/USF/26115.jpg,GBIF,Brazil,,Pabst,http://creativecommons.org/licenses/by-nc-sa/4.0/,2025-10-20 02:22:38.242833
218635,Caladenia,bicalliata ssp.,https://inaturalist-open-data.s3.amazonaws.com/photos/234109278/original.jpg,GBIF,,,,,2025-11-09 07:31:00.615115
280141,Pleurothallis,dejavu,https://d2jcv3kl45hlgi.cloudfront.net/0140e9829f8f441b256f3a4ff6e054f9.jpg,GBIF,,,,,2025-11-09 22:38:57.705978
233950,Lepanthes,anatina,https://images.mobot.org/tropicosimages3/detailimages/Tropicos/235/1E5566BB-B4C5-4E0E-80E4-FF780955E4BE.jpg,GBIF,,,,,2025-11-09 10:58:20.483790
209514,Paracaleana,triens,https://inaturalist-open-data.s3.amazonaws.com/photos/568182510/original.jpg,GBIF,,,,,2025-11-09 05:19:12.930349
193506,Sobralia,atropubescens,https://inaturalist-open-data.s3.amazonaws.com/photos/448230968/original.jpeg,GBIF,,,,,2025-11-09 01:28:03.332932
248819,Caladenia,chapmanii,https://inaturalist-open-data.s3.amazonaws.com/photos/569797332/original.jpg,GBIF,,,,,2025-11-09 15:01:45.520707
255170,Cheirostylis,moniliformis Griff.,http://www.aubot.dk/specimenimages/GamleTyper_2006/Orch-Griffith679-1.jpg,GBIF,,,,,2025-11-09 16:38:03.715970
167317,Oncidium,hastilabium,https://inaturalist-open-data.s3.amazonaws.com/photos/189549852/original.jpeg,GBIF,Colombia,,César Andrés Argüello Pinto,,2025-11-07 07:02:32.094678
10254,Dendrobium,vandifolium,http://mediaphoto.mnhn.fr/media/1441306985114duIaD0EpXHLBRlLF,GBIF,New Caledonia,,"MacKee, H.S.",http://creativecommons.org/licenses/by/4.0/,2025-10-20 19:41:53.539266
263828,Jacquiniella,cernua,https://media01.symbiota.org/media/h_seinet/seinet/DES/DES00003/DES00003695.jpg,GBIF,,,,,2025-11-09 18:33:38.805952
303956,Epidendrum,carnevalii,https://images.mobot.org/tropicosimages4/detailimages/TropicosImagesVol4/101069000/DB19101C-082C-4F69-AABD-353B36C40C62.jpg,GBIF,,,,,2025-11-10 04:48:35.732930
184871,Gongora,cruciformis,https://cdn.floridamuseum.ufl.edu/Herbarium/0e8f456b-14d4-431c-b324-85db4808de3f,GBIF,,,,,2025-11-08 23:26:27.052671
192011,Xerorchis,trichorhiza,https://images.mobot.org/tropicosimages4/detailimages/TropicosImagesVol4/101061000/881B089A-2A51-447C-91EF-78B382EF0037.jpg,GBIF,,,,,2025-11-09 01:07:26.325793
288188,Calanthe,crenulata,https://data.nhm.ac.uk/media/77667558-61d5-425c-9259-a10690a42d71,GBIF,,,,,2025-11-10 00:51:09.790037
189386,Dendrobium,jenkinsii,https://inaturalist-open-data.s3.amazonaws.com/photos/49000188/original.jpg,GBIF,,,,,2025-11-09 00:27:47.171593
296783,Dendrobium,cyclobulbon,https://medialib.naturalis.nl/file/id/L.4468562/format/large,GBIF,,,,,2025-11-10 03:02:22.970000
237130,Caladenia,arenicola,https://inaturalist-open-data.s3.amazonaws.com/photos/567197763/original.jpg,GBIF,,,,,2025-11-09 12:08:26.826273
305124,Diuris,nigromontana D.,https://inaturalist-open-data.s3.amazonaws.com/photos/579249650/original.jpg,GBIF,,,,,2025-11-10 05:07:30.695874
262821,Lepanthes,minutilabia,http://data.huh.harvard.edu/5f39a60b-a009-4777-8045-8cd2cbfab6c2/image,GBIF,,,,,2025-11-09 18:19:30.409572
257750,Porpax,braccata,https://inaturalist-open-data.s3.amazonaws.com/photos/42156370/original.jpeg,GBIF,,,,,2025-11-09 17:10:04.878719
226669,Bulbophyllum,medusae,https://inaturalist-open-data.s3.amazonaws.com/photos/345661657/original.jpeg,GBIF,,,,,2025-11-09 09:13:47.420218
6414,Dendrobium,albopurpureum,http://mediaphoto.mnhn.fr/media/14413064505436xYbs5fAut0AySGA,GBIF,Viet Nam,,"Sigaldi, de|Nguyen Tin Nhan, Leg.",http://creativecommons.org/licenses/by/4.0/,2025-10-20 01:21:18.482738
249412,Dendrobium,cymbulipes,http://data.huh.harvard.edu/34b1416c-5261-400e-92cf-84d32bb96e81/image,GBIF,,,,,2025-11-09 15:14:25.568510
235991,Cattleya,amethystoglossa,https://iiif-manifest.oxalis.br.fgov.be/specimen/BR0000005858682/manifest,GBIF,,,,,2025-11-09 11:28:06.192599
192374,Brassia,aurantiaca,https://iiif-manifest.oxalis.br.fgov.be/specimen/BR0000008087515/manifest,GBIF,,,,,2025-11-09 01:10:47.737219
4731,Oncidium,flexuosum,https://inaturalist-open-data.s3.amazonaws.com/photos/461327584/original.jpg,GBIF,United States of America,,Adrian Alvarez,http://creativecommons.org/licenses/by-nc/4.0/,2025-10-19 13:59:45.892208
233607,Schiedeella,nagelii,https://media-service.nrm.se/images?dataset=fbo&id=large/S-G-006001/S-G-6942.jpg,GBIF,,,,,2025-11-09 10:58:00.219254
8547,Dendrobium,villosulum,http://data.huh.harvard.edu/acb9c54b-d2ca-42ce-9953-c4cdde32787a/image,GBIF,Malaysia,,J. Clemens & M. S. Clemens,https://huh.harvard.edu/access-digital-reproductions-works-public-domain,2025-10-20 01:59:00.084984
291878,Oncidium,harryanum,https://iiif.rbge.org.uk/herb/iiif/E01313467/manifest,GBIF,,,,,2025-11-10 01:47:06.733652
3810,Vanda,species,https://inaturalist-open-data.s3.amazonaws.com/photos/517112364/original.jpg,GBIF,India,,Munshi Md. Abul Barakat,http://creativecommons.org/licenses/by-nc/4.0/,2025-10-19 13:58:11.428304
178108,Tridactyle,aurantiopunctata,https://images.mobot.org/tropicosimages3/detailimages/TropicosImageVol3/100880000/3A09E577-1746-4B1B-9A35-F36B6CAD271B.jpg,GBIF,,,,,2025-11-08 21:46:02.892467
252346,Bulbophyllum,hians,https://medialib.naturalis.nl/file/id/L.1484526/format/large,GBIF,,,,,2025-11-09 15:55:15.670138
238683,Polystachya,poikilantha,https://iiif-manifest.oxalis.br.fgov.be/specimen/BR0000009151123/manifest,GBIF,,,,,2025-11-09 12:57:16.949733
206710,Dactylorhiza,sambucina,https://inaturalist-open-data.s3.amazonaws.com/photos/487746891/original.jpg,GBIF,,,,,2025-11-09 04:36:24.159706
6859,Cymbidium,sinense,"https://iiif.rbge.org.uk/herb/iiif/E00742887/full/1600,/0/default.jpg",GBIF,Myanmar,,"Keenan, Jimmy, Aung, U. Tun & Hla, U Tha",http://creativecommons.org/publicdomain/zero/1.0/,2025-10-20 01:39:16.038191
201071,Calanthe,striata,https://inaturalist-open-data.s3.amazonaws.com/photos/356992321/original.jpg,GBIF,,,,,2025-11-09 03:21:26.048063
175749,Oncidium,cheirophorum,https://inaturalist-open-data.s3.amazonaws.com/photos/175086192/original.jpeg,GBIF,,,,,2025-11-08 21:11:18.598396
7601,Cattleya,perrinii,https://www.unimus.no/felles/bilder/web_hent_bilde.php?id=15856975&type=jpeg,GBIF,,,,http://creativecommons.org/licenses/by-sa/4.0/,2025-10-20 01:47:39.659088
221896,Maxillaria,valerioi,https://images.mobot.org/tropicosimages4/detailimages/TropicosImagesVol4/101215000/79A2A9E1-093C-4AF3-9695-A6013A217BB0.jpg,GBIF,,,,,2025-11-09 08:19:16.313767
269182,Cypripedium,calcicola Schltr.,https://live.staticflickr.com/915/29185506188_625d36f6db_b.jpg,GBIF,,,,,2025-11-09 19:52:35.880308
194904,Ionopsis,satyrioides,https://inaturalist-open-data.s3.amazonaws.com/photos/529024334/original.jpg,GBIF,,,,,2025-11-09 01:47:14.030674
191112,Risleya,atropurpurea,https://medialib.naturalis.nl/file/id/L0629741_MLN/format/large,GBIF,,,,,2025-11-09 00:53:40.802792
306206,Lepanthes,hirpex,https://images.mobot.org/tropicosimages3/detailimages/TropicosImages2/235/A8E51CE6-C767-4CFE-93B4-1F4EF1332917.jpg,GBIF,,,,,2025-11-10 05:18:45.652180
197283,Dendrobium,langbianense,http://mediaphoto.mnhn.fr/media/1441306477837fv122SkGCNSjny4o,GBIF,,,,,2025-11-09 02:23:17.580458
294134,Bulbophyllum,scopa,http://data.huh.harvard.edu/b999a5bb-0e2b-4661-97d6-306c9106e07f/image,GBIF,,,,,2025-11-10 02:20:50.705336
261455,Vanilla,appendiculata Rolfe,http://fm-digital-assets.fieldmuseum.org/1686/747/V0450936F.jpg,GBIF,,,,,2025-11-09 18:01:15.171026
306888,Habenaria,petalodes Lindl.,https://inaturalist-open-data.s3.amazonaws.com/photos/362447131/original.jpeg,GBIF,,,,,2025-11-10 05:26:35.560101
785,Isotria,Raf.,https://inaturalist-open-data.s3.amazonaws.com/photos/533204312/original.jpg,GBIF,United States of America,,Samantha Heller,http://creativecommons.org/licenses/by-nc/4.0/,2025-10-19 08:45:38.205674
191554,Pleurothallis,compressa,https://images.mobot.org/tropicosimages4/detailimages/TropicosImagesVol4/101249000/B6A512B2-68F9-49A5-90EC-759CB7365419.jpg,GBIF,,,,,2025-11-09 00:59:37.880057
295748,Orchis,italica Poir.,https://inaturalist-open-data.s3.amazonaws.com/photos/472015897/original.jpeg,GBIF,,,,,2025-11-10 02:47:09.346034
218042,Habenaria,kassneriana Kraenzl.,https://oxalis.br.fgov.be/images/BR0/000/013/684/594/BR0000013684594.jpg,GBIF,,,,,2025-11-09 07:23:04.699164
204992,Nervilia,ballii,https://inaturalist-open-data.s3.amazonaws.com/photos/239053553/original.jpg,GBIF,,,,,2025-11-09 04:13:31.787108
305174,Satyrium,pumilum Thunb.,https://inaturalist-open-data.s3.amazonaws.com/photos/570960453/original.jpg,GBIF,,,,,2025-11-10 05:07:54.183634
226190,Pterygodium,magnum Rchb.f.,https://inaturalist-open-data.s3.amazonaws.com/photos/471395912/original.jpeg,GBIF,,,,,2025-11-09 09:11:23.928870
231425,Rhipidoglossum,tenuicalcar,https://iiif-manifest.oxalis.br.fgov.be/specimen/BR0000022403063/manifest,GBIF,,,,,2025-11-09 10:55:56.749502
181662,Goodyera,rostellata,https://data.nhm.ac.uk/media/5cf8a2b4-c3ad-48c0-83bd-f51c1b11949b,GBIF,,,,,2025-11-08 22:39:01.028663
199125,Holcoglossum,sinicum,https://inaturalist-open-data.s3.amazonaws.com/photos/239952387/original.jpeg,GBIF,,,,,2025-11-09 02:55:23.033634
143005,Vanilla,palmarum Salzm.,https://inaturalist-open-data.s3.amazonaws.com/photos/487641519/original.jpg,GBIF,Brazil,,miguel_macedo,http://creativecommons.org/licenses/by-nc/4.0/,2025-11-06 01:37:09.617320
3270,Dendrobium,nobile,https://inaturalist-open-data.s3.amazonaws.com/photos/536514710/original.jpg,GBIF,India,,Hrishu Aravind,http://creativecommons.org/licenses/by-nc/4.0/,2025-10-19 13:55:06.602436
197011,Habenaria,aitchisonii Rchb.f.,https://iiif.rbge.org.uk/herb/iiif/E00237441/manifest,GBIF,,,,,2025-11-09 02:18:40.623310
221488,Prosthechea,fausta,https://inaturalist-open-data.s3.amazonaws.com/photos/360843878/original.jpeg,GBIF,,,,,2025-11-09 08:12:08.244461
286872,Cranichis,nigrescens Schltr.,http://data.huh.harvard.edu/ce59a4bb-9f8a-4cda-b284-63be40a93bd8/image,GBIF,,,,,2025-11-10 00:30:40.043076
167750,Ceratostylis,mayrii,https://medialib.naturalis.nl/file/id/L0062190_MLN/format/large,GBIF,Indonesia,,Mayr E,,2025-11-07 07:39:27.895863
11131,Cypripedium,reginae Walt.,https://images.mobot.org/tropicosimages3/detailimages/TropicosImageVol3/100432000/AA1099CF-AD71-4BC9-A7AE-A8963532A379.jpg,Tropicos - Missouri Botanical Garden,,,,,2025-10-21 17:49:15.310081
1154,Eriaxis,Rchb.f.,https://inaturalist-open-data.s3.amazonaws.com/photos/2851710/original.jpg,GBIF,New Caledonia,,Jakob Fahr,http://creativecommons.org/licenses/by-nc/4.0/,2025-10-19 08:54:52.645123
6742,Maxillaria,standleyi,https://object.jacq.org/europeana/W/134342.jpg,GBIF,Costa Rica,,"Endres,A.R. s.n. [18##-07]",http://creativecommons.org/licenses/by/4.0/,2025-10-20 01:36:26.510537
7289,Oncidium,sphacelatum,https://inaturalist-open-data.s3.amazonaws.com/photos/383233847/original.jpeg,GBIF,Mexico,,kaphwan4snk,http://creativecommons.org/licenses/by-nc/4.0/,2025-10-20 01:45:05.419973
166713,Porpax,angustifolia,https://d2seqvvyy3b8p2.cloudfront.net/a1ebd48bdfe23104eeea699f4a17e977.jpg,GBIF,"Tanzania, United Republic of",,,,2025-11-07 05:03:53.884820
7272,Oncidium,sphacelatum,https://inaturalist-open-data.s3.amazonaws.com/photos/370784345/original.jpg,GBIF,Guatemala,,Cornelio Chablé,http://creativecommons.org/licenses/by-nc/4.0/,2025-10-20 01:45:05.419973
209834,Chloraea,philippii Rchb.f.,https://inaturalist-open-data.s3.amazonaws.com/photos/462959104/original.jpg,GBIF,,,,,2025-11-09 05:23:58.784724
176909,Pinalia,bipunctata,http://mediaphoto.mnhn.fr/media/14413060115581xz46gI5Q9Tfryj7,GBIF,,,,,2025-11-08 21:29:08.990739
256674,Thrixspermum,vanoverberghii,http://data.huh.harvard.edu/2d3ed927-43e7-406c-a0be-2b40e8006bfb/image,GBIF,,,,,2025-11-09 16:56:19.529623
251687,Pterostylis,sinuata D.,https://inaturalist-open-data.s3.amazonaws.com/photos/323489856/original.jpeg,GBIF,,,,,2025-11-09 15:45:21.385193
287998,Pabstiella,crenata,https://d2seqvvyy3b8p2.cloudfront.net/08373bdc703cf3bc2101992562f95f23.jpg,GBIF,,,,,2025-11-10 00:47:51.648254
235557,Promenaea,guttata,https://iiif-manifest.oxalis.br.fgov.be/specimen/BR0000032858891/manifest,GBIF,,,,,2025-11-09 11:19:15.508999
191229,Cynorkis,boinana Schltr.,https://inaturalist-open-data.s3.amazonaws.com/photos/59221212/original.jpeg,GBIF,,,,,2025-11-09 00:55:24.121648
210578,Cynorkis,jumelleana Schltr.,http://mediaphoto.mnhn.fr/media/1442319068848yvkNRlTEpxeBkQzU,GBIF,,,,,2025-11-09 05:35:44.446334
251833,Pomatocalpa,kunstleri,https://medialib.naturalis.nl/file/id/L.1525646/format/large,GBIF,,,,,2025-11-09 15:47:12.351099
187207,Habenaria,chlorina,http://data.huh.harvard.edu/128b0794-7f66-41b8-9035-831d39b4e6f8/image,GBIF,,,,,2025-11-09 00:00:08.771569
217688,Bulbophyllum,cylindrobulbum,http://mediaphoto.mnhn.fr/media/1441306933440iqWpJSHsaAK8n4Rd,GBIF,,,,,2025-11-09 07:17:16.146717
290861,Stigmatodactylus,paradoxus Prain,https://iiif-manifest.oxalis.br.fgov.be/specimen/BR0000006585471/manifest,GBIF,,,,,2025-11-10 01:35:35.100455
197877,Fernandezia,antioquiensis,http://sweetgum.nybg.org/images3/2812/265/03230893.jpg,GBIF,,,,,2025-11-09 02:33:36.181987
205687,Bulbophyllum,kaitiense,"https://iiif.rbge.org.uk/herb/iiif/E01307876/full/300,/0/default.jpg",GBIF,,,,,2025-11-09 04:21:43.844591
299029,Deiregyne,rhombilabia,https://inaturalist-open-data.s3.amazonaws.com/photos/480565470/original.jpeg,GBIF,,,,,2025-11-10 03:34:16.334397
10653,Dendrobium,bicaudatum,https://medialib.naturalis.nl/file/id/L.1506390/format/large,GBIF,Indonesia,,Rachmat,http://creativecommons.org/publicdomain/zero/1.0/,2025-10-21 07:28:14.721911
206034,Oberonia,potamophila,https://www.unimus.no/felles/bilder/web_hent_bilde.php?id=14026646&type=jpeg,GBIF,,,,,2025-11-09 04:27:00.740681
1146,Eriaxis,Rchb.f.,https://inaturalist-open-data.s3.amazonaws.com/photos/55923311/original.jpg,GBIF,New Caledonia,,Caroline Valentino,http://creativecommons.org/licenses/by-nc/4.0/,2025-10-19 08:54:52.645123
216564,Habenaria,reniformis D.,https://d2seqvvyy3b8p2.cloudfront.net/8702c77b2eb08f12823c322892b2e7cc.jpg,GBIF,,,,,2025-11-09 07:02:35.681916
248944,Jacquiniella,steyermarkii,https://images.mobot.org/tropicosimages3/detailimages/TropicosImages2/100124000/6B635256-9F76-4291-9784-B296F39A645F.jpg,GBIF,,,,,2025-11-09 15:03:27.944584
279704,Lepanthopsis,acetabulum,https://cdn.floridamuseum.ufl.edu/Herbarium/4789f673-4f0f-4df0-95b0-02d8720faf2d,GBIF,,,,,2025-11-09 22:29:41.683913
232532,Microchilus,weberianus Garay,https://medialib.naturalis.nl/file/id/U.1466697/format/large,GBIF,,,,,2025-11-09 10:57:04.407237
220547,Crepidium,hydrophilum,https://medialib.naturalis.nl/file/id/L.1517079/format/large,GBIF,,,,,2025-11-09 07:56:47.954493
178094,Habenaria,papyracea Schltr.,http://data.huh.harvard.edu/2eaf64ea-f206-40a2-b2d3-8652281642a2/image,GBIF,,,,,2025-11-08 21:45:55.636662
301630,Caladenia,macrostylis Fitzg.,https://inaturalist-open-data.s3.amazonaws.com/photos/567248167/original.jpg,GBIF,,,,,2025-11-10 04:11:34.190395
298692,Plectorrhiza,beckleri,https://inaturalist-open-data.s3.amazonaws.com/photos/570192478/original.jpg,GBIF,,,,,2025-11-10 03:28:19.429487
204513,Jacquiniella,teretifolia,https://inaturalist-open-data.s3.amazonaws.com/photos/448537670/original.jpeg,GBIF,,,,,2025-11-09 04:09:18.220493
187499,Polystachya,malilaensis,http://www.westafricanplants.senckenberg.de/images/pictures/orch_polystachya_malilaensis_004_-_dedza_mt-_gbaumann_10393_930f71.jpg,GBIF,,,,,2025-11-09 00:04:38.419046
306404,Epidendrum,gongorarum,https://inaturalist-open-data.s3.amazonaws.com/photos/477809739/original.jpeg,GBIF,,,,,2025-11-10 05:23:14.903815
220084,Disperis,cordata Sw.,https://inaturalist-open-data.s3.amazonaws.com/photos/459280806/original.jpg,GBIF,,,,,2025-11-09 07:50:04.582198
182513,Santanderella,amadorinconiana,https://inaturalist-open-data.s3.amazonaws.com/photos/449911480/original.jpg,GBIF,,,,,2025-11-08 22:49:03.953087
196998,Habenaria,aitchisonii Rchb.f.,"https://iiif.rbge.org.uk/herb/iiif/E00656239/full/1600,/0/default.jpg",GBIF,,,,,2025-11-09 02:18:40.571748
218777,Cyrtochilum,gargantua,https://object.jacq.org/europeana/W/385470.jpg,GBIF,,,,,2025-11-09 07:32:59.893828
230832,Glomera,kaniensis,http://data.huh.harvard.edu/1618c5a4-0467-43ba-a85b-26bcfbbedd31/image,GBIF,,,,,2025-11-09 10:55:23.433835
223503,Coelogyne,ingloria,"https://iiif.rbge.org.uk/herb/iiif/E01284810/full/300,/0/default.jpg",GBIF,,,,,2025-11-09 08:42:55.681696
259919,Dendrobium,barbatum,https://medialib.naturalis.nl/file/id/L.1520701/format/large,GBIF,,,,,2025-11-09 17:43:39.016473
215032,Angraecum,sacciferum,https://inaturalist-open-data.s3.amazonaws.com/photos/487537164/original.jpeg,GBIF,,,,,2025-11-09 06:38:00.742409
168224,Caladenia,dilatata R.,https://inaturalist-open-data.s3.amazonaws.com/photos/243322436/original.jpg,GBIF,Australia,,Brendan Costello,,2025-11-07 16:34:27.364169
193703,Phalaenopsis,fuscata,"https://iiif.rbge.org.uk/herb/iiif/E00075981/full/300,/0/default.jpg",GBIF,,,,,2025-11-09 01:31:22.220309
148096,Disperis,galerita Rchb.f.,https://medialib.naturalis.nl/file/id/WAG.1135118/format/large,GBIF,Ethiopia,,Wilde JJFE de,http://creativecommons.org/publicdomain/zero/1.0/,2025-11-06 02:13:41.483780
232928,Caladenia,ampla D.,https://inaturalist-open-data.s3.amazonaws.com/photos/572219114/original.jpg,GBIF,,,,,2025-11-09 10:57:22.084136
199637,Pleurothallis,alveolata,https://inaturalist-open-data.s3.amazonaws.com/photos/111397487/original.jpeg,GBIF,,,,,2025-11-09 03:02:15.536962
227011,Diuris,striata Rupp,https://images.ala.org.au/image/proxyImageThumbnailLarge?imageId=a98bf849-5f7a-45dc-b6bc-a468d50c7d68,GBIF,,,,,2025-11-09 10:52:42.950891
278822,Jumellea,rigida,https://inaturalist-open-data.s3.amazonaws.com/photos/196219772/original.jpeg,GBIF,,,,,2025-11-09 22:27:34.915618
196071,Sobralia,klotzscheana,https://inaturalist-open-data.s3.amazonaws.com/photos/31573886/original.jpg,GBIF,,,,,2025-11-09 02:04:40.448406
222991,Diuris,oporina D.,https://inaturalist-open-data.s3.amazonaws.com/photos/327530791/original.jpg,GBIF,,,,,2025-11-09 08:36:26.754104
212565,Phymatidium,hysteranthum,https://inaturalist-open-data.s3.amazonaws.com/photos/570236056/original.jpg,GBIF,,,,,2025-11-09 06:05:04.651099
228173,Podangis,rhipsalisocia,https://images.mobot.org/tropicosimages3/detailimages/TropicosImages2/100301000/2B737C9F-64BF-4EF1-A74B-2ABC30C4C036.jpg,GBIF,,,,,2025-11-09 10:53:42.377520
284967,Caladenia,discoidea Lindl.,https://inaturalist-open-data.s3.amazonaws.com/photos/569343395/original.jpg,GBIF,,,,,2025-11-10 00:03:56.215769
186232,Epidendrum,eximium,https://inaturalist-open-data.s3.amazonaws.com/photos/68122612/original.jpeg,GBIF,,,,,2025-11-08 23:46:08.401329
225318,Caladenia,hiemalis Hopper,https://inaturalist-open-data.s3.amazonaws.com/photos/317325127/original.jpg,GBIF,,,,,2025-11-09 09:06:36.986017
3483,Epidendrum,nocturnum,https://inaturalist-open-data.s3.amazonaws.com/photos/502311825/original.jpg,GBIF,United States of America,,Ryan,http://creativecommons.org/licenses/by-nc/4.0/,2025-10-19 13:56:57.310196
187105,Epidendrum,vulgoamparoanum,https://inaturalist-open-data.s3.amazonaws.com/photos/541957768/original.jpg,GBIF,,,,,2025-11-08 23:59:29.175619
196037,Caladenia,gardneri,https://inaturalist-open-data.s3.amazonaws.com/photos/579736138/original.jpg,GBIF,,,,,2025-11-09 02:04:24.579879
260539,Coelogyne,prasina,http://data.huh.harvard.edu/01bcde7f-0f97-4b58-8717-1e574c1dcbc6/image,GBIF,,,,,2025-11-09 17:50:32.535850
224744,Lepanthes,sanguinea,https://cdn.plantatlas.org/img/specimens/USF/280612.jpg,GBIF,,,,,2025-11-09 09:02:21.450063
246355,Cyrtochilum,mystacinum,https://inaturalist-open-data.s3.amazonaws.com/photos/540184843/original.jpg,GBIF,,,,,2025-11-09 14:25:40.363305
2348,Paphiopedilum,Pfitzer,https://inaturalist-open-data.s3.amazonaws.com/photos/405397973/original.jpg,GBIF,,,ayuwat,http://creativecommons.org/licenses/by-nc/4.0/,2025-10-19 13:10:00.388065
254073,Stelis,loejtnantii,http://herbarium.bioenv.gu.se/web/images/GB-0048280.jpg,GBIF,,,,,2025-11-09 16:20:45.573473
180219,Epidendrum,pomecense,https://inaturalist-open-data.s3.amazonaws.com/photos/345383285/original.jpeg,GBIF,,,,,2025-11-08 22:14:51.341809
154853,Disa,roseovittata McMurtry,https://inaturalist-open-data.s3.amazonaws.com/photos/390700962/original.jpeg,GBIF,South Africa,,NT Moolman,http://creativecommons.org/licenses/by-nc/4.0/,2025-11-06 02:46:25.959497
182313,Microchilus,paraisoensis Ormerod,https://specify-media.science.ku.dk/fileget?coll=NHMD+Vascular+Plants&type=O&filename=C10016271.tif,GBIF,,,,,2025-11-08 22:46:24.977866
285565,Disperis,circumflexa ssp.,https://inaturalist-open-data.s3.amazonaws.com/photos/432384158/original.jpeg,GBIF,,,,,2025-11-10 00:12:01.206466
273287,Prosthechea,ionocentra,https://images.mobot.org/tropicosimages4/detailimages/TropicosImagesVol4/101283000/114B90CF-6655-4DD2-99CE-CDA7561FB523.jpg,GBIF,,,,,2025-11-09 22:22:15.409453
189648,Pabstiella,tripterantha,https://images.mobot.org/tropicosimages4/detailimages/TropicosImagesVol4/101286000/E70CF741-1721-4C38-B91E-3748A43EA260.jpg,GBIF,,,,,2025-11-09 00:31:52.389243
189744,Serapias,orientalis ssp.,https://inaturalist-open-data.s3.amazonaws.com/photos/472097957/original.jpg,GBIF,,,,,2025-11-09 00:33:12.562223
303348,Bulbophyllum,pidacanthum,http://data.huh.harvard.edu/731484fb-6999-4112-a777-eb3defcba7d1/image,GBIF,,,,,2025-11-10 04:37:36.529879
278810,Masdevallia,antonii,https://web.corral.tacc.utexas.edu/brit/BRIT/BRIT0017000/BRIT17686.jpg,GBIF,,,,,2025-11-09 22:27:34.598012
278199,Pleurothallis,homalantha,https://inaturalist-open-data.s3.amazonaws.com/photos/312625207/original.jpeg,GBIF,,,,,2025-11-09 22:27:02.717185
270514,Cyrtochilum,dodianum,https://inaturalist-open-data.s3.amazonaws.com/photos/488556118/original.jpg,GBIF,,,,,2025-11-09 22:19:57.344848
215237,Epidendrum,erikae,https://inaturalist-open-data.s3.amazonaws.com/photos/384235978/original.jpg,GBIF,,,,,2025-11-09 06:42:06.179807
271747,Platanthera,neglecta Schltr.,"https://iiif.rbge.org.uk/herb/iiif/E01245910/full/1600,/0/default.jpg",GBIF,,,,,2025-11-09 22:20:55.041266
293571,Liparis,phyllocardia,https://medialib.naturalis.nl/file/id/L.1522313/format/large,GBIF,,,,,2025-11-10 02:10:07.367459
262248,Cleistes,moritzii,https://d2jcv3kl45hlgi.cloudfront.net/f6f6882cf03e059add85465f93dd878d.jpg,GBIF,,,,,2025-11-09 18:10:54.710029
167226,Epidendrum,renilabium,https://inaturalist-open-data.s3.amazonaws.com/photos/99710614/original.jpg,GBIF,Ecuador,,David Torres,,2025-11-07 07:02:04.371867
298676,Telipogon,stinae,https://inaturalist-open-data.s3.amazonaws.com/photos/337966644/original.jpeg,GBIF,,,,,2025-11-10 03:27:24.250127
195644,Ophrys,murbeckii H.,https://inaturalist-open-data.s3.amazonaws.com/photos/473332947/original.jpeg,GBIF,,,,,2025-11-09 01:58:51.977730
11777,Bulbophyllum,brachystachyum,https://images.mobot.org/tropicosimages5/detailimages/TropicosImagesVol5/101443000/F74ACC4C-D7D9-48A2-B584-5409C35AD319.jpg,Tropicos - Missouri Botanical Garden,,,,,2025-10-21 18:00:27.439655
191045,Genoplesium,nudiscapum,https://inaturalist-open-data.s3.amazonaws.com/photos/264457900/original.jpeg,GBIF,,,,,2025-11-09 00:53:09.524050
216926,Lepanthes,via-incarum,https://images.mobot.org/tropicosimages3/detailimages/Tropicos/235/9F53BB9F-C189-438C-968C-489B46BB4887.jpg,GBIF,,,,,2025-11-09 07:06:01.204213
263759,Caladenia,x ericksoniae,http://data.huh.harvard.edu/5f84c736-ef44-41ea-8c48-41eb713fb582/image,GBIF,,,,,2025-11-09 18:32:43.004667
232445,Neottia,megalochila,"https://iiif.rbge.org.uk/herb/iiif/E01267071/full/1600,/0/default.jpg",GBIF,,,,,2025-11-09 10:56:58.921964
248402,Masdevallia,bicolor,https://inaturalist-open-data.s3.amazonaws.com/photos/478964891/original.jpeg,GBIF,,,,,2025-11-09 14:55:39.913582
280539,Dendrobium,seranicum,"https://iiif.rbge.org.uk/herb/iiif/E01297328/full/300,/0/default.jpg",GBIF,,,,,2025-11-09 22:47:08.637008
299129,Lepanthes,fusiformis,http://www.aubot.dk/specimenimages/Lepanthes/IMG_0414.jpg,GBIF,,,,,2025-11-10 03:34:55.359672
285536,Cypripedium,cordigerum D.,"https://iiif.rbge.org.uk/herb/iiif/E00612935/full/300,/0/default.jpg",GBIF,,,,,2025-11-10 00:11:52.752725
189696,Oncidium,lindleyoides,https://inaturalist-open-data.s3.amazonaws.com/photos/439802806/original.jpeg,GBIF,,,,,2025-11-09 00:32:24.430339
202888,Diuris,emarginata R.,https://images.ala.org.au/image/proxyImageThumbnailLarge?imageId=5804f176-c485-42ca-adf4-a795a401de2a,GBIF,,,,,2025-11-09 03:48:07.571652
235886,Holothrix,scopularia Lindl.,https://inaturalist-open-data.s3.amazonaws.com/photos/176643753/original.jpg,GBIF,,,,,2025-11-09 11:26:31.808691
237129,Caladenia,arenicola,https://inaturalist-open-data.s3.amazonaws.com/photos/564900956/original.jpg,GBIF,,,,,2025-11-09 12:08:26.819492
218388,Calymmanthera,major,https://d2seqvvyy3b8p2.cloudfront.net/8ea8c17fd312f5c344b2e2c2e0602a99.jpg,GBIF,,,,,2025-11-09 07:28:37.482068
248081,Chloraea,barbata Lindl.,https://inaturalist-open-data.s3.amazonaws.com/photos/342438976/original.jpg,GBIF,,,,,2025-11-09 14:51:25.726992
144854,Cypripedium,irapeanum Lex.,https://inaturalist-open-data.s3.amazonaws.com/photos/303829967/original.jpeg,GBIF,Mexico,,Ricardo Castro,http://creativecommons.org/licenses/by-nc/4.0/,2025-11-06 01:51:17.870725
265494,Aerangis,citrata,https://inaturalist-open-data.s3.amazonaws.com/photos/435204864/original.jpeg,GBIF,,,,,2025-11-09 18:58:13.775297
289896,Lepanthes,chapina,https://images.mobot.org/tropicosimages3/detailimages/Tropicos/235/19B13833-7FCF-4930-B686-9300024B2C59.jpg,GBIF,,,,,2025-11-10 01:20:06.299750
266187,Maxillaria,porrecta,https://inaturalist-open-data.s3.amazonaws.com/photos/465423904/original.jpg,GBIF,,,,,2025-11-09 19:09:20.423670
192246,Epidendrum,fruticosum,https://images.mobot.org/tropicosimages4/detailimages/TropicosImagesVol4/101066000/5D00C176-5C8E-464D-96CD-B0DFED26A714.jpg,GBIF,,,,,2025-11-09 01:09:56.915566
215551,Satyrium,erectum Sw.,https://inaturalist-open-data.s3.amazonaws.com/photos/523277218/original.jpg,GBIF,,,,,2025-11-09 06:46:43.549575
153199,Disa,longilabris Schltr.,https://www.digitalis.uzh.ch/media/specimen/16/Z-000016378.jpg,GBIF,Malawi,,Walter Goetze,CC-BY-4.0,2025-11-06 02:40:12.620193
269152,Disa,crassicornis Lindl.,https://inaturalist-open-data.s3.amazonaws.com/photos/352569115/original.jpg,GBIF,,,,,2025-11-09 19:52:19.772951
279867,Dendrobium,chrysanthum,https://inaturalist-open-data.s3.amazonaws.com/photos/500365655/original.jpeg,GBIF,,,,,2025-11-09 22:34:51.925142
243706,Anacamptis,morio ssp.,https://inaturalist-open-data.s3.amazonaws.com/photos/487142233/original.jpeg,GBIF,,,,,2025-11-09 13:49:50.242197
253935,Acianthera,hystrix,https://inaturalist-open-data.s3.amazonaws.com/photos/318540472/original.jpeg,GBIF,,,,,2025-11-09 16:19:26.434344
224903,Aa,mathewsii,http://fm-digital-assets.fieldmuseum.org/1564/493/V0435569F.jpg,GBIF,,,,,2025-11-09 09:03:49.222268
294833,Epidendrum,physodes,https://object.jacq.org/europeana/W/162219.jpg,GBIF,,,,,2025-11-10 02:32:28.706574
250490,Selenipedium,aucourdianum,https://inaturalist-open-data.s3.amazonaws.com/photos/319459041/original.jpeg,GBIF,,,,,2025-11-09 15:28:17.909494
288569,Promenaea,dusenii,http://fm-digital-assets.fieldmuseum.org/990/031/ORCH_prom_duse_1649589.jpg,GBIF,,,,,2025-11-10 00:59:29.118252
198137,Oncidium,luteopurpureum,https://inaturalist-open-data.s3.amazonaws.com/photos/516447399/original.jpg,GBIF,,,,,2025-11-09 02:40:14.036234
4399,Cymbidium,goeringii,https://inaturalist-open-data.s3.amazonaws.com/photos/474923217/original.jpeg,GBIF,China,,李博恒,http://creativecommons.org/licenses/by-nc/4.0/,2025-10-19 13:59:14.469672
296791,Dendrobium,cyclobulbon,http://data.huh.harvard.edu/d38120ce-b26f-4560-ae7e-9d7cff9b1b1b/image,GBIF,,,,,2025-11-10 03:02:23.024242
248955,Calanthe,lambii,https://medialib.naturalis.nl/file/id/L.1493905/format/large,GBIF,,,,,2025-11-09 15:03:36.200201
184288,Ophrys,bornmuelleri M.,https://inaturalist-open-data.s3.amazonaws.com/photos/168993493/original.jpeg,GBIF,,,,,2025-11-08 23:18:23.428676
178809,Habenaria,regnellii Cogn.,http://data.huh.harvard.edu/cb76dee5-45ed-4f5c-bca8-2a6f09805145/image,GBIF,,,,,2025-11-08 21:55:25.908028
154105,Disa,ornithantha Schltr.,http://www.westafricanplants.senckenberg.de/images/pictures/disa_ornithantha_wightman4671_3239_8b6398.jpg,GBIF,Zambia,,,All rights reserved; for terms and conditions see http://www.africanplants.senckenberg.de/root/index.php?page_id=84,2025-11-06 02:43:50.411413
62,Habenaria,cuevasiana,https://inaturalist-open-data.s3.amazonaws.com/photos/65413318/original.jpg,GBIF,Mexico,,Pablo Carrillo-Reyes,http://creativecommons.org/licenses/by-nc/4.0/,2025-10-19 08:17:02.178447
261538,Gongora,unicolor,https://inaturalist-open-data.s3.amazonaws.com/photos/177583310/original.jpeg,GBIF,,,,,2025-11-09 18:01:55.724827
166915,Lepanthes,actias-luna,https://images.mobot.org/tropicosimages3/detailimages/Tropicos/235/AA9CFA28-FAFB-4694-89EF-7248ED55B10D.jpg,GBIF,Ecuador,,Carl A. Luer|al.,,2025-11-07 05:52:06.369895
226442,Brownleea,recurvata Sond.,https://inaturalist-open-data.s3.amazonaws.com/photos/256603842/original.jpeg,GBIF,,,,,2025-11-09 09:12:35.378905
195624,Ophrys,murbeckii H.,https://inaturalist-open-data.s3.amazonaws.com/photos/469767836/original.jpg,GBIF,,,,,2025-11-09 01:58:51.849788
278303,Habenaria,uliginosa Rchb.f.,https://object.jacq.org/europeana/W/2200727.jpg,GBIF,,,,,2025-11-09 22:27:08.289566
246130,Schoenorchis,vanoverberghii,http://data.huh.harvard.edu/92f8e10c-cf3d-4f1b-a047-e5cf5847af01/image,GBIF,,,,,2025-11-09 14:22:21.984218
234268,Ophrys,regis-ferdinandii,https://inaturalist-open-data.s3.amazonaws.com/photos/481150969/original.jpeg,GBIF,,,,,2025-11-09 10:58:42.209688
289198,Platanthera,grandiflora Bigelow,https://inaturalist-open-data.s3.amazonaws.com/photos/520101834/original.jpg,GBIF,,,,,2025-11-10 01:09:32.247499
288892,Pleurothallis,dewildei,https://inaturalist-open-data.s3.amazonaws.com/photos/238446448/original.jpg,GBIF,,,,,2025-11-10 01:05:34.240859
186579,Cynorkis,rosellata Thouars,https://live.staticflickr.com/65535/50731894483_3e656cf05e_b.jpg,GBIF,,,,,2025-11-08 23:52:20.369901
304670,Dendrobium,discolor,https://inaturalist-open-data.s3.amazonaws.com/photos/479454846/original.jpg,GBIF,,,,,2025-11-10 05:00:53.316411
215064,Platanthera,taiwanensis S.,https://inaturalist-open-data.s3.amazonaws.com/photos/255255061/original.jpeg,GBIF,,,,,2025-11-09 06:38:47.780303
201138,Ornithocephalus,ciliatus,http://sweetgum.nybg.org/images3/3565/585/04110892.jpg,GBIF,,,,,2025-11-09 03:22:05.880198
177362,Ceratostylis,scirpoides,http://mediaphoto.mnhn.fr/media/1441305353001Vomw3JrMtJ1PXEdK,GBIF,,,,,2025-11-08 21:35:05.146798
246593,Caladenia,argocalla D.,https://inaturalist-open-data.s3.amazonaws.com/photos/577016422/original.jpg,GBIF,,,,,2025-11-09 14:29:05.830771
143304,Vanilla,ramosa Rolfe,https://images.mobot.org/tropicosimages4/detailimages/TropicosImagesVol4/101061000/D467BBF0-C902-4EE2-A364-4BD8169ADD68.jpg,GBIF,"Tanzania, United Republic of",,S.A. Fakih,http://creativecommons.org/licenses/by-nc-sa/3.0/,2025-11-06 01:38:17.654234
195260,Eriodes,barbata,http://mediaphoto.mnhn.fr/media/1442944772074m4Br35Pi66BRniZ9,GBIF,,,,,2025-11-09 01:51:58.590285
186158,Stelis,aurea,https://inaturalist-open-data.s3.amazonaws.com/photos/518092836/original.jpg,GBIF,,,,,2025-11-08 23:44:33.237652
190418,Scaphyglottis,spathulata,https://images.mobot.org/tropicosimages4/detailimages/TropicosImagesVol4/101093000/A247C63E-85CD-459E-BD20-27D725108DCD.jpg,GBIF,,,,,2025-11-09 00:44:41.292570
304407,Maxillaria,minus,https://cdn.floridamuseum.ufl.edu/Herbarium/ef71b799-8066-479e-b70d-3a8445d76e2f,GBIF,,,,,2025-11-10 04:54:09.096036
250339,Satyrium,rupestre Schltr.,https://image.bgbm.org/images/internal/HerbarThumbs/B100167154_1700,GBIF,,,,,2025-11-09 15:27:06.849413
226422,Pterostylis,stenochila D.,https://inaturalist-open-data.s3.amazonaws.com/photos/413418059/original.jpeg,GBIF,,,,,2025-11-09 09:12:27.826552
303203,Calanthe,alta,http://pictures.snsb.info/BSMvplantscoll/web/M-0226/M-0226780_20140222_112334.jpg,GBIF,,,,,2025-11-10 04:35:22.167334
288512,Thelymitra,hygrophila R.,https://inaturalist-open-data.s3.amazonaws.com/photos/332830003/original.jpeg,GBIF,,,,,2025-11-10 00:58:10.187119
165388,Habenaria,digitata Lindl.,https://inaturalist-open-data.s3.amazonaws.com/photos/430004990/original.jpeg,GBIF,India,,,,2025-11-07 02:02:04.362712
190734,Prosthechea,spondiada,https://images.mobot.org/tropicosimages4/detailimages/TropicosImagesVol4/101284000/396BD926-F62C-4E4A-BD9F-62C4A7DEC580.jpg,GBIF,,,,,2025-11-09 00:48:39.848290
252105,Satyrium,flavum la,https://oxalis.br.fgov.be/images/BR0/000/008/814/937/BR0000008814937.jpg,GBIF,,,,,2025-11-09 15:51:33.453177
267472,Epidendrum,stangeanum,http://data.huh.harvard.edu/b90f7995-301b-4563-aae5-34e94e67bdc6/image,GBIF,,,,,2025-11-09 19:30:14.192745
303827,Eulophia,bolusii,https://inaturalist-open-data.s3.amazonaws.com/photos/552252479/original.jpg,GBIF,,,,,2025-11-10 04:46:36.570097
222826,Isabelia,virginalis,https://inaturalist-open-data.s3.amazonaws.com/photos/211250402/original.jpg,GBIF,,,,,2025-11-09 08:34:04.307678
279009,Sarcochilus,spathulatus,https://inaturalist-open-data.s3.amazonaws.com/photos/443492311/original.jpeg,GBIF,,,,,2025-11-09 22:27:58.334894
266892,Cyclopogon,apricus,https://inaturalist-open-data.s3.amazonaws.com/photos/437881596/original.jpeg,GBIF,,,,,2025-11-09 19:20:34.532939
182204,Epidendrum,tenuicaule,https://images.mobot.org/tropicosimages4/detailimages/TropicosImagesVol4/101158000/1B9F1A76-6E0A-4C46-A725-F7BB3DA5A821.jpg,GBIF,,,,,2025-11-08 22:44:58.148535
261101,Diuris,longifolia R.,https://inaturalist-open-data.s3.amazonaws.com/photos/575794395/original.jpg,GBIF,,,,,2025-11-09 17:57:33.665517
304560,Crossoglossa,caulescens,"https://iiif.rbge.org.uk/herb/iiif/E01270765/full/300,/0/default.jpg",GBIF,,,,,2025-11-10 04:58:45.882943
303680,Epidendrum,blepharistes,https://inaturalist-open-data.s3.amazonaws.com/photos/489884291/original.jpeg,GBIF,,,,,2025-11-10 04:43:25.760404
280409,Spathoglottis,pubescens,https://inaturalist-open-data.s3.amazonaws.com/photos/575894331/original.jpg,GBIF,,,,,2025-11-09 22:43:19.821768
253941,Acianthera,hystrix,https://inaturalist-open-data.s3.amazonaws.com/photos/337236775/original.jpeg,GBIF,,,,,2025-11-09 16:19:26.457696
265200,Cynorkis,nutans Ridl.,https://inaturalist-open-data.s3.amazonaws.com/photos/2381904/original.jpg,GBIF,,,,,2025-11-09 18:54:55.416954
164873,Disa,stairsii Kraenzl.,https://inaturalist-open-data.s3.amazonaws.com/photos/469943712/original.jpg,GBIF,Uganda,,,,2025-11-07 01:55:00.095456
174150,Cypripedium,tibeticum King,https://inaturalist-open-data.s3.amazonaws.com/photos/394719086/original.jpeg,GBIF,,,,,2025-11-08 20:46:55.523473
296293,Megastylis,gigas Rchb.f.,https://inaturalist-open-data.s3.amazonaws.com/photos/581515056/original.jpg,GBIF,,,,,2025-11-10 02:54:03.154907
201711,Holothrix,incurva Lindl.,https://inaturalist-open-data.s3.amazonaws.com/photos/262219486/original.jpg,GBIF,,,,,2025-11-09 03:30:25.787924
255394,Platanthera,stricta Lindl.,https://inaturalist-open-data.s3.amazonaws.com/photos/524076319/original.jpg,GBIF,,,,,2025-11-09 16:40:19.088264
266800,Epidendrum,andinum,http://sesam.senckenberg.de/pictures/originale/32/137002.jpg,GBIF,,,,,2025-11-09 19:18:59.810604
223083,Dendrobium,rumphiae,https://medialib.naturalis.nl/file/id/L0064729_MLN/format/large,GBIF,,,,,2025-11-09 08:37:22.233358
243462,Pleurothallis,microcardia,https://inaturalist-open-data.s3.amazonaws.com/photos/480462628/original.jpg,GBIF,,,,,2025-11-09 13:46:47.419991
200527,Neottia,tenuis,"https://iiif.rbge.org.uk/herb/iiif/E00071921/full/300,/0/default.jpg",GBIF,,,,,2025-11-09 03:15:21.319293
254588,Dendrobium,prostheciglossum,https://medialib.naturalis.nl/file/id/L.1506651/format/large,GBIF,,,,,2025-11-09 16:29:52.627970
6217,Bulbophyllum,cupreum,http://data.huh.harvard.edu/e0e50461-3e1e-4f4b-b820-a8b9b295d9e3/image,GBIF,United States of America,,O. Ames,https://huh.harvard.edu/access-digital-reproductions-works-public-domain,2025-10-20 01:16:06.661811
209175,Glomera,manicata,https://medialib.naturalis.nl/file/id/L.1509720/format/large,GBIF,,,,,2025-11-09 05:14:43.475222
3689,Epidendrum,nocturnum,https://inaturalist-open-data.s3.amazonaws.com/photos/339614628/original.jpg,GBIF,United States of America,,Sarah Wetterer,http://creativecommons.org/licenses/by-nc/4.0/,2025-10-19 13:56:57.310196
251212,Pterostylis,nigricans D.,https://inaturalist-open-data.s3.amazonaws.com/photos/375443318/original.jpg,GBIF,,,,,2025-11-09 15:39:08.408656
210606,Pinalia,mysorensis,https://images.mobot.org/tropicosimages4/detailimages/TropicosImagesVol4/101154000/05DAE6B0-DCF9-43E8-8844-DE7D2732429D.jpg,GBIF,,,,,2025-11-09 05:36:39.906043
300033,Pterostylis,biseta,https://inaturalist-open-data.s3.amazonaws.com/photos/579707807/original.jpg,GBIF,,,,,2025-11-10 03:46:34.361567
221873,Elleanthus,rhizomatosus,https://media-service.nrm.se/images?dataset=fbo&id=large/S-R-001001/S-R-1905_a.jpg,GBIF,,,,,2025-11-09 08:18:44.083266
298533,Coelogyne,flaccida,http://biodiversity.bt/biodiv/observations//ababc2cd-12a3-46f1-9221-817cc08092f3/431.jpg,GBIF,,,,,2025-11-10 03:25:09.437896
253928,Dendrobium,perlongum,https://medialib.naturalis.nl/file/id/L0059486_MLN/format/large,GBIF,,,,,2025-11-09 16:18:54.141824
244605,Trichocentrum,lindenii,https://inaturalist-open-data.s3.amazonaws.com/photos/393659567/original.jpeg,GBIF,,,,,2025-11-09 14:01:35.878148
182669,Coelogyne,missionariorum,http://data.huh.harvard.edu/d1af5496-e3d6-4519-aa40-b7f0eab5f6f3/image,GBIF,,,,,2025-11-08 22:52:21.556236
251707,Microtis,oblonga R.,https://inaturalist-open-data.s3.amazonaws.com/photos/243096385/original.jpeg,GBIF,,,,,2025-11-09 15:45:29.926027
300344,Dendrobium,pulleanum,https://medialib.naturalis.nl/file/id/L0059466_MLN/format/large,GBIF,,,,,2025-11-10 03:51:04.342697
226165,Sertifera,purpurea,https://images.mobot.org/tropicosimages4/detailimages/TropicosImagesVol4/101090000/35D557D7-AA5C-48D8-8A57-0F27D66A4800.jpg,GBIF,,,,,2025-11-09 09:11:15.719577
181693,Pterostylis,divaricata,https://images.ala.org.au/image/proxyImageThumbnailLarge?imageId=83484664-1c9b-48ee-9789-7aa08fbe50f7,GBIF,,,,,2025-11-08 22:39:09.714006
168237,Elleanthus,muscicola,https://images.mobot.org/tropicosimages3/detailimages/TropicosImageVol3/100416000/53A8F5A5-3271-4D86-9AD5-76B4ACC2CE01.jpg,GBIF,Panama,,Robert L. Dressler,,2025-11-07 16:34:46.209666
223373,Liparis,salassia,https://inaturalist-open-data.s3.amazonaws.com/photos/54908456/original.jpg,GBIF,,,,,2025-11-09 08:41:04.831544
250036,Restrepiella,ophiocephala,https://inaturalist-open-data.s3.amazonaws.com/photos/548619315/original.jpg,GBIF,,,,,2025-11-09 15:21:50.036166
187796,Masdevallia,caesia,https://data.nhm.ac.uk/media/53f86d48-c596-475a-b5d4-5d0ae0987124,GBIF,,,,,2025-11-09 00:08:59.962515
212164,Didymoplexiella,siamensis,https://inaturalist-open-data.s3.amazonaws.com/photos/581193630/original.jpg,GBIF,,,,,2025-11-09 05:59:08.068684
299025,Deiregyne,rhombilabia,https://inaturalist-open-data.s3.amazonaws.com/photos/480565546/original.jpeg,GBIF,,,,,2025-11-10 03:34:16.308829
223634,Liparis,nokoensis,https://inaturalist-open-data.s3.amazonaws.com/photos/473648986/original.jpg,GBIF,,,,,2025-11-09 08:44:47.518556
287361,Stanhopea,dodsoniana,https://inaturalist-open-data.s3.amazonaws.com/photos/2177297/original.jpg,GBIF,,,,,2025-11-10 00:36:21.999114
290586,Platystele,ovalifolia,http://sweetgum.nybg.org/images3/3561/910/04131799.jpg,GBIF,,,,,2025-11-10 01:30:33.887978
10327,Dendrobium,maccarthiae,"https://iiif.rbge.org.uk/herb/iiif/E01296189/full/300,/0/default.jpg",GBIF,,,,Unknown,2025-10-20 19:42:37.393593
266346,Tropidia,pedunculata,http://data.huh.harvard.edu/8c26c641-81df-49d7-8d4a-e3df111f5000/image,GBIF,,,,,2025-11-09 19:10:47.984764
6375,Dendrobium,agrostophylloides,https://medialib.naturalis.nl/file/id/L.1497534/format/large,GBIF,Papua New Guinea,,Vogel EF de; Vogel APTM,http://creativecommons.org/publicdomain/zero/1.0/,2025-10-20 01:20:16.803500
251790,Ophrys,insectifera L.,https://live.staticflickr.com/65535/52488248947_66424d9486_b.jpg,GBIF,,,,,2025-11-09 15:46:56.279998
213883,Pterostylis,spathulata M.,https://inaturalist-open-data.s3.amazonaws.com/photos/441113420/original.jpeg,GBIF,,,,,2025-11-09 06:27:08.902751
182451,Habenaria,cephalotes Lindl.,https://medialib.naturalis.nl/file/id/L.1516112/format/large,GBIF,,,,,2025-11-08 22:47:37.976918
260817,Calanthe,brevicornu,https://images.mobot.org/tropicosimages4/detailimages/TropicosImagesVol4/101062000/40DDE223-7D88-437A-978A-E95707491EE7.jpg,GBIF,,,,,2025-11-09 17:54:13.647250
272282,Malaxis,buchtienii,http://data.huh.harvard.edu/ce26a094-e7dc-4b0c-879d-711d056716d0/image,GBIF,,,,,2025-11-09 22:21:25.672563
177885,Maxillaria,uncata,https://inaturalist-open-data.s3.amazonaws.com/photos/475518123/original.jpg,GBIF,,,,,2025-11-08 21:43:16.813609
125310,Appendicula,longa,https://medialib.naturalis.nl/file/id/U.1458012/format/large,GBIF,Indonesia,"Archipel Ind. Sumatra, W.K., G. Merapi.",Bünnemeijer HAB,http://creativecommons.org/publicdomain/zero/1.0/,2025-11-05 20:09:30.319362
168591,Bulbophyllum,penduliscapum,https://inaturalist-open-data.s3.amazonaws.com/photos/408751154/original.jpeg,GBIF,Malaysia,,narido,,2025-11-07 16:37:02.439538
6624,Maxillaria,luteoalba,https://cdn.floridamuseum.ufl.edu/Herbarium/c24813aa-a717-42c7-9cda-852ab693a5f4,GBIF,Peru,,Mark Whitten,http://creativecommons.org/licenses/by-nc/4.0/,2025-10-20 01:27:19.961656
2700,Epidendrum,species,https://inaturalist-open-data.s3.amazonaws.com/photos/463855097/original.png,GBIF,United States of America,,gmskupien,http://creativecommons.org/licenses/by-nc/4.0/,2025-10-19 13:54:01.651673
290814,Polystachya,mystacioides,https://iiif-manifest.oxalis.br.fgov.be/specimen/BR0000021555992/manifest,GBIF,,,,,2025-11-10 01:34:39.190292
207256,Eulophia,leontoglossa,https://inaturalist-open-data.s3.amazonaws.com/photos/339705005/original.jpg,GBIF,,,,,2025-11-09 04:44:20.248002
235383,Polystachya,bifida,https://iiif-manifest.oxalis.br.fgov.be/specimen/BR0000025867503V/manifest,GBIF,,,,,2025-11-09 11:15:02.617129
296551,Taeniophyllum,hirtum,http://sweetgum.nybg.org/images3/3552/005/04157415.jpg,GBIF,,,,,2025-11-10 02:57:45.961396
294054,Telipogon,christobalensis,http://data.huh.harvard.edu/c60e39c4-72bb-4f7d-8a7a-6434d5775bde/image,GBIF,,,,,2025-11-10 02:19:30.505503
221181,Epidendrum,cooperianum,https://inaturalist-open-data.s3.amazonaws.com/photos/272832172/original.jpeg,GBIF,,,,,2025-11-09 08:06:27.528023
217183,Caladenia,latifolia R.,https://inaturalist-open-data.s3.amazonaws.com/photos/560839890/original.jpg,GBIF,,,,,2025-11-09 07:09:52.499815
304905,Maxillaria,amabilis,https://inaturalist-open-data.s3.amazonaws.com/photos/231966501/original.jpg,GBIF,,,,,2025-11-10 05:04:19.380422
244290,Crepidium,kinabaluense,http://data.huh.harvard.edu/6e951d2a-020e-4278-a290-0ca0863a65d6/image,GBIF,,,,,2025-11-09 13:56:10.845399
230868,Habenaria,keayi Summerh.,https://herbarium.bgbm.org/data/iiif/B100380813/manifest.json,GBIF,,,,,2025-11-09 10:55:26.708990
298120,Maxillaria,plicata,http://data.huh.harvard.edu/4c21e44f-bef3-4739-81ec-08e106b4235c/image,GBIF,,,,,2025-11-10 03:19:44.009190
198736,Herminium,latilabre Lindl.,https://iiif.rbge.org.uk/herb/iiif/E00624439/manifest,GBIF,,,,,2025-11-09 02:50:22.021407
264644,Appendicula,xytriophora,http://mediaphoto.mnhn.fr/media/1441306732952y5Yc1uHu8qeYP2tf,GBIF,,,,,2025-11-09 18:47:46.294560
269006,Disperis,macowanii Bolus,https://inaturalist-open-data.s3.amazonaws.com/photos/501855779/original.jpeg,GBIF,,,,,2025-11-09 19:51:32.079227
250053,Restrepiella,ophiocephala,https://inaturalist-open-data.s3.amazonaws.com/photos/257694376/original.jpeg,GBIF,,,,,2025-11-09 15:21:50.150083
246429,Dendrobium,forbesii,https://medialib.naturalis.nl/file/id/L.1498768/format/large,GBIF,,,,,2025-11-09 14:26:35.538203
195445,Platanthera,bakeriana King,http://data.huh.harvard.edu/c52fc7f8-003a-4041-997a-f17bdc3147de/image,GBIF,,,,,2025-11-09 01:55:49.421490
261846,Angraecum,subcordatum,http://mediaphoto.mnhn.fr/media/1441308616544A6uzVowktWYZuhrr,GBIF,,,,,2025-11-09 18:05:29.430086
217148,Corymborkis,forcipigera,https://inaturalist-open-data.s3.amazonaws.com/photos/461439393/original.jpeg,GBIF,,,,,2025-11-09 07:09:28.123506
267947,Galeoglossum,tubulosum Lindl.,http://was.tacc.utexas.edu/fileget?coll=TEX-LL&type=O&filename=sp65051747893381304558.att.jpg,GBIF,,,,,2025-11-09 19:38:09.673515
229022,Dendrobium,rosenbergii,https://inaturalist-open-data.s3.amazonaws.com/photos/208934399/original.jpeg,GBIF,,,,,2025-11-09 10:54:10.254609
255425,Bipinnula,fimbriata Poepp.,https://inaturalist-open-data.s3.amazonaws.com/photos/542941860/original.jpg,GBIF,,,,,2025-11-09 16:40:27.213773
278311,Prasophyllum,anticum D.,https://inaturalist-open-data.s3.amazonaws.com/photos/233259315/original.jpeg,GBIF,,,,,2025-11-09 22:27:08.558997
276596,Encyclia,linearifolioides,http://jbrj-public-img.s3-sa-east-1.amazonaws.com/JPG/rb/0/60/90/71/00609071.jpg,GBIF,,,,,2025-11-09 22:25:54.370551
259729,Oberonia,equitans,https://inaturalist-open-data.s3.amazonaws.com/photos/392132780/original.jpeg,GBIF,,,,,2025-11-09 17:40:52.539934
197636,Himantoglossum,caprinum ssp.,https://inaturalist-open-data.s3.amazonaws.com/photos/509088290/original.jpg,GBIF,,,,,2025-11-09 02:29:38.232317
305964,Maxillaria,schlimii,https://inaturalist-open-data.s3.amazonaws.com/photos/213713638/original.jpg,GBIF,,,,,2025-11-10 05:15:51.217758
279041,Bryobium,hyacinthoides,https://medialib.naturalis.nl/file/id/L.4405352/format/large,GBIF,,,,,2025-11-09 22:27:58.646209
236032,Cynorkis,calcarata Thouars,http://mediaphoto.mnhn.fr/media/1541169653861eb8Iz67jL8wk1EPl,GBIF,,,,,2025-11-09 11:29:09.891776
300528,Pterostylis,concinna R.,https://inaturalist-open-data.s3.amazonaws.com/photos/518211878/original.jpg,GBIF,,,,,2025-11-10 03:53:04.195582
302322,Phreatia,aristulifera,http://data.huh.harvard.edu/6251e4bb-a116-48ac-8bfb-e92fb6579aec/image,GBIF,,,,,2025-11-10 04:19:54.368800
5062,Bulbophyllum,lobbii,https://inaturalist-open-data.s3.amazonaws.com/photos/546859631/original.jpg,GBIF,Philippines,,Alastair Robinson,http://creativecommons.org/licenses/by-nc/4.0/,2025-10-19 14:00:16.168007
293790,Galeoglossum,thysanochilum,http://data.huh.harvard.edu/548a98d7-a748-4487-bde9-1bf94f9a4958/image,GBIF,,,,,2025-11-10 02:14:45.752976
268033,Epidendrum,nocturnum,https://inaturalist-open-data.s3.amazonaws.com/photos/462724802/original.jpg,GBIF,,,,,2025-11-09 19:39:29.977781
194208,Zeuxine,elongata Rolfe,https://images.mobot.org/tropicosimages5/detailimages/TropicosImagesVol5/101672000/91256B06-9E6D-4102-A01E-0413AE5C5AC5.jpg,GBIF,,,,,2025-11-09 01:36:07.897134
288441,Lepanthes,tenuiloba,https://inaturalist-open-data.s3.amazonaws.com/photos/568592102/original.jpg,GBIF,,,,,2025-11-10 00:57:06.903546
172315,Ophrys,sphegodes Mill.,https://inaturalist-open-data.s3.amazonaws.com/photos/474363478/original.jpeg,GBIF,France,,Alexpttnt,,2025-11-07 18:41:34.082479
234083,Cranichis,apiculata Lindl.,https://inaturalist-open-data.s3.amazonaws.com/photos/322138418/original.jpeg,GBIF,,,,,2025-11-09 10:58:27.239266
212500,Aphyllorchis,montana,https://inaturalist-open-data.s3.amazonaws.com/photos/551252361/original.jpg,GBIF,,,,,2025-11-09 06:03:29.812877
242627,Oncidium,x,https://object.jacq.org/europeana/W/2333870.jpg,GBIF,,,,,2025-11-09 13:34:13.834538
245930,Epidendrum,pallatangae,https://inaturalist-open-data.s3.amazonaws.com/photos/194864949/original.jpg,GBIF,,,,,2025-11-09 14:19:50.282557
10420,Dendrobium,prasinum,https://inaturalist-open-data.s3.amazonaws.com/photos/184289540/original.jpg,GBIF,Vanuatu,,Dominik Maximilián Ramík,http://creativecommons.org/licenses/by/4.0/,2025-10-21 00:02:51.213628
231092,Holothrix,longicornu G.,https://inaturalist-open-data.s3.amazonaws.com/photos/329033885/original.jpg,GBIF,,,,,2025-11-09 10:55:39.896944
211900,Tolumnia,bahamensis,https://inaturalist-open-data.s3.amazonaws.com/photos/491598854/original.jpg,GBIF,,,,,2025-11-09 05:55:02.521893
271908,Dendrobium,bostrychodes,https://d2jcv3kl45hlgi.cloudfront.net/80a9a4e91b1091fbc899d64bc1d38c4a.jpg,GBIF,,,,,2025-11-09 22:21:06.415824
153051,Disa,karooica S.,https://d2seqvvyy3b8p2.cloudfront.net/78435f57a12b372be69f7519c40b0a15.jpg,GBIF,South Africa,,"Hebbhahn, N.",http://creativecommons.org/licenses/by/4.0/,2025-11-06 02:39:33.091137
247031,Epidendrum,leopardihamatum,https://inaturalist-open-data.s3.amazonaws.com/photos/330388866/original.jpeg,GBIF,,,,,2025-11-09 14:34:06.799833
186574,Cynorkis,rosellata Thouars,https://inaturalist-open-data.s3.amazonaws.com/photos/244097957/original.jpeg,GBIF,,,,,2025-11-08 23:52:20.338333
181168,Dactylorhiza,traunsteineri ssp.,https://inaturalist-open-data.s3.amazonaws.com/photos/507457529/original.jpg,GBIF,,,,,2025-11-08 22:31:45.533730
273607,Dendrobium,ephemerum,https://medialib.naturalis.nl/file/id/L.1498850/format/large,GBIF,,,,,2025-11-09 22:22:32.189908
175693,Satyrium,rhynchanthoides Schltr.,https://medialib.naturalis.nl/file/id/U0005421_MLN/format/large,GBIF,,,,,2025-11-08 21:10:46.711570
182034,Sphyrarhynchus,schliebenii,https://oxalis.br.fgov.be/images/BR0/000/021/817/908/BR0000021817908.jpg,GBIF,,,,,2025-11-08 22:43:15.114771
228829,Pterostylis,alata Labill.,https://inaturalist-open-data.s3.amazonaws.com/photos/509529496/original.jpg,GBIF,,,,,2025-11-09 10:54:05.277837
222124,Thelymitra,sargentii R.,https://inaturalist-open-data.s3.amazonaws.com/photos/441196174/original.jpeg,GBIF,,,,,2025-11-09 08:23:30.585407
215571,Satyrium,erectum Sw.,https://inaturalist-open-data.s3.amazonaws.com/photos/553667856/original.jpg,GBIF,,,,,2025-11-09 06:46:43.680194
277265,Liparis,campylostalix,https://inaturalist-open-data.s3.amazonaws.com/photos/407536049/original.jpeg,GBIF,,,,,2025-11-09 22:26:29.636053
227948,Habenaria,isoantha Schltr.,https://iiif-manifest.oxalis.br.fgov.be/specimen/BR0000021830853/manifest,GBIF,,,,,2025-11-09 10:53:23.627898
278419,Hemipilia,secundiflora Kraenzl.,"https://iiif.rbge.org.uk/herb/iiif/E00764288/full/1600,/0/default.jpg",GBIF,,,,,2025-11-09 22:27:12.622789
180595,Orchis,anatolica ssp.,https://inaturalist-open-data.s3.amazonaws.com/photos/474990124/original.jpeg,GBIF,,,,,2025-11-08 22:22:07.333711
207937,Strongyleria,leiophylla,https://d2seqvvyy3b8p2.cloudfront.net/17c7af8c4709a8eedfb7681691d30cc2.jpg,GBIF,,,,,2025-11-09 04:55:02.372443
181900,Caladenia,falcata,https://inaturalist-open-data.s3.amazonaws.com/photos/566805191/original.jpg,GBIF,,,,,2025-11-08 22:41:16.648918
231528,Ophrys,incubacea Bianca,https://observation.org/photos/65300837.jpg,GBIF,,,,,2025-11-09 10:56:08.673437
296550,Taeniophyllum,hirtum,http://mediaphoto.mnhn.fr/media/1441305195847kIOlpSQCxYOVeVBr,GBIF,,,,,2025-11-10 02:57:45.954440
298607,Listrostachys,pertusa,https://images.mobot.org/tropicosimages3/detailimages/TropicosImageVol3/100549000/D4FACE3F-2471-484B-9074-136611B88E26.jpg,GBIF,,,,,2025-11-10 03:26:28.741282
176040,Caladenia,amplexans A.,https://inaturalist-open-data.s3.amazonaws.com/photos/578177532/original.jpg,GBIF,,,,,2025-11-08 21:15:09.294762
260070,Bulbophyllum,betchei,https://inaturalist-open-data.s3.amazonaws.com/photos/437469923/original.jpg,GBIF,,,,,2025-11-09 17:44:59.001967
184287,Ophrys,bornmuelleri M.,https://inaturalist-open-data.s3.amazonaws.com/photos/168993366/original.jpeg,GBIF,,,,,2025-11-08 23:18:23.423399
231950,Dendrobium,venustum,https://images.mobot.org/tropicosimages4/detailimages/TropicosImagesVol4/101098000/7576CE13-FB2D-4766-8BCE-861F03502D0B.jpg,GBIF,,,,,2025-11-09 10:56:30.711720
254084,Disa,telipogonis Rchb.f.,https://inaturalist-open-data.s3.amazonaws.com/photos/455725279/original.jpeg,GBIF,,,,,2025-11-09 16:20:54.033019
185407,Gomesa,gardneri,https://cdn.floridamuseum.ufl.edu/Herbarium/28e961eb-b158-46c1-8a30-9d5f9d1f4a88,GBIF,,,,,2025-11-08 23:33:19.324625
262474,Bulbophyllum,ionophyllum,"https://iiif.rbge.org.uk/herb/iiif/E01306018/full/1600,/0/default.jpg",GBIF,,,,,2025-11-09 18:15:55.583510
271666,Bulbophyllum,mutabile,https://inaturalist-open-data.s3.amazonaws.com/photos/421456594/original.jpg,GBIF,,,,,2025-11-09 22:20:52.792106
7675,Maxillaria,valenzuelana,http://jbrj-public-img.s3-sa-east-1.amazonaws.com/JPG/rb/0/25/76/70/00257670-1.jpg,GBIF,Brazil,,Claudino Gomes,Unknown,2025-10-20 01:51:00.644129
200136,Brachycorythis,friesii Schltr.,https://images.mobot.org/tropicosimages4/detailimages/TropicosImagesVol4/101047000/BC189E24-1233-406A-B05E-9D0D1758D92F.jpg,GBIF,,,,,2025-11-09 03:09:16.681944
254092,Disa,telipogonis Rchb.f.,https://inaturalist-open-data.s3.amazonaws.com/photos/460643135/original.jpeg,GBIF,,,,,2025-11-09 16:20:54.082551
211393,Acianthera,nemorosa,https://images.mobot.org/tropicosimages4/detailimages/TropicosImagesVol4/101286000/3F864DAE-D365-4D2A-8F48-2F5F2B713E9C.jpg,GBIF,,,,,2025-11-09 05:46:58.851877
230159,Cyrtochilum,midas,https://inaturalist-open-data.s3.amazonaws.com/photos/468199696/original.jpeg,GBIF,,,,,2025-11-09 10:54:52.695444
267708,Anacamptis,x feinbruniae,https://inaturalist-open-data.s3.amazonaws.com/photos/261193603/original.jpeg,GBIF,,,,,2025-11-09 19:33:48.206197
228513,Coelogyne,obtusifolia,http://mediaphoto.mnhn.fr/media/14423477646636ROxDSFUpnvQXHqT,GBIF,,,,,2025-11-09 10:53:56.943169
177326,Angraecum,striatum,https://inaturalist-open-data.s3.amazonaws.com/photos/356350786/original.jpg,GBIF,,,,,2025-11-08 21:34:33.808171
260889,Bulbophyllum,forrestii,"https://iiif.rbge.org.uk/herb/iiif/E00625129/full/1600,/0/default.jpg",GBIF,,,,,2025-11-09 17:55:17.462296
279519,Habenaria,alata Hook.,https://inaturalist-open-data.s3.amazonaws.com/photos/424796915/original.jpeg,GBIF,,,,,2025-11-09 22:28:40.376348
265528,Epidendrum,porpax,https://inaturalist-open-data.s3.amazonaws.com/photos/177545886/original.jpeg,GBIF,,,,,2025-11-09 18:59:17.399978
256814,Holothrix,burchellii Lindl.,https://inaturalist-open-data.s3.amazonaws.com/photos/554335335/original.jpg,GBIF,,,,,2025-11-09 16:58:26.739473
201985,Zygopetalum,brachypetalum,https://d2jcv3kl45hlgi.cloudfront.net/fc084c88028aeb11982cda021bebf58e.jpg,GBIF,,,,,2025-11-09 03:33:36.274160
302981,Coelogyne,pseudoporrecta,https://images.mobot.org/tropicosimages4/detailimages/TropicosImagesVol4/101260000/721C9073-F29E-4B66-984A-CFA1C8E44E54.jpg,GBIF,,,,,2025-11-10 04:30:28.807281
5751,Bulbophyllum,purpureorhachis,https://inaturalist-open-data.s3.amazonaws.com/photos/383801767/original.jpg,GBIF,Côte d’Ivoire,,andreaudzungwa,http://creativecommons.org/licenses/by-nc/4.0/,2025-10-19 19:36:43.357652
246066,Palmorchis,nitida,http://fm-digital-assets.fieldmuseum.org/182/414/ORCH_palm_niti_pan_1955271.jpg,GBIF,,,,,2025-11-09 14:21:01.350601
224331,Dendrobium,igneum,https://medialib.naturalis.nl/file/id/L.4405342/format/large,GBIF,,,,,2025-11-09 08:56:32.162554
195497,Hemipilia,crenulata Soó,https://iiif.rbge.org.uk/herb/iiif/E00162681/manifest,GBIF,,,,,2025-11-09 01:56:52.469921
262152,Smithsonia,viridiflora,https://inaturalist-open-data.s3.amazonaws.com/photos/114053595/original.jpeg,GBIF,,,,,2025-11-09 18:10:15.174332
288947,Disa,fasciata Lindl.,https://inaturalist-open-data.s3.amazonaws.com/photos/581618226/original.jpg,GBIF,,,,,2025-11-10 01:06:06.199176
188070,Nigritella,x robatschiana,https://inaturalist-open-data.s3.amazonaws.com/photos/527486543/original.jpg,GBIF,,,,,2025-11-09 00:13:06.012050
260236,Lepanthes,atrata,https://object.jacq.org/europeana/W/127728.jpg,GBIF,,,,,2025-11-09 17:46:49.489451
175440,Drakaea,concolor,https://inaturalist-open-data.s3.amazonaws.com/photos/153626333/original.jpg,GBIF,,,,,2025-11-08 21:08:00.202128
130356,Tropidia,disticha,https://medialib.naturalis.nl/file/id/L.1535171/format/large,GBIF,Indonesia,"Path Ifar to Ormoe, on pass. Cycloop Mts.",Royen P van; Sleumer HO,http://creativecommons.org/publicdomain/zero/1.0/,2025-11-05 21:23:38.571344
229968,Dendrobium,basilanense,http://data.huh.harvard.edu/4296a5cd-2d70-41ff-925b-728896a86071/image,GBIF,,,,,2025-11-09 10:54:39.033198
243277,Pabstiella,arcuata,http://jbrj-public-img.s3-sa-east-1.amazonaws.com/JPG/rb/0/25/91/96/00259196.jpg,GBIF,,,,,2025-11-09 13:43:45.008729
283800,Lepanthes,obtusipetala,http://sweetgum.nybg.org/images3/136/595/v-066-00058424.jpg,GBIF,,,,,2025-11-09 23:57:25.272577
250876,Dendrobium,prenticei,https://inaturalist-open-data.s3.amazonaws.com/photos/333918537/original.jpg,GBIF,,,,,2025-11-09 15:33:43.422531
8270,Epidendrum,paniculatum,http://mediaphoto.mnhn.fr/media/1441305228119pcKlju3WEIEyq2QQ,GBIF,French Guiana,,"Granville, J.J. de",http://creativecommons.org/licenses/by/4.0/,2025-10-20 01:57:58.467496
299180,Ophrys,bombyliflora Link,https://inaturalist-open-data.s3.amazonaws.com/photos/472058684/original.jpeg,GBIF,,,,,2025-11-10 03:35:20.324489
300294,Malaxis,macrostachya,https://inaturalist-open-data.s3.amazonaws.com/photos/550489792/original.jpg,GBIF,,,,,2025-11-10 03:50:00.909993
209464,Cleistes,lepida Rchb.f.,https://inaturalist-open-data.s3.amazonaws.com/photos/489822899/original.jpeg,GBIF,,,,,2025-11-09 05:18:41.734612
295400,Cyrtochilum,megalophium,http://mediaphoto.mnhn.fr/media/1443087889354lmU0EhK679XQKGiZ,GBIF,,,,,2025-11-10 02:40:40.657153
247989,Paphiopedilum,bullenianum Rchb.f.,http://mediaphoto.mnhn.fr/media/1441306178804JueWzvc7BC2uPi06,GBIF,,,,,2025-11-09 14:50:29.511437
270834,Habenaria,insolita Summerh.,https://images.mobot.org/tropicosimages4/detailimages/TropicosImagesVol4/101182000/D9E0A700-9BB2-4E3E-B404-57CFA4AD42DF.jpg,GBIF,,,,,2025-11-09 22:20:07.975081
6292,Maxillaria,crocea,http://jbrj-public-img.s3-sa-east-1.amazonaws.com/JPG/rb/0/41/37/56/00413756.jpg,GBIF,Brazil,,M. Moraes,Unknown,2025-10-20 01:18:38.170329
961,Isotria,medeoloides Pursh,https://inaturalist-open-data.s3.amazonaws.com/photos/304721515/original.jpeg,GBIF,United States of America,,Karro Frost,http://creativecommons.org/licenses/by-nc/4.0/,2025-10-19 08:48:08.278206
246602,Caladenia,argocalla D.,https://inaturalist-open-data.s3.amazonaws.com/photos/576349418/original.jpg,GBIF,,,,,2025-11-09 14:29:05.886784
211983,Cycnoches,haagii,https://inaturalist-open-data.s3.amazonaws.com/photos/476248659/original.jpg,GBIF,,,,,2025-11-09 05:56:21.619836
200434,Epidendrum,vinosum,http://fm-digital-assets.fieldmuseum.org/283/499/V0087401F.jpg,GBIF,,,,,2025-11-09 03:13:53.673271
245114,Stelis,nexipous,https://images.mobot.org/tropicosimages4/detailimages/TropicosImagesVol4/101074000/322E9966-3698-47F3-9115-630712CE72F2.jpg,GBIF,,,,,2025-11-09 14:09:15.476784
200958,Crepidium,resupinatum,https://iiif.rbge.org.uk/herb/iiif/E00291154/manifest,GBIF,,,,,2025-11-09 03:20:38.810022
294048,Telipogon,christobalensis,https://object.jacq.org/europeana/W/133973.jpg,GBIF,,,,,2025-11-10 02:19:30.470865
296245,Cyrtochilum,schildhaueri,http://pictures.snsb.info/BSMvplantscoll/web/M-0227/M-0227073_20140302_165712.jpg,GBIF,,,,,2025-11-10 02:53:14.411138
255016,Dendrobium,griffithianum,https://d2jcv3kl45hlgi.cloudfront.net/cfc1a6a2a52fa5380870c8058afa193e.jpg,GBIF,,,,,2025-11-09 16:36:12.996081
204399,Epidendrum,congestum,http://data.huh.harvard.edu/8f01b876-36ff-4812-a739-5a4269207c06/image,GBIF,,,,,2025-11-09 04:07:35.011553
235021,Ophrys,bornmuelleri M.,https://inaturalist-open-data.s3.amazonaws.com/photos/476035298/original.jpeg,GBIF,,,,,2025-11-09 11:07:31.286160
10544,Bulbophyllum,conspectum,https://medialib.naturalis.nl/file/id/L.2108828/format/large,GBIF,Malaysia,,Clemens J; Clemens MS,http://creativecommons.org/publicdomain/zero/1.0/,2025-10-21 07:27:14.710963
214871,Satyrium,kitimboense Kraenzl.,https://inaturalist-open-data.s3.amazonaws.com/photos/60010134/original.jpeg,GBIF,,,,,2025-11-09 06:36:17.160916
259389,Dendrolirium,tomentosum,https://inaturalist-open-data.s3.amazonaws.com/photos/47491465/original.jpeg,GBIF,,,,,2025-11-09 17:35:19.732250
177932,Angraecum,chermezonii,https://inaturalist-open-data.s3.amazonaws.com/photos/31442536/original.jpeg,GBIF,,,,,2025-11-08 21:43:32.942483
217064,Pyrorchis,nigricans,https://inaturalist-open-data.s3.amazonaws.com/photos/489982170/original.jpg,GBIF,,,,,2025-11-09 07:08:48.547017
174457,Brassavola,martiana,https://inaturalist-open-data.s3.amazonaws.com/photos/177579534/original.jpg,GBIF,,,,,2025-11-08 20:49:48.380546
260689,Robiquetia,minahassae,https://medialib.naturalis.nl/file/id/L.1528134/format/large,GBIF,,,,,2025-11-09 17:53:09.750852
143224,Vanilla,polylepis Summerh.,http://www.westafricanplants.senckenberg.de/images/pictures/vanilla_polylepis_wamccl_dsc_0673_10082_75b1c3.jpg,GBIF,Zambia,,,All rights reserved; for terms and conditions see http://www.africanplants.senckenberg.de/root/index.php?page_id=84,2025-11-06 01:37:58.652185
219819,Diuris,calcicola R.,https://inaturalist-open-data.s3.amazonaws.com/photos/573996436/original.jpg,GBIF,,,,,2025-11-09 07:46:53.708719
221144,Bulbophyllum,anjozorobeense,http://mediaphoto.mnhn.fr/media/1441306247040n4izXSubrXZtVEXg,GBIF,,,,,2025-11-09 08:05:55.210911
216849,Angraecum,urschianum,https://inaturalist-open-data.s3.amazonaws.com/photos/323759188/original.jpeg,GBIF,,,,,2025-11-09 07:05:21.533721
224355,Anoectochilus,setaceus Blume,https://medialib.naturalis.nl/file/id/U.1462657/format/large,GBIF,,,,,2025-11-09 08:57:12.635920
260542,Coelogyne,prasina,http://data.huh.harvard.edu/f6db54dc-8238-4b29-8860-33dc72257e44/image,GBIF,,,,,2025-11-09 17:50:32.553088
246863,Calanthe,aristulifera,https://inaturalist-open-data.s3.amazonaws.com/photos/487807333/original.jpg,GBIF,,,,,2025-11-09 14:33:11.895162
185264,Myoxanthus,octomerioides,http://data.huh.harvard.edu/6fb3c44c-8ecc-45b8-989b-f32157141715/image,GBIF,,,,,2025-11-08 23:31:35.915319
250047,Restrepiella,ophiocephala,https://inaturalist-open-data.s3.amazonaws.com/photos/364577849/original.jpeg,GBIF,,,,,2025-11-09 15:21:50.110311
229542,Orchis,punctulata Steven,https://inaturalist-open-data.s3.amazonaws.com/photos/472093905/original.jpg,GBIF,,,,,2025-11-09 10:54:22.233130
190819,Campylocentrum,grisebachii,https://inaturalist-open-data.s3.amazonaws.com/photos/426871774/original.jpeg,GBIF,,,,,2025-11-09 00:49:34.956974
229488,Bulbophyllum,wightii,https://inaturalist-open-data.s3.amazonaws.com/photos/189806652/original.jpg,GBIF,,,,,2025-11-09 10:54:21.693840
301532,Alatiliparis,lepanthes,https://d2jcv3kl45hlgi.cloudfront.net/56bcae2f8f4294ba012b79238daf7757.jpg,GBIF,,,,,2025-11-10 04:10:14.898244
294646,Liparis,tschangii,https://images.mobot.org/tropicosimages4/detailimages/TropicosImagesVol4/101189000/CDB9C54E-C6F4-456C-9AC1-A47C5FDE9A3D.jpg,GBIF,,,,,2025-11-10 02:31:08.894023
298886,Oncidium,planilabre,http://data.huh.harvard.edu/375595b7-2550-40df-bb95-e1e697e6e82e/image,GBIF,,,,,2025-11-10 03:31:06.076647
221163,Eulophia,zeyheriana,https://inaturalist-open-data.s3.amazonaws.com/photos/466950917/original.jpg,GBIF,,,,,2025-11-09 08:06:19.618223
263556,Stenorrhynchos,glicensteinii Christenson,https://inaturalist-open-data.s3.amazonaws.com/photos/461489283/original.jpeg,GBIF,,,,,2025-11-09 18:29:25.086245
253080,Anoectochilus,yatesiae F.,https://inaturalist-open-data.s3.amazonaws.com/photos/219360023/original.jpg,GBIF,,,,,2025-11-09 16:04:47.490910
300611,Holcoglossum,pumilum,https://inaturalist-open-data.s3.amazonaws.com/photos/461589266/original.jpg,GBIF,,,,,2025-11-10 03:54:38.872578
194160,Maxillaria,imbricata,https://collections.nmnh.si.edu/media/?i=11528683&h=2000,GBIF,,,,,2025-11-09 01:35:52.125773
443,Cleistesiopsis,divaricata L.,https://inaturalist-open-data.s3.amazonaws.com/photos/385734816/original.jpg,GBIF,United States of America,,jack4rogers,http://creativecommons.org/licenses/by-nc/4.0/,2025-10-19 08:37:56.135930
220565,Dipodium,atropurpureum,https://inaturalist-open-data.s3.amazonaws.com/photos/456282498/original.jpeg,GBIF,,,,,2025-11-09 07:57:12.675875
187031,Dendrophylax,helorrhiza,http://data.huh.harvard.edu/1feb7f4e-7266-46d4-844c-ec081bd1a859/image,GBIF,,,,,2025-11-08 23:57:46.216224
237637,Styloglossum,hololeucum,http://data.landcareresearch.co.nz/Image/58B9/NZVH,GBIF,,,,,2025-11-09 12:18:29.464591
254175,Corybas,acuminatus,https://inaturalist-open-data.s3.amazonaws.com/photos/471332135/original.jpeg,GBIF,,,,,2025-11-09 16:21:25.387354
209833,Chloraea,philippii Rchb.f.,https://inaturalist-open-data.s3.amazonaws.com/photos/462961051/original.jpg,GBIF,,,,,2025-11-09 05:23:58.778884
247436,Rhipidoglossum,stolzii,http://mediaphoto.mnhn.fr/media/1441306776571lq0SucCRw8BfKXuU,GBIF,,,,,2025-11-09 14:41:31.229386
299436,Acianthera,verecunda,https://inaturalist-open-data.s3.amazonaws.com/photos/236355018/original.jpeg,GBIF,,,,,2025-11-10 03:38:22.940547
190003,Sievekingia,cristata,https://collections.nmnh.si.edu/media/?i=11529351&h=2000,GBIF,,,,,2025-11-09 00:37:18.113669
296086,Hemipilia,tibetica Schltr.,http://sweetgum.nybg.org/images3/3563/186/04133079.jpg,GBIF,,,,,2025-11-10 02:51:39.235068
259521,Oncidium,x,https://oxalis.br.fgov.be/images/BR0/000/013/084/646/BR0000013084646.jpg,GBIF,,,,,2025-11-09 17:37:50.126783
183468,Anacamptis,morio ssp.,https://inaturalist-open-data.s3.amazonaws.com/photos/487750080/original.jpg,GBIF,,,,,2025-11-08 23:04:39.677720
253002,Pterostylis,obtusa R.,https://inaturalist-open-data.s3.amazonaws.com/photos/480376338/original.jpeg,GBIF,,,,,2025-11-09 16:03:59.408946
6102,Dendrobium,keithii,https://inaturalist-open-data.s3.amazonaws.com/photos/328788087/original.jpg,GBIF,Thailand,,Elena_Sherehora,http://creativecommons.org/licenses/by/4.0/,2025-10-19 19:45:13.679178
217700,Habenaria,virens,https://quod.lib.umich.edu/cgi/i/image/api/image/herb00ic:1651277:MICH-V-1651277/full/res:0/0/native.jpg,GBIF,,,,,2025-11-09 07:17:39.833960
193412,Dichaea,trichocarpa,https://inaturalist-open-data.s3.amazonaws.com/photos/255087124/original.jpeg,GBIF,,,,,2025-11-09 01:27:32.164231
205362,Cynorkis,anacamptoides Kraenzl.,https://inaturalist-open-data.s3.amazonaws.com/photos/470015314/original.jpg,GBIF,,,,,2025-11-09 04:18:25.582657
290675,Gastrodia,confusoides,https://inaturalist-open-data.s3.amazonaws.com/photos/229369946/original.jpeg,GBIF,,,,,2025-11-10 01:31:20.717940
208678,Hemipilia,kiraishiensis Hayata,https://inaturalist-open-data.s3.amazonaws.com/photos/523975122/original.jpg,GBIF,,,,,2025-11-09 05:06:16.371149
178685,Dendrobium,falcorostrum,https://inaturalist-open-data.s3.amazonaws.com/photos/506704910/original.jpg,GBIF,,,,,2025-11-08 21:54:46.432058
278383,Habenaria,lankesteri Ames,http://sweetgum.nybg.org/images3/4023/354/04094156.jpg,GBIF,,,,,2025-11-09 22:27:11.726650
206536,Taeniophyllum,muelleri,https://inaturalist-open-data.s3.amazonaws.com/photos/416539861/original.jpeg,GBIF,,,,,2025-11-09 04:34:49.093857
203702,Stelis,deregularis,http://jbrj-public-img.s3-sa-east-1.amazonaws.com/JPG/rb/1/22/35/82/01223582.jpg,GBIF,,,,,2025-11-09 03:57:39.381258
196978,Coelogyne,cruciformis,"https://iiif.rbge.org.uk/herb/iiif/E00050133/full/1600,/0/default.jpg",GBIF,,,,,2025-11-09 02:18:32.569106
302194,Habenaria,humidicola Rolfe,https://d2jcv3kl45hlgi.cloudfront.net/258610f40a2efd7d163d41dc606259d1.jpg,GBIF,,,,,2025-11-10 04:18:11.106192
266751,Satyrium,neglectum ssp.,"https://iiif.rbge.org.uk/herb/iiif/E01258368/full/1600,/0/default.jpg",GBIF,,,,,2025-11-09 19:17:57.066974
286386,Bonatea,saundersioides Kraenzl.,https://inaturalist-open-data.s3.amazonaws.com/photos/15198840/original.jpg,GBIF,,,,,2025-11-10 00:25:23.087046
194462,Disa,pulchra Sond.,https://inaturalist-open-data.s3.amazonaws.com/photos/176250640/original.jpeg,GBIF,,,,,2025-11-09 01:38:15.094977
244002,Stelis,nitens,http://data.huh.harvard.edu/75c4d3f6-e9d5-43cd-93ab-e3a9ffbdcbe2/image,GBIF,,,,,2025-11-09 13:52:36.096946
216132,Vrydagzynea,schumanniana Kraenzl.,https://medialib.naturalis.nl/file/id/U.1468942/format/large,GBIF,,,,,2025-11-09 06:54:15.716435
248343,Habenaria,splendens Rendle,https://inaturalist-open-data.s3.amazonaws.com/photos/256676544/original.jpeg,GBIF,,,,,2025-11-09 14:55:08.162679
181159,Habenaria,brachyphylla Lindl.,https://inaturalist-open-data.s3.amazonaws.com/photos/87109245/original.jpeg,GBIF,,,,,2025-11-08 22:31:37.682400
258450,Dracula,chimaera,https://inaturalist-open-data.s3.amazonaws.com/photos/470831245/original.jpeg,GBIF,,,,,2025-11-09 17:21:58.105465
295245,Tuberolabium,escritorii,http://data.huh.harvard.edu/a597acc6-91b0-4a7c-8331-20f9b2c864a6/image,GBIF,,,,,2025-11-10 02:38:41.869697
251585,Eulophia,elisabethae,http://mediaphoto.mnhn.fr/media/1442317082012tuCBrPiBq9KnBzwI,GBIF,,,,,2025-11-09 15:44:33.956248
278445,Aulosepalum,nelsonii,https://inaturalist-open-data.s3.amazonaws.com/photos/19437829/original.jpeg,GBIF,,,,,2025-11-09 22:27:12.837400
213598,Bulbophyllum,blepharistes,https://medialib.naturalis.nl/file/id/L.1492661/format/large,GBIF,,,,,2025-11-09 06:23:10.349556
274173,Eulophia,seleensis,https://inaturalist-open-data.s3.amazonaws.com/photos/178570337/original.jpeg,GBIF,,,,,2025-11-09 22:23:26.291656
179947,Masdevallia,lenae,http://pictures.snsb.info/BSMvplantscoll/web/M-0226/M-0226462_20140714_093042.jpg,GBIF,,,,,2025-11-08 22:11:32.692472
209006,Coelogyne,schultesii,http://biodiversity.bt/biodiv/observations//b21881f3-f16d-4b8c-ae56-65557bfa096d/132.jpg,GBIF,,,,,2025-11-09 05:11:25.597491
202910,Dendrobium,woodsii,https://image.bgbm.org/images/internal/HerbarThumbs/B100067826_1700,GBIF,,,,,2025-11-09 03:48:23.064078
199209,Bulbophyllum,auriflorum,https://inaturalist-open-data.s3.amazonaws.com/photos/582513282/original.jpg,GBIF,,,,,2025-11-09 02:56:35.301680
168818,Malaxis,nidiae,https://inaturalist-open-data.s3.amazonaws.com/photos/341666195/original.jpeg,GBIF,Colombia,,ngutierrezmorales,,2025-11-07 16:38:12.927563
174333,Taeniophyllum,filiforme,https://medialib.naturalis.nl/file/id/L.1526641/format/large,GBIF,,,,,2025-11-08 20:48:17.981729
6836,Cymbidium,sinense,https://inaturalist-open-data.s3.amazonaws.com/photos/181645758/original.jpeg,GBIF,Chinese Taipei,,山羌,http://creativecommons.org/licenses/by-nc/4.0/,2025-10-20 01:39:16.038191
8431,Epidendrum,paniculatum,http://data.huh.harvard.edu/861c9f85-e36c-4e2e-9e4e-b0c67c504f2c/image,GBIF,Peru,,G. Klug,https://huh.harvard.edu/access-digital-reproductions-works-public-domain,2025-10-20 01:57:58.467496
296163,Epidendrum,horichii,https://inaturalist-open-data.s3.amazonaws.com/photos/545596316/original.jpg,GBIF,,,,,2025-11-10 02:52:27.594099
178909,Solenangis,clavata,https://inaturalist-open-data.s3.amazonaws.com/photos/562254791/original.jpg,GBIF,,,,,2025-11-08 21:56:29.650437
235173,Oeonia,rosea,https://inaturalist-open-data.s3.amazonaws.com/photos/582821804/original.jpg,GBIF,,,,,2025-11-09 11:12:00.700284
215447,Dendrobium,pachyglossum,https://medialib.naturalis.nl/file/id/L.1502944/format/large,GBIF,,,,,2025-11-09 06:45:16.758371
200857,Tolumnia,calochila,https://media-service.nrm.se/images?dataset=fbo&id=large/S11-031001/S11-31018.jpg,GBIF,,,,,2025-11-09 03:18:47.604477
298901,Thelymitra,antennifera Lindl.,https://inaturalist-open-data.s3.amazonaws.com/photos/555841747/original.jpg,GBIF,,,,,2025-11-10 03:31:14.169166
247076,Renanthera,histrionica,https://medialib.naturalis.nl/file/id/L.4316955/format/large,GBIF,,,,,2025-11-09 14:35:50.200309
230113,Polystachya,undulata,https://oxalis.br.fgov.be/images/BR0/000/006/621/575/BR0000006621575.jpg,GBIF,,,,,2025-11-09 10:54:50.650939
278029,Platystele,posadarum,https://inaturalist-open-data.s3.amazonaws.com/photos/321708915/original.jpeg,GBIF,,,,,2025-11-09 22:26:57.984016
11779,Bulbophyllum,brachystachyum,https://images.mobot.org/tropicosimages5/detailimages/TropicosImagesVol5/101532000/6FDE0BBD-E5B1-445A-9D43-FBCB50EC94B3.jpg,Tropicos - Missouri Botanical Garden,,,,,2025-10-21 18:00:27.516656
278317,Prasophyllum,anticum D.,https://images.ala.org.au/image/proxyImageThumbnailLarge?imageId=bae0fb20-9973-4fd0-acbf-375a98727d4b,GBIF,,,,,2025-11-09 22:27:08.592673
244402,Caladenia,radiata Nicholls,https://inaturalist-open-data.s3.amazonaws.com/photos/330466290/original.jpeg,GBIF,,,,,2025-11-09 13:59:21.245144
286734,Teagueia,teaguei,https://inaturalist-open-data.s3.amazonaws.com/photos/85268897/original.jpg,GBIF,,,,,2025-11-10 00:29:04.617500
228904,Caladenia,lowanensis G.,https://inaturalist-open-data.s3.amazonaws.com/photos/355162462/original.jpg,GBIF,,,,,2025-11-09 10:54:07.047783
217732,Gongora,rufescens,https://inaturalist-open-data.s3.amazonaws.com/photos/102404623/original.jpeg,GBIF,,,,,2025-11-09 07:17:47.588738
245394,Pterostylis,planulata,https://inaturalist-open-data.s3.amazonaws.com/photos/461608581/original.jpeg,GBIF,,,,,2025-11-09 14:12:34.161498
1063,Epistephium,Kunth,https://inaturalist-open-data.s3.amazonaws.com/photos/60679674/original.jpeg,GBIF,Brazil,,Carlos Otávio Gussoni,http://creativecommons.org/licenses/by-nc/4.0/,2025-10-19 08:48:31.350623
192360,Brassia,aurantiaca,https://inaturalist-open-data.s3.amazonaws.com/photos/143514032/original.jpeg,GBIF,,,,,2025-11-09 01:10:47.678131
175462,Epidendrum,cardiochilum,https://images.mobot.org/tropicosimages4/detailimages/TropicosImagesVol4/101078000/613B4CFA-51B1-4C13-8F71-9C8A98F93DD9.jpg,GBIF,,,,,2025-11-08 21:08:40.329162
182369,Grosourdya,emarginata,http://mediaphoto.mnhn.fr/media/1441304948063oYqjhFMgRXgWWCHX,GBIF,,,,,2025-11-08 22:47:05.388114
205204,Ophrys,passionis Sennen,https://inaturalist-open-data.s3.amazonaws.com/photos/476439946/original.jpeg,GBIF,,,,,2025-11-09 04:16:11.069682
188347,Cyrtochilum,tetracopis,https://inaturalist-open-data.s3.amazonaws.com/photos/542378324/original.jpg,GBIF,,,,,2025-11-09 00:16:00.491339
203096,Isochilus,major,https://inaturalist-open-data.s3.amazonaws.com/photos/51385580/original.jpg,GBIF,,,,,2025-11-09 03:50:55.062534
229714,Epidendrum,parviflorum,https://inaturalist-open-data.s3.amazonaws.com/photos/60609032/original.jpeg,GBIF,,,,,2025-11-09 10:54:27.639376
265044,Monophyllorchis,microstyloides,https://quod.lib.umich.edu/cgi/i/image/api/image/herb00ic:1651598:MICH-V-1651598/full/res:0/0/native.jpg,GBIF,,,,,2025-11-09 18:52:16.568500
179888,Masdevallia,dimorphotricha,https://inaturalist-open-data.s3.amazonaws.com/photos/346711848/original.jpg,GBIF,,,,,2025-11-08 22:09:58.774271
