genus,species,image_url,source,country,locality,latitude,longitude,observer,license,created_at
Calypso,bulbosa,https://inaturalist-open-data.s3.amazonaws.com/photos/552535516/original.jpg,iNaturalist,,,,,slarson8,cc-by-nc,2025-11-26 03:39:50.850601
Calypso,bulbosa,https://inaturalist-open-data.s3.amazonaws.com/photos/552536280/original.jpg,iNaturalist,"Washington, US","Washington, US",46.9035282,-122.5480776,slarson8,cc-by-nc,2025-11-26 03:39:50.781926
Calypso,bulbosa,https://inaturalist-open-data.s3.amazonaws.com/photos/552536253/original.jpg,iNaturalist,"Washington, US","Washington, US",46.9035282,-122.5480776,slarson8,cc-by-nc,2025-11-26 03:39:50.715525
Calypso,bulbosa,https://inaturalist-open-data.s3.amazonaws.com/photos/552798114/original.jpg,iNaturalist,"Grant County, OR, USA","Grant County, OR, USA",44.6004566,-118.6012501,bob_patton,cc-by-nc,2025-11-26 03:39:50.651906
Calypso,bulbosa,https://inaturalist-open-data.s3.amazonaws.com/photos/552798119/original.jpg,iNaturalist,"Grant County, OR, USA","Grant County, OR, USA",44.6004838,-118.6012716,bob_patton,cc-by-nc,2025-11-26 03:39:50.583779
Calypso,bulbosa,https://inaturalist-open-data.s3.amazonaws.com/photos/552982427/original.jpg,iNaturalist,"Improvement District No. 4, AB T0K, Canada","Improvement District No. 4, AB T0K, Canada",49.1499300,-114.0994953,asherwarkentin,cc-by-nc,2025-11-26 03:39:50.517814
Calypso,bulbosa,https://inaturalist-open-data.s3.amazonaws.com/photos/552982419/original.jpg,iNaturalist,"Improvement District No. 4, AB T0K, Canada","Improvement District No. 4, AB T0K, Canada",49.1499300,-114.0994953,asherwarkentin,cc-by-nc,2025-11-26 03:39:50.453487
Calypso,bulbosa,https://inaturalist-open-data.s3.amazonaws.com/photos/552982412/original.jpg,iNaturalist,"Improvement District No. 4, AB T0K, Canada","Improvement District No. 4, AB T0K, Canada",49.1499300,-114.0994953,asherwarkentin,cc-by-nc,2025-11-26 03:39:50.387986
Calypso,bulbosa,https://inaturalist-open-data.s3.amazonaws.com/photos/552979923/original.jpg,iNaturalist,"Improvement District No. 4, AB T0K, Canada","Improvement District No. 4, AB T0K, Canada",49.1499300,-114.0994953,asherwarkentin,cc-by-nc,2025-11-26 03:39:50.323534
Calypso,bulbosa,https://inaturalist-open-data.s3.amazonaws.com/photos/553002324/original.jpg,iNaturalist,"Chelan County, WA, USA","Chelan County, WA, USA",47.7831960,-120.7860568,tuoichen,cc-by-nc,2025-11-26 03:39:50.259109
Calypso,bulbosa,https://inaturalist-open-data.s3.amazonaws.com/photos/554095431/original.jpg,iNaturalist,"Kananaskis, AB, CA","Kananaskis, AB, CA",51.0344000,-115.0160000,tanisha_henry,cc-by-nc,2025-11-26 03:39:50.194959
Calypso,bulbosa,https://inaturalist-open-data.s3.amazonaws.com/photos/554184866/original.jpg,iNaturalist,"Sedel'nikovskiy rayon, RU-OM, RU","Sedel'nikovskiy rayon, RU-OM, RU",56.6580781,75.1537092,anatolymikhaltsov,cc-by-nc,2025-11-26 03:39:50.131868
Calypso,bulbosa,https://inaturalist-open-data.s3.amazonaws.com/photos/554184907/original.jpg,iNaturalist,"Sedel'nikovskiy rayon, RU-OM, RU","Sedel'nikovskiy rayon, RU-OM, RU",56.6795158,75.1141745,anatolymikhaltsov,cc-by-nc,2025-11-26 03:39:50.067550
Calypso,bulbosa,https://inaturalist-open-data.s3.amazonaws.com/photos/555598556/original.jpg,iNaturalist,"Kananaskis, AB, CA","Kananaskis, AB, CA",50.6658217,-114.5785217,tanisha_henry,cc-by-nc,2025-11-26 03:39:50.004088
Calypso,bulbosa,https://inaturalist-open-data.s3.amazonaws.com/photos/555725480/original.jpg,iNaturalist,,,,,luisvillamil,cc-by-nc,2025-11-26 03:39:49.936318
Calypso,bulbosa,https://inaturalist-open-data.s3.amazonaws.com/photos/556199721/original.jpg,iNaturalist,"Cypress County, AB, Canada","Cypress County, AB, Canada",49.6274890,-110.2989550,d_wood12,cc-by-nc,2025-11-26 03:39:49.872567
Calypso,bulbosa,https://inaturalist-open-data.s3.amazonaws.com/photos/556199701/original.jpg,iNaturalist,"Cypress County, AB, Canada","Cypress County, AB, Canada",49.6274890,-110.2989550,d_wood12,cc-by-nc,2025-11-26 03:39:49.805713
Calypso,bulbosa,https://inaturalist-open-data.s3.amazonaws.com/photos/556199619/original.jpg,iNaturalist,"Cypress County, AB, Canada","Cypress County, AB, Canada",49.6274890,-110.2989550,d_wood12,cc-by-nc,2025-11-26 03:39:49.732404
Calypso,bulbosa,https://inaturalist-open-data.s3.amazonaws.com/photos/556199623/original.jpg,iNaturalist,"Cypress County, AB, Canada","Cypress County, AB, Canada",49.6274890,-110.2989550,d_wood12,cc-by-nc,2025-11-26 03:39:49.655551
Calypso,bulbosa,https://inaturalist-open-data.s3.amazonaws.com/photos/556222985/original.jpg,iNaturalist,"Cypress County, AB, Canada","Cypress County, AB, Canada",49.6276820,-110.2990780,d_wood12,cc-by-nc,2025-11-26 03:39:49.582210
Calypso,bulbosa,https://inaturalist-open-data.s3.amazonaws.com/photos/556633893/original.jpg,iNaturalist,"Пинежский р-н, Архангельская обл., Россия","Пинежский р-н, Архангельская обл., Россия",64.5549678,43.2656058,voloboy,cc-by-nc,2025-11-26 03:39:49.487332
Calypso,bulbosa,https://inaturalist-open-data.s3.amazonaws.com/photos/556633679/original.jpg,iNaturalist,"Пинежский р-н, Архангельская обл., Россия","Пинежский р-н, Архангельская обл., Россия",64.5549678,43.2656058,voloboy,cc-by-nc,2025-11-26 03:39:49.409549
Calypso,bulbosa,https://inaturalist-open-data.s3.amazonaws.com/photos/557878037/original.jpg,iNaturalist,"Fairbanks North Star County, US-AK, US","Fairbanks North Star County, US-AK, US",64.9063039,-147.8571508,mica48885,cc-by-nc,2025-11-26 03:39:49.343170
Calypso,bulbosa,https://inaturalist-open-data.s3.amazonaws.com/photos/557689343/original.jpg,iNaturalist,"Park County, CO, USA","Park County, CO, USA",39.4826526,-105.6951201,geoskimom,cc-by-nc,2025-11-26 03:39:49.278129
Calypso,bulbosa,https://inaturalist-open-data.s3.amazonaws.com/photos/557689338/original.jpg,iNaturalist,"Park County, CO, USA","Park County, CO, USA",39.4826526,-105.6951201,geoskimom,cc-by-nc,2025-11-26 03:39:49.213039
Calypso,bulbosa,https://inaturalist-open-data.s3.amazonaws.com/photos/557689316/original.jpg,iNaturalist,"Park County, CO, USA","Park County, CO, USA",39.4826526,-105.6951201,geoskimom,cc-by-nc,2025-11-26 03:39:49.148702
Calypso,bulbosa,https://inaturalist-open-data.s3.amazonaws.com/photos/558227286/original.jpg,iNaturalist,"Parshall, CO, US","Parshall, CO, US",40.0292555,-106.0530305,busiak13,cc-by-nc,2025-11-26 03:39:49.084111
Calypso,bulbosa,https://inaturalist-open-data.s3.amazonaws.com/photos/559125469/original.jpg,iNaturalist,"Hellgate Canyon Trail, Missoula, MT, US","Hellgate Canyon Trail, Missoula, MT, US",46.8510633,-113.9569083,sarahedix,cc-by-nc,2025-11-26 03:39:49.019557
Calypso,bulbosa,https://inaturalist-open-data.s3.amazonaws.com/photos/559051962/original.jpg,iNaturalist,"Park County, CO, USA","Park County, CO, USA",39.5136645,-105.6775877,geoskimom,cc-by-nc,2025-11-26 03:39:48.953119
Calypso,bulbosa,https://inaturalist-open-data.s3.amazonaws.com/photos/559224816/original.jpg,iNaturalist,"Banff National Park, Improvement District No. 9 Banff, AB, CA","Banff National Park, Improvement District No. 9 Banff, AB, CA",51.2791930,-115.7159465,laurenr31,cc-by-nc,2025-11-26 03:39:48.887063
Calypso,bulbosa,https://inaturalist-open-data.s3.amazonaws.com/photos/559224801/original.jpg,iNaturalist,"Banff National Park, Improvement District No. 9 Banff, AB, CA","Banff National Park, Improvement District No. 9 Banff, AB, CA",51.2791930,-115.7159465,laurenr31,cc-by-nc,2025-11-26 03:39:48.820757
Calypso,bulbosa,https://inaturalist-open-data.s3.amazonaws.com/photos/560560575/original.jpg,iNaturalist,"Eagle County, US-CO, US","Eagle County, US-CO, US",39.6252245,-106.2162028,elimitchell,cc-by-nc,2025-11-26 03:39:48.751017
Calypso,bulbosa,https://inaturalist-open-data.s3.amazonaws.com/photos/560560559/original.jpg,iNaturalist,"Eagle County, US-CO, US","Eagle County, US-CO, US",39.6252245,-106.2162028,elimitchell,cc-by-nc,2025-11-26 03:39:48.664899
Calypso,bulbosa,https://static.inaturalist.org/photos/561985728/original.jpg,iNaturalist,,,,,samkurkowski,,2025-11-26 03:39:48.598016
Calypso,bulbosa,https://static.inaturalist.org/photos/561985725/original.jpg,iNaturalist,,,,,samkurkowski,,2025-11-26 03:39:48.532566
Calypso,bulbosa,https://static.inaturalist.org/photos/561985727/original.jpg,iNaturalist,,,,,samkurkowski,,2025-11-26 03:39:48.456428
Calypso,bulbosa,https://static.inaturalist.org/photos/561985763/original.jpg,iNaturalist,,,,,samkurkowski,,2025-11-26 03:39:48.391316
Calypso,bulbosa,https://static.inaturalist.org/photos/561985760/original.jpg,iNaturalist,,,,,samkurkowski,,2025-11-26 03:39:48.324595
Calypso,bulbosa,https://static.inaturalist.org/photos/561985762/original.jpg,iNaturalist,,,,,samkurkowski,,2025-11-26 03:39:48.245690
Calypso,bulbosa,https://static.inaturalist.org/photos/561985805/original.jpg,iNaturalist,,,,,samkurkowski,,2025-11-26 03:39:48.176914
Calypso,bulbosa,https://static.inaturalist.org/photos/561985802/original.jpg,iNaturalist,,,,,samkurkowski,,2025-11-26 03:39:48.113734
Calypso,bulbosa,https://inaturalist-open-data.s3.amazonaws.com/photos/562121654/original.jpg,iNaturalist,"Capital Regional District, BC, Canada","Capital Regional District, BC, Canada",48.4654111,-123.7279750,rose02mary,cc-by-nc,2025-11-26 03:39:47.982677
Calypso,bulbosa,https://inaturalist-open-data.s3.amazonaws.com/photos/562122573/original.jpg,iNaturalist,"Capital Regional District, BC, Canada","Capital Regional District, BC, Canada",48.4676333,-123.7234722,rose02mary,cc-by-nc,2025-11-26 03:39:47.910800
Calypso,bulbosa,https://inaturalist-open-data.s3.amazonaws.com/photos/562128758/original.jpg,iNaturalist,"Capital Regional District, BC, Canada","Capital Regional District, BC, Canada",48.4222861,-123.5253917,rose02mary,cc-by-nc,2025-11-26 03:39:47.842808
Calypso,bulbosa,https://inaturalist-open-data.s3.amazonaws.com/photos/562148853/original.jpg,iNaturalist,"Nanaimo, BC, CA","Nanaimo, BC, CA",49.1516820,-123.8004145,jewelwalker,cc-by-nc,2025-11-26 03:39:47.774037
Calypso,bulbosa,https://inaturalist-open-data.s3.amazonaws.com/photos/562283049/original.jpg,iNaturalist,"Capital Regional District, BC, Canada","Capital Regional District, BC, Canada",48.4324278,-123.5584111,rose02mary,cc-by-nc,2025-11-26 03:39:47.699985
Calypso,bulbosa,https://inaturalist-open-data.s3.amazonaws.com/photos/562282980/original.jpg,iNaturalist,"Capital Regional District, BC, Canada","Capital Regional District, BC, Canada",48.4324278,-123.5584111,rose02mary,cc-by-nc,2025-11-26 03:39:47.558685
Calypso,bulbosa,https://inaturalist-open-data.s3.amazonaws.com/photos/562285186/original.jpg,iNaturalist,"Capital Regional District, BC, Canada","Capital Regional District, BC, Canada",48.4376194,-123.5565556,rose02mary,cc-by-nc,2025-11-26 03:39:47.445081
Calypso,bulbosa,https://inaturalist-open-data.s3.amazonaws.com/photos/562293877/original.jpg,iNaturalist,"Capital Regional District, BC, Canada","Capital Regional District, BC, Canada",48.4317694,-123.6305000,rose02mary,cc-by-nc,2025-11-26 03:39:47.376449
Calypso,bulbosa,https://inaturalist-open-data.s3.amazonaws.com/photos/562293992/original.jpg,iNaturalist,"Capital Regional District, BC, Canada","Capital Regional District, BC, Canada",48.4317500,-123.6305472,rose02mary,cc-by-nc,2025-11-26 03:39:47.304367
Calypso,bulbosa,https://inaturalist-open-data.s3.amazonaws.com/photos/562295049/original.jpg,iNaturalist,"Capital Regional District, BC, Canada","Capital Regional District, BC, Canada",48.4264194,-123.6327667,rose02mary,cc-by-nc,2025-11-26 03:39:47.234008
Calypso,bulbosa,https://inaturalist-open-data.s3.amazonaws.com/photos/562396396/original.jpg,iNaturalist,"Kananaskis, AB T0L, Canada","Kananaskis, AB T0L, Canada",51.0467484,-114.8684926,norbertkondla,cc-by-nc,2025-11-26 03:39:47.151110
Calypso,bulbosa,https://inaturalist-open-data.s3.amazonaws.com/photos/562397042/original.jpg,iNaturalist,"Kananaskis, AB T0L, Canada","Kananaskis, AB T0L, Canada",51.0469861,-114.8683851,norbertkondla,cc-by-nc,2025-11-26 03:39:47.087158
Calypso,bulbosa,https://inaturalist-open-data.s3.amazonaws.com/photos/562397458/original.jpg,iNaturalist,"Kananaskis, AB T0L, Canada","Kananaskis, AB T0L, Canada",51.0470105,-114.8682604,norbertkondla,cc-by-nc,2025-11-26 03:39:47.023734
Calypso,bulbosa,https://inaturalist-open-data.s3.amazonaws.com/photos/562397896/original.jpg,iNaturalist,"Kananaskis, AB T0L, Canada","Kananaskis, AB T0L, Canada",51.0469206,-114.8682625,norbertkondla,cc-by-nc,2025-11-26 03:39:46.959667
Calypso,bulbosa,https://inaturalist-open-data.s3.amazonaws.com/photos/562398341/original.jpg,iNaturalist,"Kananaskis, AB T0L, Canada","Kananaskis, AB T0L, Canada",51.0469002,-114.8683386,norbertkondla,cc-by-nc,2025-11-26 03:39:46.892735
Calypso,bulbosa,https://inaturalist-open-data.s3.amazonaws.com/photos/562399002/original.jpg,iNaturalist,"Kananaskis, AB T0L, Canada","Kananaskis, AB T0L, Canada",51.0467030,-114.8685743,norbertkondla,cc-by-nc,2025-11-26 03:39:46.826572
Calypso,bulbosa,https://inaturalist-open-data.s3.amazonaws.com/photos/562400128/original.jpg,iNaturalist,"Kananaskis, AB T0L, Canada","Kananaskis, AB T0L, Canada",51.0467195,-114.8686595,norbertkondla,cc-by-nc,2025-11-26 03:39:46.761913
Calypso,bulbosa,https://inaturalist-open-data.s3.amazonaws.com/photos/562471824/original.jpg,iNaturalist,"Capital Regional District, BC, Canada","Capital Regional District, BC, Canada",48.4506333,-123.7146222,rose02mary,cc-by-nc,2025-11-26 03:39:46.698024
Calypso,bulbosa,https://inaturalist-open-data.s3.amazonaws.com/photos/562471743/original.jpg,iNaturalist,"Capital Regional District, BC, Canada","Capital Regional District, BC, Canada",48.4506333,-123.7146222,rose02mary,cc-by-nc,2025-11-26 03:39:46.633302
Calypso,bulbosa,https://inaturalist-open-data.s3.amazonaws.com/photos/562474699/original.jpg,iNaturalist,"Capital Regional District, BC, Canada","Capital Regional District, BC, Canada",48.4151222,-123.6295611,rose02mary,cc-by-nc,2025-11-26 03:39:46.567598
Calypso,bulbosa,https://inaturalist-open-data.s3.amazonaws.com/photos/562475513/original.jpg,iNaturalist,"Capital Regional District, BC, Canada","Capital Regional District, BC, Canada",48.4195889,-123.6257250,rose02mary,cc-by-nc,2025-11-26 03:39:46.503726
Calypso,bulbosa,https://inaturalist-open-data.s3.amazonaws.com/photos/562477903/original.jpg,iNaturalist,"Capital Regional District, BC, Canada","Capital Regional District, BC, Canada",48.4183361,-123.6062861,rose02mary,cc-by-nc,2025-11-26 03:39:46.438984
Calypso,bulbosa,https://inaturalist-open-data.s3.amazonaws.com/photos/562478336/original.jpg,iNaturalist,"Capital Regional District, BC, Canada","Capital Regional District, BC, Canada",48.4186250,-123.6176750,rose02mary,cc-by-nc,2025-11-26 03:39:46.338620
Calypso,bulbosa,https://inaturalist-open-data.s3.amazonaws.com/photos/563049673/original.jpg,iNaturalist,"Spillimacheen, BC V0A 1P0, Canada","Spillimacheen, BC V0A 1P0, Canada",51.1311411,-116.1307219,student_of_life,cc-by-nc,2025-11-26 03:39:46.246739
Calypso,bulbosa,https://inaturalist-open-data.s3.amazonaws.com/photos/563049656/original.jpg,iNaturalist,"Spillimacheen, BC V0A 1P0, Canada","Spillimacheen, BC V0A 1P0, Canada",51.1311411,-116.1307219,student_of_life,cc-by-nc,2025-11-26 03:39:46.180718
Calypso,bulbosa,https://inaturalist-open-data.s3.amazonaws.com/photos/563049639/original.jpg,iNaturalist,"Spillimacheen, BC V0A 1P0, Canada","Spillimacheen, BC V0A 1P0, Canada",51.1311411,-116.1307219,student_of_life,cc-by-nc,2025-11-26 03:39:46.107788
Calypso,bulbosa,https://inaturalist-open-data.s3.amazonaws.com/photos/563236327/original.jpg,iNaturalist,"Central Coast, BC, Canada","Central Coast, BC, Canada",52.7104194,-126.9145889,paytonhara,cc-by-nc,2025-11-26 03:39:45.968080
Calypso,bulbosa,https://inaturalist-open-data.s3.amazonaws.com/photos/563548752/original.jpg,iNaturalist,"Montana, US","Montana, US",45.7097315,-110.8335644,blazeclaw,cc-by,2025-11-26 03:39:45.901233
Calypso,bulbosa,https://inaturalist-open-data.s3.amazonaws.com/photos/563548682/original.jpg,iNaturalist,"Montana, US","Montana, US",45.7097315,-110.8335644,blazeclaw,cc-by,2025-11-26 03:39:45.831342
Calypso,bulbosa,https://inaturalist-open-data.s3.amazonaws.com/photos/563548717/original.jpg,iNaturalist,"Montana, US","Montana, US",45.7097315,-110.8335644,blazeclaw,cc-by,2025-11-26 03:39:45.766812
Calypso,bulbosa,https://inaturalist-open-data.s3.amazonaws.com/photos/563937191/original.jpg,iNaturalist,"Kananaskis, AB T0L, Canada","Kananaskis, AB T0L, Canada",51.0469316,-114.8681411,norbertkondla,cc-by-nc,2025-11-26 03:39:45.684814
Calypso,bulbosa,https://inaturalist-open-data.s3.amazonaws.com/photos/563938079/original.jpg,iNaturalist,"Kananaskis, AB T0L, Canada","Kananaskis, AB T0L, Canada",51.0468974,-114.8684985,norbertkondla,cc-by-nc,2025-11-26 03:39:45.614645
Calypso,bulbosa,https://inaturalist-open-data.s3.amazonaws.com/photos/564620612/original.jpg,iNaturalist,"Central Kootenay, BC, CA","Central Kootenay, BC, CA",49.9672250,-117.3564133,mollynharris,cc-by-nc,2025-11-26 03:39:45.550647
Calypso,bulbosa,https://inaturalist-open-data.s3.amazonaws.com/photos/564620068/original.jpg,iNaturalist,"Central Kootenay, BC, CA","Central Kootenay, BC, CA",49.9672250,-117.3564133,mollynharris,cc-by-nc,2025-11-26 03:39:45.474810
Calypso,bulbosa,https://inaturalist-open-data.s3.amazonaws.com/photos/564901198/original.jpg,iNaturalist,"Glacier View, AK 99674, USA","Glacier View, AK 99674, USA",61.8102723,-147.9651312,allaboutplants,cc-by-nc,2025-11-26 03:39:45.410759
Calypso,bulbosa,https://inaturalist-open-data.s3.amazonaws.com/photos/564901122/original.jpg,iNaturalist,"Glacier View, AK 99674, USA","Glacier View, AK 99674, USA",61.8102723,-147.9651312,allaboutplants,cc-by-nc,2025-11-26 03:39:45.334210
Calypso,bulbosa,https://inaturalist-open-data.s3.amazonaws.com/photos/565044755/original.jpg,iNaturalist,"Anchorage County, US-AK, US","Anchorage County, US-AK, US",61.3644002,-149.2354060,allaboutplants,cc-by-nc,2025-11-26 03:39:45.246493
Calypso,bulbosa,https://inaturalist-open-data.s3.amazonaws.com/photos/565207272/original.jpg,iNaturalist,"Weed, CA, USA","Weed, CA, USA",41.4226498,-122.3861269,vbaake,cc-by-nc,2025-11-26 03:39:45.182642
Calypso,bulbosa,https://static.inaturalist.org/photos/566351352/original.jpg,iNaturalist,"Whatcom County, WA, USA","Whatcom County, WA, USA",48.7200646,-121.1263776,wingtrip,,2025-11-26 03:39:45.118235
Calypso,bulbosa,https://inaturalist-open-data.s3.amazonaws.com/photos/566655156/original.jpg,iNaturalist,"Central Kootenay, BC, Canada","Central Kootenay, BC, Canada",49.1910060,-117.6157760,abbyhyde,cc-by,2025-11-26 03:39:45.053535
Calypso,bulbosa,https://inaturalist-open-data.s3.amazonaws.com/photos/567087824/original.jpg,iNaturalist,"Kananaskis, AB T0L, Canada","Kananaskis, AB T0L, Canada",50.8051945,-114.5914161,norbertkondla,cc-by-nc,2025-11-26 03:39:44.990102
Calypso,bulbosa,https://static.inaturalist.org/photos/567996057/original.jpg,iNaturalist,"Port Angeles, WA 98363, USA","Port Angeles, WA 98363, USA",48.0553658,-123.7407527,herpsaurus,,2025-11-26 03:39:44.926700
Calypso,bulbosa,https://inaturalist-open-data.s3.amazonaws.com/photos/568408058/original.jpg,iNaturalist,"Bulkley-Nechako, BC, Canada","Bulkley-Nechako, BC, Canada",53.8936205,-126.3879490,theoverlook,cc-by-nc,2025-11-26 03:39:44.862857
Calypso,bulbosa,https://inaturalist-open-data.s3.amazonaws.com/photos/570069953/original.jpg,iNaturalist,"Cypress County, AB, Canada","Cypress County, AB, Canada",49.6275250,-110.2992370,d_wood12,cc-by-nc,2025-11-26 03:39:44.788765
Calypso,bulbosa,https://inaturalist-open-data.s3.amazonaws.com/photos/570069951/original.jpg,iNaturalist,"Cypress County, AB, Canada","Cypress County, AB, Canada",49.6275250,-110.2992370,d_wood12,cc-by-nc,2025-11-26 03:39:44.641605
Calypso,bulbosa,https://inaturalist-open-data.s3.amazonaws.com/photos/570069971/original.jpg,iNaturalist,"Cypress County, AB, Canada","Cypress County, AB, Canada",49.6275250,-110.2992370,d_wood12,cc-by-nc,2025-11-26 03:39:44.574686
Calypso,bulbosa,https://inaturalist-open-data.s3.amazonaws.com/photos/570069949/original.jpg,iNaturalist,"Cypress County, AB, Canada","Cypress County, AB, Canada",49.6275250,-110.2992370,d_wood12,cc-by-nc,2025-11-26 03:39:44.500166
Calypso,bulbosa,https://static.inaturalist.org/photos/570106037/original.jpg,iNaturalist,"Yellowhead County, AB T0E, Canada","Yellowhead County, AB T0E, Canada",53.0737363,-117.2749290,lysandra,,2025-11-26 03:39:44.408547
Calypso,bulbosa,https://static.inaturalist.org/photos/570106117/original.jpg,iNaturalist,"Yellowhead County, AB T0E, Canada","Yellowhead County, AB T0E, Canada",53.0737389,-117.2753336,lysandra,,2025-11-26 03:39:44.340437
Calypso,bulbosa,https://inaturalist-open-data.s3.amazonaws.com/photos/570559043/original.jpg,iNaturalist,"Whistler, BC, CA","Whistler, BC, CA",50.1284915,-122.9404623,mbeaven,cc-by-nc,2025-11-26 03:39:44.276510
Calypso,bulbosa,https://inaturalist-open-data.s3.amazonaws.com/photos/475422861/original.jpg,GBIF,United States of America,,39.3486880,-123.5417870,samstrich,http://creativecommons.org/licenses/by-nc/4.0/,2025-11-26 03:38:59.613832
Calypso,bulbosa,https://inaturalist-open-data.s3.amazonaws.com/photos/570559050/original.jpg,iNaturalist,"Whistler, BC, CA","Whistler, BC, CA",50.1284915,-122.9404623,mbeaven,cc-by-nc,2025-11-26 03:39:44.157637
Calypso,bulbosa,https://inaturalist-open-data.s3.amazonaws.com/photos/571305732/original.jpg,iNaturalist,"Kiwanis Camp Rd, Government Camp, OR, US","Kiwanis Camp Rd, Government Camp, OR, US",45.3103367,-121.8206117,emjay_pdx,cc-by-nc,2025-11-26 03:39:44.060787
Calypso,bulbosa,https://static.inaturalist.org/photos/572249779/original.jpg,iNaturalist,"Denali County, US-AK, US","Denali County, US-AK, US",63.5452738,-150.8488688,ryan_arash,,2025-11-26 03:39:43.996393
Calypso,bulbosa,https://static.inaturalist.org/photos/572249774/original.jpg,iNaturalist,"Denali County, US-AK, US","Denali County, US-AK, US",63.5452738,-150.8488688,ryan_arash,,2025-11-26 03:39:43.909485
Calypso,bulbosa,https://inaturalist-open-data.s3.amazonaws.com/photos/572370552/original.jpg,iNaturalist,"Cariboo, BC, Canada","Cariboo, BC, Canada",52.0853417,-121.8460389,reginasadie,cc-by-nc,2025-11-26 03:39:43.809600
Calypso,bulbosa,https://inaturalist-open-data.s3.amazonaws.com/photos/572370553/original.jpg,iNaturalist,"Cariboo, BC, Canada","Cariboo, BC, Canada",52.0853417,-121.8460389,reginasadie,cc-by-nc,2025-11-26 03:39:43.717665
Calypso,bulbosa,https://inaturalist-open-data.s3.amazonaws.com/photos/572462277/original.jpg,iNaturalist,"Central Coast, BC, Canada","Central Coast, BC, Canada",51.6448463,-127.9609799,jbindernagel,cc-by-nc,2025-11-26 03:39:43.653025
Calypso,bulbosa,https://inaturalist-open-data.s3.amazonaws.com/photos/573848254/original.jpg,iNaturalist,"Kananaskis, AB T0L, Canada","Kananaskis, AB T0L, Canada",50.3370658,-114.6236535,norbertkondla,cc-by-nc,2025-11-26 03:39:43.439786
Calypso,bulbosa,https://inaturalist-open-data.s3.amazonaws.com/photos/574907199/original.jpg,iNaturalist,"Capital Regional District, BC, Canada","Capital Regional District, BC, Canada",48.5144680,-123.4967080,enspring,cc0,2025-11-26 03:39:43.350727
Calypso,bulbosa,https://inaturalist-open-data.s3.amazonaws.com/photos/575451749/original.jpg,iNaturalist,"Fraser Valley, BC, CA","Fraser Valley, BC, CA",49.1267554,-121.4533282,harperchrisd,cc-by-nc,2025-11-26 03:39:43.277844
Calypso,bulbosa,https://inaturalist-open-data.s3.amazonaws.com/photos/575451750/original.jpg,iNaturalist,"Fraser Valley, BC, CA","Fraser Valley, BC, CA",49.1267554,-121.4533282,harperchrisd,cc-by-nc,2025-11-26 03:39:43.178098
Calypso,bulbosa,https://static.inaturalist.org/photos/575925641/original.jpg,iNaturalist,"Lane County, OR, USA","Lane County, OR, USA",43.9873374,-123.0925295,wingtrip,,2025-11-26 03:39:43.111496
Calypso,bulbosa,https://static.inaturalist.org/photos/575925654/original.jpg,iNaturalist,"Lane County, OR, USA","Lane County, OR, USA",43.9873374,-123.0925295,wingtrip,,2025-11-26 03:39:43.044363
Calypso,bulbosa,https://inaturalist-open-data.s3.amazonaws.com/photos/576218958/original.jpg,iNaturalist,"Kananaskis, AB, CA","Kananaskis, AB, CA",50.9008875,-115.1435017,leanne77325,cc-by-nc,2025-11-26 03:39:42.977015
Calypso,bulbosa,https://static.inaturalist.org/photos/576260342/original.jpg,iNaturalist,Lyons,Lyons,44.8448486,-122.2071228,indigorchid,,2025-11-26 03:39:42.909462
Calypso,bulbosa,https://inaturalist-open-data.s3.amazonaws.com/photos/577777799/original.jpg,iNaturalist,"Sandoval County, NM, USA","Sandoval County, NM, USA",35.8261899,-106.4907396,turtlocity,cc-by-nc,2025-11-26 03:39:42.841189
Calypso,bulbosa,https://inaturalist-open-data.s3.amazonaws.com/photos/579938669/original.jpg,iNaturalist,"White River National Forest, Vail, CO, US","White River National Forest, Vail, CO, US",39.6297837,-106.3796464,stephlovesplants,cc-by-nc,2025-11-26 03:39:42.777341
Calypso,bulbosa,https://inaturalist-open-data.s3.amazonaws.com/photos/578194995/original.jpg,iNaturalist,"White River National Forest, Vail, CO, US","White River National Forest, Vail, CO, US",39.6297837,-106.3796464,stephlovesplants,cc-by-nc,2025-11-26 03:39:42.713509
Calypso,bulbosa,https://inaturalist-open-data.s3.amazonaws.com/photos/578477164/original.jpg,iNaturalist,"Yeta Terr, Colwood, BC, CA","Yeta Terr, Colwood, BC, CA",48.4380262,-123.4877460,naturelover7782,cc-by-nc,2025-11-26 03:39:42.649689
Calypso,bulbosa,https://inaturalist-open-data.s3.amazonaws.com/photos/578652531/original.jpg,iNaturalist,"Custer-Gallatin National Forest, Gardiner, MT, US","Custer-Gallatin National Forest, Gardiner, MT, US",45.0976612,-110.6348950,hmanderson,cc-by-nc,2025-11-26 03:39:42.584293
Calypso,bulbosa,https://inaturalist-open-data.s3.amazonaws.com/photos/578652493/original.jpg,iNaturalist,"Custer-Gallatin National Forest, Gardiner, MT, US","Custer-Gallatin National Forest, Gardiner, MT, US",45.0976612,-110.6348950,hmanderson,cc-by-nc,2025-11-26 03:39:42.517865
Calypso,bulbosa,https://inaturalist-open-data.s3.amazonaws.com/photos/578652461/original.jpg,iNaturalist,"Custer-Gallatin National Forest, Gardiner, MT, US","Custer-Gallatin National Forest, Gardiner, MT, US",45.0976612,-110.6348950,hmanderson,cc-by-nc,2025-11-26 03:39:42.453849
Calypso,bulbosa,https://inaturalist-open-data.s3.amazonaws.com/photos/579061629/original.jpg,iNaturalist,"Capital Regional District, BC, Canada","Capital Regional District, BC, Canada",48.5235020,-123.5211560,juliakcarr,cc0,2025-11-26 03:39:42.390262
Calypso,bulbosa,https://inaturalist-open-data.s3.amazonaws.com/photos/579061884/original.jpg,iNaturalist,"Capital Regional District, BC, Canada","Capital Regional District, BC, Canada",48.5235520,-123.5215530,juliakcarr,cc0,2025-11-26 03:39:42.322711
Calypso,bulbosa,https://inaturalist-open-data.s3.amazonaws.com/photos/579062785/original.jpg,iNaturalist,"Capital Regional District, BC, Canada","Capital Regional District, BC, Canada",48.5243030,-123.5218660,juliakcarr,cc0,2025-11-26 03:39:42.259121
Calypso,bulbosa,https://inaturalist-open-data.s3.amazonaws.com/photos/579840370/original.jpg,iNaturalist,"Mount Rainier National Park, Packwood, WA, US","Mount Rainier National Park, Packwood, WA, US",46.7367542,-121.5677906,evchapin,cc-by-nc,2025-11-26 03:39:42.194370
Calypso,bulbosa,https://inaturalist-open-data.s3.amazonaws.com/photos/579941849/original.jpg,iNaturalist,"Mount Rainier National Park, Packwood, WA, US","Mount Rainier National Park, Packwood, WA, US",46.7367542,-121.5677906,evchapin,cc-by-nc,2025-11-26 03:39:42.123522
Calypso,bulbosa,https://inaturalist-open-data.s3.amazonaws.com/photos/579911450/original.jpg,iNaturalist,"Okanagan Mountain Provincial Park, BC, Canada","Okanagan Mountain Provincial Park, BC, Canada",49.6812170,-119.5838620,cassidybest,cc-by-nc,2025-11-26 03:39:42.052286
Calypso,bulbosa,https://inaturalist-open-data.s3.amazonaws.com/photos/579911348/original.jpg,iNaturalist,"Okanagan Mountain Provincial Park, BC, Canada","Okanagan Mountain Provincial Park, BC, Canada",49.6812170,-119.5838620,cassidybest,cc-by-nc,2025-11-26 03:39:41.963830
Calypso,bulbosa,https://inaturalist-open-data.s3.amazonaws.com/photos/579911301/original.jpg,iNaturalist,"Okanagan Mountain Provincial Park, BC, Canada","Okanagan Mountain Provincial Park, BC, Canada",49.6812170,-119.5838620,cassidybest,cc-by-nc,2025-11-26 03:39:41.896770
Calypso,bulbosa,https://inaturalist-open-data.s3.amazonaws.com/photos/579911819/original.jpg,iNaturalist,"Okanagan Mountain Provincial Park, BC, Canada","Okanagan Mountain Provincial Park, BC, Canada",49.6812170,-119.5838620,cassidybest,cc-by-nc,2025-11-26 03:39:41.833447
Calypso,bulbosa,https://inaturalist-open-data.s3.amazonaws.com/photos/579911722/original.jpg,iNaturalist,"Okanagan Mountain Provincial Park, BC, Canada","Okanagan Mountain Provincial Park, BC, Canada",49.6812170,-119.5838620,cassidybest,cc-by-nc,2025-11-26 03:39:41.767885
Calypso,bulbosa,https://static.inaturalist.org/photos/580396459/original.jpg,iNaturalist,"Côte-Nord, QC, Canada","Côte-Nord, QC, Canada",50.2140418,-63.8134003,julie-soleil,,2025-11-26 03:39:41.700016
Calypso,bulbosa,https://static.inaturalist.org/photos/580396458/original.jpg,iNaturalist,"Côte-Nord, QC, Canada","Côte-Nord, QC, Canada",50.2140418,-63.8134003,julie-soleil,,2025-11-26 03:39:41.635248
Calypso,bulbosa,https://static.inaturalist.org/photos/580396457/original.jpg,iNaturalist,"Côte-Nord, QC, Canada","Côte-Nord, QC, Canada",50.2140418,-63.8134003,julie-soleil,,2025-11-26 03:39:41.570497
Calypso,bulbosa,https://static.inaturalist.org/photos/580396297/original.jpg,iNaturalist,"Côte-Nord, QC, Canada","Côte-Nord, QC, Canada",50.2140418,-63.8134003,julie-soleil,,2025-11-26 03:39:41.506310
Calypso,bulbosa,https://static.inaturalist.org/photos/580395849/original.jpg,iNaturalist,"Côte-Nord, QC, Canada","Côte-Nord, QC, Canada",50.2140418,-63.8134003,julie-soleil,,2025-11-26 03:39:41.440153
Calypso,bulbosa,https://inaturalist-open-data.s3.amazonaws.com/photos/580621949/original.jpg,iNaturalist,"Manchester, CA, US","Manchester, CA, US",39.0140389,-123.6465300,hazelegoode,cc-by-nc,2025-11-26 03:39:41.357821
Calypso,bulbosa,https://static.inaturalist.org/photos/580730376/original.jpg,iNaturalist,"Mason County, WA, USA","Mason County, WA, USA",47.5630490,-123.3413450,jd_and_em,,2025-11-26 03:39:41.281163
Calypso,bulbosa,https://static.inaturalist.org/photos/580730354/original.jpg,iNaturalist,"Mason County, WA, USA","Mason County, WA, USA",47.5630490,-123.3413450,jd_and_em,,2025-11-26 03:39:41.215280
Calypso,bulbosa,https://inaturalist-open-data.s3.amazonaws.com/photos/581028942/original.jpg,iNaturalist,"Ferry County, WA, USA","Ferry County, WA, USA",48.6290333,-118.1726389,ursussierramus,cc-by-nc,2025-11-26 03:39:41.150422
Calypso,bulbosa,https://inaturalist-open-data.s3.amazonaws.com/photos/582349761/original.jpg,iNaturalist,"Yellow Point Bog Ecological Reserve, Vancouver Island, BC, Canada","Yellow Point Bog Ecological Reserve, Vancouver Island, BC, Canada",49.0495070,-123.7866670,johndreynolds,cc-by-nc,2025-11-26 03:39:41.084915
Calypso,bulbosa,https://inaturalist-open-data.s3.amazonaws.com/photos/582444220/original.jpg,iNaturalist,"Eatonville, WA 98328, USA","Eatonville, WA 98328, USA",46.8962410,-122.2629897,frogfolk,cc-by-nc,2025-11-26 03:39:41.018577
Calypso,bulbosa,https://inaturalist-open-data.s3.amazonaws.com/photos/582444203/original.jpg,iNaturalist,"Eatonville, WA 98328, USA","Eatonville, WA 98328, USA",46.8962410,-122.2629897,frogfolk,cc-by-nc,2025-11-26 03:39:40.944454
Calypso,bulbosa,https://inaturalist-open-data.s3.amazonaws.com/photos/582600640/original.jpg,iNaturalist,"Jasper, AB T0E, Canada","Jasper, AB T0E, Canada",52.8099111,-118.0210889,oldgrowthearth,cc-by-nc,2025-11-26 03:39:40.776100
Calypso,bulbosa,https://inaturalist-open-data.s3.amazonaws.com/photos/582600685/original.jpg,iNaturalist,"Jasper, AB T0E, Canada","Jasper, AB T0E, Canada",52.8099111,-118.0210889,oldgrowthearth,cc-by-nc,2025-11-26 03:39:40.698830
Calypso,bulbosa,https://inaturalist-open-data.s3.amazonaws.com/photos/582713163/original.jpg,iNaturalist,"Creek Ct, Fairplay, CO, US","Creek Ct, Fairplay, CO, US",39.2353533,-106.1068112,emasueh,cc-by-nc,2025-11-26 03:39:40.592282
Calypso,bulbosa,https://inaturalist-open-data.s3.amazonaws.com/photos/583443524/original.jpg,iNaturalist,"Nanaimo, BC, CA","Nanaimo, BC, CA",49.1057445,-123.9526883,earlgeddes,cc-by-nc,2025-11-26 03:39:40.527478
Calypso,bulbosa,https://inaturalist-open-data.s3.amazonaws.com/photos/583601721/original.jpg,iNaturalist,"Lapland, Lapland, FI","Lapland, Lapland, FI",66.4201981,29.0462306,lwestgeest1955,cc-by-nc,2025-11-26 03:39:40.464013
Calypso,bulbosa,https://static.inaturalist.org/photos/583699892/original.jpg,iNaturalist,"Cariboo, BC, Canada","Cariboo, BC, Canada",52.4943500,-122.3266222,zoestarnino,,2025-11-26 03:39:40.397967
Calypso,bulbosa,https://static.inaturalist.org/photos/583699893/original.jpg,iNaturalist,"Cariboo, BC, Canada","Cariboo, BC, Canada",52.4943500,-122.3266222,zoestarnino,,2025-11-26 03:39:40.332635
Calypso,bulbosa,https://inaturalist-open-data.s3.amazonaws.com/photos/583760985/original.jpg,iNaturalist,"Anchorage County, US-AK, US","Anchorage County, US-AK, US",61.3312995,-149.4738283,janlili-69,cc-by-nc,2025-11-26 03:39:40.265208
Calypso,bulbosa,https://inaturalist-open-data.s3.amazonaws.com/photos/583764689/original.jpg,iNaturalist,"South Fork Little Joe Road, Saint Regis, MT, US","South Fork Little Joe Road, Saint Regis, MT, US",47.2341533,-115.1974333,alex_barone,cc-by-nc,2025-11-26 03:39:40.201210
Calypso,bulbosa,https://static.inaturalist.org/photos/584108670/original.jpg,iNaturalist,"Bow Valley Pky, Improvement District No. 9 Banff, AB, CA","Bow Valley Pky, Improvement District No. 9 Banff, AB, CA",51.4186796,-116.1525776,damek_rivera,,2025-11-26 03:39:40.137034
Calypso,bulbosa,https://inaturalist-open-data.s3.amazonaws.com/photos/585073486/original.jpg,iNaturalist,"North Pender Island, Southern Gulf Islands, BC, CA","North Pender Island, Southern Gulf Islands, BC, CA",48.8116333,-123.2845917,lbaile,cc-by-nc,2025-11-26 03:39:40.070039
Calypso,bulbosa,https://inaturalist-open-data.s3.amazonaws.com/photos/585347555/original.jpg,iNaturalist,"Sichuan, Chine","Sichuan, Chine",30.6508899,104.0757200,gerard1947,cc-by-nc,2025-11-26 03:39:40.003348
Calypso,bulbosa,https://static.inaturalist.org/photos/585412000/original.jpg,iNaturalist,"Thompson-Nicola, BC, Canada","Thompson-Nicola, BC, Canada",50.8318135,-120.0292943,pan_n,,2025-11-26 03:39:39.938124
Calypso,bulbosa,https://inaturalist-open-data.s3.amazonaws.com/photos/585836650/original.jpg,iNaturalist,"Capital Regional District, BC, Canada","Capital Regional District, BC, Canada",48.4844968,-123.5555493,nicolechatel,cc-by-nc,2025-11-26 03:39:39.873871
Calypso,bulbosa,https://inaturalist-open-data.s3.amazonaws.com/photos/585881718/original.jpg,iNaturalist,"Central Kootenay, BC, CA","Central Kootenay, BC, CA",49.2782047,-117.2075842,nikolai12883,cc-by-nc,2025-11-26 03:39:39.809070
Calypso,bulbosa,https://static.inaturalist.org/photos/585901283/original.jpg,iNaturalist,"Humboldt County, US-CA, US","Humboldt County, US-CA, US",40.2485132,-123.9541491,toadphotography_,,2025-11-26 03:39:39.744982
Calypso,bulbosa,https://inaturalist-open-data.s3.amazonaws.com/photos/586187756/original.jpg,iNaturalist,"State Forest State Park, Walden, CO, US","State Forest State Park, Walden, CO, US",40.5022502,-105.9673556,maddmerized,cc-by-nc,2025-11-26 03:39:39.679468
Calypso,bulbosa,https://inaturalist-open-data.s3.amazonaws.com/photos/586551182/original.jpg,iNaturalist,"Октябрьский р-н, Красноярск, Красноярский край, Россия","Октябрьский р-н, Красноярск, Красноярский край, Россия",55.9962139,92.6797180,taiga_dweller,cc-by-nc,2025-11-26 03:39:39.615252
Calypso,bulbosa,https://inaturalist-open-data.s3.amazonaws.com/photos/586551177/original.jpg,iNaturalist,"Октябрьский р-н, Красноярск, Красноярский край, Россия","Октябрьский р-н, Красноярск, Красноярский край, Россия",55.9962139,92.6797180,taiga_dweller,cc-by-nc,2025-11-26 03:39:39.546337
Calypso,bulbosa,https://inaturalist-open-data.s3.amazonaws.com/photos/586766363/original.jpg,iNaturalist,"Montana, US","Montana, US",45.5930967,-110.8219592,blazeclaw,cc-by,2025-11-26 03:39:39.451309
Calypso,bulbosa,https://inaturalist-open-data.s3.amazonaws.com/photos/586766343/original.jpg,iNaturalist,"Montana, US","Montana, US",45.5930967,-110.8219592,blazeclaw,cc-by,2025-11-26 03:39:39.385973
Calypso,bulbosa,https://inaturalist-open-data.s3.amazonaws.com/photos/586766321/original.jpg,iNaturalist,"Montana, US","Montana, US",45.5930967,-110.8219592,blazeclaw,cc-by,2025-11-26 03:39:39.304198
Calypso,bulbosa,https://inaturalist-open-data.s3.amazonaws.com/photos/586766298/original.jpg,iNaturalist,"Montana, US","Montana, US",45.5930967,-110.8219592,blazeclaw,cc-by,2025-11-26 03:39:39.230478
Calypso,bulbosa,https://inaturalist-open-data.s3.amazonaws.com/photos/586766541/original.jpg,iNaturalist,"Montana, US","Montana, US",45.4638384,-110.9722481,blazeclaw,cc-by,2025-11-26 03:39:39.161002
Calypso,bulbosa,https://inaturalist-open-data.s3.amazonaws.com/photos/586766518/original.jpg,iNaturalist,"Montana, US","Montana, US",45.4638384,-110.9722481,blazeclaw,cc-by,2025-11-26 03:39:39.096532
Calypso,bulbosa,https://inaturalist-open-data.s3.amazonaws.com/photos/586766484/original.jpg,iNaturalist,"Montana, US","Montana, US",45.4638384,-110.9722481,blazeclaw,cc-by,2025-11-26 03:39:39.032750
Calypso,bulbosa,https://inaturalist-open-data.s3.amazonaws.com/photos/586806447/original.jpg,iNaturalist,"Montana, US","Montana, US",45.5553187,-110.8098975,blazeclaw,cc-by,2025-11-26 03:39:38.967716
Calypso,bulbosa,https://inaturalist-open-data.s3.amazonaws.com/photos/586806414/original.jpg,iNaturalist,"Montana, US","Montana, US",45.5553187,-110.8098975,blazeclaw,cc-by,2025-11-26 03:39:38.903907
Calypso,bulbosa,https://static.inaturalist.org/photos/586849552/original.jpg,iNaturalist,United States,United States,44.8074381,-109.5428577,kedirae,,2025-11-26 03:39:38.840455
Calypso,bulbosa,https://inaturalist-open-data.s3.amazonaws.com/photos/586890088/original.jpg,iNaturalist,"Mendocino County, CA, USA","Mendocino County, CA, USA",38.9049260,-123.3353048,kurtrademacher,cc-by-nc,2025-11-26 03:39:38.774320
Calypso,bulbosa,https://inaturalist-open-data.s3.amazonaws.com/photos/587165166/original.jpg,iNaturalist,"Golden, CO 80403, USA","Golden, CO 80403, USA",39.8433536,-105.4189018,mygreenpets,cc-by-nc,2025-11-26 03:39:38.710720
Calypso,bulbosa,https://inaturalist-open-data.s3.amazonaws.com/photos/587165143/original.jpg,iNaturalist,"Golden, CO 80403, USA","Golden, CO 80403, USA",39.8433536,-105.4189018,mygreenpets,cc-by-nc,2025-11-26 03:39:38.646521
Calypso,bulbosa,https://inaturalist-open-data.s3.amazonaws.com/photos/587159201/original.jpg,iNaturalist,"Golden, CO 80403, USA","Golden, CO 80403, USA",39.8433536,-105.4189018,mygreenpets,cc-by-nc,2025-11-26 03:39:38.582607
Calypso,bulbosa,https://inaturalist-open-data.s3.amazonaws.com/photos/587168781/original.jpg,iNaturalist,"Thompson-Nicola, BC, Canada","Thompson-Nicola, BC, Canada",49.8985202,-120.5669000,birdfinder54,cc-by-nc,2025-11-26 03:39:38.519055
Calypso,bulbosa,https://inaturalist-open-data.s3.amazonaws.com/photos/587168963/original.jpg,iNaturalist,"Thompson-Nicola, BC, Canada","Thompson-Nicola, BC, Canada",49.9007921,-120.5664923,birdfinder54,cc-by-nc,2025-11-26 03:39:38.455013
Calypso,bulbosa,https://static.inaturalist.org/photos/587942546/original.jpg,iNaturalist,"Shaw Island, WA, USA","Shaw Island, WA, USA",48.5832427,-122.9722713,wingtrip,,2025-11-26 03:39:38.389872
Calypso,bulbosa,https://static.inaturalist.org/photos/587942548/original.jpg,iNaturalist,"Shaw Island, WA, USA","Shaw Island, WA, USA",48.5832427,-122.9722713,wingtrip,,2025-11-26 03:39:38.326266
Calypso,bulbosa,https://static.inaturalist.org/photos/588379879/original.jpg,iNaturalist,"Nanaimo, CA-BC, CA","Nanaimo, CA-BC, CA",49.0863493,-123.9047582,ems_h,,2025-11-26 03:39:38.262254
Calypso,bulbosa,https://static.inaturalist.org/photos/588379871/original.jpg,iNaturalist,"Nanaimo, CA-BC, CA","Nanaimo, CA-BC, CA",49.0863493,-123.9047582,ems_h,,2025-11-26 03:39:38.197763
Calypso,bulbosa,https://static.inaturalist.org/photos/588379861/original.jpg,iNaturalist,"Nanaimo, CA-BC, CA","Nanaimo, CA-BC, CA",49.0863493,-123.9047582,ems_h,,2025-11-26 03:39:38.123813
Calypso,bulbosa,https://static.inaturalist.org/photos/588379843/original.jpg,iNaturalist,"Nanaimo, CA-BC, CA","Nanaimo, CA-BC, CA",49.0863493,-123.9047582,ems_h,,2025-11-26 03:39:38.055905
Calypso,bulbosa,https://static.inaturalist.org/photos/588379823/original.jpg,iNaturalist,"Nanaimo, CA-BC, CA","Nanaimo, CA-BC, CA",49.0863493,-123.9047582,ems_h,,2025-11-26 03:39:37.989000
Calypso,bulbosa,https://static.inaturalist.org/photos/588379798/original.jpg,iNaturalist,"Nanaimo, CA-BC, CA","Nanaimo, CA-BC, CA",49.0863493,-123.9047582,ems_h,,2025-11-26 03:39:37.923281
Calypso,bulbosa,https://static.inaturalist.org/photos/588379771/original.jpg,iNaturalist,"Nanaimo, CA-BC, CA","Nanaimo, CA-BC, CA",49.0863493,-123.9047582,ems_h,,2025-11-26 03:39:37.859667
Calypso,bulbosa,https://static.inaturalist.org/photos/588379747/original.jpg,iNaturalist,"Nanaimo, CA-BC, CA","Nanaimo, CA-BC, CA",49.0863493,-123.9047582,ems_h,,2025-11-26 03:39:37.795807
Calypso,bulbosa,https://static.inaturalist.org/photos/588379724/original.jpg,iNaturalist,"Nanaimo, CA-BC, CA","Nanaimo, CA-BC, CA",49.0863493,-123.9047582,ems_h,,2025-11-26 03:39:37.732231
Calypso,bulbosa,https://inaturalist-open-data.s3.amazonaws.com/photos/461770538/original.jpg,GBIF,United States of America,,43.1264700,-122.5839220,Hannah,http://creativecommons.org/licenses/by-nc/4.0/,2025-11-26 03:38:44.071828
Calypso,bulbosa,https://inaturalist-open-data.s3.amazonaws.com/photos/462649819/original.jpeg,GBIF,United States of America,,39.2410770,-123.3162120,Rose Lee,http://creativecommons.org/licenses/by-nc/4.0/,2025-11-26 03:38:46.231586
Calypso,bulbosa,https://inaturalist-open-data.s3.amazonaws.com/photos/463029884/original.jpg,GBIF,Canada,,48.4357120,-123.6280880,Mary Sanseverino,http://creativecommons.org/licenses/by-nc-nd/4.0/,2025-11-26 03:38:46.300586
Calypso,bulbosa,https://inaturalist-open-data.s3.amazonaws.com/photos/464021163/original.jpg,GBIF,Canada,,48.4284080,-123.6131880,Mary Sanseverino,http://creativecommons.org/licenses/by-nc-nd/4.0/,2025-11-26 03:38:46.366144
Calypso,bulbosa,https://inaturalist-open-data.s3.amazonaws.com/photos/465345388/original.jpeg,GBIF,Canada,,48.3611610,-123.5883110,rose02mary,http://creativecommons.org/licenses/by-nc/4.0/,2025-11-26 03:38:46.434542
Calypso,bulbosa,https://inaturalist-open-data.s3.amazonaws.com/photos/465612770/original.jpg,GBIF,United States of America,,45.6455150,-122.0091880,Jeff Ward,http://creativecommons.org/licenses/by-nc-sa/4.0/,2025-11-26 03:38:46.500392
Calypso,bulbosa,https://inaturalist-open-data.s3.amazonaws.com/photos/467015554/original.jpeg,GBIF,United States of America,,38.5721250,-123.3174320,Nancy Kelley,http://creativecommons.org/licenses/by-nc/4.0/,2025-11-26 03:38:46.565766
Calypso,bulbosa,https://inaturalist-open-data.s3.amazonaws.com/photos/466911473/original.jpeg,GBIF,United States of America,,38.5712760,-123.3182510,Nancy Kelley,http://creativecommons.org/licenses/by-nc/4.0/,2025-11-26 03:38:46.630743
Calypso,bulbosa,https://inaturalist-open-data.s3.amazonaws.com/photos/472778664/original.jpeg,GBIF,United States of America,,38.5706580,-123.3182830,Sadie Hickey,http://creativecommons.org/licenses/by-nc/4.0/,2025-11-26 03:38:46.891249
Calypso,bulbosa,https://inaturalist-open-data.s3.amazonaws.com/photos/470409150/original.jpeg,GBIF,United States of America,,38.5937940,-123.3372120,Ashley D,http://creativecommons.org/licenses/by-nc/4.0/,2025-11-26 03:38:47.083631
Calypso,bulbosa,https://inaturalist-open-data.s3.amazonaws.com/photos/471076972/original.jpg,GBIF,United States of America,,38.5519830,-123.2908950,Cristina Plemel,http://creativecommons.org/licenses/by-nc/4.0/,2025-11-26 03:38:47.217525
Calypso,bulbosa,https://inaturalist-open-data.s3.amazonaws.com/photos/471497304/original.jpg,GBIF,United States of America,,37.9018630,-122.6060250,wuangie,http://creativecommons.org/licenses/by-nc/4.0/,2025-11-26 03:38:47.282857
Calypso,bulbosa,https://inaturalist-open-data.s3.amazonaws.com/photos/471489334/original.jpg,GBIF,United States of America,,41.1597220,-124.1259780,planetboom,http://creativecommons.org/licenses/by-nc/4.0/,2025-11-26 03:38:47.411829
Calypso,bulbosa,https://inaturalist-open-data.s3.amazonaws.com/photos/471465268/original.jpg,GBIF,United States of America,,38.5021570,-122.9255870,Darvin DeShazer,http://creativecommons.org/licenses/by-nc/4.0/,2025-11-26 03:38:47.540897
Calypso,bulbosa,https://inaturalist-open-data.s3.amazonaws.com/photos/475568846/original.jpeg,GBIF,United States of America,,38.5219050,-122.8730010,James Bailey,http://creativecommons.org/licenses/by-nc/4.0/,2025-11-26 03:38:47.668249
Calypso,bulbosa,https://inaturalist-open-data.s3.amazonaws.com/photos/472102708/original.jpeg,GBIF,United States of America,,38.0034500,-122.6798350,harmlee,http://creativecommons.org/licenses/by-nc/4.0/,2025-11-26 03:38:48.578172
Calypso,bulbosa,https://inaturalist-open-data.s3.amazonaws.com/photos/471942283/original.jpg,GBIF,United States of America,,38.4670560,-122.8098060,A Humble Thing,http://creativecommons.org/licenses/by-nc/4.0/,2025-11-26 03:38:48.768841
Calypso,bulbosa,https://inaturalist-open-data.s3.amazonaws.com/photos/471936367/original.jpg,GBIF,United States of America,,38.5676780,-123.3210620,Dutza K.,http://creativecommons.org/licenses/by/4.0/,2025-11-26 03:38:48.833412
Calypso,bulbosa,https://inaturalist-open-data.s3.amazonaws.com/photos/472394933/original.jpg,GBIF,United States of America,,38.4266780,-122.9095760,wildcatdogs,http://creativecommons.org/licenses/by-nc/4.0/,2025-11-26 03:38:49.022694
Calypso,bulbosa,https://inaturalist-open-data.s3.amazonaws.com/photos/472211664/original.jpg,GBIF,United States of America,,38.0457510,-122.6806750,Maya Canapary,http://creativecommons.org/licenses/by-nc/4.0/,2025-11-26 03:38:49.151196
Calypso,bulbosa,https://inaturalist-open-data.s3.amazonaws.com/photos/472135343/original.jpg,GBIF,United States of America,,38.3929170,-122.9308220,slundborg,http://creativecommons.org/licenses/by-nc/4.0/,2025-11-26 03:38:49.342914
Calypso,bulbosa,https://inaturalist-open-data.s3.amazonaws.com/photos/472163484/original.jpg,GBIF,United States of America,,45.1064390,-123.5888060,Justin Altemus,http://creativecommons.org/licenses/by-nc/4.0/,2025-11-26 03:38:49.472374
Calypso,bulbosa,https://inaturalist-open-data.s3.amazonaws.com/photos/472212005/original.jpg,GBIF,United States of America,,37.9019950,-122.6059650,fern Wildtruth,http://creativecommons.org/licenses/by/4.0/,2025-11-26 03:38:49.541648
Calypso,bulbosa,https://inaturalist-open-data.s3.amazonaws.com/photos/472467115/original.jpg,GBIF,United States of America,,38.4268650,-122.9095030,Michael Warner,http://creativecommons.org/licenses/by/4.0/,2025-11-26 03:38:49.686181
Calypso,bulbosa,https://inaturalist-open-data.s3.amazonaws.com/photos/472788918/original.jpg,GBIF,United States of America,,38.4202200,-122.9556050,deantroi,http://creativecommons.org/licenses/by-nc/4.0/,2025-11-26 03:38:49.751429
Calypso,bulbosa,https://inaturalist-open-data.s3.amazonaws.com/photos/472630235/original.jpg,GBIF,United States of America,,38.0344730,-122.7248020,Daniel Pietsch,http://creativecommons.org/licenses/by-nc/4.0/,2025-11-26 03:38:49.944015
Calypso,bulbosa,https://inaturalist-open-data.s3.amazonaws.com/photos/472600042/original.jpg,GBIF,United States of America,,37.9003710,-122.6029580,kateireed,http://creativecommons.org/licenses/by-nc/4.0/,2025-11-26 03:38:50.458985
Calypso,bulbosa,https://inaturalist-open-data.s3.amazonaws.com/photos/472600046/original.jpg,GBIF,United States of America,,37.9003710,-122.6029580,kateireed,http://creativecommons.org/licenses/by-nc/4.0/,2025-11-26 03:38:50.524655
Calypso,bulbosa,https://inaturalist-open-data.s3.amazonaws.com/photos/472656092/original.jpeg,GBIF,United States of America,,37.9235440,-122.5964700,Nancy Fox,http://creativecommons.org/licenses/by-nc/4.0/,2025-11-26 03:38:50.590024
Calypso,bulbosa,https://inaturalist-open-data.s3.amazonaws.com/photos/472600032/original.jpg,GBIF,United States of America,,37.9003710,-122.6029580,kateireed,http://creativecommons.org/licenses/by-nc/4.0/,2025-11-26 03:38:50.655698
Calypso,bulbosa,https://inaturalist-open-data.s3.amazonaws.com/photos/472600035/original.jpg,GBIF,United States of America,,37.9003710,-122.6029580,kateireed,http://creativecommons.org/licenses/by-nc/4.0/,2025-11-26 03:38:50.720270
Calypso,bulbosa,https://inaturalist-open-data.s3.amazonaws.com/photos/472809178/original.jpg,GBIF,United States of America,,38.5561560,-122.8229000,Di,http://creativecommons.org/licenses/by-nc/4.0/,2025-11-26 03:38:50.797257
Calypso,bulbosa,https://inaturalist-open-data.s3.amazonaws.com/photos/472976351/original.jpg,GBIF,United States of America,,38.4819250,-123.0138140,cklilly,http://creativecommons.org/licenses/by-nc/4.0/,2025-11-26 03:38:50.868064
Calypso,bulbosa,https://inaturalist-open-data.s3.amazonaws.com/photos/473241404/original.jpg,GBIF,United States of America,,37.9144130,-122.6099780,emalamut,http://creativecommons.org/licenses/by-nc/4.0/,2025-11-26 03:38:50.996751
Calypso,bulbosa,https://inaturalist-open-data.s3.amazonaws.com/photos/578594419/original.jpg,GBIF,United States of America,,38.6282830,-123.2944800,yanez24,http://creativecommons.org/licenses/by-nc/4.0/,2025-11-26 03:38:51.124306
Calypso,bulbosa,https://inaturalist-open-data.s3.amazonaws.com/photos/481708181/original.jpeg,GBIF,United States of America,,37.9204910,-122.5714690,michael_c_mahoney,http://creativecommons.org/licenses/by-nc/4.0/,2025-11-26 03:38:51.188675
Calypso,bulbosa,https://inaturalist-open-data.s3.amazonaws.com/photos/481709146/original.jpeg,GBIF,United States of America,,37.9204840,-122.5714600,michael_c_mahoney,http://creativecommons.org/licenses/by-nc/4.0/,2025-11-26 03:38:51.253394
Calypso,bulbosa,https://inaturalist-open-data.s3.amazonaws.com/photos/508130494/original.jpg,GBIF,United States of America,,38.4125220,-122.9127420,ekdewing10899,http://creativecommons.org/licenses/by-nc/4.0/,2025-11-26 03:38:51.318667
Calypso,bulbosa,https://inaturalist-open-data.s3.amazonaws.com/photos/514940523/original.jpg,GBIF,United States of America,,38.5722670,-123.3187120,Gordon Walker,http://creativecommons.org/licenses/by-nc/4.0/,2025-11-26 03:38:51.446692
Calypso,bulbosa,https://inaturalist-open-data.s3.amazonaws.com/photos/562672918/original.jpg,GBIF,Canada,,48.3737500,-123.5834500,rose02mary,http://creativecommons.org/licenses/by-nc/4.0/,2025-11-26 03:38:51.640223
Calypso,bulbosa,https://inaturalist-open-data.s3.amazonaws.com/photos/562672631/original.jpg,GBIF,Canada,,48.3692970,-123.5778110,rose02mary,http://creativecommons.org/licenses/by-nc/4.0/,2025-11-26 03:38:51.705119
Calypso,bulbosa,https://inaturalist-open-data.s3.amazonaws.com/photos/473554247/original.jpeg,GBIF,United States of America,,37.9163640,-122.6234470,jhigbie,http://creativecommons.org/licenses/by-nc/4.0/,2025-11-26 03:38:51.768828
Calypso,bulbosa,https://inaturalist-open-data.s3.amazonaws.com/photos/473741943/original.jpg,GBIF,United States of America,,38.6931880,-123.4286880,Amy Ruegg,http://creativecommons.org/licenses/by-nc/4.0/,2025-11-26 03:38:51.833784
Calypso,bulbosa,https://inaturalist-open-data.s3.amazonaws.com/photos/473560574/original.jpeg,GBIF,United States of America,,38.5352120,-123.0067290,Shane,http://creativecommons.org/licenses/by-nc/4.0/,2025-11-26 03:38:51.899927
Calypso,bulbosa,https://inaturalist-open-data.s3.amazonaws.com/photos/473557745/original.jpeg,GBIF,United States of America,,38.4077500,-123.0984420,Shane,http://creativecommons.org/licenses/by-nc/4.0/,2025-11-26 03:38:52.093606
Calypso,bulbosa,https://inaturalist-open-data.s3.amazonaws.com/photos/473554068/original.jpeg,GBIF,United States of America,,37.9195530,-122.6153060,jhigbie,http://creativecommons.org/licenses/by-nc/4.0/,2025-11-26 03:38:52.286838
Calypso,bulbosa,https://inaturalist-open-data.s3.amazonaws.com/photos/473550814/original.jpeg,GBIF,United States of America,,38.4534770,-123.0060250,Shane,http://creativecommons.org/licenses/by-nc/4.0/,2025-11-26 03:38:52.350977
Calypso,bulbosa,https://inaturalist-open-data.s3.amazonaws.com/photos/473835378/original.jpg,GBIF,United States of America,,37.9018380,-122.6059800,cypripedium18,http://creativecommons.org/licenses/by-nc/4.0/,2025-11-26 03:38:53.580269
Calypso,bulbosa,https://inaturalist-open-data.s3.amazonaws.com/photos/473951588/original.jpg,GBIF,United States of America,,38.5413690,-122.9264140,JoeJoe Clark,http://creativecommons.org/licenses/by-nc/4.0/,2025-11-26 03:38:53.899775
Calypso,bulbosa,https://inaturalist-open-data.s3.amazonaws.com/photos/473716729/original.jpg,GBIF,United States of America,,38.7309270,-123.4326300,laurabaker,http://creativecommons.org/licenses/by-nc/4.0/,2025-11-26 03:38:54.031089
Calypso,bulbosa,https://inaturalist-open-data.s3.amazonaws.com/photos/474048902/original.jpg,GBIF,United States of America,,39.2346720,-123.3965750,phenry64,http://creativecommons.org/licenses/by-nc/4.0/,2025-11-26 03:38:54.233429
Calypso,bulbosa,https://inaturalist-open-data.s3.amazonaws.com/photos/473560670/original.jpeg,GBIF,United States of America,,38.5983580,-123.1963750,Shane,http://creativecommons.org/licenses/by-nc/4.0/,2025-11-26 03:38:54.303596
Calypso,bulbosa,https://inaturalist-open-data.s3.amazonaws.com/photos/473557719/original.jpeg,GBIF,United States of America,,38.5213610,-123.0063390,Shane,http://creativecommons.org/licenses/by-nc/4.0/,2025-11-26 03:38:54.496239
Calypso,bulbosa,https://inaturalist-open-data.s3.amazonaws.com/photos/473551105/original.jpeg,GBIF,United States of America,,38.5457890,-122.9605830,Shane,http://creativecommons.org/licenses/by-nc/4.0/,2025-11-26 03:38:54.814707
Calypso,bulbosa,https://inaturalist-open-data.s3.amazonaws.com/photos/473826261/original.jpg,GBIF,United States of America,,37.9016580,-122.6057880,Maggie,http://creativecommons.org/licenses/by-nc/4.0/,2025-11-26 03:38:55.451920
Calypso,bulbosa,https://inaturalist-open-data.s3.amazonaws.com/photos/473950020/original.jpg,GBIF,United States of America,,38.5409610,-122.9254220,JoeJoe Clark,http://creativecommons.org/licenses/by-nc/4.0/,2025-11-26 03:38:55.644988
Calypso,bulbosa,https://inaturalist-open-data.s3.amazonaws.com/photos/473776446/original.jpg,GBIF,United States of America,,38.7133780,-123.4410330,karencairn,http://creativecommons.org/licenses/by-nc/4.0/,2025-11-26 03:38:55.920658
Calypso,bulbosa,https://inaturalist-open-data.s3.amazonaws.com/photos/474030239/original.jpg,GBIF,United States of America,,38.5708300,-123.3180000,Christopher Foott,http://creativecommons.org/publicdomain/zero/1.0/,2025-11-26 03:38:56.049652
Calypso,bulbosa,https://inaturalist-open-data.s3.amazonaws.com/photos/473998783/original.jpg,GBIF,United States of America,,45.7105350,-121.7502680,Peter Abrahamsen,http://creativecommons.org/licenses/by/4.0/,2025-11-26 03:38:56.369264
Calypso,bulbosa,https://inaturalist-open-data.s3.amazonaws.com/photos/473810022/original.jpg,GBIF,United States of America,,38.0198330,-122.6547000,dsommer,http://creativecommons.org/licenses/by-nc/4.0/,2025-11-26 03:38:56.506702
Calypso,bulbosa,https://inaturalist-open-data.s3.amazonaws.com/photos/474031037/original.jpg,GBIF,United States of America,,38.5722120,-123.3186630,Christopher Foott,http://creativecommons.org/publicdomain/zero/1.0/,2025-11-26 03:38:56.635651
Calypso,bulbosa,https://inaturalist-open-data.s3.amazonaws.com/photos/473952331/original.jpg,GBIF,United States of America,,38.5409220,-122.9255750,JoeJoe Clark,http://creativecommons.org/licenses/by-nc/4.0/,2025-11-26 03:38:57.151331
Calypso,bulbosa,https://inaturalist-open-data.s3.amazonaws.com/photos/473988623/original.jpg,GBIF,United States of America,,38.3704170,-122.9720180,eskelin,http://creativecommons.org/licenses/by-nc/4.0/,2025-11-26 03:38:57.479498
Calypso,bulbosa,https://inaturalist-open-data.s3.amazonaws.com/photos/473949721/original.jpg,GBIF,United States of America,,38.5409690,-122.9251720,JoeJoe Clark,http://creativecommons.org/licenses/by-nc/4.0/,2025-11-26 03:38:57.542803
Calypso,bulbosa,https://inaturalist-open-data.s3.amazonaws.com/photos/474075150/original.jpg,GBIF,Canada,,48.7485590,-123.2640310,caseygarrison,http://creativecommons.org/licenses/by-nc/4.0/,2025-11-26 03:38:57.734091
Calypso,bulbosa,https://inaturalist-open-data.s3.amazonaws.com/photos/474925576/original.jpg,GBIF,United States of America,,38.0185950,-122.6563790,wildcatdogs,http://creativecommons.org/licenses/by-nc/4.0/,2025-11-26 03:38:57.860808
Calypso,bulbosa,https://inaturalist-open-data.s3.amazonaws.com/photos/474504386/original.jpg,GBIF,United States of America,,38.0198060,-122.6547080,Chuck Wilson,http://creativecommons.org/publicdomain/zero/1.0/,2025-11-26 03:38:58.054153
Calypso,bulbosa,https://inaturalist-open-data.s3.amazonaws.com/photos/474911697/original.jpg,GBIF,United States of America,,38.0189320,-122.6566210,Michael Warner,http://creativecommons.org/licenses/by/4.0/,2025-11-26 03:38:58.461766
Calypso,bulbosa,https://inaturalist-open-data.s3.amazonaws.com/photos/475080554/original.jpeg,GBIF,United States of America,,37.9020140,-122.6060950,Ben Sims,http://creativecommons.org/publicdomain/zero/1.0/,2025-11-26 03:38:58.527336
Calypso,bulbosa,https://inaturalist-open-data.s3.amazonaws.com/photos/474030706/original.jpg,GBIF,United States of America,,38.5914120,-123.3291630,Christopher Foott,http://creativecommons.org/publicdomain/zero/1.0/,2025-11-26 03:38:58.727990
Calypso,bulbosa,https://inaturalist-open-data.s3.amazonaws.com/photos/475080819/original.jpeg,GBIF,United States of America,,37.9018350,-122.6066650,Ben Sims,http://creativecommons.org/publicdomain/zero/1.0/,2025-11-26 03:38:59.018415
Calypso,bulbosa,https://inaturalist-open-data.s3.amazonaws.com/photos/475114899/original.jpg,GBIF,United States of America,,39.0681330,-123.4624630,phenry64,http://creativecommons.org/licenses/by-nc/4.0/,2025-11-26 03:38:59.225554
Calypso,bulbosa,https://inaturalist-open-data.s3.amazonaws.com/photos/475172882/original.jpg,GBIF,United States of America,,37.9233100,-122.6133690,dday81,http://creativecommons.org/licenses/by-nc/4.0/,2025-11-26 03:38:59.353385
Calypso,bulbosa,https://inaturalist-open-data.s3.amazonaws.com/photos/475192256/original.jpeg,GBIF,United States of America,,40.7551680,-123.9697080,Nick Nuebel,http://creativecommons.org/licenses/by-nc/4.0/,2025-11-26 03:38:59.482626
Calypso,bulbosa,https://inaturalist-open-data.s3.amazonaws.com/photos/474571159/original.jpg,GBIF,United States of America,,38.5719630,-123.2513970,sephscheid,http://creativecommons.org/licenses/by-nc/4.0/,2025-11-26 03:38:59.547212
Calypso,bulbosa,https://inaturalist-open-data.s3.amazonaws.com/photos/588636249/original.jpg,iNaturalist,"Marin Municipal Water District Watershed, Marin County, US-CA, US","Marin Municipal Water District Watershed, Marin County, US-CA, US",37.9246652,-122.6105871,tovyawager,cc-by-nc,2025-11-26 03:39:37.667141
Calypso,bulbosa,https://inaturalist-open-data.s3.amazonaws.com/photos/588848609/original.jpg,iNaturalist,"Capital Regional District, BC, Canada","Capital Regional District, BC, Canada",48.5159279,-123.4604678,enspring,cc0,2025-11-26 03:39:37.603490
Calypso,bulbosa,https://inaturalist-open-data.s3.amazonaws.com/photos/588944121/original.jpg,iNaturalist,"Friday Harbor, WA 98250, USA","Friday Harbor, WA 98250, USA",48.5915333,-123.1565917,falsebay,cc-by-nc,2025-11-26 03:39:37.539732
Calypso,bulbosa,https://inaturalist-open-data.s3.amazonaws.com/photos/589057827/original.jpg,iNaturalist,United States,United States,43.6564543,-110.8823176,sagebrush16,cc-by-nc,2025-11-26 03:39:37.474911
Calypso,bulbosa,https://inaturalist-open-data.s3.amazonaws.com/photos/589057800/original.jpg,iNaturalist,United States,United States,43.6564543,-110.8823176,sagebrush16,cc-by-nc,2025-11-26 03:39:37.411615
Calypso,bulbosa,https://inaturalist-open-data.s3.amazonaws.com/photos/589057781/original.jpg,iNaturalist,United States,United States,43.6564543,-110.8823176,sagebrush16,cc-by-nc,2025-11-26 03:39:37.347679
Calypso,bulbosa,https://inaturalist-open-data.s3.amazonaws.com/photos/589057761/original.jpg,iNaturalist,United States,United States,43.6564543,-110.8823176,sagebrush16,cc-by-nc,2025-11-26 03:39:37.282798
Calypso,bulbosa,https://inaturalist-open-data.s3.amazonaws.com/photos/589057899/original.jpg,iNaturalist,United States,United States,43.6936980,-110.9646413,sagebrush16,cc-by-nc,2025-11-26 03:39:37.218714
Calypso,bulbosa,https://inaturalist-open-data.s3.amazonaws.com/photos/589057886/original.jpg,iNaturalist,United States,United States,43.6936980,-110.9646413,sagebrush16,cc-by-nc,2025-11-26 03:39:37.153419
Calypso,bulbosa,https://inaturalist-open-data.s3.amazonaws.com/photos/589058062/original.jpg,iNaturalist,"Caribou-Targhee National Forest, Victor, ID, US","Caribou-Targhee National Forest, Victor, ID, US",43.5904050,-111.2043833,sagebrush16,cc-by-nc,2025-11-26 03:39:37.086190
Calypso,bulbosa,https://inaturalist-open-data.s3.amazonaws.com/photos/589058039/original.jpg,iNaturalist,"Caribou-Targhee National Forest, Victor, ID, US","Caribou-Targhee National Forest, Victor, ID, US",43.5904050,-111.2043833,sagebrush16,cc-by-nc,2025-11-26 03:39:37.022527
Calypso,bulbosa,https://inaturalist-open-data.s3.amazonaws.com/photos/589058022/original.jpg,iNaturalist,"Caribou-Targhee National Forest, Victor, ID, US","Caribou-Targhee National Forest, Victor, ID, US",43.5904050,-111.2043833,sagebrush16,cc-by-nc,2025-11-26 03:39:36.956638
Calypso,bulbosa,https://inaturalist-open-data.s3.amazonaws.com/photos/589057991/original.jpg,iNaturalist,"Caribou-Targhee National Forest, Victor, ID, US","Caribou-Targhee National Forest, Victor, ID, US",43.5904050,-111.2043833,sagebrush16,cc-by-nc,2025-11-26 03:39:36.862705
Calypso,bulbosa,https://inaturalist-open-data.s3.amazonaws.com/photos/589062545/original.jpg,iNaturalist,"Kananaskis, AB T0L, Canada","Kananaskis, AB T0L, Canada",50.9765818,-115.3216562,simon1953,cc-by-nc,2025-11-26 03:39:36.799325
Calypso,bulbosa,https://inaturalist-open-data.s3.amazonaws.com/photos/589062560/original.jpg,iNaturalist,"Kananaskis, AB T0L, Canada","Kananaskis, AB T0L, Canada",50.9765818,-115.3216562,simon1953,cc-by-nc,2025-11-26 03:39:36.734230
Calypso,bulbosa,https://inaturalist-open-data.s3.amazonaws.com/photos/589062489/original.jpg,iNaturalist,"Kananaskis, AB T0L, Canada","Kananaskis, AB T0L, Canada",50.9765818,-115.3216562,simon1953,cc-by-nc,2025-11-26 03:39:36.665627
Calypso,bulbosa,https://inaturalist-open-data.s3.amazonaws.com/photos/589062468/original.jpg,iNaturalist,"Kananaskis, AB T0L, Canada","Kananaskis, AB T0L, Canada",50.9765818,-115.3216562,simon1953,cc-by-nc,2025-11-26 03:39:36.602228
Calypso,bulbosa,https://inaturalist-open-data.s3.amazonaws.com/photos/589062433/original.jpg,iNaturalist,"Kananaskis, AB T0L, Canada","Kananaskis, AB T0L, Canada",50.9765818,-115.3216562,simon1953,cc-by-nc,2025-11-26 03:39:36.536685
Calypso,bulbosa,https://inaturalist-open-data.s3.amazonaws.com/photos/589062561/original.jpg,iNaturalist,"Kananaskis, AB T0L, Canada","Kananaskis, AB T0L, Canada",50.9765818,-115.3216562,simon1953,cc-by-nc,2025-11-26 03:39:36.471763
Calypso,bulbosa,https://inaturalist-open-data.s3.amazonaws.com/photos/589116663/original.jpg,iNaturalist,"Columbia-Shuswap, BC, Canada","Columbia-Shuswap, BC, Canada",51.4506183,-116.5335117,simon1953,cc-by-nc,2025-11-26 03:39:36.408343
Calypso,bulbosa,https://inaturalist-open-data.s3.amazonaws.com/photos/589116603/original.jpg,iNaturalist,"Columbia-Shuswap, BC, Canada","Columbia-Shuswap, BC, Canada",51.4506183,-116.5335117,simon1953,cc-by-nc,2025-11-26 03:39:36.344491
Calypso,bulbosa,https://inaturalist-open-data.s3.amazonaws.com/photos/589116588/original.jpg,iNaturalist,"Columbia-Shuswap, BC, Canada","Columbia-Shuswap, BC, Canada",51.4506183,-116.5335117,simon1953,cc-by-nc,2025-11-26 03:39:36.280836
Calypso,bulbosa,https://inaturalist-open-data.s3.amazonaws.com/photos/589116562/original.jpg,iNaturalist,"Columbia-Shuswap, BC, Canada","Columbia-Shuswap, BC, Canada",51.4506183,-116.5335117,simon1953,cc-by-nc,2025-11-26 03:39:36.209835
Calypso,bulbosa,https://inaturalist-open-data.s3.amazonaws.com/photos/589117184/original.jpg,iNaturalist,"Columbia-Shuswap, BC, Canada","Columbia-Shuswap, BC, Canada",51.4512735,-116.5306149,simon1953,cc-by-nc,2025-11-26 03:39:36.143460
Calypso,bulbosa,https://inaturalist-open-data.s3.amazonaws.com/photos/589116965/original.jpg,iNaturalist,"Columbia-Shuswap, BC, Canada","Columbia-Shuswap, BC, Canada",51.4512735,-116.5306149,simon1953,cc-by-nc,2025-11-26 03:39:36.078482
Calypso,bulbosa,https://inaturalist-open-data.s3.amazonaws.com/photos/589252428/original.jpg,iNaturalist,"Missoula Rattlesnake Trail, Missoula, MT, US","Missoula Rattlesnake Trail, Missoula, MT, US",46.9215667,-113.9602500,wilsoncolby,cc-by-nc,2025-11-26 03:39:36.013837
Calypso,bulbosa,https://inaturalist-open-data.s3.amazonaws.com/photos/589252429/original.jpg,iNaturalist,"Missoula Rattlesnake Trail, Missoula, MT, US","Missoula Rattlesnake Trail, Missoula, MT, US",46.9215667,-113.9602500,wilsoncolby,cc-by-nc,2025-11-26 03:39:35.950291
Calypso,bulbosa,https://inaturalist-open-data.s3.amazonaws.com/photos/589252312/original.jpg,iNaturalist,"Missoula Rattlesnake Trail, Missoula, MT, US","Missoula Rattlesnake Trail, Missoula, MT, US",46.9215667,-113.9602500,wilsoncolby,cc-by-nc,2025-11-26 03:39:35.886545
Calypso,bulbosa,https://inaturalist-open-data.s3.amazonaws.com/photos/589252303/original.jpg,iNaturalist,"Missoula Rattlesnake Trail, Missoula, MT, US","Missoula Rattlesnake Trail, Missoula, MT, US",46.9215667,-113.9602500,wilsoncolby,cc-by-nc,2025-11-26 03:39:35.822907
Calypso,bulbosa,https://inaturalist-open-data.s3.amazonaws.com/photos/589252299/original.jpg,iNaturalist,"Missoula Rattlesnake Trail, Missoula, MT, US","Missoula Rattlesnake Trail, Missoula, MT, US",46.9215667,-113.9602500,wilsoncolby,cc-by-nc,2025-11-26 03:39:35.758927
Calypso,bulbosa,https://inaturalist-open-data.s3.amazonaws.com/photos/589252301/original.jpg,iNaturalist,"Missoula Rattlesnake Trail, Missoula, MT, US","Missoula Rattlesnake Trail, Missoula, MT, US",46.9215667,-113.9602500,wilsoncolby,cc-by-nc,2025-11-26 03:39:35.689155
Calypso,bulbosa,https://inaturalist-open-data.s3.amazonaws.com/photos/589252296/original.jpg,iNaturalist,"Missoula Rattlesnake Trail, Missoula, MT, US","Missoula Rattlesnake Trail, Missoula, MT, US",46.9215667,-113.9602500,wilsoncolby,cc-by-nc,2025-11-26 03:39:35.623993
Calypso,bulbosa,https://inaturalist-open-data.s3.amazonaws.com/photos/589252304/original.jpg,iNaturalist,"Missoula Rattlesnake Trail, Missoula, MT, US","Missoula Rattlesnake Trail, Missoula, MT, US",46.9215667,-113.9602500,wilsoncolby,cc-by-nc,2025-11-26 03:39:35.558631
Calypso,bulbosa,https://inaturalist-open-data.s3.amazonaws.com/photos/589252279/original.jpg,iNaturalist,"Missoula Rattlesnake Trail, Missoula, MT, US","Missoula Rattlesnake Trail, Missoula, MT, US",46.9215667,-113.9602500,wilsoncolby,cc-by-nc,2025-11-26 03:39:35.493551
Calypso,bulbosa,https://inaturalist-open-data.s3.amazonaws.com/photos/589252285/original.jpg,iNaturalist,"Missoula Rattlesnake Trail, Missoula, MT, US","Missoula Rattlesnake Trail, Missoula, MT, US",46.9215667,-113.9602500,wilsoncolby,cc-by-nc,2025-11-26 03:39:35.429671
Calypso,bulbosa,https://inaturalist-open-data.s3.amazonaws.com/photos/589252275/original.jpg,iNaturalist,"Missoula Rattlesnake Trail, Missoula, MT, US","Missoula Rattlesnake Trail, Missoula, MT, US",46.9215667,-113.9602500,wilsoncolby,cc-by-nc,2025-11-26 03:39:35.366060
Calypso,bulbosa,https://inaturalist-open-data.s3.amazonaws.com/photos/589252278/original.jpg,iNaturalist,"Missoula Rattlesnake Trail, Missoula, MT, US","Missoula Rattlesnake Trail, Missoula, MT, US",46.9215667,-113.9602500,wilsoncolby,cc-by-nc,2025-11-26 03:39:35.301935
Calypso,bulbosa,https://inaturalist-open-data.s3.amazonaws.com/photos/589252282/original.jpg,iNaturalist,"Missoula Rattlesnake Trail, Missoula, MT, US","Missoula Rattlesnake Trail, Missoula, MT, US",46.9215667,-113.9602500,wilsoncolby,cc-by-nc,2025-11-26 03:39:35.238237
Calypso,bulbosa,https://inaturalist-open-data.s3.amazonaws.com/photos/589252281/original.jpg,iNaturalist,"Missoula Rattlesnake Trail, Missoula, MT, US","Missoula Rattlesnake Trail, Missoula, MT, US",46.9215667,-113.9602500,wilsoncolby,cc-by-nc,2025-11-26 03:39:35.171734
Calypso,bulbosa,https://inaturalist-open-data.s3.amazonaws.com/photos/589490773/original.jpg,iNaturalist,"Capital Regional District, BC, Canada","Capital Regional District, BC, Canada",48.5200100,-123.5164777,grant-bowler,cc-by-nc,2025-11-26 03:39:35.107901
Calypso,bulbosa,https://inaturalist-open-data.s3.amazonaws.com/photos/589570198/original.jpg,iNaturalist,"Capital Regional District, BC, Canada","Capital Regional District, BC, Canada",48.5365450,-123.5300290,bstarzomski,cc-by-nc,2025-11-26 03:39:35.043014
Calypso,bulbosa,https://inaturalist-open-data.s3.amazonaws.com/photos/589570213/original.jpg,iNaturalist,"Capital Regional District, BC, Canada","Capital Regional District, BC, Canada",48.5257610,-123.5250320,bstarzomski,cc-by-nc,2025-11-26 03:39:34.978824
Calypso,bulbosa,https://inaturalist-open-data.s3.amazonaws.com/photos/589570312/original.jpg,iNaturalist,"Capital Regional District, BC, Canada","Capital Regional District, BC, Canada",48.5365450,-123.5300290,bstarzomski,cc-by-nc,2025-11-26 03:39:34.915263
Calypso,bulbosa,https://inaturalist-open-data.s3.amazonaws.com/photos/589570815/original.jpg,iNaturalist,"Capital Regional District, BC, Canada","Capital Regional District, BC, Canada",48.5360720,-123.5296860,bstarzomski,cc-by-nc,2025-11-26 03:39:34.851107
Calypso,bulbosa,https://inaturalist-open-data.s3.amazonaws.com/photos/590154647/original.jpg,iNaturalist,"Central Coast, BC, Canada","Central Coast, BC, Canada",51.6448161,-127.9609321,abbyhyde,cc-by,2025-11-26 03:39:34.781643
Calypso,bulbosa,https://inaturalist-open-data.s3.amazonaws.com/photos/590154645/original.jpg,iNaturalist,"Central Coast, BC, Canada","Central Coast, BC, Canada",51.6448161,-127.9609321,abbyhyde,cc-by,2025-11-26 03:39:34.714367
Calypso,bulbosa,https://inaturalist-open-data.s3.amazonaws.com/photos/590154604/original.jpg,iNaturalist,"Central Coast, BC, Canada","Central Coast, BC, Canada",51.6448161,-127.9609321,abbyhyde,cc-by,2025-11-26 03:39:34.650439
Calypso,bulbosa,https://inaturalist-open-data.s3.amazonaws.com/photos/590154543/original.jpg,iNaturalist,"Central Coast, BC, Canada","Central Coast, BC, Canada",51.6448161,-127.9609321,abbyhyde,cc-by,2025-11-26 03:39:34.585512
Calypso,bulbosa,https://static.inaturalist.org/photos/590211621/original.jpg,iNaturalist,"Dallimore Rd, Metchosin, BC, CA","Dallimore Rd, Metchosin, BC, CA",48.4044500,-123.5431833,oskarwood,,2025-11-26 03:39:34.517516
Calypso,bulbosa,https://inaturalist-open-data.s3.amazonaws.com/photos/590278520/original.jpg,iNaturalist,"Central Coast, BC, Canada","Central Coast, BC, Canada",51.6446880,-127.9609070,shawnb2,cc-by-nc,2025-11-26 03:39:34.444435
Calypso,bulbosa,https://inaturalist-open-data.s3.amazonaws.com/photos/590603498/original.jpg,iNaturalist,"Comox-Strathcona, British Columbia, Canada","Comox-Strathcona, British Columbia, Canada",49.6399310,-125.1047290,abbyhyde,cc-by,2025-11-26 03:39:34.379855
Calypso,bulbosa,https://inaturalist-open-data.s3.amazonaws.com/photos/590603505/original.jpg,iNaturalist,"Comox-Strathcona, British Columbia, Canada","Comox-Strathcona, British Columbia, Canada",49.6399310,-125.1047290,abbyhyde,cc-by,2025-11-26 03:39:34.316194
Calypso,bulbosa,https://inaturalist-open-data.s3.amazonaws.com/photos/590603506/original.jpg,iNaturalist,"Comox-Strathcona, British Columbia, Canada","Comox-Strathcona, British Columbia, Canada",49.6399310,-125.1047290,abbyhyde,cc-by,2025-11-26 03:39:34.252407
Calypso,bulbosa,https://inaturalist-open-data.s3.amazonaws.com/photos/590767053/original.jpg,iNaturalist,"Trinidad, CA 95570, USA","Trinidad, CA 95570, USA",41.2134542,-124.1041733,acorn_audrey,cc-by-nc,2025-11-26 03:39:34.188292
Calypso,bulbosa,https://inaturalist-open-data.s3.amazonaws.com/photos/591501322/original.jpg,iNaturalist,"Branscomb, CA, US","Branscomb, CA, US",39.7465467,-123.6372217,macrocystis,cc-by-nc,2025-11-26 03:39:34.124539
Calypso,bulbosa,https://inaturalist-open-data.s3.amazonaws.com/photos/591501323/original.jpg,iNaturalist,"Branscomb, CA, US","Branscomb, CA, US",39.7465467,-123.6372217,macrocystis,cc-by-nc,2025-11-26 03:39:34.060472
Calypso,bulbosa,https://inaturalist-open-data.s3.amazonaws.com/photos/591501329/original.jpg,iNaturalist,"Branscomb, CA, US","Branscomb, CA, US",39.7465467,-123.6372217,macrocystis,cc-by-nc,2025-11-26 03:39:33.995905
Calypso,bulbosa,https://inaturalist-open-data.s3.amazonaws.com/photos/591501326/original.jpg,iNaturalist,"Branscomb, CA, US","Branscomb, CA, US",39.7465467,-123.6372217,macrocystis,cc-by-nc,2025-11-26 03:39:33.932348
Calypso,bulbosa,https://inaturalist-open-data.s3.amazonaws.com/photos/591606143/original.jpg,iNaturalist,"Skagit Valley Provincial Park, Fraser Valley, BC, CA","Skagit Valley Provincial Park, Fraser Valley, BC, CA",49.2016090,-121.0757630,harperchrisd,cc-by-nc,2025-11-26 03:39:33.869061
Calypso,bulbosa,https://inaturalist-open-data.s3.amazonaws.com/photos/591695839/original.jpg,iNaturalist,"Lagunitas, CA, US","Lagunitas, CA, US",38.0304414,-122.6858758,joshjoshjoshjoshjosh,cc-by-nc,2025-11-26 03:39:33.805587
Calypso,bulbosa,https://inaturalist-open-data.s3.amazonaws.com/photos/592010329/original.jpg,iNaturalist,"Larimer County, CO, USA","Larimer County, CO, USA",40.3572306,-105.6999361,shepburn,cc-by-nc,2025-11-26 03:39:33.742104
Calypso,bulbosa,https://static.inaturalist.org/photos/592102910/original.jpg,iNaturalist,"Forest Service Road 6220, Cove, OR, US","Forest Service Road 6220, Cove, OR, US",45.2835365,-117.7405973,soobie,,2025-11-26 03:39:33.677017
Calypso,bulbosa,https://static.inaturalist.org/photos/592102906/original.jpg,iNaturalist,"Forest Service Road 6220, Cove, OR, US","Forest Service Road 6220, Cove, OR, US",45.2835365,-117.7405973,soobie,,2025-11-26 03:39:33.613600
Calypso,bulbosa,https://static.inaturalist.org/photos/592103607/original.jpg,iNaturalist,"Forest Service Road 6220, Cove, OR, US","Forest Service Road 6220, Cove, OR, US",45.2838095,-117.7403596,soobie,,2025-11-26 03:39:33.550164
Calypso,bulbosa,https://static.inaturalist.org/photos/592103594/original.jpg,iNaturalist,"Forest Service Road 6220, Cove, OR, US","Forest Service Road 6220, Cove, OR, US",45.2838095,-117.7403596,soobie,,2025-11-26 03:39:33.483253
Calypso,bulbosa,https://static.inaturalist.org/photos/592114573/original.jpg,iNaturalist,"Galloping Goose Regional Trail, Metchosin, BC, CA","Galloping Goose Regional Trail, Metchosin, BC, CA",48.4021033,-123.5492033,oskarwood,,2025-11-26 03:39:33.415727
Calypso,bulbosa,https://static.inaturalist.org/photos/592114575/original.jpg,iNaturalist,"Galloping Goose Regional Trail, Metchosin, BC, CA","Galloping Goose Regional Trail, Metchosin, BC, CA",48.4021033,-123.5492033,oskarwood,,2025-11-26 03:39:33.327906
Calypso,bulbosa,https://static.inaturalist.org/photos/592623682/original.jpg,iNaturalist,"Hause Creek Campground, Yakima County","Hause Creek Campground, Yakima County",46.6755560,-121.0763890,jhiker1,,2025-11-26 03:39:33.263583
Calypso,bulbosa,https://static.inaturalist.org/photos/592624712/original.jpg,iNaturalist,"Clear Lake, Yakima County","Clear Lake, Yakima County",46.6359550,-121.2620800,jhiker1,,2025-11-26 03:39:33.199821
Calypso,bulbosa,https://inaturalist-open-data.s3.amazonaws.com/photos/592797533/original.jpg,iNaturalist,"Заларинский р-н, Иркутская обл., Россия","Заларинский р-н, Иркутская обл., Россия",53.5693680,102.5725550,nikolaydorofeev,cc-by-nc,2025-11-26 03:39:33.136051
Calypso,bulbosa,https://inaturalist-open-data.s3.amazonaws.com/photos/592797535/original.jpg,iNaturalist,"Заларинский р-н, Иркутская обл., Россия","Заларинский р-н, Иркутская обл., Россия",53.5693680,102.5725550,nikolaydorofeev,cc-by-nc,2025-11-26 03:39:33.072396
Calypso,bulbosa,https://inaturalist-open-data.s3.amazonaws.com/photos/592797531/original.jpg,iNaturalist,"Заларинский р-н, Иркутская обл., Россия","Заларинский р-н, Иркутская обл., Россия",53.5693680,102.5725550,nikolaydorofeev,cc-by-nc,2025-11-26 03:39:33.007851
Calypso,bulbosa,https://static.inaturalist.org/photos/593301696/original.jpg,iNaturalist,"Continental Divide National Scenic Trail, Gallina, NM, US","Continental Divide National Scenic Trail, Gallina, NM, US",36.0557555,-106.8484633,milo71,,2025-11-26 03:39:32.943685
Calypso,bulbosa,https://inaturalist-open-data.s3.amazonaws.com/photos/593489562/original.jpg,iNaturalist,"Rio Arriba County, NM, USA","Rio Arriba County, NM, USA",36.0221994,-106.3788734,amen2stamens,cc-by-nc,2025-11-26 03:39:32.879927
Calypso,bulbosa,https://inaturalist-open-data.s3.amazonaws.com/photos/593489237/original.jpg,iNaturalist,"Rio Arriba County, NM, USA","Rio Arriba County, NM, USA",36.0221994,-106.3788734,amen2stamens,cc-by-nc,2025-11-26 03:39:32.815547
Calypso,bulbosa,https://inaturalist-open-data.s3.amazonaws.com/photos/593489173/original.jpg,iNaturalist,"Rio Arriba County, NM, USA","Rio Arriba County, NM, USA",36.0221994,-106.3788734,amen2stamens,cc-by-nc,2025-11-26 03:39:32.751761
Calypso,bulbosa,https://inaturalist-open-data.s3.amazonaws.com/photos/593489175/original.jpg,iNaturalist,"Rio Arriba County, NM, USA","Rio Arriba County, NM, USA",36.0221994,-106.3788734,amen2stamens,cc-by-nc,2025-11-26 03:39:32.688081
Calypso,bulbosa,https://inaturalist-open-data.s3.amazonaws.com/photos/593489174/original.jpg,iNaturalist,"Rio Arriba County, NM, USA","Rio Arriba County, NM, USA",36.0221994,-106.3788734,amen2stamens,cc-by-nc,2025-11-26 03:39:32.624094
Calypso,bulbosa,https://static.inaturalist.org/photos/594311025/original.jpg,iNaturalist,"Catherine Creek Ln, Union, OR, US","Catherine Creek Ln, Union, OR, US",45.1304827,-117.6306106,soobie,,2025-11-26 03:39:32.559848
Calypso,bulbosa,https://static.inaturalist.org/photos/594311026/original.jpg,iNaturalist,"Catherine Creek Ln, Union, OR, US","Catherine Creek Ln, Union, OR, US",45.1304827,-117.6306106,soobie,,2025-11-26 03:39:32.495778
Calypso,bulbosa,https://inaturalist-open-data.s3.amazonaws.com/photos/594605884/original.jpg,iNaturalist,"Okanagan-Similkameen, BC, Canada","Okanagan-Similkameen, BC, Canada",49.6814310,-119.5837330,abbyhyde,cc-by,2025-11-26 03:39:32.430994
Calypso,bulbosa,https://inaturalist-open-data.s3.amazonaws.com/photos/594605901/original.jpg,iNaturalist,"Okanagan-Similkameen, BC, Canada","Okanagan-Similkameen, BC, Canada",49.6814310,-119.5837330,abbyhyde,cc-by,2025-11-26 03:39:32.364798
Calypso,bulbosa,https://inaturalist-open-data.s3.amazonaws.com/photos/594751144/original.jpg,iNaturalist,"Sheridan County, US-WY, US","Sheridan County, US-WY, US",44.6002691,-107.5750621,pheasantboy77,cc-by-nc,2025-11-26 03:39:32.299703
Calypso,bulbosa,https://static.inaturalist.org/photos/594839365/original.jpg,iNaturalist,"Mazama, WA, US","Mazama, WA, US",48.5862717,-120.4960467,dylant2020,,2025-11-26 03:39:32.232438
Calypso,bulbosa,https://inaturalist-open-data.s3.amazonaws.com/photos/482289392/original.jpg,GBIF,United States of America,,37.4418370,-122.2887800,Claire Elliott,http://creativecommons.org/publicdomain/zero/1.0/,2025-11-26 03:39:29.997453
Calypso,bulbosa,https://inaturalist-open-data.s3.amazonaws.com/photos/482132786/original.jpg,GBIF,United States of America,,48.4922870,-122.6967380,cole4worldpeace,http://creativecommons.org/licenses/by-nc/4.0/,2025-11-26 03:39:29.658432
Calypso,bulbosa,https://inaturalist-open-data.s3.amazonaws.com/photos/482607203/original.jpeg,GBIF,United States of America,,42.9578670,-123.6655350,sunnyriffic,http://creativecommons.org/licenses/by-nc/4.0/,2025-11-26 03:39:29.589807
Calypso,bulbosa,https://inaturalist-open-data.s3.amazonaws.com/photos/482148178/original.jpg,GBIF,United States of America,,37.9741240,-122.7905790,Oonagh,http://creativecommons.org/licenses/by-nc/4.0/,2025-11-26 03:39:29.525882
Calypso,bulbosa,https://inaturalist-open-data.s3.amazonaws.com/photos/482769592/original.jpeg,GBIF,United States of America,,48.0738720,-122.9284360,stripe34,http://creativecommons.org/licenses/by-nc/4.0/,2025-11-26 03:39:29.460952
Calypso,bulbosa,https://inaturalist-open-data.s3.amazonaws.com/photos/481984043/original.jpg,GBIF,United States of America,,39.4827330,-123.2727510,marshall_plum,http://creativecommons.org/licenses/by-nc/4.0/,2025-11-26 03:39:29.268628
Calypso,bulbosa,https://inaturalist-open-data.s3.amazonaws.com/photos/484851908/original.jpeg,GBIF,United States of America,,40.0224690,-123.7939530,bluefly,http://creativecommons.org/publicdomain/zero/1.0/,2025-11-26 03:39:29.204694
Calypso,bulbosa,https://inaturalist-open-data.s3.amazonaws.com/photos/482012291/original.jpg,GBIF,United States of America,,44.9851050,-123.4313450,fawn_lily,http://creativecommons.org/licenses/by-nc/4.0/,2025-11-26 03:39:29.012093
Calypso,bulbosa,https://inaturalist-open-data.s3.amazonaws.com/photos/481032481/original.jpg,GBIF,United States of America,,38.5333300,-123.0020130,cqwolf,http://creativecommons.org/licenses/by-nc/4.0/,2025-11-26 03:39:28.755280
Calypso,bulbosa,https://inaturalist-open-data.s3.amazonaws.com/photos/481834136/original.jpeg,GBIF,United States of America,,44.6405940,-123.2712170,cc_w,http://creativecommons.org/licenses/by-nc/4.0/,2025-11-26 03:39:28.691225
Calypso,bulbosa,https://inaturalist-open-data.s3.amazonaws.com/photos/482287243/original.jpeg,GBIF,United States of America,,38.6022110,-123.3475340,willanton,http://creativecommons.org/licenses/by-nc/4.0/,2025-11-26 03:39:28.626319
Calypso,bulbosa,https://inaturalist-open-data.s3.amazonaws.com/photos/484995442/original.jpeg,GBIF,United States of America,,39.3223290,-123.7035780,skatskatson,http://creativecommons.org/licenses/by-nc/4.0/,2025-11-26 03:39:28.496534
Calypso,bulbosa,https://bs.plantnet.org/image/o/20507d201b1e281f0e66e0c8c118dc0e06dffcb6,GBIF,United States of America,,38.7107200,-123.4337780,,Sarah Johnson (cc-by-sa),2025-11-26 03:39:28.432703
Calypso,bulbosa,https://inaturalist-open-data.s3.amazonaws.com/photos/481872942/original.jpg,GBIF,United States of America,,37.9021950,-122.6056130,scrubjay1,http://creativecommons.org/licenses/by-nc/4.0/,2025-11-26 03:39:28.368563
Calypso,bulbosa,https://inaturalist-open-data.s3.amazonaws.com/photos/481705576/original.jpeg,GBIF,United States of America,,37.9053030,-122.6097190,Steve Ansell,http://creativecommons.org/licenses/by-nc/4.0/,2025-11-26 03:39:28.302570
Calypso,bulbosa,https://inaturalist-open-data.s3.amazonaws.com/photos/481417057/original.jpeg,GBIF,United States of America,,38.0190500,-122.6539190,Mike Sorrel,http://creativecommons.org/licenses/by-nc/4.0/,2025-11-26 03:39:28.237061
Calypso,bulbosa,https://inaturalist-open-data.s3.amazonaws.com/photos/481685491/original.jpg,GBIF,United States of America,,37.9093380,-122.5954750,Ginny Prior,http://creativecommons.org/licenses/by-nc/4.0/,2025-11-26 03:39:28.096689
Calypso,bulbosa,https://inaturalist-open-data.s3.amazonaws.com/photos/481396238/original.jpg,GBIF,Canada,,48.7707220,-123.8951030,Averyl,http://creativecommons.org/licenses/by-nc/4.0/,2025-11-26 03:39:28.032679
Calypso,bulbosa,https://inaturalist-open-data.s3.amazonaws.com/photos/481135562/original.jpg,GBIF,United States of America,,39.2087620,-123.7131800,rescuelady,http://creativecommons.org/publicdomain/zero/1.0/,2025-11-26 03:39:27.895525
Calypso,bulbosa,https://inaturalist-open-data.s3.amazonaws.com/photos/481033496/original.jpg,GBIF,United States of America,,37.8994950,-122.6043380,Jonathon,http://creativecommons.org/licenses/by-nc/4.0/,2025-11-26 03:39:27.699536
Calypso,bulbosa,https://inaturalist-open-data.s3.amazonaws.com/photos/481697880/original.jpg,GBIF,United States of America,,48.4110720,-122.6519470,Jazmen Yoder,http://creativecommons.org/licenses/by-nc/4.0/,2025-11-26 03:39:27.569146
Calypso,bulbosa,https://inaturalist-open-data.s3.amazonaws.com/photos/481282954/original.jpg,GBIF,United States of America,,37.8990700,-122.5990450,Tom Brookshire,http://creativecommons.org/licenses/by-nc/4.0/,2025-11-26 03:39:27.434043
Calypso,bulbosa,https://inaturalist-open-data.s3.amazonaws.com/photos/481220318/original.jpg,GBIF,United States of America,,38.0014220,-122.6261880,Chuck Wilson,http://creativecommons.org/publicdomain/zero/1.0/,2025-11-26 03:39:27.369995
Calypso,bulbosa,https://inaturalist-open-data.s3.amazonaws.com/photos/481197133/original.jpg,GBIF,United States of America,,38.0000420,-122.6701050,Chuck Wilson,http://creativecommons.org/publicdomain/zero/1.0/,2025-11-26 03:39:27.242214
Calypso,bulbosa,https://inaturalist-open-data.s3.amazonaws.com/photos/481872696/original.jpg,GBIF,United States of America,,37.9022000,-122.6056370,scrubjay1,http://creativecommons.org/licenses/by-nc/4.0/,2025-11-26 03:39:27.175781
Calypso,bulbosa,https://inaturalist-open-data.s3.amazonaws.com/photos/481181797/original.jpg,GBIF,United States of America,,37.9945630,-122.6377720,Chuck Wilson,http://creativecommons.org/publicdomain/zero/1.0/,2025-11-26 03:39:26.980704
Calypso,bulbosa,https://inaturalist-open-data.s3.amazonaws.com/photos/481152507/original.jpg,GBIF,United States of America,,41.7930000,-124.2295080,Steve Leach,http://creativecommons.org/licenses/by-nc/4.0/,2025-11-26 03:39:26.853149
Calypso,bulbosa,https://inaturalist-open-data.s3.amazonaws.com/photos/480961351/original.jpeg,GBIF,United States of America,,37.9023190,-122.6052440,coraftik,http://creativecommons.org/licenses/by-nc/4.0/,2025-11-26 03:39:26.726286
Calypso,bulbosa,https://inaturalist-open-data.s3.amazonaws.com/photos/481384924/original.jpg,GBIF,United States of America,,37.9456970,-122.6241750,nats_vance,http://creativecommons.org/licenses/by-nc/4.0/,2025-11-26 03:39:26.662164
Calypso,bulbosa,https://inaturalist-open-data.s3.amazonaws.com/photos/481052987/original.jpg,GBIF,United States of America,,38.0014030,-122.6262370,Chuck Wilson,http://creativecommons.org/publicdomain/zero/1.0/,2025-11-26 03:39:26.406477
Calypso,bulbosa,https://inaturalist-open-data.s3.amazonaws.com/photos/481347841/original.jpg,GBIF,United States of America,,41.8797200,-124.1993030,Steve Leach,http://creativecommons.org/licenses/by-nc/4.0/,2025-11-26 03:39:26.278743
Calypso,bulbosa,https://inaturalist-open-data.s3.amazonaws.com/photos/481432041/original.jpg,GBIF,United States of America,,48.4082920,-122.6546750,Timothy McNitt,http://creativecommons.org/licenses/by/4.0/,2025-11-26 03:39:25.956967
Calypso,bulbosa,https://inaturalist-open-data.s3.amazonaws.com/photos/481360408/original.jpg,GBIF,United States of America,,37.9476250,-122.6025550,esgy,http://creativecommons.org/licenses/by-nc/4.0/,2025-11-26 03:39:25.764558
Calypso,bulbosa,https://inaturalist-open-data.s3.amazonaws.com/photos/480751699/original.jpg,GBIF,United States of America,,38.7309120,-123.4327000,laurabaker,http://creativecommons.org/licenses/by-nc/4.0/,2025-11-26 03:39:25.700617
Calypso,bulbosa,https://inaturalist-open-data.s3.amazonaws.com/photos/481647787/original.jpeg,GBIF,United States of America,,44.6217760,-123.3349260,William Proebsting,http://creativecommons.org/licenses/by-nc/4.0/,2025-11-26 03:39:25.507855
Calypso,bulbosa,https://inaturalist-open-data.s3.amazonaws.com/photos/481390545/original.jpg,GBIF,United States of America,,44.6997120,-123.3005300,Aaron Liston,http://creativecommons.org/licenses/by/4.0/,2025-11-26 03:39:25.097538
Calypso,bulbosa,https://inaturalist-open-data.s3.amazonaws.com/photos/480828759/original.jpeg,GBIF,United States of America,,48.4167630,-122.6600950,leibmanh,http://creativecommons.org/licenses/by-nc/4.0/,2025-11-26 03:39:25.032212
Calypso,bulbosa,https://inaturalist-open-data.s3.amazonaws.com/photos/481712968/original.jpeg,GBIF,United States of America,,39.3651320,-123.6720150,Angela,http://creativecommons.org/licenses/by-nc/4.0/,2025-11-26 03:39:24.967585
Calypso,bulbosa,https://inaturalist-open-data.s3.amazonaws.com/photos/481703854/original.jpeg,GBIF,United States of America,,37.9051560,-122.6083310,Steve Ansell,http://creativecommons.org/licenses/by-nc/4.0/,2025-11-26 03:39:24.771762
Calypso,bulbosa,https://inaturalist-open-data.s3.amazonaws.com/photos/480603059/original.jpg,GBIF,United States of America,,39.2345200,-123.3957400,bvonderpool,http://creativecommons.org/licenses/by-nc/4.0/,2025-11-26 03:39:24.644421
Calypso,bulbosa,https://inaturalist-open-data.s3.amazonaws.com/photos/481674390/original.jpg,GBIF,United States of America,,45.4791670,-123.2044000,alieser,http://creativecommons.org/licenses/by-nc/4.0/,2025-11-26 03:39:24.450633
Calypso,bulbosa,https://inaturalist-open-data.s3.amazonaws.com/photos/480607347/original.jpeg,GBIF,United States of America,,39.4298470,-123.3794290,Eric Austin,http://creativecommons.org/licenses/by/4.0/,2025-11-26 03:39:24.385310
Calypso,bulbosa,https://inaturalist-open-data.s3.amazonaws.com/photos/480641808/original.jpeg,GBIF,United States of America,,37.9571650,-122.7947240,Zoe,http://creativecommons.org/licenses/by-nc/4.0/,2025-11-26 03:39:24.316261
Calypso,bulbosa,https://inaturalist-open-data.s3.amazonaws.com/photos/480589514/original.jpeg,GBIF,United States of America,,37.9076720,-122.6007670,Julia Wong,http://creativecommons.org/licenses/by-nc/4.0/,2025-11-26 03:39:24.042837
Calypso,bulbosa,https://inaturalist-open-data.s3.amazonaws.com/photos/481032421/original.jpg,GBIF,United States of America,,38.5340330,-123.0025330,cqwolf,http://creativecommons.org/licenses/by-nc/4.0/,2025-11-26 03:39:23.895045
Calypso,bulbosa,https://inaturalist-open-data.s3.amazonaws.com/photos/481170584/original.jpg,GBIF,United States of America,,37.9473630,-122.6070540,jessicadav,http://creativecommons.org/licenses/by-nc/4.0/,2025-11-26 03:39:23.829733
Calypso,bulbosa,https://inaturalist-open-data.s3.amazonaws.com/photos/480976477/original.jpeg,GBIF,United States of America,,39.3963720,-123.7126420,Kelly Crumrin,http://creativecommons.org/licenses/by-nc/4.0/,2025-11-26 03:39:23.699418
Calypso,bulbosa,https://inaturalist-open-data.s3.amazonaws.com/photos/480952356/original.jpg,GBIF,United States of America,,41.0692140,-124.1555860,lexilou93,http://creativecommons.org/licenses/by-nc/4.0/,2025-11-26 03:39:23.569466
Calypso,bulbosa,https://inaturalist-open-data.s3.amazonaws.com/photos/481307501/original.jpg,GBIF,United States of America,,44.6463050,-123.4208750,pandoradespain,http://creativecommons.org/licenses/by-nc/4.0/,2025-11-26 03:39:23.441489
Calypso,bulbosa,https://inaturalist-open-data.s3.amazonaws.com/photos/481151986/original.jpg,GBIF,United States of America,,41.7977030,-124.2328870,Steve Leach,http://creativecommons.org/licenses/by-nc/4.0/,2025-11-26 03:39:23.312803
Calypso,bulbosa,https://inaturalist-open-data.s3.amazonaws.com/photos/481174639/original.jpg,GBIF,United States of America,,39.7180700,-123.6520200,reagan peschke,http://creativecommons.org/licenses/by/4.0/,2025-11-26 03:39:23.054851
Calypso,bulbosa,https://inaturalist-open-data.s3.amazonaws.com/photos/481052013/original.jpg,GBIF,United States of America,,38.0037690,-122.6270130,Chuck Wilson,http://creativecommons.org/publicdomain/zero/1.0/,2025-11-26 03:39:22.797488
Calypso,bulbosa,https://inaturalist-open-data.s3.amazonaws.com/photos/481023369/original.jpg,GBIF,United States of America,,39.8449050,-123.7213370,Heather Morrison,http://creativecommons.org/licenses/by-nc/4.0/,2025-11-26 03:39:22.732899
Calypso,bulbosa,https://inaturalist-open-data.s3.amazonaws.com/photos/480931173/original.jpg,GBIF,United States of America,,37.2872750,-122.1561100,Daniel Pietsch,http://creativecommons.org/licenses/by-nc/4.0/,2025-11-26 03:39:22.605197
Calypso,bulbosa,https://inaturalist-open-data.s3.amazonaws.com/photos/480286672/original.jpeg,GBIF,United States of America,,40.5989300,-123.8398230,pickleweed97,http://creativecommons.org/licenses/by-nc/4.0/,2025-11-26 03:39:22.412636
Calypso,bulbosa,https://inaturalist-open-data.s3.amazonaws.com/photos/481319476/original.jpg,GBIF,United States of America,,44.7029720,-123.2984620,christopherbeatty,http://creativecommons.org/licenses/by-nc/4.0/,2025-11-26 03:39:22.346697
Calypso,bulbosa,https://inaturalist-open-data.s3.amazonaws.com/photos/480267817/original.jpg,GBIF,United States of America,,44.6641200,-123.2387700,mxmoss,http://creativecommons.org/licenses/by-nc/4.0/,2025-11-26 03:39:22.217330
Calypso,bulbosa,https://inaturalist-open-data.s3.amazonaws.com/photos/480285822/original.jpeg,GBIF,United States of America,,40.5459370,-123.8547660,pickleweed97,http://creativecommons.org/licenses/by-nc/4.0/,2025-11-26 03:39:22.087381
Calypso,bulbosa,https://inaturalist-open-data.s3.amazonaws.com/photos/480930951/original.jpg,GBIF,United States of America,,37.2874850,-122.1555720,Daniel Pietsch,http://creativecommons.org/licenses/by-nc/4.0/,2025-11-26 03:39:21.831752
Calypso,bulbosa,https://inaturalist-open-data.s3.amazonaws.com/photos/480617128/original.jpeg,GBIF,United States of America,,45.7025930,-121.7092460,Ben Sims,http://creativecommons.org/publicdomain/zero/1.0/,2025-11-26 03:39:21.701694
Calypso,bulbosa,https://inaturalist-open-data.s3.amazonaws.com/photos/480821047/original.jpeg,GBIF,United States of America,,43.9888080,-123.0677570,Paul Bloch,http://creativecommons.org/licenses/by-nc/4.0/,2025-11-26 03:39:21.568608
Calypso,bulbosa,https://inaturalist-open-data.s3.amazonaws.com/photos/480626094/original.jpg,GBIF,United States of America,,38.6013010,-123.3480340,Hale Garcia-Dean,http://creativecommons.org/licenses/by-nc/4.0/,2025-11-26 03:39:21.504481
Calypso,bulbosa,https://inaturalist-open-data.s3.amazonaws.com/photos/480568240/original.jpeg,GBIF,United States of America,,40.4886310,-123.9661200,pickleweed97,http://creativecommons.org/licenses/by-nc/4.0/,2025-11-26 03:39:21.375930
Calypso,bulbosa,https://inaturalist-open-data.s3.amazonaws.com/photos/480912877/original.jpg,GBIF,United States of America,,44.2920030,-122.8682870,cgoodfel,http://creativecommons.org/licenses/by-nc/4.0/,2025-11-26 03:39:21.247995
Calypso,bulbosa,https://inaturalist-open-data.s3.amazonaws.com/photos/480607319/original.jpeg,GBIF,United States of America,,39.4298470,-123.3794290,Eric Austin,http://creativecommons.org/licenses/by/4.0/,2025-11-26 03:39:21.183390
Calypso,bulbosa,https://inaturalist-open-data.s3.amazonaws.com/photos/480598901/original.jpg,GBIF,United States of America,,40.3008080,-123.8982620,denisestephens,http://creativecommons.org/licenses/by-nc/4.0/,2025-11-26 03:39:21.053203
Calypso,bulbosa,https://inaturalist-open-data.s3.amazonaws.com/photos/480625576/original.jpg,GBIF,United States of America,,39.8432380,-123.7320250,Heather Morrison,http://creativecommons.org/licenses/by-nc/4.0/,2025-11-26 03:39:20.989382
Calypso,bulbosa,https://inaturalist-open-data.s3.amazonaws.com/photos/480916525/original.jpeg,GBIF,United States of America,,44.5761110,-123.3498570,William Proebsting,http://creativecommons.org/licenses/by-nc/4.0/,2025-11-26 03:39:20.921046
Calypso,bulbosa,https://inaturalist-open-data.s3.amazonaws.com/photos/480949936/original.jpg,GBIF,United States of America,,38.0044640,-122.6498330,johnathansalsa,http://creativecommons.org/licenses/by-nc/4.0/,2025-11-26 03:39:20.855308
Calypso,bulbosa,https://inaturalist-open-data.s3.amazonaws.com/photos/480062375/original.jpg,GBIF,United States of America,,41.8570690,-123.9674780,donhollander,http://creativecommons.org/licenses/by-nc/4.0/,2025-11-26 03:39:20.726740
Calypso,bulbosa,https://inaturalist-open-data.s3.amazonaws.com/photos/480344382/original.jpg,GBIF,United States of America,,46.4473660,-121.9343570,mattsson,http://creativecommons.org/licenses/by-nc/4.0/,2025-11-26 03:39:20.662728
Calypso,bulbosa,https://inaturalist-open-data.s3.amazonaws.com/photos/480217387/original.jpg,GBIF,United States of America,,44.4128440,-123.3401500,William Proebsting,http://creativecommons.org/licenses/by-nc/4.0/,2025-11-26 03:39:20.598489
Calypso,bulbosa,https://inaturalist-open-data.s3.amazonaws.com/photos/480265141/original.jpg,GBIF,United States of America,,38.5499120,-123.2929220,chris_syrett,http://creativecommons.org/licenses/by-nc/4.0/,2025-11-26 03:39:20.534623
Calypso,bulbosa,https://inaturalist-open-data.s3.amazonaws.com/photos/480568092/original.jpeg,GBIF,United States of America,,40.4114360,-123.8473020,pickleweed97,http://creativecommons.org/licenses/by-nc/4.0/,2025-11-26 03:39:20.469421
Calypso,bulbosa,https://inaturalist-open-data.s3.amazonaws.com/photos/480285160/original.jpg,GBIF,United States of America,,43.2366950,-123.7664950,amykronsberg,http://creativecommons.org/licenses/by-nc/4.0/,2025-11-26 03:39:20.404984
Calypso,bulbosa,https://inaturalist-open-data.s3.amazonaws.com/photos/480234170/original.jpeg,GBIF,United States of America,,38.9047300,-123.3359050,Lori Brandt Dudzik,http://creativecommons.org/licenses/by-sa/4.0/,2025-11-26 03:39:20.340890
Calypso,bulbosa,https://inaturalist-open-data.s3.amazonaws.com/photos/479776372/original.jpg,GBIF,United States of America,,41.7985030,-124.2213370,cloudya,http://creativecommons.org/licenses/by-nc/4.0/,2025-11-26 03:39:20.150848
Calypso,bulbosa,https://inaturalist-open-data.s3.amazonaws.com/photos/480026989/original.jpg,GBIF,United States of America,,45.3078570,-122.2269860,William McCullough,http://creativecommons.org/licenses/by-nc/4.0/,2025-11-26 03:39:20.086475
Calypso,bulbosa,https://inaturalist-open-data.s3.amazonaws.com/photos/479776357/original.jpg,GBIF,United States of America,,41.7997450,-124.2246030,cloudya,http://creativecommons.org/licenses/by-nc/4.0/,2025-11-26 03:39:19.956380
Calypso,bulbosa,https://inaturalist-open-data.s3.amazonaws.com/photos/480126216/original.jpg,GBIF,United States of America,,44.0027190,-122.9785780,allthatflutters,http://creativecommons.org/licenses/by-nc/4.0/,2025-11-26 03:39:19.891629
Calypso,bulbosa,https://inaturalist-open-data.s3.amazonaws.com/photos/479928125/original.jpg,GBIF,United States of America,,40.2737780,-123.7798080,Lindsay Johnson,http://creativecommons.org/licenses/by-nc/4.0/,2025-11-26 03:39:19.826387
Calypso,bulbosa,https://inaturalist-open-data.s3.amazonaws.com/photos/480000178/original.jpeg,GBIF,United States of America,,40.1691660,-123.6495790,pickleweed97,http://creativecommons.org/licenses/by-nc/4.0/,2025-11-26 03:39:19.697732
Calypso,bulbosa,https://inaturalist-open-data.s3.amazonaws.com/photos/480067932/original.jpeg,GBIF,United States of America,,48.4110630,-122.6518580,fernspores,http://creativecommons.org/licenses/by-nc/4.0/,2025-11-26 03:39:19.565448
Calypso,bulbosa,https://inaturalist-open-data.s3.amazonaws.com/photos/480043453/original.jpeg,GBIF,United States of America,,41.4946120,-123.4009230,Jamie Bettaso,http://creativecommons.org/licenses/by-nc/4.0/,2025-11-26 03:39:19.500666
Calypso,bulbosa,https://inaturalist-open-data.s3.amazonaws.com/photos/479701057/original.jpeg,GBIF,Canada,,48.4316530,-123.6470930,Shane Johnson,http://creativecommons.org/publicdomain/zero/1.0/,2025-11-26 03:39:19.371109
Calypso,bulbosa,https://inaturalist-open-data.s3.amazonaws.com/photos/479734902/original.jpeg,GBIF,Canada,,48.4350350,-123.5493180,nicolechatel,http://creativecommons.org/licenses/by-nc/4.0/,2025-11-26 03:39:19.303156
Calypso,bulbosa,https://inaturalist-open-data.s3.amazonaws.com/photos/479792345/original.jpg,GBIF,United States of America,,37.9083970,-122.6021420,Jonathon,http://creativecommons.org/licenses/by-nc/4.0/,2025-11-26 03:39:18.831271
Calypso,bulbosa,https://inaturalist-open-data.s3.amazonaws.com/photos/479698344/original.jpg,GBIF,United States of America,,37.9305120,-122.6038530,shagafruit,http://creativecommons.org/licenses/by-nc/4.0/,2025-11-26 03:39:18.700332
Calypso,bulbosa,https://inaturalist-open-data.s3.amazonaws.com/photos/479739306/original.jpeg,GBIF,United States of America,,48.0501610,-123.0543330,John A Haskins,http://creativecommons.org/licenses/by/4.0/,2025-11-26 03:39:18.635548
Calypso,bulbosa,https://inaturalist-open-data.s3.amazonaws.com/photos/479490895/original.jpg,GBIF,United States of America,,43.7921870,-123.1055000,Ander,http://creativecommons.org/licenses/by-nc/4.0/,2025-11-26 03:39:18.570574
Calypso,bulbosa,https://inaturalist-open-data.s3.amazonaws.com/photos/479421798/original.jpg,GBIF,United States of America,,37.9151120,-122.6223120,ElizabethR,http://creativecommons.org/licenses/by-nc/4.0/,2025-11-26 03:39:18.439023
Calypso,bulbosa,https://inaturalist-open-data.s3.amazonaws.com/photos/479420872/original.jpg,GBIF,United States of America,,37.9141870,-122.6202130,ElizabethR,http://creativecommons.org/licenses/by-nc/4.0/,2025-11-26 03:39:18.309808
Calypso,bulbosa,https://inaturalist-open-data.s3.amazonaws.com/photos/479682587/original.jpg,GBIF,United States of America,,37.2873330,-122.1560890,joergmlpts,http://creativecommons.org/licenses/by/4.0/,2025-11-26 03:39:18.054288
Calypso,bulbosa,https://inaturalist-open-data.s3.amazonaws.com/photos/479490692/original.jpg,GBIF,United States of America,,43.7923080,-123.1055140,Ander,http://creativecommons.org/licenses/by-nc/4.0/,2025-11-26 03:39:17.854550
Calypso,bulbosa,https://inaturalist-open-data.s3.amazonaws.com/photos/479507318/original.jpg,GBIF,United States of America,,39.8475920,-123.6984630,mahaila26,http://creativecommons.org/licenses/by-nc/4.0/,2025-11-26 03:39:17.650691
Calypso,bulbosa,https://inaturalist-open-data.s3.amazonaws.com/photos/479504786/original.jpg,GBIF,United States of America,,38.5160290,-123.1578660,Olivia,http://creativecommons.org/licenses/by-nc/4.0/,2025-11-26 03:39:17.521957
Calypso,bulbosa,https://inaturalist-open-data.s3.amazonaws.com/photos/479421573/original.jpg,GBIF,United States of America,,37.9198380,-122.6254630,ElizabethR,http://creativecommons.org/licenses/by-nc/4.0/,2025-11-26 03:39:17.391516
Calypso,bulbosa,https://inaturalist-open-data.s3.amazonaws.com/photos/479387948/original.jpg,GBIF,United States of America,,37.9011210,-122.7307850,Jeremiah Degenhardt,http://creativecommons.org/licenses/by-nc/4.0/,2025-11-26 03:39:17.132296
Calypso,bulbosa,https://inaturalist-open-data.s3.amazonaws.com/photos/479424078/original.jpg,GBIF,United States of America,,37.2793830,-122.2506630,Donna Thomas,http://creativecommons.org/licenses/by-nc/4.0/,2025-11-26 03:39:17.068512
Calypso,bulbosa,https://inaturalist-open-data.s3.amazonaws.com/photos/479525681/original.jpg,GBIF,United States of America,,39.3580330,-123.6553500,Sadie Eliz,http://creativecommons.org/licenses/by-nc/4.0/,2025-11-26 03:39:16.940890
Calypso,bulbosa,https://inaturalist-open-data.s3.amazonaws.com/photos/479338288/original.jpg,GBIF,United States of America,,37.9135550,-122.6193300,shamquiqui,http://creativecommons.org/licenses/by-nc/4.0/,2025-11-26 03:39:16.810413
Calypso,bulbosa,https://inaturalist-open-data.s3.amazonaws.com/photos/479163923/original.jpg,GBIF,United States of America,,39.8073840,-123.7973990,katwend,http://creativecommons.org/licenses/by-nc/4.0/,2025-11-26 03:39:16.743097
Calypso,bulbosa,https://inaturalist-open-data.s3.amazonaws.com/photos/479217266/original.jpeg,GBIF,United States of America,,38.5673970,-123.3117140,Harte Singer,http://creativecommons.org/licenses/by-nc/4.0/,2025-11-26 03:39:16.678928
Calypso,bulbosa,https://inaturalist-open-data.s3.amazonaws.com/photos/479140518/original.jpg,GBIF,United States of America,,37.9075050,-122.6006080,abigailchris,http://creativecommons.org/licenses/by-nc/4.0/,2025-11-26 03:39:16.484384
Calypso,bulbosa,https://inaturalist-open-data.s3.amazonaws.com/photos/479175894/original.jpg,GBIF,United States of America,,39.1616140,-123.5828490,darwinbondgraham,http://creativecommons.org/licenses/by-nc/4.0/,2025-11-26 03:39:16.226199
Calypso,bulbosa,https://inaturalist-open-data.s3.amazonaws.com/photos/478767592/original.jpg,GBIF,United States of America,,37.2034900,-122.3238970,Dan Antonaccio,http://creativecommons.org/licenses/by-nc/4.0/,2025-11-26 03:39:15.777371
Calypso,bulbosa,https://inaturalist-open-data.s3.amazonaws.com/photos/478988434/original.jpg,GBIF,United States of America,,37.9030420,-122.6279830,Townscapes,http://creativecommons.org/licenses/by-nc/4.0/,2025-11-26 03:39:15.713060
Calypso,bulbosa,https://inaturalist-open-data.s3.amazonaws.com/photos/478798201/original.jpg,GBIF,United States of America,,48.4107550,-122.6525770,nwisland,http://creativecommons.org/licenses/by-nc/4.0/,2025-11-26 03:39:15.647943
Calypso,bulbosa,https://inaturalist-open-data.s3.amazonaws.com/photos/479418358/original.jpg,GBIF,United States of America,,38.5488200,-123.2943950,gretchenparadis,http://creativecommons.org/licenses/by/4.0/,2025-11-26 03:39:15.581928
Calypso,bulbosa,https://inaturalist-open-data.s3.amazonaws.com/photos/479647186/original.jpg,GBIF,United States of America,,38.5932200,-123.3387080,chris_syrett,http://creativecommons.org/licenses/by-nc/4.0/,2025-11-26 03:39:15.450732
Calypso,bulbosa,https://inaturalist-open-data.s3.amazonaws.com/photos/479421496/original.jpg,GBIF,United States of America,,37.9224750,-122.6264950,ElizabethR,http://creativecommons.org/licenses/by-nc/4.0/,2025-11-26 03:39:15.385135
Calypso,bulbosa,https://inaturalist-open-data.s3.amazonaws.com/photos/479422062/original.jpg,GBIF,United States of America,,37.9149500,-122.6222550,ElizabethR,http://creativecommons.org/licenses/by-nc/4.0/,2025-11-26 03:39:15.255034
Calypso,bulbosa,https://inaturalist-open-data.s3.amazonaws.com/photos/479337568/original.jpg,GBIF,United States of America,,38.5767700,-123.3175460,Taye Bright,http://creativecommons.org/licenses/by-nc/4.0/,2025-11-26 03:39:15.122593
Calypso,bulbosa,https://inaturalist-open-data.s3.amazonaws.com/photos/479420476/original.jpg,GBIF,United States of America,,37.9141670,-122.6215420,ElizabethR,http://creativecommons.org/licenses/by-nc/4.0/,2025-11-26 03:39:14.994558
Calypso,bulbosa,https://inaturalist-open-data.s3.amazonaws.com/photos/479387840/original.jpg,GBIF,United States of America,,37.9939210,-122.6579870,Jeremiah Degenhardt,http://creativecommons.org/licenses/by-nc/4.0/,2025-11-26 03:39:14.857313
Calypso,bulbosa,https://inaturalist-open-data.s3.amazonaws.com/photos/478769092/original.jpg,GBIF,United States of America,,38.4404400,-122.9764520,Sonia Nuss,http://creativecommons.org/licenses/by-nc/4.0/,2025-11-26 03:39:14.793971
Calypso,bulbosa,https://inaturalist-open-data.s3.amazonaws.com/photos/478711463/original.jpeg,GBIF,United States of America,,37.9174830,-122.5829000,Heibudas,http://creativecommons.org/publicdomain/zero/1.0/,2025-11-26 03:39:14.665633
Calypso,bulbosa,https://inaturalist-open-data.s3.amazonaws.com/photos/479387979/original.jpg,GBIF,United States of America,,37.8067080,-122.7961190,Jeremiah Degenhardt,http://creativecommons.org/licenses/by-nc/4.0/,2025-11-26 03:39:14.529616
Calypso,bulbosa,https://inaturalist-open-data.s3.amazonaws.com/photos/479087559/original.jpg,GBIF,United States of America,,38.4117300,-122.9560780,brock,http://creativecommons.org/licenses/by-nc/4.0/,2025-11-26 03:39:14.464502
Calypso,bulbosa,https://inaturalist-open-data.s3.amazonaws.com/photos/478369357/original.jpg,GBIF,United States of America,,40.0268390,-123.7921220,frazierellie,http://creativecommons.org/licenses/by-nc/4.0/,2025-11-26 03:39:14.399527
Calypso,bulbosa,https://inaturalist-open-data.s3.amazonaws.com/photos/478243864/original.jpg,GBIF,United States of America,,39.2722950,-123.3682120,scissors2kil,http://creativecommons.org/licenses/by-nc/4.0/,2025-11-26 03:39:14.334725
Calypso,bulbosa,https://inaturalist-open-data.s3.amazonaws.com/photos/478193701/original.jpg,GBIF,United States of America,,38.9489320,-123.3325740,Jamie,http://creativecommons.org/licenses/by-nc/4.0/,2025-11-26 03:39:14.141649
Calypso,bulbosa,https://inaturalist-open-data.s3.amazonaws.com/photos/478369162/original.jpg,GBIF,United States of America,,46.4268100,-121.8511390,Colton Veltkamp,http://creativecommons.org/licenses/by-nc/4.0/,2025-11-26 03:39:14.077609
Calypso,bulbosa,https://inaturalist-open-data.s3.amazonaws.com/photos/478193939/original.jpg,GBIF,United States of America,,38.9490440,-123.3325660,Jamie,http://creativecommons.org/licenses/by-nc/4.0/,2025-11-26 03:39:13.820854
Calypso,bulbosa,https://inaturalist-open-data.s3.amazonaws.com/photos/478426120/original.jpg,GBIF,United States of America,,38.4354250,-122.6138740,Steve,http://creativecommons.org/licenses/by-nc/4.0/,2025-11-26 03:39:13.628095
Calypso,bulbosa,https://inaturalist-open-data.s3.amazonaws.com/photos/478989582/original.jpg,GBIF,United States of America,,47.0351610,-122.9807050,leahparr,http://creativecommons.org/licenses/by-nc/4.0/,2025-11-26 03:39:13.233673
Calypso,bulbosa,https://inaturalist-open-data.s3.amazonaws.com/photos/478798421/original.jpg,GBIF,United States of America,,48.4124840,-122.6502510,nwisland,http://creativecommons.org/licenses/by-nc/4.0/,2025-11-26 03:39:13.169421
Calypso,bulbosa,https://inaturalist-open-data.s3.amazonaws.com/photos/478997128/original.jpeg,GBIF,United States of America,,37.9639640,-122.5658250,windyr,http://creativecommons.org/licenses/by-nc/4.0/,2025-11-26 03:39:13.038552
Calypso,bulbosa,https://inaturalist-open-data.s3.amazonaws.com/photos/478413271/original.jpg,GBIF,United States of America,,38.6303860,-122.9363810,cdhale,http://creativecommons.org/licenses/by-nc/4.0/,2025-11-26 03:39:12.974601
Calypso,bulbosa,https://inaturalist-open-data.s3.amazonaws.com/photos/478253793/original.jpg,GBIF,United States of America,,37.9083470,-122.6020820,Paul Barnett,http://creativecommons.org/licenses/by-nc/4.0/,2025-11-26 03:39:12.782116
Calypso,bulbosa,https://inaturalist-open-data.s3.amazonaws.com/photos/478425646/original.jpg,GBIF,United States of America,,38.4356170,-122.6145330,Steve,http://creativecommons.org/licenses/by-nc/4.0/,2025-11-26 03:39:12.586309
Calypso,bulbosa,https://inaturalist-open-data.s3.amazonaws.com/photos/478104379/original.jpeg,GBIF,United States of America,,38.4353860,-122.6141810,Sarah,http://creativecommons.org/licenses/by-nc/4.0/,2025-11-26 03:39:12.456765
Calypso,bulbosa,https://inaturalist-open-data.s3.amazonaws.com/photos/478103748/original.jpeg,GBIF,United States of America,,38.4354690,-122.6143720,Sarah,http://creativecommons.org/licenses/by-nc/4.0/,2025-11-26 03:39:12.321246
Calypso,bulbosa,https://inaturalist-open-data.s3.amazonaws.com/photos/478104381/original.jpeg,GBIF,United States of America,,38.4354530,-122.6143330,Sarah,http://creativecommons.org/licenses/by-nc/4.0/,2025-11-26 03:39:12.256436
Calypso,bulbosa,https://inaturalist-open-data.s3.amazonaws.com/photos/478103733/original.jpeg,GBIF,United States of America,,38.4354220,-122.6145080,Sarah,http://creativecommons.org/licenses/by-nc/4.0/,2025-11-26 03:39:12.125220
Calypso,bulbosa,https://inaturalist-open-data.s3.amazonaws.com/photos/477966044/original.jpg,GBIF,United States of America,,37.9105060,-122.6007430,Lena Zentall,http://creativecommons.org/licenses/by-nc/4.0/,2025-11-26 03:39:12.060283
Calypso,bulbosa,https://inaturalist-open-data.s3.amazonaws.com/photos/477966083/original.jpg,GBIF,United States of America,,37.9025170,-122.6299970,dsommer,http://creativecommons.org/licenses/by-nc/4.0/,2025-11-26 03:39:11.860612
Calypso,bulbosa,https://inaturalist-open-data.s3.amazonaws.com/photos/478103721/original.jpeg,GBIF,United States of America,,38.4354390,-122.6144940,Sarah,http://creativecommons.org/licenses/by-nc/4.0/,2025-11-26 03:39:11.603291
Calypso,bulbosa,https://inaturalist-open-data.s3.amazonaws.com/photos/477933879/original.jpg,GBIF,United States of America,,38.5933080,-123.3393080,Tom Gulya,http://creativecommons.org/publicdomain/zero/1.0/,2025-11-26 03:39:11.345068
Calypso,bulbosa,https://inaturalist-open-data.s3.amazonaws.com/photos/478104462/original.jpeg,GBIF,United States of America,,38.4347580,-122.6117170,Sarah,http://creativecommons.org/licenses/by-nc/4.0/,2025-11-26 03:39:11.279862
Calypso,bulbosa,https://inaturalist-open-data.s3.amazonaws.com/photos/477985782/original.jpg,GBIF,United States of America,,37.9083450,-122.6020800,annonfire,http://creativecommons.org/licenses/by-nc/4.0/,2025-11-26 03:39:11.214500
Calypso,bulbosa,https://inaturalist-open-data.s3.amazonaws.com/photos/478421066/original.jpg,GBIF,United States of America,,38.4348370,-122.6117080,Steve,http://creativecommons.org/licenses/by-nc/4.0/,2025-11-26 03:39:11.018168
Calypso,bulbosa,https://inaturalist-open-data.s3.amazonaws.com/photos/478425893/original.jpg,GBIF,United States of America,,38.4388620,-122.6051550,Steve,http://creativecommons.org/licenses/by-nc/4.0/,2025-11-26 03:39:10.815514
Calypso,bulbosa,https://inaturalist-open-data.s3.amazonaws.com/photos/478121241/original.jpg,GBIF,United States of America,,37.9997750,-122.6702280,dircasandderelicts,http://creativecommons.org/licenses/by-nc/4.0/,2025-11-26 03:39:10.685793
Calypso,bulbosa,https://inaturalist-open-data.s3.amazonaws.com/photos/478103731/original.jpeg,GBIF,United States of America,,38.4354220,-122.6145030,Sarah,http://creativecommons.org/licenses/by-nc/4.0/,2025-11-26 03:39:10.621303
Calypso,bulbosa,https://inaturalist-open-data.s3.amazonaws.com/photos/478194539/original.jpg,GBIF,United States of America,,38.9490120,-123.3325680,Jamie,http://creativecommons.org/licenses/by-nc/4.0/,2025-11-26 03:39:10.427709
Calypso,bulbosa,https://inaturalist-open-data.s3.amazonaws.com/photos/478187441/original.jpg,GBIF,United States of America,,39.1410020,-123.6748670,gwagy,http://creativecommons.org/licenses/by-nc/4.0/,2025-11-26 03:39:10.363296
Calypso,bulbosa,https://inaturalist-open-data.s3.amazonaws.com/photos/477948499/original.jpeg,GBIF,United States of America,,38.1701610,-122.7883680,relikeda,http://creativecommons.org/licenses/by-nc/4.0/,2025-11-26 03:39:10.168610
Calypso,bulbosa,https://inaturalist-open-data.s3.amazonaws.com/photos/478414692/original.jpg,GBIF,United States of America,,37.9127200,-122.6165620,taniajunes,http://creativecommons.org/licenses/by-nc/4.0/,2025-11-26 03:39:10.104214
Calypso,bulbosa,https://inaturalist-open-data.s3.amazonaws.com/photos/477672495/original.jpg,GBIF,United States of America,,40.3581720,-123.9943550,denisestephens,http://creativecommons.org/licenses/by-nc/4.0/,2025-11-26 03:39:10.038847
Calypso,bulbosa,https://inaturalist-open-data.s3.amazonaws.com/photos/478104411/original.jpeg,GBIF,United States of America,,38.4347580,-122.6117470,Sarah,http://creativecommons.org/licenses/by-nc/4.0/,2025-11-26 03:39:09.975426
Calypso,bulbosa,https://inaturalist-open-data.s3.amazonaws.com/photos/477685494/original.jpg,GBIF,United States of America,,38.7215140,-123.4545690,blueherren,http://creativecommons.org/licenses/by-nc/4.0/,2025-11-26 03:39:09.911431
Calypso,bulbosa,https://inaturalist-open-data.s3.amazonaws.com/photos/478104389/original.jpeg,GBIF,United States of America,,38.4349470,-122.6127920,Sarah,http://creativecommons.org/licenses/by-nc/4.0/,2025-11-26 03:39:09.782048
Calypso,bulbosa,https://inaturalist-open-data.s3.amazonaws.com/photos/478007548/original.jpg,GBIF,United States of America,,38.3565450,-123.0047080,Jennifer Chandler,http://creativecommons.org/licenses/by-nc/4.0/,2025-11-26 03:39:09.583091
Calypso,bulbosa,https://inaturalist-open-data.s3.amazonaws.com/photos/477980036/original.jpg,GBIF,United States of America,,37.9060530,-122.5822450,Todd Plummer,http://creativecommons.org/licenses/by-nc-sa/4.0/,2025-11-26 03:39:09.445925
Calypso,bulbosa,https://inaturalist-open-data.s3.amazonaws.com/photos/477706926/original.jpg,GBIF,United States of America,,37.9135950,-122.6141370,dpflorence,http://creativecommons.org/licenses/by-nc/4.0/,2025-11-26 03:39:09.381345
Calypso,bulbosa,https://inaturalist-open-data.s3.amazonaws.com/photos/478104387/original.jpeg,GBIF,United States of America,,38.4354030,-122.6140360,Sarah,http://creativecommons.org/licenses/by-nc/4.0/,2025-11-26 03:39:09.252177
Calypso,bulbosa,https://inaturalist-open-data.s3.amazonaws.com/photos/478103758/original.jpeg,GBIF,United States of America,,38.4354640,-122.6143640,Sarah,http://creativecommons.org/licenses/by-nc/4.0/,2025-11-26 03:39:08.926576
Calypso,bulbosa,https://inaturalist-open-data.s3.amazonaws.com/photos/477965504/original.jpg,GBIF,United States of America,,37.9082850,-122.6020720,Lena Zentall,http://creativecommons.org/licenses/by-nc/4.0/,2025-11-26 03:39:08.147526
Calypso,bulbosa,https://inaturalist-open-data.s3.amazonaws.com/photos/478104448/original.jpeg,GBIF,United States of America,,38.4347080,-122.6117470,Sarah,http://creativecommons.org/licenses/by-nc/4.0/,2025-11-26 03:39:07.882823
Calypso,bulbosa,https://inaturalist-open-data.s3.amazonaws.com/photos/477689236/original.jpeg,GBIF,United States of America,,38.5341220,-123.0020860,Matthew Liggett,http://creativecommons.org/licenses/by-nc/4.0/,2025-11-26 03:39:07.547511
Calypso,bulbosa,https://inaturalist-open-data.s3.amazonaws.com/photos/477419358/original.jpg,GBIF,United States of America,,38.9582360,-123.1262230,Darcie Rose,http://creativecommons.org/licenses/by-nc/4.0/,2025-11-26 03:39:07.483585
Calypso,bulbosa,https://inaturalist-open-data.s3.amazonaws.com/photos/475011551/original.jpg,GBIF,United States of America,,38.0199280,-122.6548620,dianaham,http://creativecommons.org/licenses/by-nc/4.0/,2025-11-26 03:39:07.417391
Calypso,bulbosa,https://inaturalist-open-data.s3.amazonaws.com/photos/477112807/original.jpg,GBIF,Canada,,49.6600810,-116.9317760,Sachi Snively,http://creativecommons.org/licenses/by-nc/4.0/,2025-11-26 03:39:07.288916
Calypso,bulbosa,https://inaturalist-open-data.s3.amazonaws.com/photos/476809641/original.jpeg,GBIF,United States of America,,37.9019820,-122.6063690,Ben Sims,http://creativecommons.org/publicdomain/zero/1.0/,2025-11-26 03:39:07.225459
Calypso,bulbosa,https://inaturalist-open-data.s3.amazonaws.com/photos/476879937/original.jpg,GBIF,United States of America,,37.9531230,-122.6090740,Lynn,http://creativecommons.org/licenses/by-nc/4.0/,2025-11-26 03:39:06.971578
Calypso,bulbosa,https://inaturalist-open-data.s3.amazonaws.com/photos/476247300/original.jpg,GBIF,United States of America,,37.9020370,-122.6054470,Star-flower,http://creativecommons.org/licenses/by-nc/4.0/,2025-11-26 03:39:06.805492
Calypso,bulbosa,https://inaturalist-open-data.s3.amazonaws.com/photos/476898040/original.jpeg,GBIF,United States of America,,37.9076690,-122.6008560,Viktor,http://creativecommons.org/licenses/by/4.0/,2025-11-26 03:39:06.725892
Calypso,bulbosa,https://inaturalist-open-data.s3.amazonaws.com/photos/476787154/original.jpg,GBIF,United States of America,,38.4534460,-122.9459160,Amy Balkin,http://creativecommons.org/licenses/by-nc/4.0/,2025-11-26 03:39:06.647752
Calypso,bulbosa,https://inaturalist-open-data.s3.amazonaws.com/photos/477648776/original.jpg,GBIF,United States of America,,38.4354700,-122.6140220,Steve,http://creativecommons.org/licenses/by-nc/4.0/,2025-11-26 03:39:06.389293
Calypso,bulbosa,https://inaturalist-open-data.s3.amazonaws.com/photos/477086565/original.jpg,GBIF,Canada,,49.6572890,-116.9285260,Sachi Snively,http://creativecommons.org/licenses/by-nc/4.0/,2025-11-26 03:39:06.239962
Calypso,bulbosa,https://inaturalist-open-data.s3.amazonaws.com/photos/477085326/original.jpg,GBIF,Canada,,49.6572580,-116.9287220,Sachi Snively,http://creativecommons.org/licenses/by-nc/4.0/,2025-11-26 03:39:06.110517
Calypso,bulbosa,https://inaturalist-open-data.s3.amazonaws.com/photos/477098973/original.jpg,GBIF,Canada,,49.6577900,-116.9334040,Sachi Snively,http://creativecommons.org/licenses/by-nc/4.0/,2025-11-26 03:39:05.965619
Calypso,bulbosa,https://inaturalist-open-data.s3.amazonaws.com/photos/477042655/original.jpg,GBIF,United States of America,,37.9235630,-122.6200940,michellemoir,http://creativecommons.org/licenses/by-nc/4.0/,2025-11-26 03:39:05.831540
Calypso,bulbosa,https://inaturalist-open-data.s3.amazonaws.com/photos/477303378/original.jpg,GBIF,United States of America,,38.0035080,-122.6683120,dircasandderelicts,http://creativecommons.org/licenses/by-nc/4.0/,2025-11-26 03:39:05.569770
Calypso,bulbosa,https://inaturalist-open-data.s3.amazonaws.com/photos/475975377/original.jpeg,GBIF,United States of America,,38.5782800,-123.3297890,petulance,http://creativecommons.org/licenses/by-nc/4.0/,2025-11-26 03:39:05.439901
Calypso,bulbosa,https://inaturalist-open-data.s3.amazonaws.com/photos/476867957/original.jpeg,GBIF,United States of America,,39.0778500,-123.4749600,Marisa Rafter,http://creativecommons.org/licenses/by-nc/4.0/,2025-11-26 03:39:05.310364
Calypso,bulbosa,https://inaturalist-open-data.s3.amazonaws.com/photos/476789089/original.jpeg,GBIF,United States of America,,37.9019800,-122.6061490,Ben Sims,http://creativecommons.org/publicdomain/zero/1.0/,2025-11-26 03:39:05.245995
Calypso,bulbosa,https://inaturalist-open-data.s3.amazonaws.com/photos/477006696/original.jpeg,GBIF,United States of America,,37.9076880,-122.6007610,serradura,http://creativecommons.org/licenses/by-nc/4.0/,2025-11-26 03:39:05.180162
Calypso,bulbosa,https://inaturalist-open-data.s3.amazonaws.com/photos/476788900/original.jpeg,GBIF,United States of America,,37.9021780,-122.6054880,Ben Sims,http://creativecommons.org/publicdomain/zero/1.0/,2025-11-26 03:39:05.115891
Calypso,bulbosa,https://inaturalist-open-data.s3.amazonaws.com/photos/477159977/original.jpg,GBIF,United States of America,,37.9086750,-122.6029050,abarto05,http://creativecommons.org/licenses/by-nc/4.0/,2025-11-26 03:39:05.042528
Calypso,bulbosa,https://inaturalist-open-data.s3.amazonaws.com/photos/477115123/original.jpg,GBIF,Canada,,49.6574040,-116.9307540,Sachi Snively,http://creativecommons.org/licenses/by-nc/4.0/,2025-11-26 03:39:04.915563
Calypso,bulbosa,https://inaturalist-open-data.s3.amazonaws.com/photos/475710979/original.jpeg,GBIF,United States of America,,37.8867080,-122.6259920,Natalie Clark,http://creativecommons.org/licenses/by-nc/4.0/,2025-11-26 03:39:04.788475
Calypso,bulbosa,https://inaturalist-open-data.s3.amazonaws.com/photos/477110873/original.jpg,GBIF,Canada,,49.6575160,-116.9334380,Sachi Snively,http://creativecommons.org/licenses/by-nc/4.0/,2025-11-26 03:39:04.660977
Calypso,bulbosa,https://inaturalist-open-data.s3.amazonaws.com/photos/477086623/original.jpg,GBIF,Canada,,49.6571910,-116.9286240,Sachi Snively,http://creativecommons.org/licenses/by-nc/4.0/,2025-11-26 03:39:04.533850
Calypso,bulbosa,https://inaturalist-open-data.s3.amazonaws.com/photos/476749041/original.jpeg,GBIF,United States of America,,38.4951800,-122.9393370,forestgal7,http://creativecommons.org/licenses/by-nc/4.0/,2025-11-26 03:39:04.465405
Calypso,bulbosa,https://inaturalist-open-data.s3.amazonaws.com/photos/475418260/original.jpg,GBIF,Canada,,50.0610430,-116.8648130,Sachi Snively,http://creativecommons.org/licenses/by-nc/4.0/,2025-11-26 03:39:04.337908
Calypso,bulbosa,https://inaturalist-open-data.s3.amazonaws.com/photos/475140396/original.jpg,GBIF,United States of America,,39.0677910,-123.4628660,Jamie,http://creativecommons.org/licenses/by-nc/4.0/,2025-11-26 03:39:04.143531
Calypso,bulbosa,https://inaturalist-open-data.s3.amazonaws.com/photos/475386716/original.jpg,GBIF,United States of America,,37.8960820,-122.6139570,naturedocentintraining,http://creativecommons.org/licenses/by-nc/4.0/,2025-11-26 03:39:04.079687
Calypso,bulbosa,https://inaturalist-open-data.s3.amazonaws.com/photos/475403836/original.jpg,GBIF,United States of America,,39.3488120,-123.5416550,samstrich,http://creativecommons.org/licenses/by-nc/4.0/,2025-11-26 03:39:03.825653
Calypso,bulbosa,https://inaturalist-open-data.s3.amazonaws.com/photos/476251260/original.jpg,GBIF,United States of America,,39.1431100,-123.6293960,river2redwoods,http://creativecommons.org/licenses/by-nc/4.0/,2025-11-26 03:39:03.697541
Calypso,bulbosa,https://inaturalist-open-data.s3.amazonaws.com/photos/475870179/original.jpg,GBIF,United States of America,,37.4414330,-122.2893220,emmashelton,http://creativecommons.org/licenses/by-nc/4.0/,2025-11-26 03:39:03.506653
Calypso,bulbosa,https://inaturalist-open-data.s3.amazonaws.com/photos/475717846/original.jpeg,GBIF,United States of America,,37.9018680,-122.6054650,kayakmak,http://creativecommons.org/licenses/by-nc/4.0/,2025-11-26 03:39:03.441478
Calypso,bulbosa,https://inaturalist-open-data.s3.amazonaws.com/photos/475869827/original.jpg,GBIF,United States of America,,37.4417530,-122.2892450,emmashelton,http://creativecommons.org/licenses/by-nc/4.0/,2025-11-26 03:39:03.377271
Calypso,bulbosa,https://inaturalist-open-data.s3.amazonaws.com/photos/474924878/original.jpg,GBIF,United States of America,,38.0186520,-122.6565640,wildcatdogs,http://creativecommons.org/licenses/by-nc/4.0/,2025-11-26 03:39:03.187304
Calypso,bulbosa,https://inaturalist-open-data.s3.amazonaws.com/photos/474833467/original.jpg,GBIF,United States of America,,37.9020290,-122.6061940,Paul Barnett,http://creativecommons.org/licenses/by-nc/4.0/,2025-11-26 03:39:03.058765
Calypso,bulbosa,https://inaturalist-open-data.s3.amazonaws.com/photos/475714975/original.jpg,GBIF,United States of America,,39.0679810,-123.4625380,TShore,http://creativecommons.org/licenses/by-nc/4.0/,2025-11-26 03:39:02.737716
Calypso,bulbosa,https://inaturalist-open-data.s3.amazonaws.com/photos/475418074/original.jpg,GBIF,Canada,,50.0625690,-116.8655390,Sachi Snively,http://creativecommons.org/licenses/by-nc/4.0/,2025-11-26 03:39:02.603978
Calypso,bulbosa,https://inaturalist-open-data.s3.amazonaws.com/photos/475314621/original.jpg,GBIF,United States of America,,38.5793190,-122.9096880,shannoncmorrow,http://creativecommons.org/licenses/by-nc/4.0/,2025-11-26 03:39:02.538694
Calypso,bulbosa,https://inaturalist-open-data.s3.amazonaws.com/photos/475417365/original.jpg,GBIF,Canada,,50.0738470,-116.8649260,Sachi Snively,http://creativecommons.org/licenses/by-nc/4.0/,2025-11-26 03:39:02.473936
Calypso,bulbosa,https://inaturalist-open-data.s3.amazonaws.com/photos/475080306/original.jpeg,GBIF,United States of America,,37.9018590,-122.6060560,Ben Sims,http://creativecommons.org/publicdomain/zero/1.0/,2025-11-26 03:39:02.345561
Calypso,bulbosa,https://inaturalist-open-data.s3.amazonaws.com/photos/475371780/original.jpg,GBIF,United States of America,,37.9168170,-122.6229870,skyne,http://creativecommons.org/licenses/by-nc/4.0/,2025-11-26 03:39:02.216488
Calypso,bulbosa,https://inaturalist-open-data.s3.amazonaws.com/photos/475403891/original.jpg,GBIF,United States of America,,39.3490330,-123.5419080,samstrich,http://creativecommons.org/licenses/by-nc/4.0/,2025-11-26 03:39:02.152693
Calypso,bulbosa,https://inaturalist-open-data.s3.amazonaws.com/photos/475123933/original.jpg,GBIF,United States of America,,38.5625330,-123.3063670,cole_margen,http://creativecommons.org/licenses/by-nc/4.0/,2025-11-26 03:39:02.024757
Calypso,bulbosa,https://inaturalist-open-data.s3.amazonaws.com/photos/475404319/original.jpg,GBIF,United States of America,,37.9018300,-122.6060680,Charlie Russell,http://creativecommons.org/licenses/by-nc/4.0/,2025-11-26 03:39:01.957876
Calypso,bulbosa,https://inaturalist-open-data.s3.amazonaws.com/photos/475400153/original.jpeg,GBIF,United States of America,,38.0395610,-122.6693560,Krissa Klein,http://creativecommons.org/licenses/by-nc/4.0/,2025-11-26 03:39:01.893355
Calypso,bulbosa,https://inaturalist-open-data.s3.amazonaws.com/photos/475410789/original.jpg,GBIF,United States of America,,38.7084200,-123.4298250,Amy Ruegg,http://creativecommons.org/licenses/by-nc/4.0/,2025-11-26 03:39:01.828473
Calypso,bulbosa,https://inaturalist-open-data.s3.amazonaws.com/photos/475404318/original.jpg,GBIF,United States of America,,37.9019900,-122.6063800,Charlie Russell,http://creativecommons.org/licenses/by-nc/4.0/,2025-11-26 03:39:01.758197
Calypso,bulbosa,https://inaturalist-open-data.s3.amazonaws.com/photos/474231340/original.jpeg,GBIF,United States of America,,38.7078460,-123.4331200,birdlady100,http://creativecommons.org/licenses/by-nc/4.0/,2025-11-26 03:39:01.692687
Calypso,bulbosa,https://inaturalist-open-data.s3.amazonaws.com/photos/475080074/original.jpeg,GBIF,United States of America,,37.9021120,-122.6055510,Ben Sims,http://creativecommons.org/publicdomain/zero/1.0/,2025-11-26 03:39:01.501248
Calypso,bulbosa,https://inaturalist-open-data.s3.amazonaws.com/photos/474911698/original.jpg,GBIF,United States of America,,38.0189320,-122.6566210,Michael Warner,http://creativecommons.org/licenses/by/4.0/,2025-11-26 03:39:01.436465
Calypso,bulbosa,https://inaturalist-open-data.s3.amazonaws.com/photos/474911680/original.jpg,GBIF,United States of America,,38.0187090,-122.6568920,Michael Warner,http://creativecommons.org/licenses/by/4.0/,2025-11-26 03:39:01.243674
Calypso,bulbosa,https://inaturalist-open-data.s3.amazonaws.com/photos/475807834/original.jpeg,GBIF,United States of America,,37.9017700,-122.6066800,lunchhiker,http://creativecommons.org/licenses/by-nc/4.0/,2025-11-26 03:39:00.918793
Calypso,bulbosa,https://inaturalist-open-data.s3.amazonaws.com/photos/475311304/original.jpg,GBIF,United States of America,,38.4248160,-123.0328420,Sophie Noda,http://creativecommons.org/licenses/by-nc/4.0/,2025-11-26 03:39:00.781547
Calypso,bulbosa,https://inaturalist-open-data.s3.amazonaws.com/photos/475397489/original.jpeg,GBIF,Canada,,48.4700510,-123.5554070,Lucas Charette,http://creativecommons.org/licenses/by-nc/4.0/,2025-11-26 03:39:00.652358
Calypso,bulbosa,https://inaturalist-open-data.s3.amazonaws.com/photos/474911704/original.jpg,GBIF,United States of America,,38.0189320,-122.6566210,Michael Warner,http://creativecommons.org/licenses/by/4.0/,2025-11-26 03:39:00.583988
Calypso,bulbosa,https://inaturalist-open-data.s3.amazonaws.com/photos/475619739/original.jpg,GBIF,United States of America,,37.9248970,-122.6269920,ficklepixel,http://creativecommons.org/licenses/by-nc/4.0/,2025-11-26 03:39:00.456235
Calypso,bulbosa,https://inaturalist-open-data.s3.amazonaws.com/photos/474368311/original.jpeg,GBIF,United States of America,,38.0036670,-122.6800560,bekindtobugs,http://creativecommons.org/licenses/by-nc/4.0/,2025-11-26 03:39:00.390319
Calypso,bulbosa,https://inaturalist-open-data.s3.amazonaws.com/photos/475080450/original.jpeg,GBIF,United States of America,,37.9019930,-122.6061040,Ben Sims,http://creativecommons.org/publicdomain/zero/1.0/,2025-11-26 03:39:00.200388
Calypso,bulbosa,https://inaturalist-open-data.s3.amazonaws.com/photos/475417806/original.jpg,GBIF,Canada,,50.0648490,-116.8648250,Sachi Snively,http://creativecommons.org/licenses/by-nc/4.0/,2025-11-26 03:39:00.073820
Calypso,bulbosa,https://inaturalist-open-data.s3.amazonaws.com/photos/474676305/original.jpeg,GBIF,United States of America,,37.8867080,-122.6259920,Natalie Clark,http://creativecommons.org/licenses/by-nc/4.0/,2025-11-26 03:39:00.009907
Calypso,bulbosa,https://inaturalist-open-data.s3.amazonaws.com/photos/474812362/original.jpg,GBIF,United States of America,,39.1888340,-123.7543170,evidence,http://creativecommons.org/licenses/by-nc/4.0/,2025-11-26 03:38:59.945605
Calypso,bulbosa,https://inaturalist-open-data.s3.amazonaws.com/photos/474911703/original.jpg,GBIF,United States of America,,38.0189320,-122.6566210,Michael Warner,http://creativecommons.org/licenses/by/4.0/,2025-11-26 03:38:59.874658
Calypso,bulbosa,https://inaturalist-open-data.s3.amazonaws.com/photos/474671993/original.jpg,GBIF,United States of America,,38.4808970,-123.1258860,Kathy Dickson,http://creativecommons.org/licenses/by-nc/4.0/,2025-11-26 03:38:59.742067
Calypso,bulbosa,https://static.inaturalist.org/photos/543889285/original.jpg,iNaturalist,"51°32'49.6""N 103°35'34.1""E","51°32'49.6""N 103°35'34.1""E",51.5471110,103.5928060,ingo_weiss,,2025-11-26 03:39:55.767942
Calypso,bulbosa,https://inaturalist-open-data.s3.amazonaws.com/photos/543989722/original.jpg,iNaturalist,"Cave Junction, OR, US","Cave Junction, OR, US",42.0858480,-123.6294984,missbeehaven,cc-by-nc,2025-11-26 03:39:55.703650
Calypso,bulbosa,https://inaturalist-open-data.s3.amazonaws.com/photos/544055394/original.jpg,iNaturalist,"Linn County, OR, USA","Linn County, OR, USA",44.2972833,-122.0321972,ashweeeeezmoss,cc-by-nc,2025-11-26 03:39:55.640415
Calypso,bulbosa,https://static.inaturalist.org/photos/544072205/original.jpg,iNaturalist,"Teton County, US-WY, US","Teton County, US-WY, US",43.7162117,-110.7308587,bruce70147,,2025-11-26 03:39:55.576216
Calypso,bulbosa,https://static.inaturalist.org/photos/544072163/original.jpg,iNaturalist,"Teton County, US-WY, US","Teton County, US-WY, US",43.7162117,-110.7308587,bruce70147,,2025-11-26 03:39:55.512711
Calypso,bulbosa,https://static.inaturalist.org/photos/544071925/original.jpg,iNaturalist,"Teton County, US-WY, US","Teton County, US-WY, US",43.7162117,-110.7308587,bruce70147,,2025-11-26 03:39:55.448442
Calypso,bulbosa,https://inaturalist-open-data.s3.amazonaws.com/photos/544079576/original.jpg,iNaturalist,"Spray Valley Provincial Park, Kananaskis, AB, CA","Spray Valley Provincial Park, Kananaskis, AB, CA",50.8607217,-115.3653200,luhayes,cc-by-nc,2025-11-26 03:39:55.384225
Calypso,bulbosa,https://inaturalist-open-data.s3.amazonaws.com/photos/544079528/original.jpg,iNaturalist,"Spray Valley Provincial Park, Kananaskis, AB, CA","Spray Valley Provincial Park, Kananaskis, AB, CA",50.8607217,-115.3653200,luhayes,cc-by-nc,2025-11-26 03:39:55.320539
Calypso,bulbosa,https://inaturalist-open-data.s3.amazonaws.com/photos/544079483/original.jpg,iNaturalist,"Spray Valley Provincial Park, Kananaskis, AB, CA","Spray Valley Provincial Park, Kananaskis, AB, CA",50.8607217,-115.3653200,luhayes,cc-by-nc,2025-11-26 03:39:55.255497
Calypso,bulbosa,https://static.inaturalist.org/photos/544139094/original.jpg,iNaturalist,"Columbia Shuswap, BC, CA","Columbia Shuswap, BC, CA",50.7914920,-119.2109898,hannah797,,2025-11-26 03:39:55.187858
Calypso,bulbosa,https://static.inaturalist.org/photos/544139079/original.jpg,iNaturalist,"Columbia Shuswap, BC, CA","Columbia Shuswap, BC, CA",50.7914920,-119.2109898,hannah797,,2025-11-26 03:39:55.121509
Calypso,bulbosa,https://inaturalist-open-data.s3.amazonaws.com/photos/544158125/original.jpg,iNaturalist,"Strathadam, NB E1V, Canada","Strathadam, NB E1V, Canada",46.9659409,-65.8624494,jimlep,cc-by-nc,2025-11-26 03:39:55.055937
Calypso,bulbosa,https://inaturalist-open-data.s3.amazonaws.com/photos/544213627/original.jpg,iNaturalist,"East Kootenay, BC, CA","East Kootenay, BC, CA",49.5132617,-115.7202000,sebrown11,cc-by-nc,2025-11-26 03:39:54.991238
Calypso,bulbosa,https://inaturalist-open-data.s3.amazonaws.com/photos/544262126/original.jpg,iNaturalist,"Gunnison County, US, CO","Gunnison County, US, CO",38.6667977,-107.0317001,tylerportenier,cc-by-nc,2025-11-26 03:39:54.925617
Calypso,bulbosa,https://inaturalist-open-data.s3.amazonaws.com/photos/544262127/original.jpg,iNaturalist,"Gunnison County, US, CO","Gunnison County, US, CO",38.6667977,-107.0317001,tylerportenier,cc-by-nc,2025-11-26 03:39:54.861611
Calypso,bulbosa,https://inaturalist-open-data.s3.amazonaws.com/photos/544261841/original.jpg,iNaturalist,"Gunnison County, US, CO","Gunnison County, US, CO",38.6667977,-107.0317001,tylerportenier,cc-by-nc,2025-11-26 03:39:54.797642
Calypso,bulbosa,https://inaturalist-open-data.s3.amazonaws.com/photos/544312882/original.jpg,iNaturalist,"Sedel'nikovskiy rayon, RU-OM, RU","Sedel'nikovskiy rayon, RU-OM, RU",56.8672111,75.3265765,anatolymikhaltsov,cc-by-nc,2025-11-26 03:39:54.732523
Calypso,bulbosa,https://inaturalist-open-data.s3.amazonaws.com/photos/544313064/original.jpg,iNaturalist,"Sedel'nikovskiy rayon, RU-OM, RU","Sedel'nikovskiy rayon, RU-OM, RU",56.8899098,75.3285669,anatolymikhaltsov,cc-by-nc,2025-11-26 03:39:54.668152
Calypso,bulbosa,https://inaturalist-open-data.s3.amazonaws.com/photos/544761907/original.jpg,iNaturalist,"Southeast Fairbanks County, US-AK, US","Southeast Fairbanks County, US-AK, US",64.1086720,-145.7622689,james-seale,cc-by-nc,2025-11-26 03:39:54.598525
Calypso,bulbosa,https://inaturalist-open-data.s3.amazonaws.com/photos/544898694/original.jpg,iNaturalist,"Yukon, Canada","Yukon, Canada",60.2548611,-129.0010083,rorymacneil,cc-by-nc,2025-11-26 03:39:54.532990
Calypso,bulbosa,https://inaturalist-open-data.s3.amazonaws.com/photos/545153768/original.jpg,iNaturalist,"Yukon, Yukon, Canada","Yukon, Yukon, Canada",60.2547500,-129.0010833,rorymacneil,cc-by-nc,2025-11-26 03:39:54.468349
Calypso,bulbosa,https://static.inaturalist.org/photos/545532296/original.jpg,iNaturalist,"Waterton Park, AB T0K 0C3, Canada","Waterton Park, AB T0K 0C3, Canada",49.0777504,-114.0356352,ethan_the_ginger,,2025-11-26 03:39:54.402615
Calypso,bulbosa,https://inaturalist-open-data.s3.amazonaws.com/photos/545902953/original.jpg,iNaturalist,"Palouse, WA 99161, USA","Palouse, WA 99161, USA",46.8684720,-117.1512703,slarson8,cc-by-nc,2025-11-26 03:39:54.337012
Calypso,bulbosa,https://inaturalist-open-data.s3.amazonaws.com/photos/546140920/original.jpg,iNaturalist,"Park County, US-CO, US","Park County, US-CO, US",39.4529970,-105.4251877,frauhamster,cc-by-nc,2025-11-26 03:39:54.271977
Calypso,bulbosa,https://inaturalist-open-data.s3.amazonaws.com/photos/546611068/original.jpg,iNaturalist,"Improvement District No. 9 Banff, AB, CA","Improvement District No. 9 Banff, AB, CA",51.1594250,-115.5615167,springtalzz,cc-by-nc,2025-11-26 03:39:54.207048
Calypso,bulbosa,https://inaturalist-open-data.s3.amazonaws.com/photos/546636520/original.jpg,iNaturalist,"Polson, MT, US","Polson, MT, US",47.8031776,-114.1564642,ejslawson,cc-by-nc,2025-11-26 03:39:54.142119
Calypso,bulbosa,https://inaturalist-open-data.s3.amazonaws.com/photos/546878013/original.jpg,iNaturalist,"North Bend, WA, US","North Bend, WA, US",47.4977450,-121.7429633,klt001,cc-by-nc,2025-11-26 03:39:54.075414
Calypso,bulbosa,https://inaturalist-open-data.s3.amazonaws.com/photos/546981115/original.jpg,iNaturalist,"Hornbrook, CA, US","Hornbrook, CA, US",41.9799467,-122.6611633,malloryannp,cc-by-nc,2025-11-26 03:39:54.011288
Calypso,bulbosa,https://inaturalist-open-data.s3.amazonaws.com/photos/547974039/original.jpg,iNaturalist,"Westside Road, Mount Rainier National Park, Pierce County, Washington, USA","Westside Road, Mount Rainier National Park, Pierce County, Washington, USA",46.7581580,-121.8807402,peterzika,cc-by-nc,2025-11-26 03:39:53.946096
Calypso,bulbosa,https://inaturalist-open-data.s3.amazonaws.com/photos/547973978/original.jpg,iNaturalist,"Westside Road, Mount Rainier National Park, Pierce County, Washington, USA","Westside Road, Mount Rainier National Park, Pierce County, Washington, USA",46.7581580,-121.8807402,peterzika,cc-by-nc,2025-11-26 03:39:53.882186
Calypso,bulbosa,https://inaturalist-open-data.s3.amazonaws.com/photos/548311194/original.jpg,iNaturalist,"Mildred Lakes Trail, Lilliwaup, WA, US","Mildred Lakes Trail, Lilliwaup, WA, US",47.5711700,-123.2555000,yearofthesnake25,cc-by-nc,2025-11-26 03:39:53.817780
Calypso,bulbosa,https://inaturalist-open-data.s3.amazonaws.com/photos/548692682/original.jpg,iNaturalist,"Siskiyou County, CA, USA","Siskiyou County, CA, USA",41.8873969,-123.6252181,valhikes,cc-by-nc-nd,2025-11-26 03:39:53.754076
Calypso,bulbosa,https://inaturalist-open-data.s3.amazonaws.com/photos/548692690/original.jpg,iNaturalist,"Siskiyou County, CA, USA","Siskiyou County, CA, USA",41.8873969,-123.6252181,valhikes,cc-by-nc-nd,2025-11-26 03:39:53.690035
Calypso,bulbosa,https://inaturalist-open-data.s3.amazonaws.com/photos/548692683/original.jpg,iNaturalist,"Siskiyou County, CA, USA","Siskiyou County, CA, USA",41.8873969,-123.6252181,valhikes,cc-by-nc-nd,2025-11-26 03:39:53.626079
Calypso,bulbosa,https://inaturalist-open-data.s3.amazonaws.com/photos/548938017/original.jpg,iNaturalist,"New Mexico, US","New Mexico, US",35.3286417,-106.4568640,pecosvalleydiamond,cc-by-nc,2025-11-26 03:39:53.561426
Calypso,bulbosa,https://inaturalist-open-data.s3.amazonaws.com/photos/548937994/original.jpg,iNaturalist,"New Mexico, US","New Mexico, US",35.3286417,-106.4568640,pecosvalleydiamond,cc-by-nc,2025-11-26 03:39:53.495692
Calypso,bulbosa,https://inaturalist-open-data.s3.amazonaws.com/photos/549226668/original.jpg,iNaturalist,"Freeman Creek Trail, Carmen, ID, US","Freeman Creek Trail, Carmen, ID, US",45.2703083,-113.7447353,owbaughman,cc-by-nc,2025-11-26 03:39:53.430713
Calypso,bulbosa,https://inaturalist-open-data.s3.amazonaws.com/photos/549226629/original.jpg,iNaturalist,"Freeman Creek Trail, Carmen, ID, US","Freeman Creek Trail, Carmen, ID, US",45.2703083,-113.7447353,owbaughman,cc-by-nc,2025-11-26 03:39:53.360952
Calypso,bulbosa,https://inaturalist-open-data.s3.amazonaws.com/photos/549226593/original.jpg,iNaturalist,"Freeman Creek Trail, Carmen, ID, US","Freeman Creek Trail, Carmen, ID, US",45.2703083,-113.7447353,owbaughman,cc-by-nc,2025-11-26 03:39:53.296769
Calypso,bulbosa,https://inaturalist-open-data.s3.amazonaws.com/photos/549520803/original.jpg,iNaturalist,"Gorge Overlook Trail, Acme, WA, US","Gorge Overlook Trail, Acme, WA, US",48.6997000,-121.2091617,wanderingbotanist,cc-by-nc,2025-11-26 03:39:53.224882
Calypso,bulbosa,https://inaturalist-open-data.s3.amazonaws.com/photos/549551432/original.jpg,iNaturalist,"Marin Municipal Water District Watershed, Marin County, US-CA, US","Marin Municipal Water District Watershed, Marin County, US-CA, US",37.9452790,-122.6259028,davidloeb,cc-by-nc,2025-11-26 03:39:53.159639
Calypso,bulbosa,https://inaturalist-open-data.s3.amazonaws.com/photos/549673665/original.jpg,iNaturalist,"Whitehorse, YT Y1A 2J6, Canada","Whitehorse, YT Y1A 2J6, Canada",60.6592772,-127.2954136,mattce,cc-by-nc,2025-11-26 03:39:53.096141
Calypso,bulbosa,https://inaturalist-open-data.s3.amazonaws.com/photos/549673645/original.jpg,iNaturalist,"Whitehorse, YT Y1A 2J6, Canada","Whitehorse, YT Y1A 2J6, Canada",60.6592772,-127.2954136,mattce,cc-by-nc,2025-11-26 03:39:53.031956
Calypso,bulbosa,https://inaturalist-open-data.s3.amazonaws.com/photos/549673614/original.jpg,iNaturalist,"Whitehorse, YT Y1A 2J6, Canada","Whitehorse, YT Y1A 2J6, Canada",60.6592772,-127.2954136,mattce,cc-by-nc,2025-11-26 03:39:52.967596
Calypso,bulbosa,https://inaturalist-open-data.s3.amazonaws.com/photos/549857015/original.jpg,iNaturalist,"Improvement District No. 9 Banff, AB, CA","Improvement District No. 9 Banff, AB, CA",51.9722217,-116.7591383,calebcatto,cc-by,2025-11-26 03:39:52.900455
Calypso,bulbosa,https://inaturalist-open-data.s3.amazonaws.com/photos/549857003/original.jpg,iNaturalist,"Improvement District No. 9 Banff, AB, CA","Improvement District No. 9 Banff, AB, CA",51.9722217,-116.7591383,calebcatto,cc-by,2025-11-26 03:39:52.834840
Calypso,bulbosa,https://inaturalist-open-data.s3.amazonaws.com/photos/550040077/original.jpg,iNaturalist,"Pitkin County, CO, USA","Pitkin County, CO, USA",39.0979817,-106.9400450,bradwinckelmann,cc-by-nc,2025-11-26 03:39:52.770728
Calypso,bulbosa,https://inaturalist-open-data.s3.amazonaws.com/photos/550040105/original.jpg,iNaturalist,"Pitkin County, CO, USA","Pitkin County, CO, USA",39.0981033,-106.9399350,bradwinckelmann,cc-by-nc,2025-11-26 03:39:52.707118
Calypso,bulbosa,https://inaturalist-open-data.s3.amazonaws.com/photos/550040095/original.jpg,iNaturalist,"Pitkin County, CO, USA","Pitkin County, CO, USA",39.0981033,-106.9399350,bradwinckelmann,cc-by-nc,2025-11-26 03:39:52.641508
Calypso,bulbosa,https://inaturalist-open-data.s3.amazonaws.com/photos/550170807/original.jpg,iNaturalist,"Buffalo Cabin Trail, Silverthorne, CO, US","Buffalo Cabin Trail, Silverthorne, CO, US",39.6222500,-106.1132445,marmli,cc-by-nc,2025-11-26 03:39:52.576675
Calypso,bulbosa,https://static.inaturalist.org/photos/550291612/original.jpg,iNaturalist,"Iron Gate Rd, Tererro, NM, US","Iron Gate Rd, Tererro, NM, US",35.8221167,-105.7203917,matttryc,,2025-11-26 03:39:52.513055
Calypso,bulbosa,https://inaturalist-open-data.s3.amazonaws.com/photos/550347909/original.jpg,iNaturalist,"Sypes Canyon Trail, Bozeman, MT, US","Sypes Canyon Trail, Bozeman, MT, US",45.7413217,-110.9879833,sbarndt,cc-by-nc,2025-11-26 03:39:52.448259
Calypso,bulbosa,https://inaturalist-open-data.s3.amazonaws.com/photos/550499403/original.jpg,iNaturalist,"Chelan County, US-WA, US","Chelan County, US-WA, US",47.4511300,-120.7133333,thrasherbird,cc-by-nc,2025-11-26 03:39:52.381306
Calypso,bulbosa,https://inaturalist-open-data.s3.amazonaws.com/photos/550491656/original.jpg,iNaturalist,Storm King Approach Mid,Storm King Approach Mid,48.0536729,-123.7819719,cullensvens,cc-by-nc,2025-11-26 03:39:52.315709
Calypso,bulbosa,https://static.inaturalist.org/photos/550603210/original.jpg,iNaturalist,"Blodgett Creek Trail, Hamilton, MT, US","Blodgett Creek Trail, Hamilton, MT, US",46.2682633,-114.2505200,bailey82262,,2025-11-26 03:39:52.251554
Calypso,bulbosa,https://inaturalist-open-data.s3.amazonaws.com/photos/551187641/original.jpg,iNaturalist,"Capital Regional District, BC, Canada","Capital Regional District, BC, Canada",48.4415185,-123.5582097,roanan_d,cc-by-nc,2025-11-26 03:39:52.187655
Calypso,bulbosa,https://inaturalist-open-data.s3.amazonaws.com/photos/551187662/original.jpg,iNaturalist,"Capital Regional District, BC, Canada","Capital Regional District, BC, Canada",48.4415185,-123.5582097,roanan_d,cc-by-nc,2025-11-26 03:39:52.123961
Calypso,bulbosa,https://inaturalist-open-data.s3.amazonaws.com/photos/551242814/original.jpg,iNaturalist,"Kitimat-Stikine, BC, Canada","Kitimat-Stikine, BC, Canada",55.3522527,-128.0972480,reddcurrent,cc-by-nc,2025-11-26 03:39:52.060350
Calypso,bulbosa,https://inaturalist-open-data.s3.amazonaws.com/photos/551242804/original.jpg,iNaturalist,"Kitimat-Stikine, BC, Canada","Kitimat-Stikine, BC, Canada",55.3522527,-128.0972480,reddcurrent,cc-by-nc,2025-11-26 03:39:51.996482
Calypso,bulbosa,https://inaturalist-open-data.s3.amazonaws.com/photos/551242779/original.jpg,iNaturalist,"Kitimat-Stikine, BC, Canada","Kitimat-Stikine, BC, Canada",55.3522527,-128.0972480,reddcurrent,cc-by-nc,2025-11-26 03:39:51.932486
Calypso,bulbosa,https://inaturalist-open-data.s3.amazonaws.com/photos/551246356/original.jpg,iNaturalist,"Kitimat-Stikine, BC, Canada","Kitimat-Stikine, BC, Canada",57.8572652,-129.9995041,reddcurrent,cc-by-nc,2025-11-26 03:39:51.865198
Calypso,bulbosa,https://inaturalist-open-data.s3.amazonaws.com/photos/551246343/original.jpg,iNaturalist,"Kitimat-Stikine, BC, Canada","Kitimat-Stikine, BC, Canada",57.8572652,-129.9995041,reddcurrent,cc-by-nc,2025-11-26 03:39:51.798730
Calypso,bulbosa,https://inaturalist-open-data.s3.amazonaws.com/photos/551246327/original.jpg,iNaturalist,"Kitimat-Stikine, BC, Canada","Kitimat-Stikine, BC, Canada",57.8572652,-129.9995041,reddcurrent,cc-by-nc,2025-11-26 03:39:51.733200
Calypso,bulbosa,https://inaturalist-open-data.s3.amazonaws.com/photos/551429903/original.jpg,iNaturalist,"Jackson County, US-OR, US","Jackson County, US-OR, US",42.1243638,-122.5952133,dirtbagbirder,cc-by-nc,2025-11-26 03:39:51.667558
Calypso,bulbosa,https://inaturalist-open-data.s3.amazonaws.com/photos/551562308/original.jpg,iNaturalist,"CA-3, Trinity Center, CA, US","CA-3, Trinity Center, CA, US",40.9074383,-122.7764800,mreala,cc-by-nc,2025-11-26 03:39:51.603629
Calypso,bulbosa,https://inaturalist-open-data.s3.amazonaws.com/photos/551659698/original.jpg,iNaturalist,"Canmore, AB T1W 0L8, Canada","Canmore, AB T1W 0L8, Canada",51.0354389,-115.3072306,papillionaceous,cc0,2025-11-26 03:39:51.537400
Calypso,bulbosa,https://inaturalist-open-data.s3.amazonaws.com/photos/551659671/original.jpg,iNaturalist,"Canmore, AB T1W 0L8, Canada","Canmore, AB T1W 0L8, Canada",51.0354389,-115.3072306,papillionaceous,cc0,2025-11-26 03:39:51.472923
Calypso,bulbosa,https://inaturalist-open-data.s3.amazonaws.com/photos/551659647/original.jpg,iNaturalist,"Canmore, AB T1W 0L8, Canada","Canmore, AB T1W 0L8, Canada",51.0354389,-115.3072306,papillionaceous,cc0,2025-11-26 03:39:51.398974
Calypso,bulbosa,https://inaturalist-open-data.s3.amazonaws.com/photos/551677338/original.jpg,iNaturalist,"Yukon, Yukon, Canada","Yukon, Yukon, Canada",60.6996611,-135.0155333,rsealy,cc-by-nc,2025-11-26 03:39:51.331986
Calypso,bulbosa,https://inaturalist-open-data.s3.amazonaws.com/photos/551677284/original.jpg,iNaturalist,"Yukon, Yukon, Canada","Yukon, Yukon, Canada",60.6996611,-135.0155333,rsealy,cc-by-nc,2025-11-26 03:39:51.267251
Calypso,bulbosa,https://inaturalist-open-data.s3.amazonaws.com/photos/551677275/original.jpg,iNaturalist,"Yukon, Yukon, Canada","Yukon, Yukon, Canada",60.6996611,-135.0155333,rsealy,cc-by-nc,2025-11-26 03:39:51.185787
Calypso,bulbosa,https://inaturalist-open-data.s3.amazonaws.com/photos/551826120/original.jpg,iNaturalist,"Anatone, WA 99401, USA","Anatone, WA 99401, USA",46.0807538,-117.1708253,slarson8,cc-by-nc,2025-11-26 03:39:51.120035
Calypso,bulbosa,https://static.inaturalist.org/photos/551833663/original.jpg,iNaturalist,"South Dakota, US","South Dakota, US",44.5948900,-103.9000472,kara_ashcraft,,2025-11-26 03:39:51.048883
Calypso,bulbosa,https://static.inaturalist.org/photos/552458864/original.jpg,iNaturalist,"Cowichan Valley, CA-BC, CA","Cowichan Valley, CA-BC, CA",48.5666559,-123.5282286,paulhenryoppers,,2025-11-26 03:39:50.979209
Calypso,bulbosa,https://inaturalist-open-data.s3.amazonaws.com/photos/552535534/original.jpg,iNaturalist,,,,,slarson8,cc-by-nc,2025-11-26 03:39:50.915362
Cephalanthera,austiniae,https://inaturalist-open-data.s3.amazonaws.com/photos/521165028/original.jpg,GBIF,United States of America,,38.2434700,-120.2659080,dday81,http://creativecommons.org/licenses/by-nc/4.0/,2025-11-26 03:41:29.942915
Cephalanthera,austiniae,https://inaturalist-open-data.s3.amazonaws.com/photos/480751920/original.jpg,GBIF,,,,,,,2025-11-08 23:28:42.046972
Cephalanthera,austiniae,https://inaturalist-open-data.s3.amazonaws.com/photos/480751961/original.jpg,GBIF,,,,,,,2025-11-08 23:28:42.052054
Cephalanthera,austiniae,https://inaturalist-open-data.s3.amazonaws.com/photos/496908139/original.jpg,GBIF,,,,,,,2025-11-08 23:28:42.055782
Cephalanthera,austiniae,https://inaturalist-open-data.s3.amazonaws.com/photos/496908250/original.jpg,GBIF,,,,,,,2025-11-08 23:28:42.059772
Cephalanthera,austiniae,https://inaturalist-open-data.s3.amazonaws.com/photos/497203185/original.jpg,GBIF,,,,,,,2025-11-08 23:28:42.063653
Cephalanthera,austiniae,https://inaturalist-open-data.s3.amazonaws.com/photos/497203164/original.jpg,GBIF,,,,,,,2025-11-08 23:28:42.067837
Cephalanthera,austiniae,https://inaturalist-open-data.s3.amazonaws.com/photos/505298615/original.jpg,GBIF,,,,,,,2025-11-08 23:28:42.071502
Cephalanthera,austiniae,https://inaturalist-open-data.s3.amazonaws.com/photos/510094945/original.jpg,GBIF,,,,,,,2025-11-08 23:28:42.075696
Cephalanthera,austiniae,https://inaturalist-open-data.s3.amazonaws.com/photos/507019107/original.jpg,GBIF,,,,,,,2025-11-08 23:28:42.079871
Cephalanthera,austiniae,https://inaturalist-open-data.s3.amazonaws.com/photos/507019048/original.jpg,GBIF,,,,,,,2025-11-08 23:28:42.083960
Cephalanthera,austiniae,https://inaturalist-open-data.s3.amazonaws.com/photos/506898179/original.jpg,GBIF,,,,,,,2025-11-08 23:28:42.087737
Cephalanthera,austiniae,https://inaturalist-open-data.s3.amazonaws.com/photos/510023112/original.jpg,GBIF,,,,,,,2025-11-08 23:28:42.091707
Cephalanthera,austiniae,https://inaturalist-open-data.s3.amazonaws.com/photos/508929503/original.jpg,GBIF,,,,,,,2025-11-08 23:28:42.095316
Cephalanthera,austiniae,https://inaturalist-open-data.s3.amazonaws.com/photos/508929281/original.jpg,GBIF,,,,,,,2025-11-08 23:28:42.099286
Cephalanthera,austiniae,https://inaturalist-open-data.s3.amazonaws.com/photos/508929491/original.jpg,GBIF,,,,,,,2025-11-08 23:28:42.103137
Cephalanthera,austiniae,https://inaturalist-open-data.s3.amazonaws.com/photos/508929519/original.jpg,GBIF,,,,,,,2025-11-08 23:28:42.106847
Cephalanthera,austiniae,https://inaturalist-open-data.s3.amazonaws.com/photos/510622462/original.jpg,GBIF,,,,,,,2025-11-08 23:28:42.110775
Cephalanthera,austiniae,https://inaturalist-open-data.s3.amazonaws.com/photos/507160077/original.jpg,GBIF,,,,,,,2025-11-08 23:28:42.114758
Cephalanthera,austiniae,https://inaturalist-open-data.s3.amazonaws.com/photos/506582663/original.jpg,GBIF,,,,,,,2025-11-08 23:28:42.118400
Cephalanthera,austiniae,https://inaturalist-open-data.s3.amazonaws.com/photos/508130870/original.jpg,GBIF,,,,,,,2025-11-08 23:28:42.123020
Cephalanthera,austiniae,https://inaturalist-open-data.s3.amazonaws.com/photos/506022693/original.jpg,GBIF,,,,,,,2025-11-08 23:28:42.127203
Cephalanthera,austiniae,https://inaturalist-open-data.s3.amazonaws.com/photos/506022712/original.jpg,GBIF,,,,,,,2025-11-08 23:28:42.133987
Cephalanthera,austiniae,https://inaturalist-open-data.s3.amazonaws.com/photos/506022691/original.jpg,GBIF,,,,,,,2025-11-08 23:28:42.137906
Cephalanthera,austiniae,https://inaturalist-open-data.s3.amazonaws.com/photos/506022692/original.jpg,GBIF,,,,,,,2025-11-08 23:28:42.142177
Cephalanthera,austiniae,https://inaturalist-open-data.s3.amazonaws.com/photos/506022734/original.jpg,GBIF,,,,,,,2025-11-08 23:28:42.146208
Cephalanthera,austiniae,https://inaturalist-open-data.s3.amazonaws.com/photos/506022732/original.jpg,GBIF,,,,,,,2025-11-08 23:28:42.150531
Cephalanthera,austiniae,https://inaturalist-open-data.s3.amazonaws.com/photos/506022717/original.jpg,GBIF,,,,,,,2025-11-08 23:28:42.154666
Cephalanthera,austiniae,https://inaturalist-open-data.s3.amazonaws.com/photos/506022698/original.jpg,GBIF,,,,,,,2025-11-08 23:28:42.159114
Cephalanthera,austiniae,https://inaturalist-open-data.s3.amazonaws.com/photos/507069790/original.jpg,GBIF,,,,,,,2025-11-08 23:28:42.163401
Cephalanthera,austiniae,https://inaturalist-open-data.s3.amazonaws.com/photos/510515030/original.jpg,GBIF,,,,,,,2025-11-08 23:28:42.167452
Cephalanthera,austiniae,https://inaturalist-open-data.s3.amazonaws.com/photos/509832960/original.jpg,GBIF,United States of America,,45.6947530,-121.4594870,fatbirb,http://creativecommons.org/licenses/by-nc/4.0/,2025-11-26 03:41:08.898198
Cephalanthera,austiniae,https://inaturalist-open-data.s3.amazonaws.com/photos/507860902/original.jpg,GBIF,United States of America,,44.6346730,-123.3009200,mike_albrecht,http://creativecommons.org/licenses/by-nc/4.0/,2025-11-26 03:41:09.445128
Cephalanthera,austiniae,https://inaturalist-open-data.s3.amazonaws.com/photos/510820111/original.jpg,GBIF,United States of America,,45.7963720,-121.5373220,Emily Scherer,http://creativecommons.org/licenses/by-nc/4.0/,2025-11-26 03:41:09.508990
Cephalanthera,austiniae,https://inaturalist-open-data.s3.amazonaws.com/photos/511205025/original.jpg,GBIF,United States of America,,45.6923900,-121.4555220,krissquirrely,http://creativecommons.org/licenses/by-nc/4.0/,2025-11-26 03:41:09.700887
Cephalanthera,austiniae,https://inaturalist-open-data.s3.amazonaws.com/photos/507021203/original.jpg,GBIF,United States of America,,45.6921500,-121.4533470,Lecia Schall,http://creativecommons.org/licenses/by-nc/4.0/,2025-11-26 03:41:09.765204
Cephalanthera,austiniae,https://inaturalist-open-data.s3.amazonaws.com/photos/509473166/original.jpg,GBIF,United States of America,,39.1910530,-120.8245380,Jeanne MW,http://creativecommons.org/licenses/by-nc/4.0/,2025-11-26 03:41:09.833522
Cephalanthera,austiniae,https://inaturalist-open-data.s3.amazonaws.com/photos/505901354/original.jpg,GBIF,United States of America,,45.6921470,-121.4533700,smilacina,http://creativecommons.org/licenses/by-nc/4.0/,2025-11-26 03:41:09.973566
Cephalanthera,austiniae,https://inaturalist-open-data.s3.amazonaws.com/photos/510300233/original.jpg,GBIF,United States of America,,43.9820620,-123.0935050,paulgordon,http://creativecommons.org/licenses/by-nc/4.0/,2025-11-26 03:41:10.234336
Cephalanthera,austiniae,https://inaturalist-open-data.s3.amazonaws.com/photos/510041510/original.jpg,GBIF,United States of America,,39.2000470,-121.0520860,Christopher Foott,http://creativecommons.org/publicdomain/zero/1.0/,2025-11-26 03:41:10.299110
Cephalanthera,austiniae,https://inaturalist-open-data.s3.amazonaws.com/photos/508929857/original.jpg,GBIF,United States of America,,38.6972760,-122.6464030,JoeJoe Clark,http://creativecommons.org/licenses/by-nc/4.0/,2025-11-26 03:41:11.128135
Cephalanthera,austiniae,https://inaturalist-open-data.s3.amazonaws.com/photos/513134284/original.jpg,GBIF,United States of America,,45.8048790,-121.6694880,Drew Meyer,http://creativecommons.org/publicdomain/zero/1.0/,2025-11-26 03:41:11.391095
Cephalanthera,austiniae,https://inaturalist-open-data.s3.amazonaws.com/photos/514199192/original.jpg,GBIF,United States of America,,45.7133100,-121.7177690,Christopher Burton,http://creativecommons.org/licenses/by/4.0/,2025-11-26 03:41:11.455347
Cephalanthera,austiniae,https://inaturalist-open-data.s3.amazonaws.com/photos/514770430/original.jpg,GBIF,United States of America,,44.6396490,-123.2947680,brettperrigan,http://creativecommons.org/licenses/by-nc/4.0/,2025-11-26 03:41:11.730594
Cephalanthera,austiniae,https://inaturalist-open-data.s3.amazonaws.com/photos/512680377/original.jpg,GBIF,United States of America,,40.6985630,-123.3609170,micesloan,http://creativecommons.org/licenses/by-nc/4.0/,2025-11-26 03:41:11.921986
Cephalanthera,austiniae,https://inaturalist-open-data.s3.amazonaws.com/photos/512758793/original.jpg,GBIF,United States of America,,48.7372070,-122.4828440,ichneumon,http://creativecommons.org/licenses/by-nc/4.0/,2025-11-26 03:41:11.986003
Cephalanthera,austiniae,https://inaturalist-open-data.s3.amazonaws.com/photos/509858828/original.jpg,GBIF,Canada,,49.0178830,-121.8252960,Emily Main,http://creativecommons.org/licenses/by-nc/4.0/,2025-11-26 03:41:12.115863
Cephalanthera,austiniae,https://inaturalist-open-data.s3.amazonaws.com/photos/511921697/original.jpg,GBIF,United States of America,,41.2272220,-122.2759470,Christian Schwarz,http://creativecommons.org/licenses/by-nc/4.0/,2025-11-26 03:41:12.180537
Cephalanthera,austiniae,https://inaturalist-open-data.s3.amazonaws.com/photos/512389130/original.jpg,GBIF,United States of America,,39.4817580,-120.8616030,eraofthesea,http://creativecommons.org/licenses/by-nc/4.0/,2025-11-26 03:41:12.311290
Cephalanthera,austiniae,https://inaturalist-open-data.s3.amazonaws.com/photos/512591307/original.jpg,GBIF,United States of America,,39.4477230,-121.1665040,allie cortese,http://creativecommons.org/licenses/by-nc/4.0/,2025-11-26 03:41:12.514752
Cephalanthera,austiniae,https://inaturalist-open-data.s3.amazonaws.com/photos/512548966/original.jpg,GBIF,United States of America,,48.7377470,-122.4854510,Gavin Gannon,http://creativecommons.org/licenses/by-nc/4.0/,2025-11-26 03:41:12.582512
Cephalanthera,austiniae,https://inaturalist-open-data.s3.amazonaws.com/photos/514350325/original.jpg,GBIF,United States of America,,44.6396490,-123.2947680,brettperrigan,http://creativecommons.org/licenses/by-nc/4.0/,2025-11-26 03:41:12.647389
Cephalanthera,austiniae,https://inaturalist-open-data.s3.amazonaws.com/photos/514869370/original.jpg,GBIF,United States of America,,45.5067380,-122.6930240,amngdnk,http://creativecommons.org/licenses/by-nc/4.0/,2025-11-26 03:41:12.841791
Cephalanthera,austiniae,https://inaturalist-open-data.s3.amazonaws.com/photos/514926649/original.jpg,GBIF,United States of America,,41.2272470,-122.2759730,Dean Lyons,http://creativecommons.org/licenses/by-nc/4.0/,2025-11-26 03:41:12.979086
Cephalanthera,austiniae,https://inaturalist-open-data.s3.amazonaws.com/photos/513820771/original.jpg,GBIF,Canada,,49.0350490,-122.2938380,Joan Septembre,http://creativecommons.org/licenses/by-nc/4.0/,2025-11-26 03:41:13.136383
Cephalanthera,austiniae,https://inaturalist-open-data.s3.amazonaws.com/photos/512480089/original.jpg,GBIF,United States of America,,41.2271300,-122.2759110,Justin Paulin,http://creativecommons.org/licenses/by/4.0/,2025-11-26 03:41:13.203861
Cephalanthera,austiniae,https://inaturalist-open-data.s3.amazonaws.com/photos/514456506/original.jpg,GBIF,United States of America,,41.2272250,-122.2759620,David Greenberger,http://creativecommons.org/licenses/by-nc-nd/4.0/,2025-11-26 03:41:13.396308
Cephalanthera,austiniae,https://inaturalist-open-data.s3.amazonaws.com/photos/512693197/original.jpg,GBIF,United States of America,,41.2272080,-122.2759870,mossygirl,http://creativecommons.org/licenses/by-nc/4.0/,2025-11-26 03:41:13.587741
Cephalanthera,austiniae,https://inaturalist-open-data.s3.amazonaws.com/photos/514798510/original.jpg,GBIF,United States of America,,44.6396490,-123.2947680,brettperrigan,http://creativecommons.org/licenses/by-nc/4.0/,2025-11-26 03:41:13.716139
Cephalanthera,austiniae,https://inaturalist-open-data.s3.amazonaws.com/photos/514486762/original.jpg,GBIF,United States of America,,40.8720870,-122.8718250,Justin Garwood,http://creativecommons.org/licenses/by-nc/4.0/,2025-11-26 03:41:13.909886
Cephalanthera,austiniae,https://inaturalist-open-data.s3.amazonaws.com/photos/515490369/original.jpg,GBIF,United States of America,,41.1604080,-122.3070430,David Greenberger,http://creativecommons.org/licenses/by-nc-nd/4.0/,2025-11-26 03:41:13.974109
Cephalanthera,austiniae,https://inaturalist-open-data.s3.amazonaws.com/photos/515467113/original.jpg,GBIF,United States of America,,41.1593380,-122.3058800,David Greenberger,http://creativecommons.org/licenses/by-nc-nd/4.0/,2025-11-26 03:41:14.101730
Cephalanthera,austiniae,https://inaturalist-open-data.s3.amazonaws.com/photos/519050988/original.jpg,GBIF,United States of America,,45.7023700,-121.7098220,fraseran,http://creativecommons.org/licenses/by-nc/4.0/,2025-11-26 03:41:14.165795
Cephalanthera,austiniae,https://inaturalist-open-data.s3.amazonaws.com/photos/519050746/original.jpg,GBIF,United States of America,,45.7025620,-121.7081530,fraseran,http://creativecommons.org/licenses/by-nc/4.0/,2025-11-26 03:41:14.294251
Cephalanthera,austiniae,https://inaturalist-open-data.s3.amazonaws.com/photos/522726451/original.jpg,GBIF,United States of America,,41.1587060,-122.3035940,Gavin Finley,http://creativecommons.org/licenses/by-nc/4.0/,2025-11-26 03:41:14.504555
Cephalanthera,austiniae,https://inaturalist-open-data.s3.amazonaws.com/photos/522726398/original.jpg,GBIF,United States of America,,41.1603640,-122.3116640,Gavin Finley,http://creativecommons.org/licenses/by-nc/4.0/,2025-11-26 03:41:14.568219
Cephalanthera,austiniae,https://inaturalist-open-data.s3.amazonaws.com/photos/522726387/original.jpg,GBIF,United States of America,,41.1603640,-122.3116640,Gavin Finley,http://creativecommons.org/licenses/by-nc/4.0/,2025-11-26 03:41:14.631440
Cephalanthera,austiniae,https://inaturalist-open-data.s3.amazonaws.com/photos/508364195/original.jpg,GBIF,United States of America,,39.5227920,-121.2928240,Colin J Pryor,http://creativecommons.org/licenses/by/4.0/,2025-11-26 03:41:14.695179
Cephalanthera,austiniae,https://inaturalist-open-data.s3.amazonaws.com/photos/514340043/original.jpg,GBIF,United States of America,,45.7037390,-121.7066690,mollogram4,http://creativecommons.org/licenses/by-nc/4.0/,2025-11-26 03:41:14.890133
Cephalanthera,austiniae,https://inaturalist-open-data.s3.amazonaws.com/photos/514985121/original.jpg,GBIF,United States of America,,45.7067690,-121.7389240,Lee Lynn Michel Thompson,http://creativecommons.org/licenses/by-nc/4.0/,2025-11-26 03:41:15.144168
Cephalanthera,austiniae,https://inaturalist-open-data.s3.amazonaws.com/photos/516164063/original.jpg,GBIF,United States of America,,41.1485250,-122.3116730,Quiver Watts,http://creativecommons.org/licenses/by-nc/4.0/,2025-11-26 03:41:15.337868
Cephalanthera,austiniae,https://inaturalist-open-data.s3.amazonaws.com/photos/518011103/original.jpg,GBIF,Canada,,49.1818740,-122.2909690,John D Reynolds,http://creativecommons.org/licenses/by-nc/4.0/,2025-11-26 03:41:15.784223
Cephalanthera,austiniae,https://inaturalist-open-data.s3.amazonaws.com/photos/518010906/original.jpg,GBIF,Canada,,49.1046840,-122.3086440,John D Reynolds,http://creativecommons.org/licenses/by-nc/4.0/,2025-11-26 03:41:15.848161
Cephalanthera,austiniae,https://inaturalist-open-data.s3.amazonaws.com/photos/517982790/original.jpg,GBIF,Canada,,49.0255160,-122.3774820,John D Reynolds,http://creativecommons.org/licenses/by-nc/4.0/,2025-11-26 03:41:15.912096
Cephalanthera,austiniae,https://inaturalist-open-data.s3.amazonaws.com/photos/516393346/original.jpg,GBIF,United States of America,,39.5525910,-121.0792490,Oliver,http://creativecommons.org/licenses/by-nc/4.0/,2025-11-26 03:41:15.977609
Cephalanthera,austiniae,https://inaturalist-open-data.s3.amazonaws.com/photos/517457152/original.jpg,GBIF,United States of America,,40.8189330,-123.5942800,Nick Nuebel,http://creativecommons.org/licenses/by-nc/4.0/,2025-11-26 03:41:16.299196
Cephalanthera,austiniae,https://inaturalist-open-data.s3.amazonaws.com/photos/518010892/original.jpg,GBIF,Canada,,49.1175270,-122.2736310,John D Reynolds,http://creativecommons.org/licenses/by-nc/4.0/,2025-11-26 03:41:16.427392
Cephalanthera,austiniae,https://inaturalist-open-data.s3.amazonaws.com/photos/516164297/original.jpg,GBIF,United States of America,,41.1485250,-122.3116730,Quiver Watts,http://creativecommons.org/licenses/by-nc/4.0/,2025-11-26 03:41:16.491276
Cephalanthera,austiniae,https://inaturalist-open-data.s3.amazonaws.com/photos/517338940/original.jpg,GBIF,United States of America,,44.0078380,-122.9512040,Bruce Newhouse,http://creativecommons.org/licenses/by-nc-nd/4.0/,2025-11-26 03:41:16.810277
Cephalanthera,austiniae,https://inaturalist-open-data.s3.amazonaws.com/photos/516421676/original.jpg,GBIF,Canada,,49.1470980,-122.1493250,Quirien Mulder ten Kate,http://creativecommons.org/licenses/by-nc/4.0/,2025-11-26 03:41:16.939122
Cephalanthera,austiniae,https://inaturalist-open-data.s3.amazonaws.com/photos/517359140/original.jpg,GBIF,United States of America,,38.2113060,-120.0923780,Greenstick,http://creativecommons.org/licenses/by-nc/4.0/,2025-11-26 03:41:17.003615
Cephalanthera,austiniae,https://inaturalist-open-data.s3.amazonaws.com/photos/516746488/original.jpg,GBIF,United States of America,,45.7169330,-121.4246600,xiaomifong,http://creativecommons.org/licenses/by-nc/4.0/,2025-11-26 03:41:17.261257
Cephalanthera,austiniae,https://inaturalist-open-data.s3.amazonaws.com/photos/518010805/original.jpg,GBIF,Canada,,49.0614230,-122.3682890,John D Reynolds,http://creativecommons.org/licenses/by-nc/4.0/,2025-11-26 03:41:17.392938
Cephalanthera,austiniae,https://inaturalist-open-data.s3.amazonaws.com/photos/517807468/original.jpg,GBIF,United States of America,,39.8423600,-121.4784710,Mary E Muchowski,http://creativecommons.org/licenses/by-nc/4.0/,2025-11-26 03:41:17.456423
Cephalanthera,austiniae,https://inaturalist-open-data.s3.amazonaws.com/photos/523670241/original.jpg,GBIF,Canada,,49.1846770,-121.8570940,William C. McKnight,http://creativecommons.org/licenses/by/4.0/,2025-11-26 03:41:17.521615
Cephalanthera,austiniae,https://inaturalist-open-data.s3.amazonaws.com/photos/517214146/original.jpg,GBIF,United States of America,,40.3267510,-123.9863080,maper1200,http://creativecommons.org/licenses/by-nc/4.0/,2025-11-26 03:41:17.779248
Cephalanthera,austiniae,https://inaturalist-open-data.s3.amazonaws.com/photos/518568470/original.jpg,GBIF,United States of America,,45.6903820,-121.7861560,66dodge,http://creativecommons.org/licenses/by/4.0/,2025-11-26 03:41:18.005144
Cephalanthera,austiniae,https://inaturalist-open-data.s3.amazonaws.com/photos/517982661/original.jpg,GBIF,Canada,,49.0182400,-122.3141540,John D Reynolds,http://creativecommons.org/licenses/by-nc/4.0/,2025-11-26 03:41:18.067894
Cephalanthera,austiniae,https://inaturalist-open-data.s3.amazonaws.com/photos/516421621/original.jpg,GBIF,Canada,,49.0594020,-122.1616010,Quirien Mulder ten Kate,http://creativecommons.org/licenses/by-nc/4.0/,2025-11-26 03:41:18.133740
Cephalanthera,austiniae,https://inaturalist-open-data.s3.amazonaws.com/photos/517967386/original.jpg,GBIF,Canada,,49.0336000,-122.3101710,John D Reynolds,http://creativecommons.org/licenses/by-nc/4.0/,2025-11-26 03:41:18.274521
Cephalanthera,austiniae,https://inaturalist-open-data.s3.amazonaws.com/photos/517967471/original.jpg,GBIF,Canada,,49.0449520,-122.2752660,John D Reynolds,http://creativecommons.org/licenses/by-nc/4.0/,2025-11-26 03:41:18.343012
Cephalanthera,austiniae,https://inaturalist-open-data.s3.amazonaws.com/photos/518383711/original.jpg,GBIF,United States of America,,43.5068750,-122.4345330,Keira Cameron,http://creativecommons.org/licenses/by-nc/4.0/,2025-11-26 03:41:18.417589
Cephalanthera,austiniae,https://inaturalist-open-data.s3.amazonaws.com/photos/517982663/original.jpg,GBIF,Canada,,49.0520940,-122.3603090,John D Reynolds,http://creativecommons.org/licenses/by-nc/4.0/,2025-11-26 03:41:18.500948
Cephalanthera,austiniae,https://inaturalist-open-data.s3.amazonaws.com/photos/517982798/original.jpg,GBIF,Canada,,49.1399450,-122.2150160,John D Reynolds,http://creativecommons.org/licenses/by-nc/4.0/,2025-11-26 03:41:18.587341
Cephalanthera,austiniae,https://inaturalist-open-data.s3.amazonaws.com/photos/517982546/original.jpg,GBIF,Canada,,49.0850830,-122.3732140,John D Reynolds,http://creativecommons.org/licenses/by-nc/4.0/,2025-11-26 03:41:18.652930
Cephalanthera,austiniae,https://inaturalist-open-data.s3.amazonaws.com/photos/518065804/original.jpg,GBIF,Canada,,49.0320790,-122.2692290,Joan Septembre,http://creativecommons.org/licenses/by-nc/4.0/,2025-11-26 03:41:18.717314
Cephalanthera,austiniae,https://inaturalist-open-data.s3.amazonaws.com/photos/519084227/original.jpg,GBIF,United States of America,,39.4568410,-121.0506060,bbtyler,http://creativecommons.org/licenses/by-nc/4.0/,2025-11-26 03:41:18.781391
Cephalanthera,austiniae,https://inaturalist-open-data.s3.amazonaws.com/photos/517967389/original.jpg,GBIF,Canada,,49.0908230,-122.2302610,John D Reynolds,http://creativecommons.org/licenses/by-nc/4.0/,2025-11-26 03:41:18.844864
Cephalanthera,austiniae,https://inaturalist-open-data.s3.amazonaws.com/photos/517982585/original.jpg,GBIF,Canada,,49.0952470,-122.3023380,John D Reynolds,http://creativecommons.org/licenses/by-nc/4.0/,2025-11-26 03:41:18.912226
Cephalanthera,austiniae,https://inaturalist-open-data.s3.amazonaws.com/photos/517982786/original.jpg,GBIF,Canada,,49.0771950,-122.3917740,John D Reynolds,http://creativecommons.org/licenses/by-nc/4.0/,2025-11-26 03:41:18.992418
Cephalanthera,austiniae,https://inaturalist-open-data.s3.amazonaws.com/photos/518011100/original.jpg,GBIF,Canada,,49.0460370,-122.3598280,John D Reynolds,http://creativecommons.org/licenses/by-nc/4.0/,2025-11-26 03:41:19.055003
Cephalanthera,austiniae,https://inaturalist-open-data.s3.amazonaws.com/photos/518010861/original.jpg,GBIF,Canada,,49.1706930,-122.3403150,John D Reynolds,http://creativecommons.org/licenses/by-nc/4.0/,2025-11-26 03:41:19.118622
Cephalanthera,austiniae,https://inaturalist-open-data.s3.amazonaws.com/photos/518010881/original.jpg,GBIF,Canada,,49.1342090,-122.2121320,John D Reynolds,http://creativecommons.org/licenses/by-nc/4.0/,2025-11-26 03:41:19.181833
Cephalanthera,austiniae,https://inaturalist-open-data.s3.amazonaws.com/photos/517982756/original.jpg,GBIF,Canada,,49.0175790,-122.2919700,John D Reynolds,http://creativecommons.org/licenses/by-nc/4.0/,2025-11-26 03:41:19.248622
Cephalanthera,austiniae,https://inaturalist-open-data.s3.amazonaws.com/photos/517982715/original.jpg,GBIF,Canada,,49.0874210,-122.2503080,John D Reynolds,http://creativecommons.org/licenses/by-nc/4.0/,2025-11-26 03:41:19.325593
Cephalanthera,austiniae,https://inaturalist-open-data.s3.amazonaws.com/photos/516293109/original.jpg,GBIF,Canada,,49.0215340,-121.9880250,dlsoutar,http://creativecommons.org/licenses/by-nc/4.0/,2025-11-26 03:41:19.390066
Cephalanthera,austiniae,https://inaturalist-open-data.s3.amazonaws.com/photos/518611051/original.jpg,GBIF,Canada,,49.1520480,-122.3038900,Joan Septembre,http://creativecommons.org/licenses/by-nc/4.0/,2025-11-26 03:41:19.462066
Cephalanthera,austiniae,https://inaturalist-open-data.s3.amazonaws.com/photos/516421569/original.jpg,GBIF,Canada,,49.1662430,-122.0020230,Quirien Mulder ten Kate,http://creativecommons.org/licenses/by-nc/4.0/,2025-11-26 03:41:19.526842
Cephalanthera,austiniae,https://inaturalist-open-data.s3.amazonaws.com/photos/518100571/original.jpg,GBIF,United States of America,,41.6589080,-123.7811800,battreetweller,http://creativecommons.org/licenses/by-nc/4.0/,2025-11-26 03:41:19.591668
Cephalanthera,austiniae,https://inaturalist-open-data.s3.amazonaws.com/photos/517982657/original.jpg,GBIF,Canada,,49.1508240,-122.2338600,John D Reynolds,http://creativecommons.org/licenses/by-nc/4.0/,2025-11-26 03:41:19.656103
Cephalanthera,austiniae,https://inaturalist-open-data.s3.amazonaws.com/photos/517982697/original.jpg,GBIF,Canada,,49.0641130,-122.2971440,John D Reynolds,http://creativecommons.org/licenses/by-nc/4.0/,2025-11-26 03:41:19.719659
Cephalanthera,austiniae,https://inaturalist-open-data.s3.amazonaws.com/photos/517982755/original.jpg,GBIF,Canada,,49.1213000,-122.3551630,John D Reynolds,http://creativecommons.org/licenses/by-nc/4.0/,2025-11-26 03:41:19.784666
Cephalanthera,austiniae,https://inaturalist-open-data.s3.amazonaws.com/photos/518062586/original.jpg,GBIF,Canada,,49.0818890,-122.3116800,Joan Septembre,http://creativecommons.org/licenses/by-nc/4.0/,2025-11-26 03:41:19.851804
Cephalanthera,austiniae,https://inaturalist-open-data.s3.amazonaws.com/photos/517982716/original.jpg,GBIF,Canada,,49.1453380,-122.3653340,John D Reynolds,http://creativecommons.org/licenses/by-nc/4.0/,2025-11-26 03:41:19.981943
Cephalanthera,austiniae,https://inaturalist-open-data.s3.amazonaws.com/photos/517982754/original.jpg,GBIF,Canada,,49.0012380,-122.3626370,John D Reynolds,http://creativecommons.org/licenses/by-nc/4.0/,2025-11-26 03:41:20.061414
Cephalanthera,austiniae,https://inaturalist-open-data.s3.amazonaws.com/photos/516421656/original.jpg,GBIF,Canada,,49.0703020,-122.1451890,Quirien Mulder ten Kate,http://creativecommons.org/licenses/by-nc/4.0/,2025-11-26 03:41:20.130024
Cephalanthera,austiniae,https://inaturalist-open-data.s3.amazonaws.com/photos/520850492/original.jpg,GBIF,United States of America,,40.8373770,-123.7043180,plant_lov3r,http://creativecommons.org/licenses/by-nc/4.0/,2025-11-26 03:41:20.289818
Cephalanthera,austiniae,https://inaturalist-open-data.s3.amazonaws.com/photos/520093345/original.jpg,GBIF,Canada,,49.1912580,-122.3082350,Quirien Mulder ten Kate,http://creativecommons.org/licenses/by-nc/4.0/,2025-11-26 03:41:20.646511
Cephalanthera,austiniae,https://inaturalist-open-data.s3.amazonaws.com/photos/520857042/original.jpg,GBIF,United States of America,,48.7304440,-122.4816200,opspe,http://creativecommons.org/licenses/by-nc/4.0/,2025-11-26 03:41:20.717595
Cephalanthera,austiniae,https://inaturalist-open-data.s3.amazonaws.com/photos/519110153/original.jpg,GBIF,United States of America,,45.5184870,-122.7196970,calebito,http://creativecommons.org/licenses/by-nc/4.0/,2025-11-26 03:41:20.792907
Cephalanthera,austiniae,https://inaturalist-open-data.s3.amazonaws.com/photos/519386850/original.jpg,GBIF,United States of America,,44.6428850,-123.3135980,Marcus Andrews,http://creativecommons.org/licenses/by-nc/4.0/,2025-11-26 03:41:21.223474
Cephalanthera,austiniae,https://inaturalist-open-data.s3.amazonaws.com/photos/520092494/original.jpg,GBIF,Canada,,49.0302860,-122.3553850,Quirien Mulder ten Kate,http://creativecommons.org/licenses/by-nc/4.0/,2025-11-26 03:41:22.108157
Cephalanthera,austiniae,https://inaturalist-open-data.s3.amazonaws.com/photos/520092390/original.jpg,GBIF,Canada,,49.1274630,-122.3448540,Quirien Mulder ten Kate,http://creativecommons.org/licenses/by-nc/4.0/,2025-11-26 03:41:22.249687
Cephalanthera,austiniae,https://inaturalist-open-data.s3.amazonaws.com/photos/519002209/original.jpg,GBIF,United States of America,,47.6320800,-120.6738370,szeligaw,http://creativecommons.org/licenses/by-nc/4.0/,2025-11-26 03:41:22.382488
Cephalanthera,austiniae,https://inaturalist-open-data.s3.amazonaws.com/photos/520093022/original.jpg,GBIF,Canada,,49.0299900,-122.2957180,Quirien Mulder ten Kate,http://creativecommons.org/licenses/by-nc/4.0/,2025-11-26 03:41:22.450921
Cephalanthera,austiniae,https://inaturalist-open-data.s3.amazonaws.com/photos/519568801/original.jpg,GBIF,United States of America,,43.9777800,-123.0903350,fiddlebugg,http://creativecommons.org/licenses/by-nc/4.0/,2025-11-26 03:41:22.521910
Cephalanthera,austiniae,https://inaturalist-open-data.s3.amazonaws.com/photos/519064923/original.jpg,GBIF,United States of America,,45.7387370,-121.6300420,jbmorefield,http://creativecommons.org/licenses/by-nc/4.0/,2025-11-26 03:41:22.732910
Cephalanthera,austiniae,https://inaturalist-open-data.s3.amazonaws.com/photos/521575811/original.jpg,GBIF,Canada,,49.0053370,-122.3087050,Terry M,http://creativecommons.org/licenses/by-nc/4.0/,2025-11-26 03:41:22.934520
Cephalanthera,austiniae,https://inaturalist-open-data.s3.amazonaws.com/photos/518475051/original.jpg,GBIF,United States of America,,39.5527150,-121.0975190,allie cortese,http://creativecommons.org/licenses/by-nc/4.0/,2025-11-26 03:41:23.191145
Cephalanthera,austiniae,https://inaturalist-open-data.s3.amazonaws.com/photos/520093390/original.jpg,GBIF,Canada,,49.1528160,-122.3289030,Quirien Mulder ten Kate,http://creativecommons.org/licenses/by-nc/4.0/,2025-11-26 03:41:23.254372
Cephalanthera,austiniae,https://inaturalist-open-data.s3.amazonaws.com/photos/520093113/original.jpg,GBIF,Canada,,49.0285980,-122.3214200,Quirien Mulder ten Kate,http://creativecommons.org/licenses/by-nc/4.0/,2025-11-26 03:41:23.380965
Cephalanthera,austiniae,https://inaturalist-open-data.s3.amazonaws.com/photos/521019320/original.jpg,GBIF,Canada,,48.5650220,-123.4014470,Brian Starzomski,http://creativecommons.org/licenses/by-nc/4.0/,2025-11-26 03:41:23.508394
Cephalanthera,austiniae,https://inaturalist-open-data.s3.amazonaws.com/photos/521555201/original.jpg,GBIF,United States of America,,42.1442210,-122.5012920,akerwin70,http://creativecommons.org/licenses/by-nc/4.0/,2025-11-26 03:41:24.569202
Cephalanthera,austiniae,https://inaturalist-open-data.s3.amazonaws.com/photos/521443933/original.jpg,GBIF,Canada,,48.5995700,-123.5953470,Steph Brulot-Sawchyn,http://creativecommons.org/publicdomain/zero/1.0/,2025-11-26 03:41:24.643124
Cephalanthera,austiniae,https://inaturalist-open-data.s3.amazonaws.com/photos/519069647/original.jpg,GBIF,United States of America,,45.7789530,-121.3978500,jbmorefield,http://creativecommons.org/licenses/by-nc/4.0/,2025-11-26 03:41:24.835844
Cephalanthera,austiniae,https://inaturalist-open-data.s3.amazonaws.com/photos/520572026/original.jpg,GBIF,United States of America,,41.2782530,-122.3427280,caluchortus,http://creativecommons.org/licenses/by-nc/4.0/,2025-11-26 03:41:25.027107
Cephalanthera,austiniae,https://inaturalist-open-data.s3.amazonaws.com/photos/520092444/original.jpg,GBIF,Canada,,49.1221630,-122.3178020,Quirien Mulder ten Kate,http://creativecommons.org/licenses/by-nc/4.0/,2025-11-26 03:41:25.157466
Cephalanthera,austiniae,https://inaturalist-open-data.s3.amazonaws.com/photos/521166341/original.jpg,GBIF,United States of America,,38.2464170,-120.2627590,dday81,http://creativecommons.org/licenses/by-nc/4.0/,2025-11-26 03:41:25.220378
Cephalanthera,austiniae,https://inaturalist-open-data.s3.amazonaws.com/photos/521677723/original.jpg,GBIF,United States of America,,45.7788660,-121.4260280,Nate,http://creativecommons.org/licenses/by-nc/4.0/,2025-11-26 03:41:25.410014
Cephalanthera,austiniae,https://inaturalist-open-data.s3.amazonaws.com/photos/520606435/original.jpg,GBIF,United States of America,,45.8027980,-121.6438200,Dan Rubado,http://creativecommons.org/licenses/by-nc/4.0/,2025-11-26 03:41:25.604434
Cephalanthera,austiniae,https://inaturalist-open-data.s3.amazonaws.com/photos/521677507/original.jpg,GBIF,Canada,,49.0793880,-122.2404600,s_egolf,http://creativecommons.org/licenses/by-nc/4.0/,2025-11-26 03:41:25.733387
Cephalanthera,austiniae,https://inaturalist-open-data.s3.amazonaws.com/photos/521274751/original.jpg,GBIF,United States of America,,46.0257630,-115.7317750,griffineustermann,http://creativecommons.org/licenses/by-nc/4.0/,2025-11-26 03:41:25.867186
Cephalanthera,austiniae,https://inaturalist-open-data.s3.amazonaws.com/photos/521614947/original.jpg,GBIF,United States of America,,43.7589610,-122.5362770,ptdotme,http://creativecommons.org/licenses/by-nc/4.0/,2025-11-26 03:41:25.950605
Cephalanthera,austiniae,https://inaturalist-open-data.s3.amazonaws.com/photos/521637432/original.jpg,GBIF,United States of America,,45.7238450,-123.0666800,corndog,http://creativecommons.org/licenses/by-nc/4.0/,2025-11-26 03:41:26.014498
Cephalanthera,austiniae,https://inaturalist-open-data.s3.amazonaws.com/photos/517982548/original.jpg,GBIF,Canada,,49.0135460,-122.3551040,John D Reynolds,http://creativecommons.org/licenses/by-nc/4.0/,2025-11-26 03:41:26.162595
Cephalanthera,austiniae,https://inaturalist-open-data.s3.amazonaws.com/photos/521586342/original.jpg,GBIF,United States of America,,44.0159810,-122.9675070,L. Faye,http://creativecommons.org/licenses/by-nc/4.0/,2025-11-26 03:41:26.227147
Cephalanthera,austiniae,https://inaturalist-open-data.s3.amazonaws.com/photos/520092906/original.jpg,GBIF,Canada,,49.1803340,-122.2214150,Quirien Mulder ten Kate,http://creativecommons.org/licenses/by-nc/4.0/,2025-11-26 03:41:26.290907
Cephalanthera,austiniae,https://inaturalist-open-data.s3.amazonaws.com/photos/520973866/original.jpg,GBIF,Canada,,48.5581610,-123.5114750,Liam Ragan,http://creativecommons.org/licenses/by-nc/4.0/,2025-11-26 03:41:26.360582
Cephalanthera,austiniae,https://inaturalist-open-data.s3.amazonaws.com/photos/520958196/original.jpg,GBIF,Canada,,48.4064360,-123.5432340,Dan,http://creativecommons.org/licenses/by-nc/4.0/,2025-11-26 03:41:27.248533
Cephalanthera,austiniae,https://inaturalist-open-data.s3.amazonaws.com/photos/519628329/original.jpg,GBIF,Canada,,48.4208470,-123.5237640,Rhia Ironside,http://creativecommons.org/licenses/by-nc/4.0/,2025-11-26 03:41:27.486158
Cephalanthera,austiniae,https://inaturalist-open-data.s3.amazonaws.com/photos/520595181/original.jpg,GBIF,United States of America,,43.0932560,-122.5195140,Gabriel Campbell,http://creativecommons.org/licenses/by/4.0/,2025-11-26 03:41:27.612188
Cephalanthera,austiniae,https://inaturalist-open-data.s3.amazonaws.com/photos/519949254/original.jpg,GBIF,United States of America,,44.6347080,-123.3009470,whibby,http://creativecommons.org/licenses/by-nc/4.0/,2025-11-26 03:41:27.768128
Cephalanthera,austiniae,https://inaturalist-open-data.s3.amazonaws.com/photos/520093496/original.jpg,GBIF,Canada,,49.0681650,-122.2980310,Quirien Mulder ten Kate,http://creativecommons.org/licenses/by-nc/4.0/,2025-11-26 03:41:27.932000
Cephalanthera,austiniae,https://inaturalist-open-data.s3.amazonaws.com/photos/519807014/original.jpg,GBIF,United States of America,,45.7028890,-121.7101940,Julia Prange,http://creativecommons.org/licenses/by-nc/4.0/,2025-11-26 03:41:28.058763
Cephalanthera,austiniae,https://inaturalist-open-data.s3.amazonaws.com/photos/520092779/original.jpg,GBIF,Canada,,49.0615970,-122.3984490,Quirien Mulder ten Kate,http://creativecommons.org/licenses/by-nc/4.0/,2025-11-26 03:41:28.353564
Cephalanthera,austiniae,https://inaturalist-open-data.s3.amazonaws.com/photos/519112488/original.jpg,GBIF,United States of America,,42.0962500,-123.0001090,Cesar Garcia,http://creativecommons.org/licenses/by-nc/4.0/,2025-11-26 03:41:28.416874
Cephalanthera,austiniae,https://inaturalist-open-data.s3.amazonaws.com/photos/519056369/original.jpg,GBIF,United States of America,,45.8159550,-121.8724450,moabhikers,http://creativecommons.org/licenses/by-nc/4.0/,2025-11-26 03:41:28.625090
Cephalanthera,austiniae,https://inaturalist-open-data.s3.amazonaws.com/photos/519142200/original.jpg,GBIF,United States of America,,41.3135920,-122.3301780,noelleharrison,http://creativecommons.org/licenses/by-nc/4.0/,2025-11-26 03:41:28.688595
Cephalanthera,austiniae,https://inaturalist-open-data.s3.amazonaws.com/photos/520093163/original.jpg,GBIF,Canada,,49.1690230,-122.3234160,Quirien Mulder ten Kate,http://creativecommons.org/licenses/by-nc/4.0/,2025-11-26 03:41:28.752092
Cephalanthera,austiniae,https://inaturalist-open-data.s3.amazonaws.com/photos/521677606/original.jpg,GBIF,Canada,,49.0248300,-122.3506500,s_egolf,http://creativecommons.org/licenses/by-nc/4.0/,2025-11-26 03:41:28.831492
Cephalanthera,austiniae,https://inaturalist-open-data.s3.amazonaws.com/photos/520092830/original.jpg,GBIF,Canada,,49.0855790,-122.2822330,Quirien Mulder ten Kate,http://creativecommons.org/licenses/by-nc/4.0/,2025-11-26 03:41:28.985711
Cephalanthera,austiniae,https://inaturalist-open-data.s3.amazonaws.com/photos/520002022/original.jpg,GBIF,Canada,,48.4741320,-123.5206900,hannahjglass,http://creativecommons.org/licenses/by-nc/4.0/,2025-11-26 03:41:29.055547
Cephalanthera,austiniae,https://inaturalist-open-data.s3.amazonaws.com/photos/519006925/original.jpg,GBIF,United States of America,,41.2800100,-122.3224020,acornynaturalist,http://creativecommons.org/licenses/by-nc/4.0/,2025-11-26 03:41:29.180457
Cephalanthera,austiniae,https://inaturalist-open-data.s3.amazonaws.com/photos/520184102/original.jpg,GBIF,United States of America,,45.5785130,-122.7888120,jeli90,http://creativecommons.org/licenses/by-nc/4.0/,2025-11-26 03:41:29.306969
Cephalanthera,austiniae,https://inaturalist-open-data.s3.amazonaws.com/photos/521515038/original.jpg,GBIF,United States of America,,44.5539860,-123.2780220,Don Boucher,http://creativecommons.org/licenses/by/4.0/,2025-11-26 03:41:29.370705
Cephalanthera,austiniae,https://inaturalist-open-data.s3.amazonaws.com/photos/520092957/original.jpg,GBIF,Canada,,49.1736150,-122.2839790,Quirien Mulder ten Kate,http://creativecommons.org/licenses/by-nc/4.0/,2025-11-26 03:41:29.620669
Cephalanthera,austiniae,https://inaturalist-open-data.s3.amazonaws.com/photos/520092334/original.jpg,GBIF,Canada,,49.0349450,-122.2699000,Quirien Mulder ten Kate,http://creativecommons.org/licenses/by-nc/4.0/,2025-11-26 03:41:29.750924
Cephalanthera,austiniae,https://inaturalist-open-data.s3.amazonaws.com/photos/520581828/original.jpg,GBIF,United States of America,,44.0158260,-122.9674300,prosecar,http://creativecommons.org/licenses/by-nc/4.0/,2025-11-26 03:41:30.072429
Cephalanthera,austiniae,https://inaturalist-open-data.s3.amazonaws.com/photos/521016275/original.jpg,GBIF,United States of America,,46.6247850,-116.1403870,Walter Fertig,http://creativecommons.org/publicdomain/zero/1.0/,2025-11-26 03:41:30.135271
Cephalanthera,austiniae,https://inaturalist-open-data.s3.amazonaws.com/photos/520667952/original.jpg,GBIF,United States of America,,38.1821550,-120.0775610,clawdea,http://creativecommons.org/licenses/by-nc/4.0/,2025-11-26 03:41:30.402983
Cephalanthera,austiniae,https://inaturalist-open-data.s3.amazonaws.com/photos/521741318/original.jpg,GBIF,United States of America,,40.8335720,-123.7127300,Anna Caro,http://creativecommons.org/licenses/by-nc-nd/4.0/,2025-11-26 03:41:30.465901
Cephalanthera,austiniae,https://inaturalist-open-data.s3.amazonaws.com/photos/521101715/original.jpg,GBIF,United States of America,,39.7975360,-121.3807920,Rob Irwin,http://creativecommons.org/licenses/by-nc/4.0/,2025-11-26 03:41:30.591602
Cephalanthera,austiniae,https://inaturalist-open-data.s3.amazonaws.com/photos/521586835/original.jpg,GBIF,United States of America,,44.0165220,-122.9679950,L. Faye,http://creativecommons.org/licenses/by-nc/4.0/,2025-11-26 03:41:30.732162
Cephalanthera,austiniae,https://inaturalist-open-data.s3.amazonaws.com/photos/522110042/original.jpg,GBIF,United States of America,,42.0241470,-123.0197440,jerry1,http://creativecommons.org/licenses/by-nc/4.0/,2025-11-26 03:41:30.865353
Cephalanthera,austiniae,https://inaturalist-open-data.s3.amazonaws.com/photos/524221268/original.jpg,GBIF,Canada,,49.1602700,-122.2826970,s_egolf,http://creativecommons.org/licenses/by-nc/4.0/,2025-11-26 03:41:30.993057
Cephalanthera,austiniae,https://inaturalist-open-data.s3.amazonaws.com/photos/523059318/original.jpg,GBIF,United States of America,,47.5034050,-122.0847550,jjfeiler,http://creativecommons.org/licenses/by/4.0/,2025-11-26 03:41:31.226514
Cephalanthera,austiniae,https://inaturalist-open-data.s3.amazonaws.com/photos/523523881/original.jpg,GBIF,United States of America,,39.7975200,-121.3806160,John Kelly,http://creativecommons.org/licenses/by-nc/4.0/,2025-11-26 03:41:31.495238
Cephalanthera,austiniae,https://inaturalist-open-data.s3.amazonaws.com/photos/523169054/original.jpg,GBIF,United States of America,,41.3641880,-122.4041180,cybister,http://creativecommons.org/licenses/by-nc/4.0/,2025-11-26 03:41:31.692631
Cephalanthera,austiniae,https://inaturalist-open-data.s3.amazonaws.com/photos/523264227/original.jpg,GBIF,United States of America,,45.7972300,-123.4082420,Salem Oak,http://creativecommons.org/licenses/by-nc/4.0/,2025-11-26 03:41:31.756041
Cephalanthera,austiniae,https://inaturalist-open-data.s3.amazonaws.com/photos/524280196/original.jpg,GBIF,United States of America,,45.1534220,-117.9170920,meggyweggyeggy,http://creativecommons.org/licenses/by-nc/4.0/,2025-11-26 03:41:32.151270
Cephalanthera,austiniae,https://inaturalist-open-data.s3.amazonaws.com/photos/525056483/original.jpg,GBIF,United States of America,,38.3680270,-120.3805080,Di,http://creativecommons.org/licenses/by-nc/4.0/,2025-11-26 03:41:32.216948
Cephalanthera,austiniae,https://inaturalist-open-data.s3.amazonaws.com/photos/525732672/original.jpg,GBIF,United States of America,,41.8019260,-124.0895260,fernywerny,http://creativecommons.org/licenses/by-nc/4.0/,2025-11-26 03:41:32.280372
Cephalanthera,austiniae,https://inaturalist-open-data.s3.amazonaws.com/photos/525911450/original.jpg,GBIF,United States of America,,38.9740330,-120.0541450,Bob Sweatt,http://creativecommons.org/licenses/by-nc/4.0/,2025-11-26 03:41:32.345566
Cephalanthera,austiniae,https://inaturalist-open-data.s3.amazonaws.com/photos/525117738/original.jpg,GBIF,United States of America,,45.6925970,-121.4556270,krissquirrely,http://creativecommons.org/licenses/by-nc/4.0/,2025-11-26 03:41:32.472072
Cephalanthera,austiniae,https://inaturalist-open-data.s3.amazonaws.com/photos/524677194/original.jpg,GBIF,United States of America,,41.0044220,-122.9870460,Ben Sims,http://creativecommons.org/publicdomain/zero/1.0/,2025-11-26 03:41:32.535028
Cephalanthera,austiniae,https://inaturalist-open-data.s3.amazonaws.com/photos/524213059/original.jpg,GBIF,United States of America,,41.5951000,-123.1422000,Ariel,http://creativecommons.org/licenses/by-nc/4.0/,2025-11-26 03:41:32.598809
Cephalanthera,austiniae,https://inaturalist-open-data.s3.amazonaws.com/photos/524441003/original.jpg,GBIF,United States of America,,45.9722860,-121.3397310,Peter Zika,http://creativecommons.org/licenses/by-nc/4.0/,2025-11-26 03:41:32.662130
Cephalanthera,austiniae,https://inaturalist-open-data.s3.amazonaws.com/photos/524788933/original.jpg,GBIF,United States of America,,48.1595110,-122.8445290,Jaisri Lingappa,http://creativecommons.org/licenses/by-nc/4.0/,2025-11-26 03:41:33.186108
Cephalanthera,austiniae,https://inaturalist-open-data.s3.amazonaws.com/photos/522922329/original.jpg,GBIF,United States of America,,40.6051120,-122.6898630,planetboom,http://creativecommons.org/licenses/by-nc/4.0/,2025-11-26 03:41:33.627186
Cephalanthera,austiniae,https://inaturalist-open-data.s3.amazonaws.com/photos/522674774/original.jpg,GBIF,United States of America,,41.5941920,-123.1432890,kittyb,http://creativecommons.org/licenses/by-nc/4.0/,2025-11-26 03:41:33.882671
Cephalanthera,austiniae,https://inaturalist-open-data.s3.amazonaws.com/photos/524217489/original.jpg,GBIF,Canada,,48.4706120,-123.4682430,Simone Littledale,http://creativecommons.org/licenses/by/4.0/,2025-11-26 03:41:33.947397
Cephalanthera,austiniae,https://inaturalist-open-data.s3.amazonaws.com/photos/523792790/original.jpg,GBIF,Canada,,49.0831770,-122.2335880,Joan Septembre,http://creativecommons.org/licenses/by-nc/4.0/,2025-11-26 03:41:34.267624
Cephalanthera,austiniae,https://inaturalist-open-data.s3.amazonaws.com/photos/524650443/original.jpg,GBIF,United States of America,,41.0170230,-123.7860810,aj_murphy,http://creativecommons.org/licenses/by-nc/4.0/,2025-11-26 03:41:34.333269
Cephalanthera,austiniae,https://inaturalist-open-data.s3.amazonaws.com/photos/523768231/original.jpg,GBIF,Canada,,49.0564890,-122.3523670,s_egolf,http://creativecommons.org/licenses/by-nc/4.0/,2025-11-26 03:41:34.463088
Cephalanthera,austiniae,https://inaturalist-open-data.s3.amazonaws.com/photos/523970571/original.jpg,GBIF,United States of America,,42.7006490,-124.2030860,Stormy,http://creativecommons.org/licenses/by-nc/4.0/,2025-11-26 03:41:34.526492
Cephalanthera,austiniae,https://inaturalist-open-data.s3.amazonaws.com/photos/526238003/original.jpg,GBIF,United States of America,,40.8968000,-122.8827530,sea_anemily,http://creativecommons.org/licenses/by-nc/4.0/,2025-11-26 03:41:34.973069
Cephalanthera,austiniae,https://inaturalist-open-data.s3.amazonaws.com/photos/524595718/original.jpg,GBIF,United States of America,,39.9237450,-121.0725690,L. Wood,http://creativecommons.org/licenses/by/4.0/,2025-11-26 03:41:35.167655
Cephalanthera,austiniae,https://inaturalist-open-data.s3.amazonaws.com/photos/522768765/original.jpg,GBIF,United States of America,,48.6708930,-122.4766340,polarcollision,http://creativecommons.org/licenses/by-nc/4.0/,2025-11-26 03:41:35.236544
Cephalanthera,austiniae,https://inaturalist-open-data.s3.amazonaws.com/photos/523794349/original.jpg,GBIF,Canada,,49.1313280,-122.2766090,Joan Septembre,http://creativecommons.org/licenses/by-nc/4.0/,2025-11-26 03:41:35.301781
Cephalanthera,austiniae,https://inaturalist-open-data.s3.amazonaws.com/photos/522698297/original.jpg,GBIF,Canada,,48.4964760,-123.4907160,Shawn Brescia,http://creativecommons.org/licenses/by-nc/4.0/,2025-11-26 03:41:35.366383
Cephalanthera,austiniae,https://inaturalist-open-data.s3.amazonaws.com/photos/524027412/original.jpg,GBIF,Canada,,49.1709330,-121.8950880,Jon B,http://creativecommons.org/licenses/by-nc/4.0/,2025-11-26 03:41:35.559563
Cephalanthera,austiniae,https://inaturalist-open-data.s3.amazonaws.com/photos/525100672/original.jpg,GBIF,United States of America,,46.0091440,-121.5537720,jessamyn duckwall,http://creativecommons.org/licenses/by-nc/4.0/,2025-11-26 03:41:35.758430
Cephalanthera,austiniae,https://inaturalist-open-data.s3.amazonaws.com/photos/525399994/original.jpg,GBIF,United States of America,,40.8155120,-123.6975870,brodiaea_max,http://creativecommons.org/licenses/by-nc/4.0/,2025-11-26 03:41:35.982883
Cephalanthera,austiniae,https://inaturalist-open-data.s3.amazonaws.com/photos/525362393/original.jpg,GBIF,United States of America,,37.2993980,-122.2941900,Nicholas Wei,http://creativecommons.org/licenses/by-sa/4.0/,2025-11-26 03:41:36.047206
Cephalanthera,austiniae,https://inaturalist-open-data.s3.amazonaws.com/photos/525889580/original.jpg,GBIF,United States of America,,45.4839470,-122.2977220,fern_69,http://creativecommons.org/licenses/by-nc/4.0/,2025-11-26 03:41:36.110563
Cephalanthera,austiniae,https://inaturalist-open-data.s3.amazonaws.com/photos/525263433/original.jpg,GBIF,United States of America,,46.3034450,-115.5566020,Daniel Kennedy,http://creativecommons.org/licenses/by/4.0/,2025-11-26 03:41:36.173838
Cephalanthera,austiniae,https://inaturalist-open-data.s3.amazonaws.com/photos/525057354/original.jpg,GBIF,United States of America,,38.3548770,-120.3533630,Di,http://creativecommons.org/licenses/by-nc/4.0/,2025-11-26 03:41:36.312608
Cephalanthera,austiniae,https://inaturalist-open-data.s3.amazonaws.com/photos/526047079/original.jpg,GBIF,United States of America,,43.9515030,-122.6374970,Meghan May,http://creativecommons.org/licenses/by-nc/4.0/,2025-11-26 03:41:36.388072
Cephalanthera,austiniae,https://inaturalist-open-data.s3.amazonaws.com/photos/523979246/original.jpg,GBIF,United States of America,,45.4268100,-122.5516480,graphicorgnizer,http://creativecommons.org/licenses/by-nc/4.0/,2025-11-26 03:41:36.458435
Cephalanthera,austiniae,https://inaturalist-open-data.s3.amazonaws.com/photos/523783186/original.jpg,GBIF,United States of America,,42.7005200,-124.2596030,Christina Walker,http://creativecommons.org/licenses/by-nc/4.0/,2025-11-26 03:41:36.521846
Cephalanthera,austiniae,https://inaturalist-open-data.s3.amazonaws.com/photos/523246693/original.jpg,GBIF,United States of America,,47.2090590,-116.4844180,Stan Galloway,http://creativecommons.org/licenses/by-nc/4.0/,2025-11-26 03:41:36.658463
Cephalanthera,austiniae,https://inaturalist-open-data.s3.amazonaws.com/photos/523286810/original.jpg,GBIF,United States of America,,45.7101580,-121.7111280,dansmith2k,http://creativecommons.org/licenses/by-nc/4.0/,2025-11-26 03:41:36.725668
Cephalanthera,austiniae,https://inaturalist-open-data.s3.amazonaws.com/photos/522739960/original.jpg,GBIF,United States of America,,45.9188520,-121.6181810,ethan1998,http://creativecommons.org/licenses/by-nc/4.0/,2025-11-26 03:41:36.789181
Cephalanthera,austiniae,https://inaturalist-open-data.s3.amazonaws.com/photos/525157142/original.jpg,GBIF,United States of America,,39.6630780,-120.9432610,Connor,http://creativecommons.org/licenses/by-nc/4.0/,2025-11-26 03:41:36.915974
Cephalanthera,austiniae,https://inaturalist-open-data.s3.amazonaws.com/photos/523685102/original.jpg,GBIF,Canada,,48.5839730,-123.4350290,Grant Bowler,http://creativecommons.org/licenses/by-nc/4.0/,2025-11-26 03:41:37.049932
Cephalanthera,austiniae,https://inaturalist-open-data.s3.amazonaws.com/photos/525795691/original.jpg,GBIF,United States of America,,40.9195430,-123.0247420,stawelle,http://creativecommons.org/licenses/by-nc/4.0/,2025-11-26 03:41:37.388763
Cephalanthera,austiniae,https://inaturalist-open-data.s3.amazonaws.com/photos/526294984/original.jpg,GBIF,United States of America,,43.2054730,-122.9875430,christopherbeatty,http://creativecommons.org/licenses/by-nc/4.0/,2025-11-26 03:41:37.517911
Cephalanthera,austiniae,https://inaturalist-open-data.s3.amazonaws.com/photos/524491133/original.jpg,GBIF,United States of America,,38.3155140,-120.3295340,Di,http://creativecommons.org/licenses/by-nc/4.0/,2025-11-26 03:41:37.582421
Cephalanthera,austiniae,https://inaturalist-open-data.s3.amazonaws.com/photos/525433629/original.jpg,GBIF,United States of America,,39.3449040,-120.9256540,lauder,http://creativecommons.org/licenses/by-nc/4.0/,2025-11-26 03:41:37.718241
Cephalanthera,austiniae,https://inaturalist-open-data.s3.amazonaws.com/photos/525059786/original.jpg,GBIF,United States of America,,38.3835370,-120.3972040,Di,http://creativecommons.org/licenses/by-nc/4.0/,2025-11-26 03:41:37.910360
Cephalanthera,austiniae,https://inaturalist-open-data.s3.amazonaws.com/photos/529074403/original.jpg,GBIF,United States of America,,42.0801420,-123.2781860,Cesar Garcia,http://creativecommons.org/licenses/by-nc/4.0/,2025-11-26 03:41:37.973794
Cephalanthera,austiniae,https://inaturalist-open-data.s3.amazonaws.com/photos/527768964/original.jpg,GBIF,United States of America,,38.2706870,-120.0584420,clawdea,http://creativecommons.org/licenses/by-nc/4.0/,2025-11-26 03:41:38.242017
Cephalanthera,austiniae,https://inaturalist-open-data.s3.amazonaws.com/photos/529522733/original.jpg,GBIF,Canada,,49.0451700,-121.8888770,Quirien Mulder ten Kate,http://creativecommons.org/licenses/by-nc/4.0/,2025-11-26 03:41:38.307383
Cephalanthera,austiniae,https://inaturalist-open-data.s3.amazonaws.com/photos/527371227/original.jpg,GBIF,United States of America,,47.5492170,-122.1360080,janishenry,http://creativecommons.org/licenses/by-nc/4.0/,2025-11-26 03:41:38.439636
Cephalanthera,austiniae,https://inaturalist-open-data.s3.amazonaws.com/photos/527787446/original.jpg,GBIF,United States of America,,42.0985640,-123.4074250,Dee Shea Himes,http://creativecommons.org/licenses/by/4.0/,2025-11-26 03:41:38.504852
Cephalanthera,austiniae,https://inaturalist-open-data.s3.amazonaws.com/photos/529522673/original.jpg,GBIF,Canada,,49.0455330,-121.8487330,Quirien Mulder ten Kate,http://creativecommons.org/licenses/by-nc/4.0/,2025-11-26 03:41:38.728283
Cephalanthera,austiniae,https://inaturalist-open-data.s3.amazonaws.com/photos/532658570/original.jpg,GBIF,United States of America,,45.9102430,-121.9679920,April Allen,http://creativecommons.org/licenses/by-nc/4.0/,2025-11-26 03:41:38.919800
Cephalanthera,austiniae,https://inaturalist-open-data.s3.amazonaws.com/photos/524803964/original.jpg,GBIF,United States of America,,39.2994350,-120.9303510,saklani,http://creativecommons.org/licenses/by-nc/4.0/,2025-11-26 03:41:39.047675
Cephalanthera,austiniae,https://inaturalist-open-data.s3.amazonaws.com/photos/527909803/original.jpg,GBIF,United States of America,,45.8300670,-121.8600530,lauramarieplatt,http://creativecommons.org/licenses/by-nc/4.0/,2025-11-26 03:41:39.113144
Cephalanthera,austiniae,https://inaturalist-open-data.s3.amazonaws.com/photos/528257734/original.jpg,GBIF,Canada,,49.0948010,-121.9573890,Kathleen Mills,http://creativecommons.org/licenses/by-nc/4.0/,2025-11-26 03:41:39.183228
Cephalanthera,austiniae,https://inaturalist-open-data.s3.amazonaws.com/photos/529061943/original.jpg,GBIF,United States of America,,41.3816910,-122.4146910,Ernie Long,http://creativecommons.org/licenses/by-nc/4.0/,2025-11-26 03:41:39.381043
Cephalanthera,austiniae,https://inaturalist-open-data.s3.amazonaws.com/photos/530768203/original.jpg,GBIF,United States of America,,46.8461670,-115.6556380,Dan Turck (Stillinger Herb),http://creativecommons.org/licenses/by-nc/4.0/,2025-11-26 03:41:39.444237
Cephalanthera,austiniae,https://inaturalist-open-data.s3.amazonaws.com/photos/526448496/original.jpg,GBIF,United States of America,,37.4145030,-119.5856700,Damon Tighe,http://creativecommons.org/licenses/by-nc/4.0/,2025-11-26 03:41:39.587773
Cephalanthera,austiniae,https://inaturalist-open-data.s3.amazonaws.com/photos/527403256/original.jpg,GBIF,Canada,,49.1080950,-122.0116290,Joan Septembre,http://creativecommons.org/licenses/by-nc/4.0/,2025-11-26 03:41:39.784481
Cephalanthera,austiniae,https://inaturalist-open-data.s3.amazonaws.com/photos/528083759/original.jpg,GBIF,United States of America,,45.7038530,-121.7065970,smor-plants,http://creativecommons.org/licenses/by-nc/4.0/,2025-11-26 03:41:39.859223
Cephalanthera,austiniae,https://inaturalist-open-data.s3.amazonaws.com/photos/529020812/original.jpg,GBIF,United States of America,,42.8710200,-124.0151520,wilsonn4,http://creativecommons.org/licenses/by-nc/4.0/,2025-11-26 03:41:39.986093
Cephalanthera,austiniae,https://inaturalist-open-data.s3.amazonaws.com/photos/527331699/original.jpg,GBIF,United States of America,,47.0701620,-122.8656050,EpicXTwo,http://creativecommons.org/licenses/by-nc/4.0/,2025-11-26 03:41:40.114479
Cephalanthera,austiniae,https://inaturalist-open-data.s3.amazonaws.com/photos/529835896/original.jpg,GBIF,United States of America,,42.2224880,-123.7894970,Corey Brooke,http://creativecommons.org/licenses/by-nc/4.0/,2025-11-26 03:41:40.243894
Cephalanthera,austiniae,https://inaturalist-open-data.s3.amazonaws.com/photos/527759186/original.jpg,GBIF,United States of America,,41.2736050,-122.3381420,ericaharris123,http://creativecommons.org/licenses/by-nc/4.0/,2025-11-26 03:41:40.307564
Cephalanthera,austiniae,https://inaturalist-open-data.s3.amazonaws.com/photos/524804149/original.jpg,GBIF,United States of America,,39.2974740,-120.9361190,saklani,http://creativecommons.org/licenses/by-nc/4.0/,2025-11-26 03:41:40.371496
Cephalanthera,austiniae,https://inaturalist-open-data.s3.amazonaws.com/photos/530353877/original.jpg,GBIF,United States of America,,45.8320540,-121.8578210,Jared Proctor,http://creativecommons.org/licenses/by-nc/4.0/,2025-11-26 03:41:40.436374
Cephalanthera,austiniae,https://inaturalist-open-data.s3.amazonaws.com/photos/529074017/original.jpg,GBIF,United States of America,,42.0799750,-123.2785030,Cesar Garcia,http://creativecommons.org/licenses/by-nc/4.0/,2025-11-26 03:41:40.500508
Cephalanthera,austiniae,https://inaturalist-open-data.s3.amazonaws.com/photos/527788667/original.jpg,GBIF,United States of America,,47.6729030,-116.5925030,ehappy,http://creativecommons.org/licenses/by-nc/4.0/,2025-11-26 03:41:40.828243
Cephalanthera,austiniae,https://inaturalist-open-data.s3.amazonaws.com/photos/526449284/original.jpg,GBIF,United States of America,,37.4144880,-119.5858220,Damon Tighe,http://creativecommons.org/licenses/by-nc/4.0/,2025-11-26 03:41:41.020765
Cephalanthera,austiniae,https://inaturalist-open-data.s3.amazonaws.com/photos/526854636/original.jpg,GBIF,United States of America,,42.7332360,-123.0386670,ljwilcox,http://creativecommons.org/licenses/by-nc/4.0/,2025-11-26 03:41:41.083882
Cephalanthera,austiniae,https://inaturalist-open-data.s3.amazonaws.com/photos/528137684/original.jpg,GBIF,United States of America,,44.0357250,-122.8923030,Crystal J Rust,http://creativecommons.org/licenses/by-nc/4.0/,2025-11-26 03:41:41.210343
Cephalanthera,austiniae,https://inaturalist-open-data.s3.amazonaws.com/photos/526449227/original.jpg,GBIF,United States of America,,37.4144950,-119.5857620,Damon Tighe,http://creativecommons.org/licenses/by-nc/4.0/,2025-11-26 03:41:41.614632
Cephalanthera,austiniae,https://inaturalist-open-data.s3.amazonaws.com/photos/528488722/original.jpg,GBIF,United States of America,,40.8306370,-123.6869970,claudkodsuntie,http://creativecommons.org/licenses/by-nc/4.0/,2025-11-26 03:41:41.867905
Cephalanthera,austiniae,https://inaturalist-open-data.s3.amazonaws.com/photos/527761793/original.jpg,GBIF,United States of America,,41.3688500,-122.4145050,ericaharris123,http://creativecommons.org/licenses/by-nc/4.0/,2025-11-26 03:41:41.993928
Cephalanthera,austiniae,https://inaturalist-open-data.s3.amazonaws.com/photos/528467847/original.jpg,GBIF,United States of America,,42.1406490,-122.7040690,wren-bird,http://creativecommons.org/licenses/by-nc/4.0/,2025-11-26 03:41:42.057119
Cephalanthera,austiniae,https://inaturalist-open-data.s3.amazonaws.com/photos/528753256/original.jpg,GBIF,United States of America,,38.2514920,-120.2586750,Mira,http://creativecommons.org/licenses/by-nc/4.0/,2025-11-26 03:41:42.182922
Cephalanthera,austiniae,https://inaturalist-open-data.s3.amazonaws.com/photos/528465598/original.jpg,GBIF,United States of America,,38.8703740,-120.0340600,Molly J. Ferry,http://creativecommons.org/licenses/by-nc/4.0/,2025-11-26 03:41:42.574878
Cephalanthera,austiniae,https://inaturalist-open-data.s3.amazonaws.com/photos/533760882/original.jpg,GBIF,United States of America,,44.2608080,-122.1857110,Ian R. Clark,http://creativecommons.org/licenses/by-nc/4.0/,2025-11-26 03:41:42.715175
Cephalanthera,austiniae,https://inaturalist-open-data.s3.amazonaws.com/photos/535132774/original.jpg,GBIF,United States of America,,39.3647490,-120.7579620,Amelia Tauber,http://creativecommons.org/licenses/by/4.0/,2025-11-26 03:41:42.967573
Cephalanthera,austiniae,https://inaturalist-open-data.s3.amazonaws.com/photos/533375292/original.jpg,GBIF,United States of America,,45.8140300,-121.5658800,kbayus,http://creativecommons.org/licenses/by-nc/4.0/,2025-11-26 03:41:43.104317
Cephalanthera,austiniae,https://inaturalist-open-data.s3.amazonaws.com/photos/533894287/original.jpg,GBIF,United States of America,,44.3366710,-122.0900710,Ian R. Clark,http://creativecommons.org/licenses/by-nc/4.0/,2025-11-26 03:41:43.239492
Cephalanthera,austiniae,https://inaturalist-open-data.s3.amazonaws.com/photos/542124087/original.jpg,GBIF,United States of America,,41.0169920,-123.7862460,Greg Schrott,http://creativecommons.org/licenses/by-nc/4.0/,2025-11-26 03:41:43.302969
Dactylorhiza,aristata,https://static.inaturalist.org/photos/526564343/original.jpg,iNaturalist,"歯舞3丁目, 根室市, 北海道, JP","歯舞3丁目, 根室市, 北海道, JP",43.3503200,145.7644050,tsuyoshi5,,2025-11-26 03:40:42.274875
Dactylorhiza,aristata,https://static.inaturalist.org/photos/399352206/original.jpg,iNaturalist,"Елизовский район, Камчатский край, RU","Елизовский район, Камчатский край, RU",53.1034167,159.0478972,devyatovaea,,2025-11-26 03:40:53.779947
Dactylorhiza,aristata,https://static.inaturalist.org/photos/399352241/original.jpg,iNaturalist,"Елизовский район, Камчатский край, RU","Елизовский район, Камчатский край, RU",53.1034305,159.0478833,devyatovaea,,2025-11-26 03:40:53.716036
Dactylorhiza,aristata,https://inaturalist-open-data.s3.amazonaws.com/photos/399354399/original.jpg,iNaturalist,"Анивский р-н, Сахалинская обл., Россия","Анивский р-н, Сахалинская обл., Россия",46.8062584,142.4861760,vladimirarkhipov,cc-by-nc,2025-11-26 03:40:53.636288
Dactylorhiza,aristata,https://inaturalist-open-data.s3.amazonaws.com/photos/399354392/original.jpg,iNaturalist,"Анивский р-н, Сахалинская обл., Россия","Анивский р-н, Сахалинская обл., Россия",46.8062584,142.4861760,vladimirarkhipov,cc-by-nc,2025-11-26 03:40:53.572622
Dactylorhiza,aristata,https://inaturalist-open-data.s3.amazonaws.com/photos/399361360/original.jpeg,iNaturalist,"Hitaki, Suzaka, Nagano 382-0000日本","Hitaki, Suzaka, Nagano 382-0000日本",36.6476778,138.3416070,setsuna,cc-by-nc-nd,2025-11-26 03:40:53.507655
Dactylorhiza,aristata,https://inaturalist-open-data.s3.amazonaws.com/photos/399434974/original.jpg,iNaturalist,"南アルプス国立公園, 静岡市, 静岡県, JP","南アルプス国立公園, 静岡市, 静岡県, JP",35.4936750,138.2004083,kishimoto_toshio,cc-by,2025-11-26 03:40:53.443882
Dactylorhiza,aristata,https://inaturalist-open-data.s3.amazonaws.com/photos/399434938/original.jpg,iNaturalist,"南アルプス国立公園, 静岡市, 静岡県, JP","南アルプス国立公園, 静岡市, 静岡県, JP",35.4936750,138.2004083,kishimoto_toshio,cc-by,2025-11-26 03:40:53.315538
Dactylorhiza,aristata,https://inaturalist-open-data.s3.amazonaws.com/photos/399700913/original.jpeg,iNaturalist,"Елизовский р-н, Камчатский край, Россия","Елизовский р-н, Камчатский край, Россия",53.1037350,159.0476950,olga_chernyagina,cc-by-nc,2025-11-26 03:40:53.185355
Dactylorhiza,aristata,https://inaturalist-open-data.s3.amazonaws.com/photos/400525297/original.jpeg,iNaturalist,"Петропавловск-Камчатский, Камчатский край, Россия","Петропавловск-Камчатский, Камчатский край, Россия",53.0715714,158.6278229,valerkov,cc-by,2025-11-26 03:40:53.102769
Dactylorhiza,aristata,https://inaturalist-open-data.s3.amazonaws.com/photos/400600021/original.jpeg,iNaturalist,"Kodiak Island County, US-AK, US","Kodiak Island County, US-AK, US",57.7732521,-152.2254734,loobylooloo,cc-by-nc,2025-11-26 03:40:53.010143
Dactylorhiza,aristata,https://static.inaturalist.org/photos/400788914/original.jpeg,iNaturalist,"Katmai National Park, Kodiak Island County, US-AK, US","Katmai National Park, Kodiak Island County, US-AK, US",58.7906605,-153.7704321,timremkes,,2025-11-26 03:40:52.938504
Dactylorhiza,aristata,https://static.inaturalist.org/photos/400907075/original.jpg,iNaturalist,"Crater Lake Trail, Cordova, AK, US","Crater Lake Trail, Cordova, AK, US",60.5719200,-145.6981367,signebaumann,,2025-11-26 03:40:52.874948
Dactylorhiza,aristata,https://static.inaturalist.org/photos/400907021/original.jpg,iNaturalist,"Crater Lake Trail, Cordova, AK, US","Crater Lake Trail, Cordova, AK, US",60.5719200,-145.6981367,signebaumann,,2025-11-26 03:40:52.810813
Dactylorhiza,aristata,https://static.inaturalist.org/photos/400906984/original.jpg,iNaturalist,"Crater Lake Trail, Cordova, AK, US","Crater Lake Trail, Cordova, AK, US",60.5719200,-145.6981367,signebaumann,,2025-11-26 03:40:52.736797
Dactylorhiza,aristata,https://static.inaturalist.org/photos/400906948/original.jpg,iNaturalist,"Crater Lake Trail, Cordova, AK, US","Crater Lake Trail, Cordova, AK, US",60.5719200,-145.6981367,signebaumann,,2025-11-26 03:40:52.666364
Dactylorhiza,aristata,https://inaturalist-open-data.s3.amazonaws.com/photos/401004553/original.jpeg,iNaturalist,"Елизовский р-н, Камчатский край, Россия","Елизовский р-н, Камчатский край, Россия",52.9921917,158.2970278,naturalist34144,cc-by-nc,2025-11-26 03:40:52.596860
Dactylorhiza,aristata,https://inaturalist-open-data.s3.amazonaws.com/photos/401004546/original.jpeg,iNaturalist,"Елизовский р-н, Камчатский край, Россия","Елизовский р-н, Камчатский край, Россия",52.9921917,158.2970278,naturalist34144,cc-by-nc,2025-11-26 03:40:52.506196
Dactylorhiza,aristata,https://inaturalist-open-data.s3.amazonaws.com/photos/401203421/original.jpg,iNaturalist,"Kodiak Island County, US-AK, US","Kodiak Island County, US-AK, US",57.5112112,-152.4920341,taylor_justason,cc-by-nc,2025-11-26 03:40:52.425893
Dactylorhiza,aristata,https://inaturalist-open-data.s3.amazonaws.com/photos/401201860/original.jpg,iNaturalist,"Kodiak Island County, US-AK, US","Kodiak Island County, US-AK, US",57.5112112,-152.4920341,taylor_justason,cc-by-nc,2025-11-26 03:40:52.346040
Dactylorhiza,aristata,https://inaturalist-open-data.s3.amazonaws.com/photos/401528074/original.jpeg,iNaturalist,"Петропавловск-Камчатский, Камчатский край, Россия","Петропавловск-Камчатский, Камчатский край, Россия",53.0727778,158.6260833,naturalist34144,cc-by-nc,2025-11-26 03:40:52.281853
Dactylorhiza,aristata,https://inaturalist-open-data.s3.amazonaws.com/photos/401527802/original.jpeg,iNaturalist,"Петропавловск-Камчатский, Камчатский край, Россия","Петропавловск-Камчатский, Камчатский край, Россия",53.0727778,158.6260833,naturalist34144,cc-by-nc,2025-11-26 03:40:52.217853
Dactylorhiza,aristata,https://static.inaturalist.org/photos/401943611/original.jpeg,iNaturalist,"Камчатский край, Россия, 683003","Камчатский край, Россия, 683003",53.0333313,158.6333329,alfira1,,2025-11-26 03:40:52.153441
Dactylorhiza,aristata,https://inaturalist-open-data.s3.amazonaws.com/photos/403131682/original.jpeg,iNaturalist,"Александровск-Сахалинский р-н, Сахалинская обл., Россия","Александровск-Сахалинский р-н, Сахалинская обл., Россия",50.8904111,142.1227111,lilia_efimtseva,cc-by-nc,2025-11-26 03:40:52.074188
Dactylorhiza,aristata,https://inaturalist-open-data.s3.amazonaws.com/photos/403131720/original.jpeg,iNaturalist,"Александровск-Сахалинский р-н, Сахалинская обл., Россия","Александровск-Сахалинский р-н, Сахалинская обл., Россия",50.8904000,142.1227111,lilia_efimtseva,cc-by-nc,2025-11-26 03:40:51.998738
Dactylorhiza,aristata,https://inaturalist-open-data.s3.amazonaws.com/photos/403131707/original.jpeg,iNaturalist,"Александровск-Сахалинский р-н, Сахалинская обл., Россия","Александровск-Сахалинский р-н, Сахалинская обл., Россия",50.8904000,142.1227111,lilia_efimtseva,cc-by-nc,2025-11-26 03:40:51.901712
Dactylorhiza,aristata,https://inaturalist-open-data.s3.amazonaws.com/photos/404053558/original.jpeg,iNaturalist,"Вилючинск, Камчатский край, Россия","Вилючинск, Камчатский край, Россия",52.9332250,158.3960417,naturalist34144,cc-by-nc,2025-11-26 03:40:51.796692
Dactylorhiza,aristata,https://inaturalist-open-data.s3.amazonaws.com/photos/404234997/original.jpeg,iNaturalist,"Kodiak, AK 99615, USA","Kodiak, AK 99615, USA",57.8136642,-152.4366865,dalampe,cc-by-nc,2025-11-26 03:40:51.715669
Dactylorhiza,aristata,https://inaturalist-open-data.s3.amazonaws.com/photos/404536568/original.jpeg,iNaturalist,"Камчатский край, Россия, 684025","Камчатский край, Россия, 684025",52.8627167,157.8392944,valerkov,cc-by,2025-11-26 03:40:51.652298
Dactylorhiza,aristata,https://inaturalist-open-data.s3.amazonaws.com/photos/404536535/original.jpeg,iNaturalist,"Камчатский край, Россия, 684025","Камчатский край, Россия, 684025",52.8627167,157.8392944,valerkov,cc-by,2025-11-26 03:40:51.570867
Dactylorhiza,aristata,https://inaturalist-open-data.s3.amazonaws.com/photos/404806894/original.jpeg,iNaturalist,"Камчатский край, Россия, 684025","Камчатский край, Россия, 684025",52.8610445,157.8525700,valerkov,cc-by,2025-11-26 03:40:51.507581
Dactylorhiza,aristata,https://inaturalist-open-data.s3.amazonaws.com/photos/404806863/original.jpeg,iNaturalist,"Камчатский край, Россия, 684025","Камчатский край, Россия, 684025",52.8610445,157.8525700,valerkov,cc-by,2025-11-26 03:40:51.439774
Dactylorhiza,aristata,https://static.inaturalist.org/photos/404869718/original.jpg,iNaturalist,"Amchitka Island, AK, US","Amchitka Island, AK, US",51.3757333,179.3092633,sskeehan,,2025-11-26 03:40:51.374096
Dactylorhiza,aristata,https://inaturalist-open-data.s3.amazonaws.com/photos/400973044/original.jpg,iNaturalist,"Kodiak Island County, US-AK, US","Kodiak Island County, US-AK, US",57.6116601,-152.5302552,taylor_justason,cc-by-nc,2025-11-26 03:40:51.308777
Dactylorhiza,aristata,https://inaturalist-open-data.s3.amazonaws.com/photos/400914273/original.jpg,iNaturalist,"Kodiak Island County, US-AK, US","Kodiak Island County, US-AK, US",57.6116601,-152.5302552,taylor_justason,cc-by-nc,2025-11-26 03:40:51.228520
Dactylorhiza,aristata,https://inaturalist-open-data.s3.amazonaws.com/photos/400685121/original.jpg,iNaturalist,"Kodiak Island County, US-AK, US","Kodiak Island County, US-AK, US",57.6116601,-152.5302552,taylor_justason,cc-by-nc,2025-11-26 03:40:51.163331
Dactylorhiza,aristata,https://inaturalist-open-data.s3.amazonaws.com/photos/400684783/original.jpg,iNaturalist,"Kodiak Island County, US-AK, US","Kodiak Island County, US-AK, US",57.7672523,-152.4984075,taylor_justason,cc-by-nc,2025-11-26 03:40:51.078819
Dactylorhiza,aristata,https://inaturalist-open-data.s3.amazonaws.com/photos/400683975/original.jpg,iNaturalist,"Kodiak Island County, US-AK, US","Kodiak Island County, US-AK, US",57.7672523,-152.4984075,taylor_justason,cc-by-nc,2025-11-26 03:40:51.013079
Dactylorhiza,aristata,https://inaturalist-open-data.s3.amazonaws.com/photos/404894659/original.jpeg,iNaturalist,"Kodiak Island County, US-AK, US","Kodiak Island County, US-AK, US",57.7471445,-152.5781146,taylor_justason,cc-by-nc,2025-11-26 03:40:50.948514
Dactylorhiza,aristata,https://inaturalist-open-data.s3.amazonaws.com/photos/404894656/original.jpeg,iNaturalist,"Kodiak Island County, US-AK, US","Kodiak Island County, US-AK, US",57.7471445,-152.5781146,taylor_justason,cc-by-nc,2025-11-26 03:40:50.865623
Dactylorhiza,aristata,https://inaturalist-open-data.s3.amazonaws.com/photos/406068590/original.jpeg,iNaturalist,日本、〒078-1701 北海道上川郡上川町層雲峡,日本、〒078-1701 北海道上川郡上川町層雲峡,43.7052099,142.9316474,nhm_ex,cc-by-nc,2025-11-26 03:40:50.753370
Dactylorhiza,aristata,https://inaturalist-open-data.s3.amazonaws.com/photos/406887057/original.jpeg,iNaturalist,"Anivskiy rayon, RU-SL, RU","Anivskiy rayon, RU-SL, RU",46.9531857,142.7993781,ivanovdg19,cc-by,2025-11-26 03:40:50.666213
Dactylorhiza,aristata,https://static.inaturalist.org/photos/407259910/original.jpeg,iNaturalist,"Unga Island, AK, US","Unga Island, AK, US",55.2369224,-160.5915370,lothar_bodingbauer,,2025-11-26 03:40:50.596967
Dactylorhiza,aristata,https://static.inaturalist.org/photos/407370079/original.jpeg,iNaturalist,"Nikko National Park, Nikko, Tochigi, JP","Nikko National Park, Nikko, Tochigi, JP",36.8000717,139.3860033,wim57850,,2025-11-26 03:40:50.533426
Dactylorhiza,aristata,https://inaturalist-open-data.s3.amazonaws.com/photos/407370543/original.jpeg,iNaturalist,"Томари, Сахалинская обл., Россия, 694820","Томари, Сахалинская обл., Россия, 694820",47.7567722,142.0586250,lilia_efimtseva,cc-by-nc,2025-11-26 03:40:50.419387
Dactylorhiza,aristata,https://inaturalist-open-data.s3.amazonaws.com/photos/407370474/original.jpeg,iNaturalist,"Томари, Сахалинская обл., Россия, 694820","Томари, Сахалинская обл., Россия, 694820",47.7567722,142.0586250,lilia_efimtseva,cc-by-nc,2025-11-26 03:40:50.350798
Dactylorhiza,aristata,https://inaturalist-open-data.s3.amazonaws.com/photos/407370430/original.jpeg,iNaturalist,"Томари, Сахалинская обл., Россия, 694820","Томари, Сахалинская обл., Россия, 694820",47.7567722,142.0586250,lilia_efimtseva,cc-by-nc,2025-11-26 03:40:50.245974
Dactylorhiza,aristata,https://inaturalist-open-data.s3.amazonaws.com/photos/408834626/original.jpeg,iNaturalist,"Елизовский р-н, Камчатский край, Россия","Елизовский р-н, Камчатский край, Россия",53.1090389,158.4627833,naturalist34144,cc-by-nc,2025-11-26 03:40:50.161872
Dactylorhiza,aristata,https://inaturalist-open-data.s3.amazonaws.com/photos/408769479/original.jpeg,iNaturalist,"Елизовский р-н, Камчатский край, Россия","Елизовский р-н, Камчатский край, Россия",53.1090056,158.4627833,naturalist34144,cc-by-nc,2025-11-26 03:40:50.029708
Dactylorhiza,aristata,https://inaturalist-open-data.s3.amazonaws.com/photos/410638876/original.jpg,iNaturalist,"Kiska Island, Aleutian Islands, AK, USA","Kiska Island, Aleutian Islands, AK, USA",52.0817333,177.5572523,ianljones,cc-by-nc,2025-11-26 03:40:49.925601
Dactylorhiza,aristata,https://static.inaturalist.org/photos/412124189/original.jpeg,iNaturalist,"Медный остров, Муниципальный Район Алеутский, Камчатский край, RU","Медный остров, Муниципальный Район Алеутский, Камчатский край, RU",54.5845300,167.9612283,anna1525,,2025-11-26 03:40:49.861691
Dactylorhiza,aristata,https://static.inaturalist.org/photos/412934271/original.jpeg,iNaturalist,"Медный остров, Муниципальный Район Алеутский, Камчатский край, RU","Медный остров, Муниципальный Район Алеутский, Камчатский край, RU",54.7374883,167.7300867,anna1525,,2025-11-26 03:40:49.741731
Dactylorhiza,aristata,https://static.inaturalist.org/photos/413108577/original.jpeg,iNaturalist,"Остров Беринга, Муниципальный Район Алеутский, Камчатский край, RU","Остров Беринга, Муниципальный Район Алеутский, Камчатский край, RU",54.8413083,166.3986500,anna1525,,2025-11-26 03:40:49.665598
Dactylorhiza,aristata,https://static.inaturalist.org/photos/413108545/original.jpeg,iNaturalist,"Остров Беринга, Муниципальный Район Алеутский, Камчатский край, RU","Остров Беринга, Муниципальный Район Алеутский, Камчатский край, RU",54.8413083,166.3986500,anna1525,,2025-11-26 03:40:49.555316
Dactylorhiza,aristata,https://static.inaturalist.org/photos/414409031/original.jpeg,iNaturalist,"Остров Беринга, Муниципальный Район Алеутский, Камчатский край, RU","Остров Беринга, Муниципальный Район Алеутский, Камчатский край, RU",54.8413117,166.3987283,anna1525,,2025-11-26 03:40:49.490610
Dactylorhiza,aristata,https://static.inaturalist.org/photos/414408927/original.jpeg,iNaturalist,"Остров Беринга, Муниципальный Район Алеутский, Камчатский край, RU","Остров Беринга, Муниципальный Район Алеутский, Камчатский край, RU",54.8413117,166.3987283,anna1525,,2025-11-26 03:40:49.421208
Dactylorhiza,aristata,https://static.inaturalist.org/photos/414454619/original.jpeg,iNaturalist,"Yelizovsky District, Kamchatka Krai, Russia","Yelizovsky District, Kamchatka Krai, Russia",53.5079990,158.7725228,evgeny21,,2025-11-26 03:40:49.356156
Dactylorhiza,aristata,https://static.inaturalist.org/photos/414453137/original.jpeg,iNaturalist,"Yelizovsky District, Kamchatka Krai, Russia","Yelizovsky District, Kamchatka Krai, Russia",53.5079990,158.7725228,evgeny21,,2025-11-26 03:40:49.292572
Dactylorhiza,aristata,https://static.inaturalist.org/photos/415064720/original.jpeg,iNaturalist,"Unga Island, Alaska 99661, USA","Unga Island, Alaska 99661, USA",55.2693058,-160.6748964,lothar_bodingbauer,,2025-11-26 03:40:49.195997
Dactylorhiza,aristata,https://inaturalist-open-data.s3.amazonaws.com/photos/436686968/original.jpg,iNaturalist,"Kuril'skiy rayon, RU-SL, RU","Kuril'skiy rayon, RU-SL, RU",49.3865362,154.8285965,ivan_savinov,cc-by-nc,2025-11-26 03:40:49.019565
Dactylorhiza,aristata,https://inaturalist-open-data.s3.amazonaws.com/photos/436686966/original.jpg,iNaturalist,"Kuril'skiy rayon, RU-SL, RU","Kuril'skiy rayon, RU-SL, RU",49.3865362,154.8285965,ivan_savinov,cc-by-nc,2025-11-26 03:40:48.953908
Dactylorhiza,aristata,https://inaturalist-open-data.s3.amazonaws.com/photos/436681698/original.jpg,iNaturalist,"Kuril'skiy rayon, RU-SL, RU","Kuril'skiy rayon, RU-SL, RU",49.3865362,154.8285965,ivan_savinov,cc-by-nc,2025-11-26 03:40:48.890235
Dactylorhiza,aristata,https://inaturalist-open-data.s3.amazonaws.com/photos/436681693/original.jpg,iNaturalist,"Kuril'skiy rayon, RU-SL, RU","Kuril'skiy rayon, RU-SL, RU",49.3865362,154.8285965,ivan_savinov,cc-by-nc,2025-11-26 03:40:48.825687
Dactylorhiza,aristata,https://inaturalist-open-data.s3.amazonaws.com/photos/435362194/original.jpg,iNaturalist,"Kuril'skiy rayon, RU-SL, RU","Kuril'skiy rayon, RU-SL, RU",49.3865362,154.8285965,ivan_savinov,cc-by-nc,2025-11-26 03:40:48.760797
Dactylorhiza,aristata,https://inaturalist-open-data.s3.amazonaws.com/photos/435362193/original.jpg,iNaturalist,"Kuril'skiy rayon, RU-SL, RU","Kuril'skiy rayon, RU-SL, RU",49.3865362,154.8285965,ivan_savinov,cc-by-nc,2025-11-26 03:40:48.696123
Dactylorhiza,aristata,https://inaturalist-open-data.s3.amazonaws.com/photos/435362040/original.jpg,iNaturalist,"Kuril'skiy rayon, RU-SL, RU","Kuril'skiy rayon, RU-SL, RU",49.3865362,154.8285965,ivan_savinov,cc-by-nc,2025-11-26 03:40:48.609460
Dactylorhiza,aristata,https://inaturalist-open-data.s3.amazonaws.com/photos/449615253/original.jpeg,iNaturalist,"Анивский р-н, Сахалинская обл., Россия","Анивский р-н, Сахалинская обл., Россия",46.7898254,142.4885565,vladimirarkhipov,cc-by-nc,2025-11-26 03:40:48.497404
Dactylorhiza,aristata,https://inaturalist-open-data.s3.amazonaws.com/photos/449653040/original.jpeg,iNaturalist,"Анивский р-н, Сахалинская обл., Россия","Анивский р-н, Сахалинская обл., Россия",46.7952338,142.4877053,vladimirarkhipov,cc-by-nc,2025-11-26 03:40:48.415927
Dactylorhiza,aristata,https://inaturalist-open-data.s3.amazonaws.com/photos/450605037/original.jpeg,iNaturalist,"Petropavlovsk-Kamchatskiy, Kamchatka Krai, Russia","Petropavlovsk-Kamchatskiy, Kamchatka Krai, Russia",53.0583997,158.6320734,philip_precey,cc0,2025-11-26 03:40:48.351521
Dactylorhiza,aristata,https://inaturalist-open-data.s3.amazonaws.com/photos/450605038/original.jpeg,iNaturalist,"Petropavlovsk-Kamchatskiy, Kamchatka Krai, Russia","Petropavlovsk-Kamchatskiy, Kamchatka Krai, Russia",53.0583997,158.6320734,philip_precey,cc0,2025-11-26 03:40:48.285537
Dactylorhiza,aristata,https://inaturalist-open-data.s3.amazonaws.com/photos/450607373/original.jpeg,iNaturalist,"Yelizovsky District, Kamchatka Krai, Russia","Yelizovsky District, Kamchatka Krai, Russia",53.0926128,158.6871412,philip_precey,cc0,2025-11-26 03:40:48.216282
Dactylorhiza,aristata,https://static.inaturalist.org/photos/450777702/original.jpeg,iNaturalist,"Петропавловск-Камчатский, Камчатский край, Россия","Петропавловск-Камчатский, Камчатский край, Россия",53.0122617,158.6695480,botalex,,2025-11-26 03:40:48.152941
Dactylorhiza,aristata,https://static.inaturalist.org/photos/450777693/original.jpeg,iNaturalist,"Петропавловск-Камчатский, Камчатский край, Россия","Петропавловск-Камчатский, Камчатский край, Россия",53.0122617,158.6695480,botalex,,2025-11-26 03:40:48.018759
Dactylorhiza,aristata,https://static.inaturalist.org/photos/450777646/original.jpeg,iNaturalist,"Петропавловск-Камчатский, Камчатский край, Россия","Петропавловск-Камчатский, Камчатский край, Россия",53.0122617,158.6695480,botalex,,2025-11-26 03:40:47.953201
Dactylorhiza,aristata,https://inaturalist-open-data.s3.amazonaws.com/photos/453122824/original.jpeg,iNaturalist,"Kodiak Island County, US-AK, US","Kodiak Island County, US-AK, US",57.7393752,-152.4830772,machi,cc-by-nc,2025-11-26 03:40:47.888724
Dactylorhiza,aristata,https://inaturalist-open-data.s3.amazonaws.com/photos/453122718/original.jpeg,iNaturalist,"Kodiak Island County, US-AK, US","Kodiak Island County, US-AK, US",57.7393752,-152.4830772,machi,cc-by-nc,2025-11-26 03:40:47.791813
Dactylorhiza,aristata,https://inaturalist-open-data.s3.amazonaws.com/photos/463693220/original.jpeg,iNaturalist,"Тымовский р-н, Сахалинская обл., Россия","Тымовский р-н, Сахалинская обл., Россия",51.0439327,142.8013797,andrey19780619,cc-by-nc,2025-11-26 03:40:47.725322
Dactylorhiza,aristata,https://inaturalist-open-data.s3.amazonaws.com/photos/463693133/original.jpeg,iNaturalist,"Тымовский р-н, Сахалинская обл., Россия","Тымовский р-н, Сахалинская обл., Россия",51.0439327,142.8013797,andrey19780619,cc-by-nc,2025-11-26 03:40:47.656671
Dactylorhiza,aristata,https://inaturalist-open-data.s3.amazonaws.com/photos/463693143/original.jpeg,iNaturalist,"Тымовский р-н, Сахалинская обл., Россия","Тымовский р-н, Сахалинская обл., Россия",51.0439327,142.8013797,andrey19780619,cc-by-nc,2025-11-26 03:40:47.589551
Dactylorhiza,aristata,https://inaturalist-open-data.s3.amazonaws.com/photos/465040888/original.jpeg,iNaturalist,"Тымовский р-н, Сахалинская обл., Россия","Тымовский р-н, Сахалинская обл., Россия",51.0352990,142.7103208,andrey19780619,cc-by-nc,2025-11-26 03:40:47.519994
Dactylorhiza,aristata,https://inaturalist-open-data.s3.amazonaws.com/photos/465054740/original.jpeg,iNaturalist,"Тымовский р-н, Сахалинская обл., Россия","Тымовский р-н, Сахалинская обл., Россия",51.0395357,142.7979683,andrey19780619,cc-by-nc,2025-11-26 03:40:47.451695
Dactylorhiza,aristata,https://inaturalist-open-data.s3.amazonaws.com/photos/465054730/original.jpeg,iNaturalist,"Тымовский р-н, Сахалинская обл., Россия","Тымовский р-н, Сахалинская обл., Россия",51.0395357,142.7979683,andrey19780619,cc-by-nc,2025-11-26 03:40:47.385321
Dactylorhiza,aristata,https://inaturalist-open-data.s3.amazonaws.com/photos/465054731/original.jpeg,iNaturalist,"Тымовский р-н, Сахалинская обл., Россия","Тымовский р-н, Сахалинская обл., Россия",51.0395357,142.7979683,andrey19780619,cc-by-nc,2025-11-26 03:40:47.319444
Dactylorhiza,aristata,https://inaturalist-open-data.s3.amazonaws.com/photos/465054719/original.jpeg,iNaturalist,"Тымовский р-н, Сахалинская обл., Россия","Тымовский р-н, Сахалинская обл., Россия",51.0395357,142.7979683,andrey19780619,cc-by-nc,2025-11-26 03:40:47.247883
Dactylorhiza,aristata,https://inaturalist-open-data.s3.amazonaws.com/photos/465299760/original.jpeg,iNaturalist,"Тымовский р-н, Сахалинская обл., Россия","Тымовский р-н, Сахалинская обл., Россия",51.0409581,142.8011934,andrey19780619,cc-by-nc,2025-11-26 03:40:47.116963
Dactylorhiza,aristata,https://inaturalist-open-data.s3.amazonaws.com/photos/465299749/original.jpeg,iNaturalist,"Тымовский р-н, Сахалинская обл., Россия","Тымовский р-н, Сахалинская обл., Россия",51.0409581,142.8011934,andrey19780619,cc-by-nc,2025-11-26 03:40:47.042574
Dactylorhiza,aristata,https://inaturalist-open-data.s3.amazonaws.com/photos/465496469/original.jpeg,iNaturalist,"Kuril'skiy rayon, RU-SL, RU","Kuril'skiy rayon, RU-SL, RU",44.1347404,145.7794187,sergey_stefanov,cc-by-nc,2025-11-26 03:40:46.979025
Dactylorhiza,aristata,https://inaturalist-open-data.s3.amazonaws.com/photos/465496487/original.jpeg,iNaturalist,"Kuril'skiy rayon, RU-SL, RU","Kuril'skiy rayon, RU-SL, RU",44.1347404,145.7794187,sergey_stefanov,cc-by-nc,2025-11-26 03:40:46.911063
Dactylorhiza,aristata,https://inaturalist-open-data.s3.amazonaws.com/photos/475051422/original.jpeg,iNaturalist,above Trout Lagoon,above Trout Lagoon,51.9757383,177.5284404,ianljones,cc-by-nc,2025-11-26 03:40:46.847723
Dactylorhiza,aristata,https://inaturalist-open-data.s3.amazonaws.com/photos/476359774/original.jpg,iNaturalist,"Japan, Shizuoka-ken, South Alps (南アルプス), Arakawa-dake (荒川岳), south slope, approx. 2850 m asl","Japan, Shizuoka-ken, South Alps (南アルプス), Arakawa-dake (荒川岳), south slope, approx. 2850 m asl",35.4907760,138.1649637,wtueckmantel,cc-by-nc,2025-11-26 03:40:46.651313
Dactylorhiza,aristata,https://static.inaturalist.org/photos/478085749/original.jpeg,iNaturalist,"Kuril'skiy rayon, RU-SL, RU","Kuril'skiy rayon, RU-SL, RU",49.5992028,154.8124611,nikolas135,,2025-11-26 03:40:46.585531
Dactylorhiza,aristata,https://static.inaturalist.org/photos/478085722/original.jpeg,iNaturalist,"Kuril'skiy rayon, RU-SL, RU","Kuril'skiy rayon, RU-SL, RU",49.5992028,154.8124611,nikolas135,,2025-11-26 03:40:46.514919
Dactylorhiza,aristata,https://static.inaturalist.org/photos/478086458/original.jpeg,iNaturalist,"Северо-Курильский р-н, Сахалинская обл., Россия, 694550","Северо-Курильский р-н, Сахалинская обл., Россия, 694550",49.6013028,154.8128222,nikolas135,,2025-11-26 03:40:46.446403
Dactylorhiza,aristata,https://static.inaturalist.org/photos/478085041/original.jpeg,iNaturalist,"Северо-Курильский р-н, Сахалинская обл., Россия, 694550","Северо-Курильский р-н, Сахалинская обл., Россия, 694550",49.6013028,154.8128222,nikolas135,,2025-11-26 03:40:46.381600
Dactylorhiza,aristata,https://static.inaturalist.org/photos/478084999/original.jpeg,iNaturalist,"Северо-Курильский р-н, Сахалинская обл., Россия, 694550","Северо-Курильский р-н, Сахалинская обл., Россия, 694550",49.6013028,154.8128222,nikolas135,,2025-11-26 03:40:46.313513
Dactylorhiza,aristata,https://static.inaturalist.org/photos/478084932/original.jpeg,iNaturalist,"Северо-Курильский р-н, Сахалинская обл., Россия, 694550","Северо-Курильский р-н, Сахалинская обл., Россия, 694550",49.6013028,154.8128222,nikolas135,,2025-11-26 03:40:46.248499
Dactylorhiza,aristata,https://inaturalist-open-data.s3.amazonaws.com/photos/489918069/original.jpeg,iNaturalist,slope near Witchcraft Point,slope near Witchcraft Point,52.0452822,177.5133337,ianljones,cc-by-nc,2025-11-26 03:40:46.097642
Dactylorhiza,aristata,https://static.inaturalist.org/photos/512284760/original.jpg,iNaturalist,"Shimmomoiwa Tunnel, Rebun, Hokkaido, JP","Shimmomoiwa Tunnel, Rebun, Hokkaido, JP",45.3010667,141.0368055,alicekchan,,2025-11-26 03:40:45.910073
Dactylorhiza,aristata,https://inaturalist-open-data.s3.amazonaws.com/photos/515018709/original.jpg,iNaturalist,日本、〒920-2501 石川県白山市白峰白山国立公園,日本、〒920-2501 石川県白山市白峰白山国立公園,36.1568166,136.7646560,hiroki_shudo,cc-by-nc,2025-11-26 03:40:45.840697
Dactylorhiza,aristata,https://static.inaturalist.org/photos/515294095/original.jpg,iNaturalist,"Тымовское, Сахалинская обл., Россия, 694400","Тымовское, Сахалинская обл., Россия, 694400",50.8404294,142.6671176,vera71468,,2025-11-26 03:40:45.776124
Dactylorhiza,aristata,https://static.inaturalist.org/photos/515294024/original.jpg,iNaturalist,"Тымовское, Сахалинская обл., Россия, 694400","Тымовское, Сахалинская обл., Россия, 694400",50.8404294,142.6671176,vera71468,,2025-11-26 03:40:45.583760
Dactylorhiza,aristata,https://static.inaturalist.org/photos/516925386/original.jpg,iNaturalist,"Rebun, Hokkaido, JP","Rebun, Hokkaido, JP",45.2975163,141.0353191,maggieyeh,,2025-11-26 03:40:45.459803
Dactylorhiza,aristata,https://static.inaturalist.org/photos/516925389/original.jpg,iNaturalist,"Rebun, Hokkaido, JP","Rebun, Hokkaido, JP",45.2975163,141.0353191,maggieyeh,,2025-11-26 03:40:45.369440
Dactylorhiza,aristata,https://static.inaturalist.org/photos/516925387/original.jpg,iNaturalist,"Rebun, Hokkaido, JP","Rebun, Hokkaido, JP",45.2975163,141.0353191,maggieyeh,,2025-11-26 03:40:45.172373
Dactylorhiza,aristata,https://static.inaturalist.org/photos/518586237/original.jpg,iNaturalist,"Сахалинская обл., Россия, 693010","Сахалинская обл., Россия, 693010",46.9696040,142.7870860,mashivva,,2025-11-26 03:40:45.104421
Dactylorhiza,aristata,https://static.inaturalist.org/photos/518586131/original.jpg,iNaturalist,"Сахалинская обл., Россия, 693010","Сахалинская обл., Россия, 693010",46.9696040,142.7870860,mashivva,,2025-11-26 03:40:45.035311
Dactylorhiza,aristata,https://static.inaturalist.org/photos/518570754/original.jpg,iNaturalist,"Сахалинская обл., Россия, 693010","Сахалинская обл., Россия, 693010",46.9696040,142.7870860,mashivva,,2025-11-26 03:40:44.965174
Dactylorhiza,aristata,https://static.inaturalist.org/photos/518570571/original.jpg,iNaturalist,"Сахалинская обл., Россия, 693010","Сахалинская обл., Россия, 693010",46.9696040,142.7870860,mashivva,,2025-11-26 03:40:44.899675
Dactylorhiza,aristata,https://static.inaturalist.org/photos/518570393/original.jpg,iNaturalist,"Сахалинская обл., Россия, 693010","Сахалинская обл., Россия, 693010",46.9696040,142.7870860,mashivva,,2025-11-26 03:40:44.814616
Dactylorhiza,aristata,https://static.inaturalist.org/photos/518634747/original.jpg,iNaturalist,"鴛泊榮町, 利尻富士町, 北海道, JP","鴛泊榮町, 利尻富士町, 北海道, JP",45.2408330,141.2168455,no1small,,2025-11-26 03:40:44.691587
Dactylorhiza,aristata,https://static.inaturalist.org/photos/518733793/original.jpg,iNaturalist,"Сахалинская обл., Россия, 693010","Сахалинская обл., Россия, 693010",46.9875790,142.8308890,mashivva,,2025-11-26 03:40:44.601289
Dactylorhiza,aristata,https://static.inaturalist.org/photos/518733743/original.jpg,iNaturalist,"Сахалинская обл., Россия, 693010","Сахалинская обл., Россия, 693010",46.9875790,142.8308890,mashivva,,2025-11-26 03:40:44.533971
Dactylorhiza,aristata,https://static.inaturalist.org/photos/518733699/original.jpg,iNaturalist,"Сахалинская обл., Россия, 693010","Сахалинская обл., Россия, 693010",46.9875790,142.8308890,mashivva,,2025-11-26 03:40:44.467012
Dactylorhiza,aristata,https://static.inaturalist.org/photos/518733661/original.jpg,iNaturalist,"Сахалинская обл., Россия, 693010","Сахалинская обл., Россия, 693010",46.9875790,142.8308890,mashivva,,2025-11-26 03:40:44.398994
Dactylorhiza,aristata,https://static.inaturalist.org/photos/518734590/original.jpg,iNaturalist,"Сахалинская обл., Россия, 693010","Сахалинская обл., Россия, 693010",46.9696190,142.7871430,mashivva,,2025-11-26 03:40:44.321509
Dactylorhiza,aristata,https://static.inaturalist.org/photos/518734536/original.jpg,iNaturalist,"Сахалинская обл., Россия, 693010","Сахалинская обл., Россия, 693010",46.9696190,142.7871430,mashivva,,2025-11-26 03:40:44.256028
Dactylorhiza,aristata,https://static.inaturalist.org/photos/518734493/original.jpg,iNaturalist,"Сахалинская обл., Россия, 693010","Сахалинская обл., Россия, 693010",46.9696190,142.7871430,mashivva,,2025-11-26 03:40:44.175682
Dactylorhiza,aristata,https://inaturalist-open-data.s3.amazonaws.com/photos/519622498/original.jpg,iNaturalist,"Камчатский край, Россия, 683012","Камчатский край, Россия, 683012",52.8159149,158.5794312,novinskaya-ev,cc-by-nc,2025-11-26 03:40:44.079276
Dactylorhiza,aristata,https://static.inaturalist.org/photos/519753124/original.jpg,iNaturalist,"利尻禮文Sarobetsu國立公園, 禮文町, 北海道, JP","利尻禮文Sarobetsu國立公園, 禮文町, 北海道, JP",45.3015647,141.0366237,no1small,,2025-11-26 03:40:43.998504
Dactylorhiza,aristata,https://static.inaturalist.org/photos/519753107/original.jpg,iNaturalist,"利尻禮文Sarobetsu國立公園, 禮文町, 北海道, JP","利尻禮文Sarobetsu國立公園, 禮文町, 北海道, JP",45.3015647,141.0366237,no1small,,2025-11-26 03:40:43.932185
Dactylorhiza,aristata,https://static.inaturalist.org/photos/519753078/original.jpg,iNaturalist,"利尻禮文Sarobetsu國立公園, 禮文町, 北海道, JP","利尻禮文Sarobetsu國立公園, 禮文町, 北海道, JP",45.3015647,141.0366237,no1small,,2025-11-26 03:40:43.868515
Dactylorhiza,aristata,https://static.inaturalist.org/photos/519753052/original.jpg,iNaturalist,"利尻禮文Sarobetsu國立公園, 禮文町, 北海道, JP","利尻禮文Sarobetsu國立公園, 禮文町, 北海道, JP",45.3015647,141.0366237,no1small,,2025-11-26 03:40:43.804730
Dactylorhiza,aristata,https://static.inaturalist.org/photos/519753188/original.jpg,iNaturalist,"香深村, 禮文町, 北海道, JP","香深村, 禮文町, 北海道, JP",45.3034367,141.0398278,no1small,,2025-11-26 03:40:43.741401
Dactylorhiza,aristata,https://static.inaturalist.org/photos/519753174/original.jpg,iNaturalist,"香深村, 禮文町, 北海道, JP","香深村, 禮文町, 北海道, JP",45.3034367,141.0398278,no1small,,2025-11-26 03:40:43.676043
Dactylorhiza,aristata,https://static.inaturalist.org/photos/519753149/original.jpg,iNaturalist,"香深村, 禮文町, 北海道, JP","香深村, 禮文町, 北海道, JP",45.3034367,141.0398278,no1small,,2025-11-26 03:40:43.593159
Dactylorhiza,aristata,https://static.inaturalist.org/photos/520156893/original.jpg,iNaturalist,"Kodiak Station, AK 99615, USA","Kodiak Station, AK 99615, USA",57.7511917,-152.5324500,meghan299,,2025-11-26 03:40:43.508394
Dactylorhiza,aristata,https://static.inaturalist.org/photos/520156870/original.jpg,iNaturalist,"Kodiak Station, AK 99615, USA","Kodiak Station, AK 99615, USA",57.7511917,-152.5324500,meghan299,,2025-11-26 03:40:43.420821
Dactylorhiza,aristata,https://static.inaturalist.org/photos/520431605/original.jpg,iNaturalist,"船泊村, 禮文町, 北海道, JP","船泊村, 禮文町, 北海道, JP",45.4241650,141.0507477,no1small,,2025-11-26 03:40:43.323885
Dactylorhiza,aristata,https://inaturalist-open-data.s3.amazonaws.com/photos/520680325/original.jpg,iNaturalist,"Unalaska, AK, USA","Unalaska, AK, USA",53.8847250,-166.5315083,eldredj,cc-by-nc,2025-11-26 03:40:43.204709
Dactylorhiza,aristata,https://inaturalist-open-data.s3.amazonaws.com/photos/522341573/original.jpg,iNaturalist,"Елизовский р-н, Камчатский край, Россия","Елизовский р-н, Камчатский край, Россия",52.9311667,158.3892361,naturalist34144,cc-by-nc,2025-11-26 03:40:43.138149
Dactylorhiza,aristata,https://inaturalist-open-data.s3.amazonaws.com/photos/522341572/original.jpg,iNaturalist,"Елизовский р-н, Камчатский край, Россия","Елизовский р-н, Камчатский край, Россия",52.9311667,158.3892361,naturalist34144,cc-by-nc,2025-11-26 03:40:43.067521
Dactylorhiza,aristata,https://inaturalist-open-data.s3.amazonaws.com/photos/522341569/original.jpg,iNaturalist,"Елизовский р-н, Камчатский край, Россия","Елизовский р-н, Камчатский край, Россия",52.9311667,158.3892361,naturalist34144,cc-by-nc,2025-11-26 03:40:42.985603
Dactylorhiza,aristata,https://inaturalist-open-data.s3.amazonaws.com/photos/522341300/original.jpg,iNaturalist,"Елизовский р-н, Камчатский край, Россия","Елизовский р-н, Камчатский край, Россия",52.9311667,158.3892361,naturalist34144,cc-by-nc,2025-11-26 03:40:42.901863
Dactylorhiza,aristata,https://inaturalist-open-data.s3.amazonaws.com/photos/522846895/original.jpg,iNaturalist,"Елизовский р-н, Камчатский край, Россия","Елизовский р-н, Камчатский край, Россия",52.9923694,158.2971194,naturalist34144,cc-by-nc,2025-11-26 03:40:42.816748
Dactylorhiza,aristata,https://inaturalist-open-data.s3.amazonaws.com/photos/522846882/original.jpg,iNaturalist,"Елизовский р-н, Камчатский край, Россия","Елизовский р-н, Камчатский край, Россия",52.9923694,158.2971194,naturalist34144,cc-by-nc,2025-11-26 03:40:42.742539
Dactylorhiza,aristata,https://inaturalist-open-data.s3.amazonaws.com/photos/522846611/original.jpg,iNaturalist,"Елизовский р-н, Камчатский край, Россия","Елизовский р-н, Камчатский край, Россия",52.9923694,158.2971194,naturalist34144,cc-by-nc,2025-11-26 03:40:42.642536
Dactylorhiza,aristata,https://inaturalist-open-data.s3.amazonaws.com/photos/524340593/original.jpg,iNaturalist,"Елизовский район, Камчатский край, RU","Елизовский район, Камчатский край, RU",53.1619195,158.2207200,sofya_persey,cc-by-nc,2025-11-26 03:40:42.544448
Dactylorhiza,aristata,https://inaturalist-open-data.s3.amazonaws.com/photos/524916290/original.jpg,iNaturalist,"г. Южно-Сахалинск, Сахалинская обл., Россия","г. Южно-Сахалинск, Сахалинская обл., Россия",46.9803999,142.8238058,anna-solisia,cc-by-nc-nd,2025-11-26 03:40:42.479759
Dactylorhiza,aristata,https://inaturalist-open-data.s3.amazonaws.com/photos/524915442/original.jpg,iNaturalist,"г. Южно-Сахалинск, Сахалинская обл., Россия","г. Южно-Сахалинск, Сахалинская обл., Россия",46.9803999,142.8238058,anna-solisia,cc-by-nc-nd,2025-11-26 03:40:42.410388
Dactylorhiza,aristata,https://static.inaturalist.org/photos/526564373/original.jpg,iNaturalist,"歯舞3丁目, 根室市, 北海道, JP","歯舞3丁目, 根室市, 北海道, JP",43.3503200,145.7644050,tsuyoshi5,,2025-11-26 03:40:42.346269
Dactylorhiza,aristata,https://inaturalist-open-data.s3.amazonaws.com/photos/398095018/original.jpeg,GBIF,Russian Federation,,53.0333320,158.6333330,Алина Плебейко,http://creativecommons.org/licenses/by/4.0/,2025-11-26 03:40:11.060558
Dactylorhiza,aristata,https://inaturalist-open-data.s3.amazonaws.com/photos/391417226/original.jpg,GBIF,Russian Federation,,46.7268160,142.6070310,Tatjana Koroteeva,http://creativecommons.org/licenses/by-nc/4.0/,2025-11-26 03:40:10.996564
Dactylorhiza,aristata,https://inaturalist-open-data.s3.amazonaws.com/photos/391854457/original.jpg,GBIF,Russian Federation,,44.0069810,145.6839620,leonid63,http://creativecommons.org/licenses/by-nc/4.0/,2025-11-26 03:40:10.932717
Dactylorhiza,aristata,https://inaturalist-open-data.s3.amazonaws.com/photos/392277941/original.jpeg,GBIF,Russian Federation,,53.1743830,158.3675400,aple,http://creativecommons.org/licenses/by-nc/4.0/,2025-11-26 03:40:10.805147
Dactylorhiza,aristata,https://inaturalist-open-data.s3.amazonaws.com/photos/392525309/original.jpg,GBIF,Russian Federation,,44.0238700,145.8695220,Vyacheslav Luzanov,http://creativecommons.org/licenses/by-nc/4.0/,2025-11-26 03:40:10.741651
Dactylorhiza,aristata,https://inaturalist-open-data.s3.amazonaws.com/photos/392679057/original.jpg,GBIF,Russian Federation,,48.2302250,142.5622570,Tatjana Koroteeva,http://creativecommons.org/licenses/by-nc/4.0/,2025-11-26 03:40:10.677935
Dactylorhiza,aristata,https://inaturalist-open-data.s3.amazonaws.com/photos/392623012/original.jpg,GBIF,Russian Federation,,47.6970140,142.5504300,Tatjana Koroteeva,http://creativecommons.org/licenses/by-nc/4.0/,2025-11-26 03:40:10.613588
Dactylorhiza,aristata,https://inaturalist-open-data.s3.amazonaws.com/photos/389954374/original.jpg,GBIF,Japan,,42.9371620,141.0124600,白山　弘子,http://creativecommons.org/licenses/by-nc/4.0/,2025-11-26 03:40:10.477483
Dactylorhiza,aristata,https://inaturalist-open-data.s3.amazonaws.com/photos/385258423/original.jpeg,GBIF,United States of America,,53.8723290,-166.5375510,dumpsterfirephotos,http://creativecommons.org/licenses/by-nc/4.0/,2025-11-26 03:40:10.020554
Dactylorhiza,aristata,https://inaturalist-open-data.s3.amazonaws.com/photos/449615251/original.jpeg,GBIF,Russian Federation,,46.7898250,142.4885570,Vladimir Yu. Arkhipov,http://creativecommons.org/licenses/by-nc/4.0/,2025-11-26 03:40:09.891034
Dactylorhiza,aristata,https://inaturalist-open-data.s3.amazonaws.com/photos/449861221/original.jpeg,GBIF,Russian Federation,,46.7881510,142.4874020,Vladimir Yu. Arkhipov,http://creativecommons.org/licenses/by-nc/4.0/,2025-11-26 03:40:09.826451
Dactylorhiza,aristata,https://inaturalist-open-data.s3.amazonaws.com/photos/449653060/original.jpeg,GBIF,Russian Federation,,46.7952340,142.4877050,Vladimir Yu. Arkhipov,http://creativecommons.org/licenses/by-nc/4.0/,2025-11-26 03:40:09.698746
Dactylorhiza,aristata,https://inaturalist-open-data.s3.amazonaws.com/photos/449633425/original.jpeg,GBIF,Russian Federation,,46.7884540,142.4861170,Vladimir Yu. Arkhipov,http://creativecommons.org/licenses/by-nc/4.0/,2025-11-26 03:40:09.632908
Dactylorhiza,aristata,https://inaturalist-open-data.s3.amazonaws.com/photos/392280533/original.jpeg,GBIF,United States of America,,57.2786690,-154.1130800,Masumi Palhof,http://creativecommons.org/licenses/by-nc/4.0/,2025-11-26 03:40:09.567629
Dactylorhiza,aristata,https://inaturalist-open-data.s3.amazonaws.com/photos/399354393/original.jpg,GBIF,Russian Federation,,46.8062580,142.4861760,Vladimir Yu. Arkhipov,http://creativecommons.org/licenses/by-nc/4.0/,2025-11-26 03:40:09.374718
Dactylorhiza,aristata,https://inaturalist-open-data.s3.amazonaws.com/photos/391874066/original.jpeg,GBIF,Russian Federation,,44.0094500,145.8081870,kaktus2494,http://creativecommons.org/licenses/by-nc/4.0/,2025-11-26 03:40:09.306549
Dactylorhiza,aristata,https://inaturalist-open-data.s3.amazonaws.com/photos/388524032/original.jpeg,GBIF,Russian Federation,,46.9437230,142.7565090,Вера Потопаева,http://creativecommons.org/licenses/by-nc/4.0/,2025-11-26 03:40:09.241661
Dactylorhiza,aristata,https://inaturalist-open-data.s3.amazonaws.com/photos/387779176/original.jpg,GBIF,Russian Federation,,44.0376200,145.8608250,sergey_stefanov,http://creativecommons.org/licenses/by-nc/4.0/,2025-11-26 03:40:09.113074
Dactylorhiza,aristata,https://inaturalist-open-data.s3.amazonaws.com/photos/388524447/original.jpeg,GBIF,Russian Federation,,46.9461410,142.7573270,Вера Потопаева,http://creativecommons.org/licenses/by-nc/4.0/,2025-11-26 03:40:09.048742
Dactylorhiza,aristata,https://inaturalist-open-data.s3.amazonaws.com/photos/388531485/original.jpg,GBIF,Russian Federation,,43.9137580,145.6798080,sergey_stefanov,http://creativecommons.org/licenses/by-nc/4.0/,2025-11-26 03:40:08.982854
Dactylorhiza,aristata,https://inaturalist-open-data.s3.amazonaws.com/photos/388811406/original.jpg,GBIF,Russian Federation,,46.9904900,142.8368190,timofey_bar,http://creativecommons.org/licenses/by-nc/4.0/,2025-11-26 03:40:08.844409
Dactylorhiza,aristata,https://inaturalist-open-data.s3.amazonaws.com/photos/385697966/original.jpeg,GBIF,Russian Federation,,46.9710470,142.7689350,Екатерина,http://creativecommons.org/licenses/by-nc/4.0/,2025-11-26 03:40:08.523437
Dactylorhiza,aristata,https://inaturalist-open-data.s3.amazonaws.com/photos/385258040/original.jpeg,GBIF,United States of America,,53.8723290,-166.5375510,dumpsterfirephotos,http://creativecommons.org/licenses/by-nc/4.0/,2025-11-26 03:40:08.195122
Dactylorhiza,aristata,https://inaturalist-open-data.s3.amazonaws.com/photos/384163433/original.jpeg,GBIF,United States of America,,57.4961050,-152.4587480,conrathcl,http://creativecommons.org/licenses/by-nc/4.0/,2025-11-26 03:40:08.128347
Dactylorhiza,aristata,https://inaturalist-open-data.s3.amazonaws.com/photos/559310521/original.jpg,GBIF,Russian Federation,,50.2719160,155.3948520,Pavel Smirnov,http://creativecommons.org/licenses/by/4.0/,2025-11-26 03:40:07.994818
Dactylorhiza,aristata,https://inaturalist-open-data.s3.amazonaws.com/photos/554539661/original.jpg,GBIF,Russian Federation,,55.2542550,158.5758700,Violetta Dzizyurova,http://creativecommons.org/licenses/by/4.0/,2025-11-26 03:40:07.864442
Dactylorhiza,aristata,https://inaturalist-open-data.s3.amazonaws.com/photos/591236938/original.jpg,GBIF,Russian Federation,,50.2604510,155.3563950,ivan_savinov,http://creativecommons.org/licenses/by-nc/4.0/,2025-11-26 03:40:07.732729
Dactylorhiza,aristata,https://inaturalist-open-data.s3.amazonaws.com/photos/584083774/original.jpg,GBIF,Russian Federation,,53.1629300,158.1620100,Bogdan V. Kryzhatyuk,http://creativecommons.org/licenses/by-nc-sa/4.0/,2025-11-26 03:40:07.601840
Dactylorhiza,aristata,https://inaturalist-open-data.s3.amazonaws.com/photos/558143188/original.jpg,GBIF,Russian Federation,,50.2767810,155.3439010,Pavel Smirnov,http://creativecommons.org/licenses/by/4.0/,2025-11-26 03:40:07.537718
Dactylorhiza,aristata,https://inaturalist-open-data.s3.amazonaws.com/photos/583734496/original.jpg,GBIF,Russian Federation,,52.7480400,158.2660400,Bogdan V. Kryzhatyuk,http://creativecommons.org/licenses/by-nc-sa/4.0/,2025-11-26 03:40:07.410552
Dactylorhiza,aristata,https://inaturalist-open-data.s3.amazonaws.com/photos/583699166/original.jpg,GBIF,Russian Federation,,52.7421600,158.2693000,Bogdan V. Kryzhatyuk,http://creativecommons.org/licenses/by-nc-sa/4.0/,2025-11-26 03:40:07.217118
Dactylorhiza,aristata,https://inaturalist-open-data.s3.amazonaws.com/photos/581396683/original.jpg,GBIF,Russian Federation,,53.8410800,158.0758800,Bogdan V. Kryzhatyuk,http://creativecommons.org/licenses/by-nc-sa/4.0/,2025-11-26 03:40:07.012541
Dactylorhiza,aristata,https://inaturalist-open-data.s3.amazonaws.com/photos/531061886/original.jpg,GBIF,United States of America,,53.8727190,-166.5580580,Ryan Plunkett,http://creativecommons.org/licenses/by-nc/4.0/,2025-11-26 03:40:06.947598
Dactylorhiza,aristata,https://inaturalist-open-data.s3.amazonaws.com/photos/536310412/original.jpg,GBIF,United States of America,,53.8727580,-166.5250860,Matthew Syvenky,http://creativecommons.org/licenses/by-nc/4.0/,2025-11-26 03:40:06.880857
Dactylorhiza,aristata,https://inaturalist-open-data.s3.amazonaws.com/photos/533112073/original.jpg,GBIF,United States of America,,55.1844970,-160.5047980,rngrrik,http://creativecommons.org/licenses/by-nc/4.0/,2025-11-26 03:40:06.816354
Dactylorhiza,aristata,https://inaturalist-open-data.s3.amazonaws.com/photos/566769947/original.jpg,GBIF,Japan,,36.1168680,137.5564770,Fabian A. Boetzl,http://creativecommons.org/licenses/by-nc/4.0/,2025-11-26 03:40:06.750064
Dactylorhiza,aristata,https://inaturalist-open-data.s3.amazonaws.com/photos/563628946/original.jpg,GBIF,Japan,,39.9567100,140.8590500,jw66,http://creativecommons.org/licenses/by-nc/4.0/,2025-11-26 03:40:06.683942
Dactylorhiza,aristata,https://inaturalist-open-data.s3.amazonaws.com/photos/530936816/original.jpg,GBIF,United States of America,,53.8719700,-166.5419850,threewavespro,http://creativecommons.org/licenses/by-nc/4.0/,2025-11-26 03:40:06.619094
Dactylorhiza,aristata,https://inaturalist-open-data.s3.amazonaws.com/photos/545454385/original.jpg,GBIF,United States of America,,55.1839450,-160.5061500,sarah8888,http://creativecommons.org/licenses/by-nc/4.0/,2025-11-26 03:40:06.554489
Dactylorhiza,aristata,https://inaturalist-open-data.s3.amazonaws.com/photos/542560450/original.jpg,GBIF,United States of America,,53.9075970,-166.5467830,Oliver Malatich,http://creativecommons.org/licenses/by-nc/4.0/,2025-11-26 03:40:06.426800
Dactylorhiza,aristata,https://inaturalist-open-data.s3.amazonaws.com/photos/530555069/original.jpg,GBIF,United States of America,,55.1843030,-160.5077880,llillian808,http://creativecommons.org/licenses/by-nc/4.0/,2025-11-26 03:40:06.362277
Dactylorhiza,aristata,https://inaturalist-open-data.s3.amazonaws.com/photos/531013683/original.jpg,GBIF,United States of America,,55.1825830,-160.5053870,monikacaswell,http://creativecommons.org/licenses/by-nc/4.0/,2025-11-26 03:40:06.297949
Dactylorhiza,aristata,https://inaturalist-open-data.s3.amazonaws.com/photos/536905770/original.jpg,GBIF,United States of America,,55.1832780,-160.5084530,Matthew Syvenky,http://creativecommons.org/licenses/by-nc/4.0/,2025-11-26 03:40:06.231623
Dactylorhiza,aristata,https://inaturalist-open-data.s3.amazonaws.com/photos/530388478/original.jpg,GBIF,United States of America,,55.1835370,-160.5087880,debs67,http://creativecommons.org/licenses/by-nc/4.0/,2025-11-26 03:40:06.159363
Dactylorhiza,aristata,https://inaturalist-open-data.s3.amazonaws.com/photos/532690076/original.jpg,GBIF,United States of America,,60.4275450,-147.8288720,smatsuoka,http://creativecommons.org/licenses/by-nc/4.0/,2025-11-26 03:40:06.087571
Dactylorhiza,aristata,https://inaturalist-open-data.s3.amazonaws.com/photos/533612693/original.jpg,GBIF,United States of America,,51.8235030,-176.6358950,muellepm,http://creativecommons.org/licenses/by-nc/4.0/,2025-11-26 03:40:06.021655
Dactylorhiza,aristata,https://inaturalist-open-data.s3.amazonaws.com/photos/532114050/original.jpg,GBIF,United States of America,,51.8751930,-176.6297460,DKurtz,http://creativecommons.org/licenses/by-nc/4.0/,2025-11-26 03:40:05.955892
Dactylorhiza,aristata,https://inaturalist-open-data.s3.amazonaws.com/photos/560975633/original.jpg,GBIF,Japan,,36.7495650,137.7548230,alice__lee,http://creativecommons.org/licenses/by-nc/4.0/,2025-11-26 03:40:05.884119
Dactylorhiza,aristata,https://inaturalist-open-data.s3.amazonaws.com/photos/557086364/original.jpg,GBIF,Russian Federation,,53.0814000,157.9229720,Pelagiya Belyakova,http://creativecommons.org/licenses/by-nc/4.0/,2025-11-26 03:40:05.620382
Dactylorhiza,aristata,https://inaturalist-open-data.s3.amazonaws.com/photos/548248491/original.jpg,GBIF,United States of America,,53.8561680,-166.5519850,Rose,http://creativecommons.org/licenses/by-nc/4.0/,2025-11-26 03:40:05.491731
Dactylorhiza,aristata,https://inaturalist-open-data.s3.amazonaws.com/photos/545459198/original.jpg,GBIF,United States of America,,54.6377100,-164.6873410,sarah8888,http://creativecommons.org/licenses/by-nc/4.0/,2025-11-26 03:40:05.426221
Dactylorhiza,aristata,https://inaturalist-open-data.s3.amazonaws.com/photos/543409797/original.jpg,GBIF,United States of America,,51.8451050,-176.6726700,leif_richardson,http://creativecommons.org/licenses/by-nc/4.0/,2025-11-26 03:40:05.296778
Dactylorhiza,aristata,https://inaturalist-open-data.s3.amazonaws.com/photos/542513674/original.jpg,GBIF,United States of America,,53.8716870,-166.5327130,Oliver Malatich,http://creativecommons.org/licenses/by-nc/4.0/,2025-11-26 03:40:05.232967
Dactylorhiza,aristata,https://inaturalist-open-data.s3.amazonaws.com/photos/541089481/original.jpg,GBIF,Japan,,43.6975470,142.9213530,oersel,http://creativecommons.org/licenses/by-nc/4.0/,2025-11-26 03:40:05.168454
Dactylorhiza,aristata,https://inaturalist-open-data.s3.amazonaws.com/photos/542397760/original.jpg,GBIF,Russian Federation,,47.5075690,152.8177270,e1396v,http://creativecommons.org/licenses/by-nc/4.0/,2025-11-26 03:40:05.102713
Dactylorhiza,aristata,https://inaturalist-open-data.s3.amazonaws.com/photos/543005618/original.jpg,GBIF,Russian Federation,,54.4366000,160.1367030,Elizaveta Sandalova,http://creativecommons.org/licenses/by-nc/4.0/,2025-11-26 03:40:05.038176
Dactylorhiza,aristata,https://inaturalist-open-data.s3.amazonaws.com/photos/538219244/original.jpg,GBIF,Russian Federation,,53.4125140,158.3798900,Миша Пузырев,http://creativecommons.org/licenses/by-nc/4.0/,2025-11-26 03:40:04.970749
Dactylorhiza,aristata,https://inaturalist-open-data.s3.amazonaws.com/photos/536901757/original.jpg,GBIF,United States of America,,55.1826860,-160.5096890,Matthew Syvenky,http://creativecommons.org/licenses/by-nc/4.0/,2025-11-26 03:40:04.904954
Dactylorhiza,aristata,https://inaturalist-open-data.s3.amazonaws.com/photos/534792850/original.jpg,GBIF,Russian Federation,,52.9923780,158.2971640,Александр Белов,http://creativecommons.org/licenses/by-nc/4.0/,2025-11-26 03:40:04.841427
Dactylorhiza,aristata,https://inaturalist-open-data.s3.amazonaws.com/photos/532586629/original.jpg,GBIF,Japan,,35.7787930,137.8134030,空猫 T. N,http://creativecommons.org/licenses/by-nc/4.0/,2025-11-26 03:40:04.711988
Dactylorhiza,aristata,https://inaturalist-open-data.s3.amazonaws.com/photos/536464988/original.jpg,GBIF,Japan,,38.5345990,140.0104320,memo_1,http://creativecommons.org/licenses/by-nc/4.0/,2025-11-26 03:40:04.577151
Dactylorhiza,aristata,https://inaturalist-open-data.s3.amazonaws.com/photos/536398772/original.jpg,GBIF,United States of America,,53.8820550,-166.5496670,threewavespro,http://creativecommons.org/licenses/by-nc/4.0/,2025-11-26 03:40:04.512649
Dactylorhiza,aristata,https://inaturalist-open-data.s3.amazonaws.com/photos/536929917/original.jpg,GBIF,Russian Federation,,53.2736950,158.5597670,Оlga Сhernyagina,http://creativecommons.org/licenses/by-nc/4.0/,2025-11-26 03:40:04.447123
Dactylorhiza,aristata,https://inaturalist-open-data.s3.amazonaws.com/photos/536905832/original.jpg,GBIF,United States of America,,55.1833920,-160.5080420,Matthew Syvenky,http://creativecommons.org/licenses/by-nc/4.0/,2025-11-26 03:40:04.381991
Dactylorhiza,aristata,https://inaturalist-open-data.s3.amazonaws.com/photos/538852925/original.jpg,GBIF,Russian Federation,,53.2649530,158.7388920,Александр Белов,http://creativecommons.org/licenses/by-nc/4.0/,2025-11-26 03:40:04.317800
Dactylorhiza,aristata,https://inaturalist-open-data.s3.amazonaws.com/photos/534678133/original.jpg,GBIF,Japan,,43.6974830,142.9211280,lobelialin,http://creativecommons.org/licenses/by-nc/4.0/,2025-11-26 03:40:04.189223
Dactylorhiza,aristata,https://inaturalist-open-data.s3.amazonaws.com/photos/531976531/original.jpg,GBIF,Japan,,36.9261050,139.3154000,masahikokiji,http://creativecommons.org/licenses/by-nc/4.0/,2025-11-26 03:40:04.121857
Dactylorhiza,aristata,https://inaturalist-open-data.s3.amazonaws.com/photos/530454676/original.jpg,GBIF,United States of America,,55.1813880,-160.5038620,seam2read,http://creativecommons.org/licenses/by-nc/4.0/,2025-11-26 03:40:03.991016
Dactylorhiza,aristata,https://inaturalist-open-data.s3.amazonaws.com/photos/532188223/original.jpg,GBIF,Russian Federation,,54.5019080,160.0137560,Alexander Shienok,http://creativecommons.org/licenses/by-nc/4.0/,2025-11-26 03:40:03.925683
Dactylorhiza,aristata,https://inaturalist-open-data.s3.amazonaws.com/photos/531713921/original.jpg,GBIF,Japan,,43.6972780,142.9206700,lobelialin,http://creativecommons.org/licenses/by-nc/4.0/,2025-11-26 03:40:03.860470
Dactylorhiza,aristata,https://inaturalist-open-data.s3.amazonaws.com/photos/579752285/original.jpg,GBIF,Russian Federation,,54.0188600,157.8396700,Bogdan V. Kryzhatyuk,http://creativecommons.org/licenses/by-nc-sa/4.0/,2025-11-26 03:40:03.661729
Dactylorhiza,aristata,https://inaturalist-open-data.s3.amazonaws.com/photos/579805564/original.jpg,GBIF,Russian Federation,,53.9778100,157.9584600,Bogdan V. Kryzhatyuk,http://creativecommons.org/licenses/by-nc-sa/4.0/,2025-11-26 03:40:03.391418
Dactylorhiza,aristata,https://inaturalist-open-data.s3.amazonaws.com/photos/529723096/original.jpg,GBIF,Russian Federation,,45.9009280,142.0784310,Ольга Ложникова,http://creativecommons.org/licenses/by-nc/4.0/,2025-11-26 03:40:03.326651
Dactylorhiza,aristata,https://inaturalist-open-data.s3.amazonaws.com/photos/558515247/original.jpg,GBIF,Russian Federation,,51.0737560,142.7431080,Алексей Сальников,http://creativecommons.org/licenses/by-nc/4.0/,2025-11-26 03:40:03.261727
Dactylorhiza,aristata,https://inaturalist-open-data.s3.amazonaws.com/photos/567939072/original.jpg,GBIF,United States of America,,52.9115530,173.1563920,paulocatry,http://creativecommons.org/licenses/by-nc/4.0/,2025-11-26 03:40:03.133856
Dactylorhiza,aristata,https://inaturalist-open-data.s3.amazonaws.com/photos/567920665/original.jpg,GBIF,United States of America,,51.8709040,-176.6288280,paulocatry,http://creativecommons.org/licenses/by-nc/4.0/,2025-11-26 03:40:02.931409
Dactylorhiza,aristata,https://inaturalist-open-data.s3.amazonaws.com/photos/567941302/original.jpg,GBIF,United States of America,,52.9108650,173.1499410,paulocatry,http://creativecommons.org/licenses/by-nc/4.0/,2025-11-26 03:40:02.865653
Dactylorhiza,aristata,https://inaturalist-open-data.s3.amazonaws.com/photos/567938602/original.jpg,GBIF,United States of America,,52.9379290,173.1459110,paulocatry,http://creativecommons.org/licenses/by-nc/4.0/,2025-11-26 03:40:02.646599
Dactylorhiza,aristata,https://inaturalist-open-data.s3.amazonaws.com/photos/564399952/original.jpg,GBIF,United States of America,,53.8763540,-166.4504300,Brian Johnson,http://creativecommons.org/licenses/by-nc/4.0/,2025-11-26 03:40:02.580730
Dactylorhiza,aristata,https://inaturalist-open-data.s3.amazonaws.com/photos/564399466/original.jpg,GBIF,United States of America,,53.8979040,-166.5150780,Brian Johnson,http://creativecommons.org/licenses/by-nc/4.0/,2025-11-26 03:40:02.515541
Dactylorhiza,aristata,https://inaturalist-open-data.s3.amazonaws.com/photos/524864160/original.jpg,GBIF,United States of America,,55.3417290,-160.4355050,stephaniexplore,http://creativecommons.org/licenses/by-nc/4.0/,2025-11-26 03:40:02.442650
Dactylorhiza,aristata,https://inaturalist-open-data.s3.amazonaws.com/photos/558524912/original.jpg,GBIF,Japan,,43.6983930,142.9222220,Tomáš Marek,http://creativecommons.org/licenses/by-nc/4.0/,2025-11-26 03:40:02.311463
Dactylorhiza,aristata,https://inaturalist-open-data.s3.amazonaws.com/photos/548511905/original.jpg,GBIF,Japan,,43.4942880,142.7782470,Tomáš Marek,http://creativecommons.org/licenses/by-nc/4.0/,2025-11-26 03:40:02.247152
Dactylorhiza,aristata,https://inaturalist-open-data.s3.amazonaws.com/photos/548471924/original.jpg,GBIF,Japan,,43.4549300,142.7219460,Tomáš Marek,http://creativecommons.org/licenses/by-nc/4.0/,2025-11-26 03:40:02.054428
Dactylorhiza,aristata,https://inaturalist-open-data.s3.amazonaws.com/photos/519622461/original.jpg,GBIF,Russian Federation,,52.8159150,158.5794310,novinskaya-ev,http://creativecommons.org/licenses/by-nc/4.0/,2025-11-26 03:40:01.925162
Dactylorhiza,aristata,https://inaturalist-open-data.s3.amazonaws.com/photos/532162099/original.jpg,GBIF,United States of America,,57.9631630,-152.5725450,Maddie Schuh,http://creativecommons.org/licenses/by-nc/4.0/,2025-11-26 03:40:01.850343
Dactylorhiza,aristata,https://inaturalist-open-data.s3.amazonaws.com/photos/532162172/original.jpg,GBIF,United States of America,,57.9378490,-152.4222780,Maddie Schuh,http://creativecommons.org/licenses/by-nc/4.0/,2025-11-26 03:40:01.782939
Dactylorhiza,aristata,https://inaturalist-open-data.s3.amazonaws.com/photos/532162397/original.jpg,GBIF,United States of America,,57.9699270,-152.5433100,Maddie Schuh,http://creativecommons.org/licenses/by-nc/4.0/,2025-11-26 03:40:01.716600
Dactylorhiza,aristata,https://inaturalist-open-data.s3.amazonaws.com/photos/532162299/original.jpg,GBIF,United States of America,,57.8497460,-152.4018430,Maddie Schuh,http://creativecommons.org/licenses/by-nc/4.0/,2025-11-26 03:40:01.651706
Dactylorhiza,aristata,https://inaturalist-open-data.s3.amazonaws.com/photos/529832260/original.jpg,GBIF,United States of America,,57.7609360,-152.4946220,patswain,http://creativecommons.org/licenses/by-nc/4.0/,2025-11-26 03:40:01.524179
Dactylorhiza,aristata,https://inaturalist-open-data.s3.amazonaws.com/photos/521723367/original.jpg,GBIF,Russian Federation,,46.9551280,142.7791650,Tatjana Koroteeva,http://creativecommons.org/licenses/by-nc/4.0/,2025-11-26 03:40:01.458521
Dactylorhiza,aristata,https://inaturalist-open-data.s3.amazonaws.com/photos/529836158/original.jpg,GBIF,United States of America,,57.7609360,-152.4946220,patswain,http://creativecommons.org/licenses/by-nc/4.0/,2025-11-26 03:40:01.394242
Dactylorhiza,aristata,https://inaturalist-open-data.s3.amazonaws.com/photos/523129752/original.jpg,GBIF,United States of America,,57.7003010,-152.5561360,katyfr,http://creativecommons.org/licenses/by-nc/4.0/,2025-11-26 03:40:01.329039
Dactylorhiza,aristata,https://inaturalist-open-data.s3.amazonaws.com/photos/524340560/original.jpg,GBIF,Russian Federation,,53.1619200,158.2207200,sofya_persey,http://creativecommons.org/licenses/by-nc/4.0/,2025-11-26 03:40:01.198389
Dactylorhiza,aristata,https://inaturalist-open-data.s3.amazonaws.com/photos/523420291/original.jpg,GBIF,Japan,,43.6172930,141.5940950,Kei Saito,http://creativecommons.org/licenses/by-nc/4.0/,2025-11-26 03:40:01.131093
Dactylorhiza,aristata,https://inaturalist-open-data.s3.amazonaws.com/photos/522846893/original.jpg,GBIF,Russian Federation,,52.9923690,158.2971190,Александр Белов,http://creativecommons.org/licenses/by-nc/4.0/,2025-11-26 03:40:00.873112
Dactylorhiza,aristata,https://inaturalist-open-data.s3.amazonaws.com/photos/522341567/original.jpg,GBIF,Russian Federation,,52.9311670,158.3892360,Александр Белов,http://creativecommons.org/licenses/by-nc/4.0/,2025-11-26 03:40:00.539503
Dactylorhiza,aristata,https://inaturalist-open-data.s3.amazonaws.com/photos/520681093/original.jpg,GBIF,United States of America,,53.8847250,-166.5315080,eldredj,http://creativecommons.org/licenses/by-nc/4.0/,2025-11-26 03:40:00.410730
Dactylorhiza,aristata,https://inaturalist-open-data.s3.amazonaws.com/photos/519833236/original.jpg,GBIF,Japan,,45.2942640,141.0331110,meiliang,http://creativecommons.org/licenses/by-nc/4.0/,2025-11-26 03:39:59.861649
Dactylorhiza,aristata,https://static.inaturalist.org/photos/526564311/original.jpg,iNaturalist,"歯舞3丁目, 根室市, 北海道, JP","歯舞3丁目, 根室市, 北海道, JP",43.3503200,145.7644050,tsuyoshi5,,2025-11-26 03:40:42.207263
Dactylorhiza,aristata,https://inaturalist-open-data.s3.amazonaws.com/photos/529118487/original.jpg,iNaturalist,日本、〒097-0401 北海道利尻郡利尻町沓形沓形コース７号目（避難小屋）,日本、〒097-0401 北海道利尻郡利尻町沓形沓形コース７号目（避難小屋）,45.1842440,141.2124200,westeastseaton,cc-by-nc,2025-11-26 03:40:42.119212
Dactylorhiza,aristata,https://inaturalist-open-data.s3.amazonaws.com/photos/529832286/original.jpg,iNaturalist,"Kodiak Station, AK 99615, USA","Kodiak Station, AK 99615, USA",57.7609361,-152.4946222,patswain,cc-by-nc,2025-11-26 03:40:41.983283
Dactylorhiza,aristata,https://inaturalist-open-data.s3.amazonaws.com/photos/530454591/original.jpg,iNaturalist,"Unga Island, AK, US","Unga Island, AK, US",55.1813883,-160.5038617,seam2read,cc-by-nc,2025-11-26 03:40:41.902521
Dactylorhiza,aristata,https://static.inaturalist.org/photos/530575601/original.jpg,iNaturalist,"Aleutians East County, US-AK, US","Aleutians East County, US-AK, US",55.1824940,-160.5067990,lancycheng,,2025-11-26 03:40:41.835740
Dactylorhiza,aristata,https://static.inaturalist.org/photos/530575559/original.jpg,iNaturalist,"Aleutians East County, US-AK, US","Aleutians East County, US-AK, US",55.1824940,-160.5067990,lancycheng,,2025-11-26 03:40:41.577555
Dactylorhiza,aristata,https://inaturalist-open-data.s3.amazonaws.com/photos/532586550/original.jpg,iNaturalist,日本、〒399-4117 長野県駒ヶ根市赤穂,日本、〒399-4117 長野県駒ヶ根市赤穂,35.7787927,137.8134032,skycat,cc-by-nc,2025-11-26 03:40:41.464353
Dactylorhiza,aristata,https://static.inaturalist.org/photos/534252096/original.jpg,iNaturalist,"Bayshore Hwy, Adak, AK, US","Bayshore Hwy, Adak, AK, US",51.8786700,-176.6287700,stephmarlar,,2025-11-26 03:40:41.398028
Dactylorhiza,aristata,https://static.inaturalist.org/photos/534252111/original.jpg,iNaturalist,"Bayshore Hwy, Adak, AK, US","Bayshore Hwy, Adak, AK, US",51.8786700,-176.6287700,stephmarlar,,2025-11-26 03:40:41.328835
Dactylorhiza,aristata,https://static.inaturalist.org/photos/534252107/original.jpg,iNaturalist,"Bayshore Hwy, Adak, AK, US","Bayshore Hwy, Adak, AK, US",51.8786700,-176.6287700,stephmarlar,,2025-11-26 03:40:41.249193
Dactylorhiza,aristata,https://inaturalist-open-data.s3.amazonaws.com/photos/534678162/original.jpg,iNaturalist,"大雪山國立公園, 上川町, 北海道, JP","大雪山國立公園, 上川町, 北海道, JP",43.6974833,142.9211283,lobelialin,cc-by-nc,2025-11-26 03:40:41.152593
Dactylorhiza,aristata,https://static.inaturalist.org/photos/535736260/original.jpg,iNaturalist,"Barren Islands, AK, US","Barren Islands, AK, US",58.9350581,-152.1943534,lwestphal,,2025-11-26 03:40:41.087506
Dactylorhiza,aristata,https://static.inaturalist.org/photos/535736172/original.jpg,iNaturalist,"Barren Islands, AK, US","Barren Islands, AK, US",58.9350581,-152.1943534,lwestphal,,2025-11-26 03:40:40.990598
Dactylorhiza,aristata,https://inaturalist-open-data.s3.amazonaws.com/photos/536465002/original.jpg,iNaturalist,"月山スキー場, 西川町, 山形県, JP","月山スキー場, 西川町, 山形県, JP",38.5345986,140.0104319,memo_1,cc-by-nc,2025-11-26 03:40:40.906481
Dactylorhiza,aristata,https://inaturalist-open-data.s3.amazonaws.com/photos/536820972/original.jpg,iNaturalist,"Sand Point, Alaska 99661, USA","Sand Point, Alaska 99661, USA",55.1834500,-160.5080694,katrin_schmidt,cc-by-nc-nd,2025-11-26 03:40:40.676764
Dactylorhiza,aristata,https://inaturalist-open-data.s3.amazonaws.com/photos/542560517/original.jpg,iNaturalist,"Aleutians West County, US-AK, US","Aleutians West County, US-AK, US",53.9075967,-166.5467833,polivstes,cc-by-nc,2025-11-26 03:40:40.595520
Dactylorhiza,aristata,https://inaturalist-open-data.s3.amazonaws.com/photos/543409804/original.jpg,iNaturalist,"Adak, AK, US","Adak, AK, US",51.8451050,-176.6726700,leif_richardson,cc-by-nc,2025-11-26 03:40:40.464244
Dactylorhiza,aristata,https://inaturalist-open-data.s3.amazonaws.com/photos/548248448/original.jpg,iNaturalist,"Unalaska, AK 99685, USA","Unalaska, AK 99685, USA",53.8561680,-166.5519851,toughturnip,cc-by-nc,2025-11-26 03:40:40.400100
Dactylorhiza,aristata,https://inaturalist-open-data.s3.amazonaws.com/photos/548471923/original.jpg,iNaturalist,"Shirogane, Biei, Kamikawa District, Hokkaido 071-0235, Japonsko","Shirogane, Biei, Kamikawa District, Hokkaido 071-0235, Japonsko",43.4549303,142.7219459,tommarekbrno,cc-by-nc,2025-11-26 03:40:40.317435
Dactylorhiza,aristata,https://inaturalist-open-data.s3.amazonaws.com/photos/548471938/original.jpg,iNaturalist,"Shirogane, Biei, Kamikawa District, Hokkaido 071-0235, Japonsko","Shirogane, Biei, Kamikawa District, Hokkaido 071-0235, Japonsko",43.4549303,142.7219459,tommarekbrno,cc-by-nc,2025-11-26 03:40:40.236154
Dactylorhiza,aristata,https://inaturalist-open-data.s3.amazonaws.com/photos/554539700/original.jpg,iNaturalist,"Mil'kovskiy rayon, RU-KQ, RU","Mil'kovskiy rayon, RU-KQ, RU",55.2542554,158.5758702,violettadzizyurova,cc-by,2025-11-26 03:40:40.139685
Dactylorhiza,aristata,https://inaturalist-open-data.s3.amazonaws.com/photos/557086459/original.jpg,iNaturalist,"Елизовский р-н, Камчатский край, Россия","Елизовский р-н, Камчатский край, Россия",53.0813999,157.9229723,polyabel,cc-by-nc,2025-11-26 03:40:40.076042
Dactylorhiza,aristata,https://inaturalist-open-data.s3.amazonaws.com/photos/557086435/original.jpg,iNaturalist,"Елизовский р-н, Камчатский край, Россия","Елизовский р-н, Камчатский край, Россия",53.0813999,157.9229723,polyabel,cc-by-nc,2025-11-26 03:40:40.010132
Dactylorhiza,aristata,https://inaturalist-open-data.s3.amazonaws.com/photos/557086261/original.jpg,iNaturalist,"Елизовский р-н, Камчатский край, Россия","Елизовский р-н, Камчатский край, Россия",53.0813999,157.9229723,polyabel,cc-by-nc,2025-11-26 03:40:39.895957
Dactylorhiza,aristata,https://inaturalist-open-data.s3.amazonaws.com/photos/558524905/original.jpg,iNaturalist,"Sounkyo, Kamikawa, Kamikawa District, Hokkaido 078-1701, Japonsko","Sounkyo, Kamikawa, Kamikawa District, Hokkaido 078-1701, Japonsko",43.6983933,142.9222217,tommarekbrno,cc-by-nc,2025-11-26 03:40:39.813876
Dactylorhiza,aristata,https://inaturalist-open-data.s3.amazonaws.com/photos/559310493/original.jpg,iNaturalist,"Северо-Курильский р-н, Сахалинская обл., Россия, 694550","Северо-Курильский р-н, Сахалинская обл., Россия, 694550",50.2719162,155.3948522,psmirnov,cc-by,2025-11-26 03:40:39.667695
Dactylorhiza,aristata,https://inaturalist-open-data.s3.amazonaws.com/photos/567920757/original.jpg,iNaturalist,"Adak, AK, USA","Adak, AK, USA",51.8709036,-176.6288280,paulocatry,cc-by-nc,2025-11-26 03:40:39.601754
Dactylorhiza,aristata,https://inaturalist-open-data.s3.amazonaws.com/photos/567920749/original.jpg,iNaturalist,"Adak, AK, USA","Adak, AK, USA",51.8709036,-176.6288280,paulocatry,cc-by-nc,2025-11-26 03:40:39.503094
Dactylorhiza,aristata,https://inaturalist-open-data.s3.amazonaws.com/photos/567938552/original.jpg,iNaturalist,"Aleutians West Census Area, AK, USA","Aleutians West Census Area, AK, USA",52.9379293,173.1459113,paulocatry,cc-by-nc,2025-11-26 03:40:39.439017
Dactylorhiza,aristata,https://inaturalist-open-data.s3.amazonaws.com/photos/567939110/original.jpg,iNaturalist,"Attu Station, AK, USA","Attu Station, AK, USA",52.9115533,173.1563920,paulocatry,cc-by-nc,2025-11-26 03:40:39.341607
Dactylorhiza,aristata,https://inaturalist-open-data.s3.amazonaws.com/photos/573119767/original.jpg,iNaturalist,"Nyukawacho Kute, Takayama, Gifu 506-2252, Japan","Nyukawacho Kute, Takayama, Gifu 506-2252, Japan",36.1604937,137.5375434,vdinets,cc-by-nc-nd,2025-11-26 03:40:39.272451
Dactylorhiza,aristata,https://inaturalist-open-data.s3.amazonaws.com/photos/573119766/original.jpg,iNaturalist,"Nyukawacho Kute, Takayama, Gifu 506-2252, Japan","Nyukawacho Kute, Takayama, Gifu 506-2252, Japan",36.1604937,137.5375434,vdinets,cc-by-nc-nd,2025-11-26 03:40:39.207001
Dactylorhiza,aristata,https://inaturalist-open-data.s3.amazonaws.com/photos/579752290/original.jpg,iNaturalist,"Елизовский р-н, Камчатский край, Россия","Елизовский р-н, Камчатский край, Россия",54.0188600,157.8396700,finn_from_nn,cc-by-nc-sa,2025-11-26 03:40:39.143021
Dactylorhiza,aristata,https://inaturalist-open-data.s3.amazonaws.com/photos/579752297/original.jpg,iNaturalist,"Елизовский р-н, Камчатский край, Россия","Елизовский р-н, Камчатский край, Россия",54.0188600,157.8396700,finn_from_nn,cc-by-nc-sa,2025-11-26 03:40:39.044710
Dactylorhiza,aristata,https://inaturalist-open-data.s3.amazonaws.com/photos/579805531/original.jpg,iNaturalist,"Мильковский р-н, Камчатский край, Россия","Мильковский р-н, Камчатский край, Россия",53.9778100,157.9584600,finn_from_nn,cc-by-nc-sa,2025-11-26 03:40:38.976470
Dactylorhiza,aristata,https://inaturalist-open-data.s3.amazonaws.com/photos/579805542/original.jpg,iNaturalist,"Мильковский р-н, Камчатский край, Россия","Мильковский р-н, Камчатский край, Россия",53.9778100,157.9584600,finn_from_nn,cc-by-nc-sa,2025-11-26 03:40:38.907459
Dactylorhiza,aristata,https://inaturalist-open-data.s3.amazonaws.com/photos/579805517/original.jpg,iNaturalist,"Мильковский р-н, Камчатский край, Россия","Мильковский р-н, Камчатский край, Россия",53.9778100,157.9584600,finn_from_nn,cc-by-nc-sa,2025-11-26 03:40:38.842523
Dactylorhiza,aristata,https://inaturalist-open-data.s3.amazonaws.com/photos/581396503/original.jpg,iNaturalist,"Елизовский р-н, Камчатский край, Россия","Елизовский р-н, Камчатский край, Россия",53.8410800,158.0758800,finn_from_nn,cc-by-nc-sa,2025-11-26 03:40:38.756346
Dactylorhiza,aristata,https://inaturalist-open-data.s3.amazonaws.com/photos/581396577/original.jpg,iNaturalist,"Елизовский р-н, Камчатский край, Россия","Елизовский р-н, Камчатский край, Россия",53.8410800,158.0758800,finn_from_nn,cc-by-nc-sa,2025-11-26 03:40:38.677069
Dactylorhiza,aristata,https://inaturalist-open-data.s3.amazonaws.com/photos/583699176/original.jpg,iNaturalist,"Елизовский р-н, Камчатский край, Россия","Елизовский р-н, Камчатский край, Россия",52.7421600,158.2693000,finn_from_nn,cc-by-nc-sa,2025-11-26 03:40:38.608727
Dactylorhiza,aristata,https://inaturalist-open-data.s3.amazonaws.com/photos/583699165/original.jpg,iNaturalist,"Елизовский р-н, Камчатский край, Россия","Елизовский р-н, Камчатский край, Россия",52.7421600,158.2693000,finn_from_nn,cc-by-nc-sa,2025-11-26 03:40:38.524278
Dactylorhiza,aristata,https://inaturalist-open-data.s3.amazonaws.com/photos/583734502/original.jpg,iNaturalist,"Елизовский р-н, Камчатский край, Россия","Елизовский р-н, Камчатский край, Россия",52.7480400,158.2660400,finn_from_nn,cc-by-nc-sa,2025-11-26 03:40:38.455727
Dactylorhiza,aristata,https://inaturalist-open-data.s3.amazonaws.com/photos/584083779/original.jpg,iNaturalist,"Елизовский р-н, Камчатский край, Россия","Елизовский р-н, Камчатский край, Россия",53.1629300,158.1620100,finn_from_nn,cc-by-nc-sa,2025-11-26 03:40:38.357409
Dactylorhiza,aristata,https://inaturalist-open-data.s3.amazonaws.com/photos/591236786/original.jpg,iNaturalist,"Северо-Курильский р-н, Сахалинская обл., Россия, 694550","Северо-Курильский р-н, Сахалинская обл., Россия, 694550",50.2604509,155.3563955,ivan_savinov,cc-by-nc,2025-11-26 03:40:38.290082
Dactylorhiza,aristata,https://inaturalist-open-data.s3.amazonaws.com/photos/592225796/original.jpg,iNaturalist,"Russia, Kamchatka, Elizovo District, the Vilyuchinskaya Sopka Volcano W foot, a boggy brook valley","Russia, Kamchatka, Elizovo District, the Vilyuchinskaya Sopka Volcano W foot, a boggy brook valley",52.6993272,158.2152533,oleg_kosterin,cc-by,2025-11-26 03:40:38.225184
Dactylorhiza,aristata,https://inaturalist-open-data.s3.amazonaws.com/photos/592225802/original.jpg,iNaturalist,"Russia, Kamchatka, Elizovo District, the Vilyuchinskaya Sopka Volcano W foot, a boggy brook valley","Russia, Kamchatka, Elizovo District, the Vilyuchinskaya Sopka Volcano W foot, a boggy brook valley",52.6993272,158.2152533,oleg_kosterin,cc-by,2025-11-26 03:40:38.160781
Dactylorhiza,aristata,https://inaturalist-open-data.s3.amazonaws.com/photos/243758032/original.jpeg,GBIF,Russian Federation,,53.0454300,156.7614220,Светлана Мещерягина,http://creativecommons.org/licenses/by-nc/4.0/,2025-11-26 03:40:35.676558
Dactylorhiza,aristata,https://inaturalist-open-data.s3.amazonaws.com/photos/243758025/original.jpeg,GBIF,Russian Federation,,53.0467800,156.7648450,Светлана Мещерягина,http://creativecommons.org/licenses/by-nc/4.0/,2025-11-26 03:40:35.607263
Dactylorhiza,aristata,https://inaturalist-open-data.s3.amazonaws.com/photos/214495042/original.jpg,GBIF,Russian Federation,,53.0753670,158.9852600,Boris Bolshakov,http://creativecommons.org/licenses/by-nc/4.0/,2025-11-26 03:40:35.475755
Dactylorhiza,aristata,https://inaturalist-open-data.s3.amazonaws.com/photos/209179756/original.jpeg,GBIF,Russian Federation,,46.7196420,142.5469600,sergeymakeev,http://creativecommons.org/licenses/by-nc/4.0/,2025-11-26 03:40:35.412057
Dactylorhiza,aristata,https://inaturalist-open-data.s3.amazonaws.com/photos/207013055/original.jpg,GBIF,Russian Federation,,53.0591390,158.6160430,Boris Bolshakov,http://creativecommons.org/licenses/by-nc/4.0/,2025-11-26 03:40:35.284555
Dactylorhiza,aristata,https://inaturalist-open-data.s3.amazonaws.com/photos/206441961/original.jpeg,GBIF,United States of America,,57.7775100,-152.5236850,Masumi Palhof,http://creativecommons.org/licenses/by-nc/4.0/,2025-11-26 03:40:35.156369
Dactylorhiza,aristata,https://inaturalist-open-data.s3.amazonaws.com/photos/206171165/original.jpeg,GBIF,Russian Federation,,53.0356160,158.6649970,prosto_manul,http://creativecommons.org/licenses/by-nc/4.0/,2025-11-26 03:40:35.092032
Dactylorhiza,aristata,https://inaturalist-open-data.s3.amazonaws.com/photos/208668273/original.jpg,GBIF,Japan,,36.7399220,138.5579080,fudao,http://creativecommons.org/licenses/by-nc/4.0/,2025-11-26 03:40:35.025779
Dactylorhiza,aristata,https://inaturalist-open-data.s3.amazonaws.com/photos/204310907/original.jpeg,GBIF,United States of America,,59.2524440,-150.9468000,Erin McKittrick,http://creativecommons.org/licenses/by/4.0/,2025-11-26 03:40:34.961069
Dactylorhiza,aristata,https://inaturalist-open-data.s3.amazonaws.com/photos/204585012/original.jpeg,GBIF,Russian Federation,,53.2590410,158.1146700,Natali,http://creativecommons.org/licenses/by-nc/4.0/,2025-11-26 03:40:34.895770
Dactylorhiza,aristata,https://inaturalist-open-data.s3.amazonaws.com/photos/208577628/original.jpg,GBIF,Russian Federation,,53.0291530,158.6423800,ayealone,http://creativecommons.org/licenses/by-nc/4.0/,2025-11-26 03:40:34.700479
Dactylorhiza,aristata,https://inaturalist-open-data.s3.amazonaws.com/photos/206207990/original.jpeg,GBIF,Russian Federation,,53.0312590,158.6422190,German Laktionov,http://creativecommons.org/licenses/by-nc/4.0/,2025-11-26 03:40:34.499058
Dactylorhiza,aristata,https://inaturalist-open-data.s3.amazonaws.com/photos/209488590/original.jpg,GBIF,Russian Federation,,53.1486830,158.9079220,Boris Bolshakov,http://creativecommons.org/licenses/by-nc/4.0/,2025-11-26 03:40:34.236998
Dactylorhiza,aristata,https://inaturalist-open-data.s3.amazonaws.com/photos/206707359/original.jpg,GBIF,Russian Federation,,53.0494000,158.6166530,Boris Bolshakov,http://creativecommons.org/licenses/by-nc/4.0/,2025-11-26 03:40:34.173473
Dactylorhiza,aristata,https://inaturalist-open-data.s3.amazonaws.com/photos/209651732/original.jpeg,GBIF,Russian Federation,,55.0061140,158.6659990,Валерия Ковалева,http://creativecommons.org/licenses/by/4.0/,2025-11-26 03:40:34.044283
Dactylorhiza,aristata,https://inaturalist-open-data.s3.amazonaws.com/photos/208576715/original.jpg,GBIF,Russian Federation,,53.0365640,158.6387170,ayealone,http://creativecommons.org/licenses/by-nc/4.0/,2025-11-26 03:40:33.841160
Dactylorhiza,aristata,https://inaturalist-open-data.s3.amazonaws.com/photos/205954128/original.jpg,GBIF,Russian Federation,,53.0298420,158.6421670,Viktoria Baturina,http://creativecommons.org/licenses/by-nc/4.0/,2025-11-26 03:40:33.773603
Dactylorhiza,aristata,https://inaturalist-open-data.s3.amazonaws.com/photos/205319928/original.jpeg,GBIF,Russian Federation,,46.4660870,142.3343100,sergeymakeev,http://creativecommons.org/licenses/by-nc/4.0/,2025-11-26 03:40:33.703565
Dactylorhiza,aristata,https://inaturalist-open-data.s3.amazonaws.com/photos/208581416/original.jpeg,GBIF,Russian Federation,,53.0382610,158.6409470,nightmari,http://creativecommons.org/licenses/by-nc/4.0/,2025-11-26 03:40:33.638181
Dactylorhiza,aristata,https://inaturalist-open-data.s3.amazonaws.com/photos/205650957/original.jpeg,GBIF,United States of America,,53.8344150,-166.5236050,hlackos,http://creativecommons.org/licenses/by-nc/4.0/,2025-11-26 03:40:33.573567
Dactylorhiza,aristata,https://inaturalist-open-data.s3.amazonaws.com/photos/206207756/original.jpg,GBIF,Russian Federation,,53.0314130,158.6422670,Viktoria Baturina,http://creativecommons.org/licenses/by-nc/4.0/,2025-11-26 03:40:33.507228
Dactylorhiza,aristata,https://inaturalist-open-data.s3.amazonaws.com/photos/208170941/original.jpg,GBIF,Russian Federation,,53.0774570,158.2565000,Boris Bolshakov,http://creativecommons.org/licenses/by-nc/4.0/,2025-11-26 03:40:33.441798
Dactylorhiza,aristata,https://inaturalist-open-data.s3.amazonaws.com/photos/209979486/original.jpg,GBIF,Russian Federation,,53.0753820,158.9852750,Boris Bolshakov,http://creativecommons.org/licenses/by-nc/4.0/,2025-11-26 03:40:33.310048
Dactylorhiza,aristata,https://inaturalist-open-data.s3.amazonaws.com/photos/208579501/original.jpeg,GBIF,Russian Federation,,53.0383180,158.6409220,Валерия,http://creativecommons.org/licenses/by-nc/4.0/,2025-11-26 03:40:33.180224
Dactylorhiza,aristata,https://inaturalist-open-data.s3.amazonaws.com/photos/206238980/original.jpeg,GBIF,United States of America,,57.8298390,-152.3473810,Masumi Palhof,http://creativecommons.org/licenses/by-nc/4.0/,2025-11-26 03:40:32.978717
Dactylorhiza,aristata,https://inaturalist-open-data.s3.amazonaws.com/photos/204463457/original.jpeg,GBIF,Russian Federation,,46.8725930,142.7541900,sergeymakeev,http://creativecommons.org/licenses/by-nc/4.0/,2025-11-26 03:40:32.913619
Dactylorhiza,aristata,https://inaturalist-open-data.s3.amazonaws.com/photos/208175440/original.jpg,GBIF,Russian Federation,,53.0451150,158.6458260,lukovnikovatatyana,http://creativecommons.org/licenses/by-nc/4.0/,2025-11-26 03:40:32.849324
Dactylorhiza,aristata,https://inaturalist-open-data.s3.amazonaws.com/photos/207625922/original.jpeg,GBIF,Russian Federation,,53.0299270,158.6409270,German Laktionov,http://creativecommons.org/licenses/by-nc/4.0/,2025-11-26 03:40:32.645146
Dactylorhiza,aristata,https://inaturalist-open-data.s3.amazonaws.com/photos/227994781/original.jpeg,GBIF,United States of America,,57.9447460,-152.4421010,country1115,http://creativecommons.org/licenses/by-nc/4.0/,2025-11-26 03:40:32.574364
Dactylorhiza,aristata,https://inaturalist-open-data.s3.amazonaws.com/photos/201108384/original.jpeg,GBIF,Russian Federation,,46.7523960,142.7393190,Валерия Ковалева,http://creativecommons.org/licenses/by/4.0/,2025-11-26 03:40:32.422448
Dactylorhiza,aristata,https://inaturalist-open-data.s3.amazonaws.com/photos/204003482/original.jpeg,GBIF,United States of America,,57.3597260,-154.1605040,Masumi Palhof,http://creativecommons.org/licenses/by-nc/4.0/,2025-11-26 03:40:32.162795
Dactylorhiza,aristata,https://inaturalist-open-data.s3.amazonaws.com/photos/209874021/original.jpeg,GBIF,United States of America,,53.8881500,-166.5443400,Craig Robson,http://creativecommons.org/licenses/by-nc/4.0/,2025-11-26 03:40:32.093412
Dactylorhiza,aristata,https://plant.depo.msu.ru/open/public/item/MW0968619/img/0.jpg?gbif,GBIF,Russian Federation,,59.1786110,164.5350000,S.V. Dudov == S.V. Dudov,http://creativecommons.org/licenses/by/4.0/,2025-11-26 03:40:32.027495
Dactylorhiza,aristata,https://inaturalist-open-data.s3.amazonaws.com/photos/301266184/original.jpeg,GBIF,Japan,,38.1285620,140.4527970,Angus Davison,http://creativecommons.org/licenses/by-nc/4.0/,2025-11-26 03:40:31.963234
Dactylorhiza,aristata,https://inaturalist-open-data.s3.amazonaws.com/photos/463104158/original.jpeg,GBIF,Japan,,43.6612750,142.8272310,郭信厚,http://creativecommons.org/licenses/by-nc/4.0/,2025-11-26 03:40:31.898009
Dactylorhiza,aristata,https://inaturalist-open-data.s3.amazonaws.com/photos/317903230/original.jpg,GBIF,Russian Federation,,46.9694120,142.7917170,Илья Руденко,http://creativecommons.org/licenses/by/4.0/,2025-11-26 03:40:31.767817
Dactylorhiza,aristata,https://inaturalist-open-data.s3.amazonaws.com/photos/296641392/original.jpeg,GBIF,Russian Federation,,53.0878350,157.8779370,Tatyana Primak,http://creativecommons.org/licenses/by-nc/4.0/,2025-11-26 03:40:31.633248
Dactylorhiza,aristata,https://inaturalist-open-data.s3.amazonaws.com/photos/315661739/original.jpg,GBIF,Russian Federation,,44.2125550,146.0253140,Илья Руденко,http://creativecommons.org/licenses/by/4.0/,2025-11-26 03:40:31.347332
Dactylorhiza,aristata,https://inaturalist-open-data.s3.amazonaws.com/photos/301032004/original.jpeg,GBIF,Russian Federation,,52.8881210,158.7121150,Tatyana Primak,http://creativecommons.org/licenses/by-nc/4.0/,2025-11-26 03:40:31.220210
Dactylorhiza,aristata,https://inaturalist-open-data.s3.amazonaws.com/photos/301082457/original.jpeg,GBIF,Russian Federation,,52.8927020,158.7091430,Tatyana Primak,http://creativecommons.org/licenses/by-nc/4.0/,2025-11-26 03:40:30.993673
Dactylorhiza,aristata,https://inaturalist-open-data.s3.amazonaws.com/photos/302690744/original.jpg,GBIF,Russian Federation,,44.1862250,146.0225970,Илья Руденко,http://creativecommons.org/licenses/by/4.0/,2025-11-26 03:40:30.659067
Dactylorhiza,aristata,https://inaturalist-open-data.s3.amazonaws.com/photos/318157194/original.jpg,GBIF,Russian Federation,,46.9861970,142.8287050,Илья Руденко,http://creativecommons.org/licenses/by/4.0/,2025-11-26 03:40:30.530066
Dactylorhiza,aristata,https://inaturalist-open-data.s3.amazonaws.com/photos/297987349/original.jpeg,GBIF,Russian Federation,,53.1333200,157.8983360,Tatyana Primak,http://creativecommons.org/licenses/by-nc/4.0/,2025-11-26 03:40:30.291363
Dactylorhiza,aristata,https://inaturalist-open-data.s3.amazonaws.com/photos/297986793/original.jpeg,GBIF,Russian Federation,,53.1331390,157.8993190,Tatyana Primak,http://creativecommons.org/licenses/by-nc/4.0/,2025-11-26 03:40:30.160179
Dactylorhiza,aristata,https://inaturalist-open-data.s3.amazonaws.com/photos/297987602/original.jpeg,GBIF,Russian Federation,,53.1756020,157.9124030,Tatyana Primak,http://creativecommons.org/licenses/by-nc/4.0/,2025-11-26 03:40:30.033124
Dactylorhiza,aristata,https://inaturalist-open-data.s3.amazonaws.com/photos/296109276/original.jpeg,GBIF,Russian Federation,,53.0379920,157.7756160,Tatyana Primak,http://creativecommons.org/licenses/by-nc/4.0/,2025-11-26 03:40:29.968353
Dactylorhiza,aristata,https://inaturalist-open-data.s3.amazonaws.com/photos/315648026/original.jpg,GBIF,Russian Federation,,44.2731380,146.2433030,Илья Руденко,http://creativecommons.org/licenses/by/4.0/,2025-11-26 03:40:29.701845
Dactylorhiza,aristata,https://inaturalist-open-data.s3.amazonaws.com/photos/315663625/original.jpg,GBIF,Russian Federation,,44.1862970,146.0225670,Илья Руденко,http://creativecommons.org/licenses/by/4.0/,2025-11-26 03:40:29.550684
Dactylorhiza,aristata,https://inaturalist-open-data.s3.amazonaws.com/photos/315669601/original.jpg,GBIF,Russian Federation,,46.9752170,142.8239580,Илья Руденко,http://creativecommons.org/licenses/by/4.0/,2025-11-26 03:40:29.289829
Dactylorhiza,aristata,https://inaturalist-open-data.s3.amazonaws.com/photos/300035314/original.jpg,GBIF,United States of America,,55.1832500,-160.4820690,MS Roald Amundsen,http://creativecommons.org/licenses/by-nc/4.0/,2025-11-26 03:40:29.226467
Dactylorhiza,aristata,https://inaturalist-open-data.s3.amazonaws.com/photos/306057016/original.jpeg,GBIF,Russian Federation,,55.4856500,157.6301970,Валерия Ковалева,http://creativecommons.org/licenses/by/4.0/,2025-11-26 03:40:29.074823
Dactylorhiza,aristata,https://inaturalist-open-data.s3.amazonaws.com/photos/304270058/original.jpg,GBIF,United States of America,,51.8034180,-176.6404950,alinagoncharova,http://creativecommons.org/licenses/by-nc/4.0/,2025-11-26 03:40:28.729436
Dactylorhiza,aristata,https://inaturalist-open-data.s3.amazonaws.com/photos/304028173/original.jpg,GBIF,Russian Federation,,44.3377750,146.2674120,Илья Руденко,http://creativecommons.org/licenses/by/4.0/,2025-11-26 03:40:28.395355
Dactylorhiza,aristata,https://inaturalist-open-data.s3.amazonaws.com/photos/306051681/original.jpeg,GBIF,Russian Federation,,55.4857320,157.6287860,Валерия Ковалева,http://creativecommons.org/licenses/by/4.0/,2025-11-26 03:40:28.200318
Dactylorhiza,aristata,https://inaturalist-open-data.s3.amazonaws.com/photos/303217675/original.jpeg,GBIF,United States of America,,57.3331900,-154.0160600,Masumi Palhof,http://creativecommons.org/licenses/by-nc/4.0/,2025-11-26 03:40:27.989567
Dactylorhiza,aristata,https://inaturalist-open-data.s3.amazonaws.com/photos/303131644/original.jpeg,GBIF,United States of America,,57.4587100,-152.4505640,Duane A. Dyer,http://creativecommons.org/licenses/by-nc/4.0/,2025-11-26 03:40:27.860514
Dactylorhiza,aristata,https://inaturalist-open-data.s3.amazonaws.com/photos/303425177/original.jpeg,GBIF,Russian Federation,,53.4547150,158.5248350,saratov_vedi,http://creativecommons.org/licenses/by-nc/4.0/,2025-11-26 03:40:27.794507
Dactylorhiza,aristata,https://inaturalist-open-data.s3.amazonaws.com/photos/303040216/original.jpg,GBIF,Japan,,38.1277420,140.4490800,hrykkg,http://creativecommons.org/licenses/by-nc/4.0/,2025-11-26 03:40:27.730488
Dactylorhiza,aristata,https://inaturalist-open-data.s3.amazonaws.com/photos/303425269/original.jpeg,GBIF,Russian Federation,,53.4578330,158.5703180,saratov_vedi,http://creativecommons.org/licenses/by-nc/4.0/,2025-11-26 03:40:27.663581
Dactylorhiza,aristata,https://inaturalist-open-data.s3.amazonaws.com/photos/303488262/original.jpeg,GBIF,Russian Federation,,52.8728120,157.3421380,Оlga Сhernyagina,http://creativecommons.org/licenses/by-nc/4.0/,2025-11-26 03:40:27.586627
Dactylorhiza,aristata,https://inaturalist-open-data.s3.amazonaws.com/photos/303159136/original.jpeg,GBIF,United States of America,,57.7872180,-152.4366970,Duane A. Dyer,http://creativecommons.org/licenses/by-nc/4.0/,2025-11-26 03:40:27.382068
Dactylorhiza,aristata,https://inaturalist-open-data.s3.amazonaws.com/photos/303153460/original.jpeg,GBIF,United States of America,,57.7830650,-152.4612280,Duane A. Dyer,http://creativecommons.org/licenses/by-nc/4.0/,2025-11-26 03:40:27.188996
Dactylorhiza,aristata,https://inaturalist-open-data.s3.amazonaws.com/photos/303023526/original.jpeg,GBIF,Russian Federation,,53.4661110,157.7216670,Оlga Сhernyagina,http://creativecommons.org/licenses/by-nc/4.0/,2025-11-26 03:40:27.124295
Dactylorhiza,aristata,https://inaturalist-open-data.s3.amazonaws.com/photos/301137153/original.jpeg,GBIF,Japan,,38.1424690,140.4428780,Angus Davison,http://creativecommons.org/licenses/by-nc/4.0/,2025-11-26 03:40:27.060649
Dactylorhiza,aristata,https://inaturalist-open-data.s3.amazonaws.com/photos/301494586/original.jpeg,GBIF,United States of America,,51.8449420,-176.6340130,julegust,http://creativecommons.org/licenses/by-nc/4.0/,2025-11-26 03:40:26.987945
Dactylorhiza,aristata,https://inaturalist-open-data.s3.amazonaws.com/photos/300029246/original.jpg,GBIF,United States of America,,55.1834950,-160.5072170,Katlyn Taylor,http://creativecommons.org/licenses/by-nc/4.0/,2025-11-26 03:40:26.837751
Dactylorhiza,aristata,https://inaturalist-open-data.s3.amazonaws.com/photos/297988411/original.jpeg,GBIF,Japan,,36.4082330,138.4352610,belvedere04,http://creativecommons.org/licenses/by/4.0/,2025-11-26 03:40:26.687873
Dactylorhiza,aristata,https://inaturalist-open-data.s3.amazonaws.com/photos/515018746/original.jpg,GBIF,Japan,,36.1568170,136.7646560,Hiroki Shudo,http://creativecommons.org/licenses/by-nc/4.0/,2025-11-26 03:40:26.560478
Dactylorhiza,aristata,https://inaturalist-open-data.s3.amazonaws.com/photos/490483859/original.jpg,GBIF,Russian Federation,,47.2942170,142.7624050,Ольга Ложникова,http://creativecommons.org/licenses/by-nc/4.0/,2025-11-26 03:40:26.495205
Dactylorhiza,aristata,https://inaturalist-open-data.s3.amazonaws.com/photos/294507207/original.jpeg,GBIF,United States of America,,55.3350010,-160.4327700,Jenn Mercer,http://creativecommons.org/licenses/by-nc/4.0/,2025-11-26 03:40:26.298864
Dactylorhiza,aristata,https://inaturalist-open-data.s3.amazonaws.com/photos/295792445/original.jpg,GBIF,Russian Federation,,46.7905170,142.4358900,sergeymakeev,http://creativecommons.org/licenses/by-nc/4.0/,2025-11-26 03:40:26.234544
Dactylorhiza,aristata,https://inaturalist-open-data.s3.amazonaws.com/photos/294288458/original.jpeg,GBIF,Russian Federation,,46.9697090,142.7904220,elenailina,http://creativecommons.org/licenses/by-nc/4.0/,2025-11-26 03:40:26.039304
Dactylorhiza,aristata,https://inaturalist-open-data.s3.amazonaws.com/photos/294288115/original.jpeg,GBIF,Russian Federation,,46.9699240,142.7800770,elenailina,http://creativecommons.org/licenses/by-nc/4.0/,2025-11-26 03:40:25.907486
Dactylorhiza,aristata,https://inaturalist-open-data.s3.amazonaws.com/photos/298030661/original.jpeg,GBIF,Russian Federation,,49.6013280,154.8561760,Аня Вишневская,http://creativecommons.org/licenses/by-nc/4.0/,2025-11-26 03:40:25.841477
Dactylorhiza,aristata,https://inaturalist-open-data.s3.amazonaws.com/photos/304704291/original.jpeg,GBIF,United States of America,,57.7797130,-152.5193140,Masumi Palhof,http://creativecommons.org/licenses/by-nc/4.0/,2025-11-26 03:40:25.579658
Dactylorhiza,aristata,https://inaturalist-open-data.s3.amazonaws.com/photos/302665152/original.jpeg,GBIF,United States of America,,57.6216240,-152.5815130,Masumi Palhof,http://creativecommons.org/licenses/by-nc/4.0/,2025-11-26 03:40:25.387507
Dactylorhiza,aristata,https://inaturalist-open-data.s3.amazonaws.com/photos/302665069/original.jpeg,GBIF,United States of America,,57.6824020,-152.4150360,Masumi Palhof,http://creativecommons.org/licenses/by-nc/4.0/,2025-11-26 03:40:25.130246
Dactylorhiza,aristata,https://inaturalist-open-data.s3.amazonaws.com/photos/299376845/original.jpg,GBIF,Russian Federation,,53.0386150,158.6364410,Никита Данильченко,http://creativecommons.org/licenses/by-nc/4.0/,2025-11-26 03:40:25.066254
Dactylorhiza,aristata,https://inaturalist-open-data.s3.amazonaws.com/photos/295856045/original.jpeg,GBIF,Russian Federation,,53.0423450,158.6400870,elizabeth09890,http://creativecommons.org/licenses/by-nc/4.0/,2025-11-26 03:40:25.000614
Dactylorhiza,aristata,https://inaturalist-open-data.s3.amazonaws.com/photos/294570854/original.jpg,GBIF,Russian Federation,,53.0366640,158.6386120,olga_rozhko,http://creativecommons.org/licenses/by-nc/4.0/,2025-11-26 03:40:24.937356
Dactylorhiza,aristata,https://inaturalist-open-data.s3.amazonaws.com/photos/292510651/original.jpeg,GBIF,Russian Federation,,52.9365280,158.4066670,novinskaya-ev,http://creativecommons.org/licenses/by-nc/4.0/,2025-11-26 03:40:24.611912
Dactylorhiza,aristata,https://inaturalist-open-data.s3.amazonaws.com/photos/293598574/original.jpg,GBIF,Russian Federation,,53.0016070,158.8214430,nutria1740,http://creativecommons.org/licenses/by-nc/4.0/,2025-11-26 03:40:24.546088
Dactylorhiza,aristata,https://inaturalist-open-data.s3.amazonaws.com/photos/292775332/original.jpg,GBIF,Russian Federation,,53.0317810,158.6634370,lapinaau,http://creativecommons.org/licenses/by-nc/4.0/,2025-11-26 03:40:24.482236
Dactylorhiza,aristata,https://inaturalist-open-data.s3.amazonaws.com/photos/293915860/original.jpg,GBIF,Russian Federation,,53.0426220,158.6376200,olga_rozhko,http://creativecommons.org/licenses/by-nc/4.0/,2025-11-26 03:40:24.353367
Dactylorhiza,aristata,https://inaturalist-open-data.s3.amazonaws.com/photos/294257597/original.jpeg,GBIF,Russian Federation,,53.1015090,158.6114240,olga_deg,http://creativecommons.org/licenses/by-nc/4.0/,2025-11-26 03:40:24.288624
Dactylorhiza,aristata,https://inaturalist-open-data.s3.amazonaws.com/photos/291509331/original.jpg,GBIF,United States of America,,51.8697920,-176.6388250,Blaine T. Spellman,http://creativecommons.org/licenses/by-nc/4.0/,2025-11-26 03:40:24.159552
Dactylorhiza,aristata,https://inaturalist-open-data.s3.amazonaws.com/photos/292585966/original.jpeg,GBIF,Russian Federation,,53.0719330,158.6251370,Оlga Сhernyagina,http://creativecommons.org/licenses/by-nc/4.0/,2025-11-26 03:40:24.094154
Dactylorhiza,aristata,https://inaturalist-open-data.s3.amazonaws.com/photos/292585913/original.jpeg,GBIF,Russian Federation,,53.0692880,158.6253850,Оlga Сhernyagina,http://creativecommons.org/licenses/by-nc/4.0/,2025-11-26 03:40:23.965442
Dactylorhiza,aristata,https://inaturalist-open-data.s3.amazonaws.com/photos/291925684/original.jpg,GBIF,United States of America,,51.8674280,-176.7151950,Blaine T. Spellman,http://creativecommons.org/licenses/by-nc/4.0/,2025-11-26 03:40:23.901740
Dactylorhiza,aristata,https://inaturalist-open-data.s3.amazonaws.com/photos/292585681/original.jpeg,GBIF,Russian Federation,,53.0692200,158.6257070,Оlga Сhernyagina,http://creativecommons.org/licenses/by-nc/4.0/,2025-11-26 03:40:23.837180
Dactylorhiza,aristata,https://inaturalist-open-data.s3.amazonaws.com/photos/290815566/original.jpeg,GBIF,Russian Federation,,46.9489280,142.7886950,Екатерина,http://creativecommons.org/licenses/by-nc/4.0/,2025-11-26 03:40:23.453453
Dactylorhiza,aristata,https://inaturalist-open-data.s3.amazonaws.com/photos/290179173/original.jpeg,GBIF,Russian Federation,,52.9384400,158.4054550,novinskaya-ev,http://creativecommons.org/licenses/by-nc/4.0/,2025-11-26 03:40:23.130102
Dactylorhiza,aristata,https://inaturalist-open-data.s3.amazonaws.com/photos/290802220/original.jpeg,GBIF,Russian Federation,,53.2554170,158.1357400,Natali,http://creativecommons.org/licenses/by-nc/4.0/,2025-11-26 03:40:23.060956
Dactylorhiza,aristata,https://inaturalist-open-data.s3.amazonaws.com/photos/289766747/original.jpg,GBIF,United States of America,,57.6358250,-152.4110410,ajackson01,http://creativecommons.org/licenses/by-nc/4.0/,2025-11-26 03:40:22.996970
Dactylorhiza,aristata,https://inaturalist-open-data.s3.amazonaws.com/photos/289219990/original.jpg,GBIF,Japan,,43.5505510,144.5471030,robingle,http://creativecommons.org/licenses/by-nc/4.0/,2025-11-26 03:40:22.868318
Dactylorhiza,aristata,https://inaturalist-open-data.s3.amazonaws.com/photos/288691255/original.jpg,GBIF,United States of America,,57.8394780,-152.4375840,coletalbot,http://creativecommons.org/licenses/by-nc/4.0/,2025-11-26 03:40:22.804361
Dactylorhiza,aristata,https://inaturalist-open-data.s3.amazonaws.com/photos/289162436/original.jpeg,GBIF,Russian Federation,,53.1146090,158.4951930,Николай Виноградов,http://creativecommons.org/licenses/by-nc/4.0/,2025-11-26 03:40:22.676492
Dactylorhiza,aristata,https://inaturalist-open-data.s3.amazonaws.com/photos/287193790/original.jpg,GBIF,Russian Federation,,46.9685830,142.7678080,Matvey Kolesnik,http://creativecommons.org/licenses/by-nc/4.0/,2025-11-26 03:40:22.546343
Dactylorhiza,aristata,https://inaturalist-open-data.s3.amazonaws.com/photos/286373909/original.jpg,GBIF,United States of America,,58.1097610,-155.1226760,andreag11,http://creativecommons.org/licenses/by-nc/4.0/,2025-11-26 03:40:22.480412
Dactylorhiza,aristata,https://inaturalist-open-data.s3.amazonaws.com/photos/286263093/original.jpg,GBIF,United States of America,,57.8395050,-152.4375300,kastoner19,http://creativecommons.org/licenses/by-nc/4.0/,2025-11-26 03:40:22.413778
Dactylorhiza,aristata,https://inaturalist-open-data.s3.amazonaws.com/photos/287154219/original.jpg,GBIF,Russian Federation,,46.8058540,142.4869900,sergeymakeev,http://creativecommons.org/licenses/by-nc/4.0/,2025-11-26 03:40:22.347498
Dactylorhiza,aristata,https://inaturalist-open-data.s3.amazonaws.com/photos/286419466/original.jpeg,GBIF,Russian Federation,,44.0231530,145.8730310,sergey_stefanov,http://creativecommons.org/licenses/by-nc/4.0/,2025-11-26 03:40:22.147991
Dactylorhiza,aristata,https://inaturalist-open-data.s3.amazonaws.com/photos/284025385/original.jpeg,GBIF,Russian Federation,,44.0246060,145.6762080,sergey_stefanov,http://creativecommons.org/licenses/by-nc/4.0/,2025-11-26 03:40:22.083845
Dactylorhiza,aristata,https://inaturalist-open-data.s3.amazonaws.com/photos/289403032/original.jpg,GBIF,Russian Federation,,49.0736720,142.0323780,olgarf,http://creativecommons.org/licenses/by-nc/4.0/,2025-11-26 03:40:22.019524
Dactylorhiza,aristata,https://inaturalist-open-data.s3.amazonaws.com/photos/285800696/original.jpg,GBIF,Japan,,45.3010530,141.0368500,lobelialin,http://creativecommons.org/licenses/by-nc/4.0/,2025-11-26 03:40:21.890554
Dactylorhiza,aristata,https://inaturalist-open-data.s3.amazonaws.com/photos/283964100/original.jpeg,GBIF,Russian Federation,,53.2562580,158.1233740,Natali,http://creativecommons.org/licenses/by-nc/4.0/,2025-11-26 03:40:21.826815
Dactylorhiza,aristata,https://inaturalist-open-data.s3.amazonaws.com/photos/283927904/original.jpg,GBIF,Russian Federation,,44.0340890,145.8585970,Matvey Kolesnik,http://creativecommons.org/licenses/by-nc/4.0/,2025-11-26 03:40:21.762956
Dactylorhiza,aristata,https://inaturalist-open-data.s3.amazonaws.com/photos/281446920/original.jpeg,GBIF,United States of America,,53.8723290,-166.5375510,dumpsterfirephotos,http://creativecommons.org/licenses/by-nc/4.0/,2025-11-26 03:40:21.507528
Dactylorhiza,aristata,https://inaturalist-open-data.s3.amazonaws.com/photos/283973261/original.jpg,GBIF,Russian Federation,,43.9979170,145.8019120,Matvey Kolesnik,http://creativecommons.org/licenses/by-nc/4.0/,2025-11-26 03:40:21.443581
Dactylorhiza,aristata,https://inaturalist-open-data.s3.amazonaws.com/photos/281829957/original.jpeg,GBIF,United States of America,,53.8723290,-166.5375510,dumpsterfirephotos,http://creativecommons.org/licenses/by-nc/4.0/,2025-11-26 03:40:21.247783
Dactylorhiza,aristata,https://inaturalist-open-data.s3.amazonaws.com/photos/281416049/original.jpg,GBIF,United States of America,,52.9687050,-168.8537300,iceworm2,http://creativecommons.org/licenses/by-nc/4.0/,2025-11-26 03:40:21.183162
Dactylorhiza,aristata,https://inaturalist-open-data.s3.amazonaws.com/photos/411362078/original.jpeg,GBIF,Russian Federation,,53.2776800,158.5450430,Оlga Сhernyagina,http://creativecommons.org/licenses/by-nc/4.0/,2025-11-26 03:40:21.118116
Dactylorhiza,aristata,https://inaturalist-open-data.s3.amazonaws.com/photos/406887084/original.jpeg,GBIF,Russian Federation,,46.9531860,142.7993780,Dmitry Ivanov,http://creativecommons.org/licenses/by/4.0/,2025-11-26 03:40:20.989237
Dactylorhiza,aristata,https://inaturalist-open-data.s3.amazonaws.com/photos/407370492/original.jpeg,GBIF,Russian Federation,,47.7567720,142.0586250,Lilia Efimtseva,http://creativecommons.org/licenses/by-nc/4.0/,2025-11-26 03:40:20.732229
Dactylorhiza,aristata,https://inaturalist-open-data.s3.amazonaws.com/photos/413311407/original.jpg,GBIF,Japan,,43.3937590,142.6386740,Walk A Long,http://creativecommons.org/licenses/by-nc/4.0/,2025-11-26 03:40:20.668060
Dactylorhiza,aristata,https://inaturalist-open-data.s3.amazonaws.com/photos/449216695/original.jpeg,GBIF,Japan,,43.7105260,142.9384160,Erwann André,http://creativecommons.org/licenses/by/4.0/,2025-11-26 03:40:20.603467
Dactylorhiza,aristata,https://inaturalist-open-data.s3.amazonaws.com/photos/436686969/original.jpg,GBIF,Russian Federation,,49.3865360,154.8285970,ivan_savinov,http://creativecommons.org/licenses/by-nc/4.0/,2025-11-26 03:40:20.083523
Dactylorhiza,aristata,https://inaturalist-open-data.s3.amazonaws.com/photos/415544911/original.jpg,GBIF,United States of America,,53.8739460,-166.5544140,Raphael Forns,http://creativecommons.org/licenses/by-nc/4.0/,2025-11-26 03:40:20.019246
Dactylorhiza,aristata,https://inaturalist-open-data.s3.amazonaws.com/photos/412994187/original.jpg,GBIF,Russian Federation,,47.5189850,152.8195440,ivansmirnov,http://creativecommons.org/licenses/by-nc/4.0/,2025-11-26 03:40:19.955612
Dactylorhiza,aristata,https://inaturalist-open-data.s3.amazonaws.com/photos/416343364/original.jpg,GBIF,United States of America,,54.1607280,-165.8452300,Raphael Forns,http://creativecommons.org/licenses/by-nc/4.0/,2025-11-26 03:40:19.889819
Dactylorhiza,aristata,https://inaturalist-open-data.s3.amazonaws.com/photos/412994077/original.jpg,GBIF,Russian Federation,,47.5234140,152.8230480,ivansmirnov,http://creativecommons.org/licenses/by-nc/4.0/,2025-11-26 03:40:19.824785
Dactylorhiza,aristata,https://inaturalist-open-data.s3.amazonaws.com/photos/412988773/original.jpg,GBIF,Japan,,43.6613080,142.8276570,Walk A Long,http://creativecommons.org/licenses/by-nc/4.0/,2025-11-26 03:40:19.759248
Dactylorhiza,aristata,https://inaturalist-open-data.s3.amazonaws.com/photos/413745347/original.jpeg,GBIF,United States of America,,53.8417160,-166.5827060,egarfield,http://creativecommons.org/licenses/by-nc/4.0/,2025-11-26 03:40:19.694701
Dactylorhiza,aristata,https://inaturalist-open-data.s3.amazonaws.com/photos/408850216/original.jpeg,GBIF,Japan,,43.6615120,142.8322300,李韻如,http://creativecommons.org/licenses/by-nc/4.0/,2025-11-26 03:40:19.630575
Dactylorhiza,aristata,https://inaturalist-open-data.s3.amazonaws.com/photos/408763844/original.jpeg,GBIF,Russian Federation,,53.1090390,158.4627830,Александр Белов,http://creativecommons.org/licenses/by-nc/4.0/,2025-11-26 03:40:19.502457
Dactylorhiza,aristata,https://inaturalist-open-data.s3.amazonaws.com/photos/408769318/original.jpeg,GBIF,Russian Federation,,53.1090060,158.4627830,Александр Белов,http://creativecommons.org/licenses/by-nc/4.0/,2025-11-26 03:40:19.372268
Dactylorhiza,aristata,https://inaturalist-open-data.s3.amazonaws.com/photos/408685290/original.jpeg,GBIF,United States of America,,53.8748780,-166.5564420,proffenlon,http://creativecommons.org/licenses/by/4.0/,2025-11-26 03:40:19.307795
Dactylorhiza,aristata,https://inaturalist-open-data.s3.amazonaws.com/photos/404053283/original.jpeg,GBIF,Russian Federation,,52.9332250,158.3960420,Александр Белов,http://creativecommons.org/licenses/by-nc/4.0/,2025-11-26 03:40:19.176156
Dactylorhiza,aristata,https://inaturalist-open-data.s3.amazonaws.com/photos/404235059/original.jpeg,GBIF,United States of America,,57.8136640,-152.4366870,Danni,http://creativecommons.org/licenses/by-nc/4.0/,2025-11-26 03:40:19.048870
Dactylorhiza,aristata,https://inaturalist-open-data.s3.amazonaws.com/photos/404536597/original.jpeg,GBIF,Russian Federation,,52.8627170,157.8392940,Валерия Ковалева,http://creativecommons.org/licenses/by/4.0/,2025-11-26 03:40:18.855377
Dactylorhiza,aristata,https://inaturalist-open-data.s3.amazonaws.com/photos/404806944/original.jpeg,GBIF,Russian Federation,,52.8610440,157.8525700,Валерия Ковалева,http://creativecommons.org/licenses/by/4.0/,2025-11-26 03:40:18.658248
Dactylorhiza,aristata,https://inaturalist-open-data.s3.amazonaws.com/photos/404015394/original.jpeg,GBIF,Russian Federation,,52.9234390,158.3927310,Александр Белов,http://creativecommons.org/licenses/by-nc/4.0/,2025-11-26 03:40:18.594520
Dactylorhiza,aristata,https://inaturalist-open-data.s3.amazonaws.com/photos/401528078/original.jpeg,GBIF,Russian Federation,,53.0727780,158.6260830,Александр Белов,http://creativecommons.org/licenses/by-nc/4.0/,2025-11-26 03:40:18.397988
Dactylorhiza,aristata,https://inaturalist-open-data.s3.amazonaws.com/photos/400245046/original.jpg,GBIF,Russian Federation,,47.8572100,142.5251000,Stanislav Cherepushkin,http://creativecommons.org/licenses/by-nc/4.0/,2025-11-26 03:40:18.334022
Dactylorhiza,aristata,https://inaturalist-open-data.s3.amazonaws.com/photos/453122401/original.jpeg,GBIF,United States of America,,57.7393750,-152.4830770,Masumi Palhof,http://creativecommons.org/licenses/by-nc/4.0/,2025-11-26 03:40:18.135889
Dactylorhiza,aristata,https://inaturalist-open-data.s3.amazonaws.com/photos/393537196/original.jpeg,GBIF,United States of America,,53.8865380,-166.5399210,Cathy Pasterczyk,http://creativecommons.org/licenses/by-nc/4.0/,2025-11-26 03:40:18.070747
Dactylorhiza,aristata,https://inaturalist-open-data.s3.amazonaws.com/photos/409747118/original.jpg,GBIF,Russian Federation,,52.9693020,158.7176890,Евгений Линник,http://creativecommons.org/licenses/by-nc/4.0/,2025-11-26 03:40:18.007097
Dactylorhiza,aristata,https://inaturalist-open-data.s3.amazonaws.com/photos/409751956/original.jpg,GBIF,Russian Federation,,52.9693870,158.7181600,Евгений Линник,http://creativecommons.org/licenses/by-nc/4.0/,2025-11-26 03:40:17.940456
Dactylorhiza,aristata,https://inaturalist-open-data.s3.amazonaws.com/photos/406098116/original.jpeg,GBIF,United States of America,,53.8726420,-166.5349970,Adrian,http://creativecommons.org/licenses/by-nc/4.0/,2025-11-26 03:40:17.876005
Dactylorhiza,aristata,https://inaturalist-open-data.s3.amazonaws.com/photos/403131689/original.jpeg,GBIF,Russian Federation,,50.8904110,142.1227110,Lilia Efimtseva,http://creativecommons.org/licenses/by-nc/4.0/,2025-11-26 03:40:17.748610
Dactylorhiza,aristata,https://inaturalist-open-data.s3.amazonaws.com/photos/404894664/original.jpeg,GBIF,United States of America,,57.7471440,-152.5781150,Taylor Justason,http://creativecommons.org/licenses/by-nc/4.0/,2025-11-26 03:40:17.552036
Dactylorhiza,aristata,https://inaturalist-open-data.s3.amazonaws.com/photos/399068932/original.jpg,GBIF,Russian Federation,,47.8526280,142.5218970,Lilia Efimtseva,http://creativecommons.org/licenses/by-nc/4.0/,2025-11-26 03:40:17.101991
Dactylorhiza,aristata,https://inaturalist-open-data.s3.amazonaws.com/photos/400684331/original.jpg,GBIF,United States of America,,57.7672520,-152.4984070,Taylor Justason,http://creativecommons.org/licenses/by-nc/4.0/,2025-11-26 03:40:16.909193
Dactylorhiza,aristata,https://inaturalist-open-data.s3.amazonaws.com/photos/400913803/original.jpg,GBIF,United States of America,,57.6116600,-152.5302550,Taylor Justason,http://creativecommons.org/licenses/by-nc/4.0/,2025-11-26 03:40:16.653619
Dactylorhiza,aristata,https://inaturalist-open-data.s3.amazonaws.com/photos/401202660/original.jpg,GBIF,United States of America,,57.5112110,-152.4920340,Taylor Justason,http://creativecommons.org/licenses/by-nc/4.0/,2025-11-26 03:40:16.459634
Dactylorhiza,aristata,https://inaturalist-open-data.s3.amazonaws.com/photos/389876828/original.jpg,GBIF,Japan,,43.0650840,145.0852770,kenny_well,http://creativecommons.org/licenses/by-nc/4.0/,2025-11-26 03:40:16.332167
Dactylorhiza,aristata,https://inaturalist-open-data.s3.amazonaws.com/photos/398369944/original.jpeg,GBIF,Russian Federation,,53.0384450,158.6521010,Олеся Макарова,http://creativecommons.org/licenses/by-nc/4.0/,2025-11-26 03:40:16.266758
Dactylorhiza,aristata,https://inaturalist-open-data.s3.amazonaws.com/photos/403131711/original.jpeg,GBIF,Russian Federation,,50.8904000,142.1227110,Lilia Efimtseva,http://creativecommons.org/licenses/by-nc/4.0/,2025-11-26 03:40:16.072974
Dactylorhiza,aristata,https://inaturalist-open-data.s3.amazonaws.com/photos/400607885/original.jpeg,GBIF,Japan,,36.9055610,139.1791310,akitamyoko,http://creativecommons.org/licenses/by-nc/4.0/,2025-11-26 03:40:16.006779
Dactylorhiza,aristata,https://inaturalist-open-data.s3.amazonaws.com/photos/396719275/original.jpeg,GBIF,Russian Federation,,53.0732960,158.6280670,Александра Гришина,http://creativecommons.org/licenses/by/4.0/,2025-11-26 03:40:15.942436
Dactylorhiza,aristata,https://inaturalist-open-data.s3.amazonaws.com/photos/399880226/original.jpeg,GBIF,United States of America,,57.7407890,-152.5943580,Adrian,http://creativecommons.org/licenses/by-nc/4.0/,2025-11-26 03:40:15.878003
Dactylorhiza,aristata,https://inaturalist-open-data.s3.amazonaws.com/photos/400525270/original.jpeg,GBIF,Russian Federation,,53.0715710,158.6278230,Валерия Ковалева,http://creativecommons.org/licenses/by/4.0/,2025-11-26 03:40:15.746612
Dactylorhiza,aristata,https://inaturalist-open-data.s3.amazonaws.com/photos/399251991/original.jpg,GBIF,United States of America,,51.3695870,179.2457580,itsthequietones,http://creativecommons.org/licenses/by-nc/4.0/,2025-11-26 03:40:15.668651
Dactylorhiza,aristata,https://inaturalist-open-data.s3.amazonaws.com/photos/399699367/original.jpeg,GBIF,Russian Federation,,53.1036450,159.0479480,Оlga Сhernyagina,http://creativecommons.org/licenses/by-nc/4.0/,2025-11-26 03:40:15.604330
Dactylorhiza,aristata,https://inaturalist-open-data.s3.amazonaws.com/photos/397192655/original.jpg,GBIF,United States of America,,53.8942620,-166.5384830,boldenowml,http://creativecommons.org/licenses/by-nc-nd/4.0/,2025-11-26 03:40:15.474788
Dactylorhiza,aristata,https://inaturalist-open-data.s3.amazonaws.com/photos/399342905/original.jpeg,GBIF,Japan,,36.6948730,137.7860540,lentom,http://creativecommons.org/licenses/by-nc-nd/4.0/,2025-11-26 03:40:15.407485
Dactylorhiza,aristata,https://inaturalist-open-data.s3.amazonaws.com/photos/399700761/original.jpeg,GBIF,Russian Federation,,53.1037350,159.0476950,Оlga Сhernyagina,http://creativecommons.org/licenses/by-nc/4.0/,2025-11-26 03:40:15.278261
Dactylorhiza,aristata,https://inaturalist-open-data.s3.amazonaws.com/photos/401004099/original.jpeg,GBIF,Russian Federation,,52.9921920,158.2970280,Александр Белов,http://creativecommons.org/licenses/by-nc/4.0/,2025-11-26 03:40:15.083576
Dactylorhiza,aristata,https://inaturalist-open-data.s3.amazonaws.com/photos/400482668/original.jpeg,GBIF,Russian Federation,,53.0381450,158.6600300,Оlga Сhernyagina,http://creativecommons.org/licenses/by-nc/4.0/,2025-11-26 03:40:15.018981
Dactylorhiza,aristata,https://inaturalist-open-data.s3.amazonaws.com/photos/399434901/original.jpg,GBIF,Japan,,35.4936750,138.2004080,岸本年郎,http://creativecommons.org/licenses/by/4.0/,2025-11-26 03:40:14.826061
Dactylorhiza,aristata,https://inaturalist-open-data.s3.amazonaws.com/photos/399699465/original.jpeg,GBIF,Russian Federation,,53.1035650,159.0479530,Оlga Сhernyagina,http://creativecommons.org/licenses/by-nc/4.0/,2025-11-26 03:40:14.757993
Dactylorhiza,aristata,https://inaturalist-open-data.s3.amazonaws.com/photos/399699197/original.jpeg,GBIF,Russian Federation,,53.1037550,159.0480050,Оlga Сhernyagina,http://creativecommons.org/licenses/by-nc/4.0/,2025-11-26 03:40:14.690394
Dactylorhiza,aristata,https://inaturalist-open-data.s3.amazonaws.com/photos/396732156/original.jpeg,GBIF,Russian Federation,,53.0727940,158.6260610,Виктория Истомина,http://creativecommons.org/licenses/by-nc/4.0/,2025-11-26 03:40:14.496490
Dactylorhiza,aristata,https://inaturalist-open-data.s3.amazonaws.com/photos/396999606/original.jpg,GBIF,United States of America,,55.4745050,-162.5315700,Blaine T. Spellman,http://creativecommons.org/licenses/by-nc/4.0/,2025-11-26 03:40:14.432441
Dactylorhiza,aristata,https://inaturalist-open-data.s3.amazonaws.com/photos/392662375/original.jpg,GBIF,United States of America,,53.9313500,-166.4318020,Lynda Lybeck-Robinson,http://creativecommons.org/licenses/by-nc/4.0/,2025-11-26 03:40:14.368750
Dactylorhiza,aristata,https://inaturalist-open-data.s3.amazonaws.com/photos/397094944/original.jpeg,GBIF,Russian Federation,,53.0428280,158.6364660,prodyus,http://creativecommons.org/licenses/by-nc/4.0/,2025-11-26 03:40:14.173581
Dactylorhiza,aristata,https://inaturalist-open-data.s3.amazonaws.com/photos/398556210/original.jpeg,GBIF,Russian Federation,,53.1016670,159.0463890,Оlga Сhernyagina,http://creativecommons.org/licenses/by-nc/4.0/,2025-11-26 03:40:14.109658
Dactylorhiza,aristata,https://inaturalist-open-data.s3.amazonaws.com/photos/398441900/original.jpeg,GBIF,Russian Federation,,46.9723590,142.7661700,Татьяна Косых,http://creativecommons.org/licenses/by-nc/4.0/,2025-11-26 03:40:13.915798
Dactylorhiza,aristata,https://inaturalist-open-data.s3.amazonaws.com/photos/398095863/original.jpeg,GBIF,Russian Federation,,53.0333320,158.6333330,Алина Плебейко,http://creativecommons.org/licenses/by/4.0/,2025-11-26 03:40:13.329562
Dactylorhiza,aristata,https://inaturalist-open-data.s3.amazonaws.com/photos/396702330/original.jpg,GBIF,Russian Federation,,53.0707060,158.6265590,lukovnikovatatyana,http://creativecommons.org/licenses/by-nc/4.0/,2025-11-26 03:40:13.264371
Dactylorhiza,aristata,https://inaturalist-open-data.s3.amazonaws.com/photos/396861393/original.jpeg,GBIF,Japan,,38.1540930,140.4750730,Angus Davison,http://creativecommons.org/licenses/by-nc/4.0/,2025-11-26 03:40:13.198943
Dactylorhiza,aristata,https://inaturalist-open-data.s3.amazonaws.com/photos/393791424/original.jpg,GBIF,United States of America,,53.8942670,-166.5384670,Blaine T. Spellman,http://creativecommons.org/licenses/by-nc/4.0/,2025-11-26 03:40:13.070706
Dactylorhiza,aristata,https://inaturalist-open-data.s3.amazonaws.com/photos/398098913/original.jpeg,GBIF,Russian Federation,,53.0333320,158.6333330,Алина Плебейко,http://creativecommons.org/licenses/by/4.0/,2025-11-26 03:40:12.558461
Dactylorhiza,aristata,https://inaturalist-open-data.s3.amazonaws.com/photos/395069843/original.jpeg,GBIF,Russian Federation,,53.0353300,158.6383350,Вячеслав Пискарев,http://creativecommons.org/licenses/by/4.0/,2025-11-26 03:40:12.426991
Dactylorhiza,aristata,https://inaturalist-open-data.s3.amazonaws.com/photos/397010328/original.jpg,GBIF,United States of America,,53.8927630,-166.5417030,Blaine T. Spellman,http://creativecommons.org/licenses/by-nc/4.0/,2025-11-26 03:40:12.361418
Dactylorhiza,aristata,https://inaturalist-open-data.s3.amazonaws.com/photos/398594262/original.jpeg,GBIF,Russian Federation,,53.1030850,159.0485480,Оlga Сhernyagina,http://creativecommons.org/licenses/by-nc/4.0/,2025-11-26 03:40:12.297056
Dactylorhiza,aristata,https://inaturalist-open-data.s3.amazonaws.com/photos/395077611/original.jpeg,GBIF,Russian Federation,,53.0395650,158.6401230,Вячеслав Пискарев,http://creativecommons.org/licenses/by/4.0/,2025-11-26 03:40:12.231772
Dactylorhiza,aristata,https://inaturalist-open-data.s3.amazonaws.com/photos/397240138/original.jpg,GBIF,Russian Federation,,53.0536240,158.6511720,lukovnikovatatyana,http://creativecommons.org/licenses/by-nc/4.0/,2025-11-26 03:40:12.166251
Dactylorhiza,aristata,https://inaturalist-open-data.s3.amazonaws.com/photos/398096156/original.jpeg,GBIF,Russian Federation,,52.9923220,158.2971940,Александр Белов,http://creativecommons.org/licenses/by-nc/4.0/,2025-11-26 03:40:11.972174
Dactylorhiza,aristata,https://inaturalist-open-data.s3.amazonaws.com/photos/396750075/original.jpeg,GBIF,Russian Federation,,53.0712220,158.6313160,prodyus,http://creativecommons.org/licenses/by-nc/4.0/,2025-11-26 03:40:11.778358
Dactylorhiza,aristata,https://inaturalist-open-data.s3.amazonaws.com/photos/397553424/original.jpg,GBIF,Russian Federation,,44.0212450,145.8755800,sergey_stefanov,http://creativecommons.org/licenses/by-nc/4.0/,2025-11-26 03:40:11.586199
Habenaria,intermedia D.,https://inaturalist-open-data.s3.amazonaws.com/photos/212703953/original.jpeg,GBIF,India,,30.0638830,80.2503510,Rajendra Koranga,http://creativecommons.org/licenses/by-nc/4.0/,2025-11-26 03:40:58.654838
Habenaria,intermedia D.,https://inaturalist-open-data.s3.amazonaws.com/photos/300357357/original.jpeg,iNaturalist,"Munsyari, Uttarakhand 262554, India","Munsyari, Uttarakhand 262554, India",30.0842228,80.2246933,rajkoranga,cc-by-nc,2025-11-26 03:41:02.324770
Habenaria,intermedia D.,https://inaturalist-open-data.s3.amazonaws.com/photos/300357310/original.jpeg,iNaturalist,"Munsyari, Uttarakhand 262554, India","Munsyari, Uttarakhand 262554, India",30.0842228,80.2246933,rajkoranga,cc-by-nc,2025-11-26 03:41:02.258007
Habenaria,intermedia D.,https://inaturalist-open-data.s3.amazonaws.com/photos/300357283/original.jpeg,iNaturalist,"Munsyari, Uttarakhand 262554, India","Munsyari, Uttarakhand 262554, India",30.0842228,80.2246933,rajkoranga,cc-by-nc,2025-11-26 03:41:02.177969
Habenaria,intermedia D.,https://inaturalist-open-data.s3.amazonaws.com/photos/300368460/original.jpeg,iNaturalist,"Munsyari, Uttarakhand 262554, India","Munsyari, Uttarakhand 262554, India",30.0843792,80.2318115,rajkoranga,cc-by-nc,2025-11-26 03:41:02.114497
Habenaria,intermedia D.,https://inaturalist-open-data.s3.amazonaws.com/photos/300368419/original.jpeg,iNaturalist,"Munsyari, Uttarakhand 262554, India","Munsyari, Uttarakhand 262554, India",30.0843792,80.2318115,rajkoranga,cc-by-nc,2025-11-26 03:41:02.050929
Habenaria,intermedia D.,https://inaturalist-open-data.s3.amazonaws.com/photos/300368386/original.jpeg,iNaturalist,"Munsyari, Uttarakhand 262554, India","Munsyari, Uttarakhand 262554, India",30.0843792,80.2318115,rajkoranga,cc-by-nc,2025-11-26 03:41:01.987568
Habenaria,intermedia D.,https://inaturalist-open-data.s3.amazonaws.com/photos/300368360/original.jpeg,iNaturalist,"Munsyari, Uttarakhand 262554, India","Munsyari, Uttarakhand 262554, India",30.0843792,80.2318115,rajkoranga,cc-by-nc,2025-11-26 03:41:01.921278
Habenaria,intermedia D.,https://static.inaturalist.org/photos/303422288/original.jpeg,iNaturalist,"CGFM+25X, Gagar, Bhowali Range, Uttarakhand 263132, India","CGFM+25X, Gagar, Bhowali Range, Uttarakhand 263132, India",29.4226772,79.5330773,bacchidangwal,,2025-11-26 03:41:01.855133
Habenaria,intermedia D.,https://static.inaturalist.org/photos/303422272/original.jpeg,iNaturalist,"CGFM+25X, Gagar, Bhowali Range, Uttarakhand 263132, India","CGFM+25X, Gagar, Bhowali Range, Uttarakhand 263132, India",29.4226772,79.5330773,bacchidangwal,,2025-11-26 03:41:01.791042
Habenaria,intermedia D.,https://static.inaturalist.org/photos/303422252/original.jpeg,iNaturalist,"CGFM+25X, Gagar, Bhowali Range, Uttarakhand 263132, India","CGFM+25X, Gagar, Bhowali Range, Uttarakhand 263132, India",29.4226772,79.5330773,bacchidangwal,,2025-11-26 03:41:01.727301
Habenaria,intermedia D.,https://static.inaturalist.org/photos/303731469/original.jpeg,iNaturalist,"CG8V+V9X, near Garganchal Mahadev Temple, Gagar, Uttarakhand 263137, India","CG8V+V9X, near Garganchal Mahadev Temple, Gagar, Uttarakhand 263137, India",29.4161968,79.5426025,kamal_bisht,,2025-11-26 03:41:01.615250
Habenaria,intermedia D.,https://inaturalist-open-data.s3.amazonaws.com/photos/411349319/original.jpeg,iNaturalist,"36CR+88R, Munsyari, Uttarakhand 262554, India","36CR+88R, Munsyari, Uttarakhand 262554, India",30.0717333,80.2406694,rajkoranga,cc-by-nc,2025-11-26 03:41:01.551070
Habenaria,intermedia D.,https://static.inaturalist.org/photos/412139708/original.jpeg,iNaturalist,"77, Chipa, Satbunga, Mukteshwar, Uttarakhand 263132, India","77, Chipa, Satbunga, Mukteshwar, Uttarakhand 263132, India",29.4321750,79.6042500,kamal_bisht,,2025-11-26 03:41:01.486945
Habenaria,intermedia D.,https://inaturalist-open-data.s3.amazonaws.com/photos/167793712/original.jpeg,GBIF,Nepal,,29.7941480,81.9864260,Jasmine Star Outdoor Photography,http://creativecommons.org/licenses/by-nc/4.0/,2025-11-26 03:40:59.881597
Habenaria,intermedia D.,https://indiabiodiversity.org/biodiv/observations//0dd47de0-c51a-4c58-8179-b13c58cad960/520.jpg,GBIF,India,,31.1114750,77.2193980,Ashutosh Sharma,,2025-11-26 03:40:59.816514
Habenaria,intermedia D.,https://indiabiodiversity.org/biodiv/observations//3bdb4440-2735-4038-ae6f-f87da5f17910/416.JPG,GBIF,India,,30.4599090,78.0663990,Siddarth Jude Machado,,2025-11-26 03:40:59.752031
Habenaria,intermedia D.,https://inaturalist-open-data.s3.amazonaws.com/photos/51419087/original.jpeg,GBIF,India,,30.4512070,78.0482360,Siddarth Machado,http://creativecommons.org/licenses/by/4.0/,2025-11-26 03:40:59.557554
Habenaria,intermedia D.,https://inaturalist-open-data.s3.amazonaws.com/photos/92752217/original.jpg,GBIF,India,,30.0304360,80.2518390,Dee Shea Himes,http://creativecommons.org/licenses/by/4.0/,2025-11-26 03:40:59.364621
Habenaria,intermedia D.,https://inaturalist-open-data.s3.amazonaws.com/photos/148076179/original.jpeg,GBIF,India,,30.3476080,80.1934340,Rajendra Koranga,http://creativecommons.org/licenses/by-nc/4.0/,2025-11-26 03:40:59.103884
Habenaria,intermedia D.,https://inaturalist-open-data.s3.amazonaws.com/photos/142174385/original.jpg,GBIF,India,,30.0715170,80.2373400,Ramnarayan K,http://creativecommons.org/licenses/by/4.0/,2025-11-26 03:40:59.039077
Habenaria,intermedia D.,https://inaturalist-open-data.s3.amazonaws.com/photos/228115366/original.jpeg,GBIF,India,,30.5996690,79.1482070,amolmm,http://creativecommons.org/licenses/by-nc/4.0/,2025-11-26 03:40:58.975613
Habenaria,intermedia D.,https://inaturalist-open-data.s3.amazonaws.com/photos/217888820/original.jpeg,GBIF,India,,30.0669770,80.2533650,Rajendra Koranga,http://creativecommons.org/licenses/by-nc/4.0/,2025-11-26 03:40:58.846598
Habenaria,intermedia D.,https://inaturalist-open-data.s3.amazonaws.com/photos/213552606/original.jpg,GBIF,India,,30.0715170,80.2373400,Jagdish Singh Negi,http://creativecommons.org/licenses/by/4.0/,2025-11-26 03:40:58.782038
Habenaria,intermedia D.,https://inaturalist-open-data.s3.amazonaws.com/photos/411349362/original.jpeg,GBIF,India,,30.0717330,80.2406690,,,2025-11-07 02:04:15.000740
Habenaria,intermedia D.,https://inaturalist-open-data.s3.amazonaws.com/photos/212704212/original.jpeg,GBIF,India,,30.0617940,80.2458190,Rajendra Koranga,http://creativecommons.org/licenses/by-nc/4.0/,2025-11-26 03:40:58.457116
Habenaria,intermedia D.,https://inaturalist-open-data.s3.amazonaws.com/photos/351385188/original.jpeg,GBIF,India,,29.4305230,79.4224940,Jungle Lore Birding Lodge,http://creativecommons.org/licenses/by-nc/4.0/,2025-11-26 03:40:58.392761
Habenaria,intermedia D.,https://inaturalist-open-data.s3.amazonaws.com/photos/307605743/original.jpeg,GBIF,India,,29.4218360,79.4376150,Jungle Lore Birding Lodge,http://creativecommons.org/licenses/by-nc/4.0/,2025-11-26 03:40:58.327969
Habenaria,intermedia D.,https://inaturalist-open-data.s3.amazonaws.com/photos/300357333/original.jpeg,GBIF,India,,30.0842230,80.2246930,Rajendra Koranga,http://creativecommons.org/licenses/by-nc/4.0/,2025-11-26 03:40:58.050593
Habenaria,intermedia D.,https://inaturalist-open-data.s3.amazonaws.com/photos/300368510/original.jpeg,GBIF,India,,30.0843790,80.2318120,,,2025-11-07 02:04:17.936294
Habenaria,intermedia D.,https://inaturalist-open-data.s3.amazonaws.com/photos/300357088/original.jpeg,GBIF,India,,30.0837970,80.2243270,,,2025-11-07 02:04:17.590073
Habenaria,intermedia D.,https://inaturalist-open-data.s3.amazonaws.com/photos/300043837/original.jpeg,GBIF,India,,30.0843540,80.2317960,,,2025-11-07 02:04:16.727594
Habenaria,intermedia D.,https://inaturalist-open-data.s3.amazonaws.com/photos/300047449/original.jpeg,GBIF,India,,30.0841830,80.2228160,,,2025-11-07 02:04:15.349276
Habenaria,intermedia D.,https://static.inaturalist.org/photos/142544534/original.jpeg,iNaturalist,"Uttarakhand 262554, India","Uttarakhand 262554, India",30.0794300,80.2479883,babloo_farswan,,2025-11-26 03:41:04.437442
Habenaria,intermedia D.,https://static.inaturalist.org/photos/142544516/original.jpeg,iNaturalist,"Uttarakhand 262554, India","Uttarakhand 262554, India",30.0794300,80.2479883,babloo_farswan,,2025-11-26 03:41:04.373439
Habenaria,intermedia D.,https://static.inaturalist.org/photos/144602005/original.jpg,iNaturalist,Dutkanedhar ,Dutkanedhar ,29.4418796,79.5875030,vijay_dixit,,2025-11-26 03:41:04.309376
Habenaria,intermedia D.,https://inaturalist-open-data.s3.amazonaws.com/photos/148076817/original.jpeg,iNaturalist,"Johar Valley, Pithoragarh District, Uttarakhand, India 262 554","Johar Valley, Pithoragarh District, Uttarakhand, India 262 554",30.3476076,80.1934345,rajkoranga,cc-by-nc,2025-11-26 03:41:04.229736
Habenaria,intermedia D.,https://inaturalist-open-data.s3.amazonaws.com/photos/148074215/original.jpeg,iNaturalist,"Johar Valley, Pithoragarh District, Uttarakhand, India 262 554","Johar Valley, Pithoragarh District, Uttarakhand, India 262 554",30.3476076,80.1934345,rajkoranga,cc-by-nc,2025-11-26 03:41:04.165772
Habenaria,intermedia D.,https://inaturalist-open-data.s3.amazonaws.com/photos/148073924/original.jpeg,iNaturalist,"Johar Valley, Pithoragarh District, Uttarakhand, India 262 554","Johar Valley, Pithoragarh District, Uttarakhand, India 262 554",30.3476076,80.1934345,rajkoranga,cc-by-nc,2025-11-26 03:41:04.100992
Habenaria,intermedia D.,https://static.inaturalist.org/photos/149576991/original.jpeg,iNaturalist,"Uttarakhand 262554, India","Uttarakhand 262554, India",30.0510380,80.2220400,k_pawan,,2025-11-26 03:41:04.035298
Habenaria,intermedia D.,https://static.inaturalist.org/photos/149576980/original.jpeg,iNaturalist,"Uttarakhand 262554, India","Uttarakhand 262554, India",30.0510380,80.2220400,k_pawan,,2025-11-26 03:41:03.968100
Habenaria,intermedia D.,https://static.inaturalist.org/photos/149607571/original.jpeg,iNaturalist,"Uttarakhand 262554, India","Uttarakhand 262554, India",30.0503842,80.2228389,babloo_farswan,,2025-11-26 03:41:03.903557
Habenaria,intermedia D.,https://static.inaturalist.org/photos/149607289/original.jpeg,iNaturalist,"Uttarakhand 262554, India","Uttarakhand 262554, India",30.0503842,80.2228389,babloo_farswan,,2025-11-26 03:41:03.839475
Habenaria,intermedia D.,https://inaturalist-open-data.s3.amazonaws.com/photos/167793735/original.jpeg,iNaturalist,"Gothi 21000, Nepal","Gothi 21000, Nepal",29.7941481,81.9864264,jasminetrekker,cc-by-nc,2025-11-26 03:41:03.758458
Habenaria,intermedia D.,https://inaturalist-open-data.s3.amazonaws.com/photos/167785395/original.jpeg,iNaturalist,"Gothi 21000, Nepal","Gothi 21000, Nepal",29.7941481,81.9864264,jasminetrekker,cc-by-nc,2025-11-26 03:41:03.677934
Habenaria,intermedia D.,https://inaturalist-open-data.s3.amazonaws.com/photos/212703928/original.jpeg,iNaturalist,"Uttarakhand 262554, India","Uttarakhand 262554, India",30.0638828,80.2503509,rajkoranga,cc-by-nc,2025-11-26 03:41:03.610977
Habenaria,intermedia D.,https://inaturalist-open-data.s3.amazonaws.com/photos/212704236/original.jpeg,iNaturalist,"Uttarakhand 262554, India","Uttarakhand 262554, India",30.0617943,80.2458191,rajkoranga,cc-by-nc,2025-11-26 03:41:03.530910
Habenaria,intermedia D.,https://inaturalist-open-data.s3.amazonaws.com/photos/212704194/original.jpeg,iNaturalist,"Uttarakhand 262554, India","Uttarakhand 262554, India",30.0617943,80.2458191,rajkoranga,cc-by-nc,2025-11-26 03:41:03.451479
Habenaria,intermedia D.,https://inaturalist-open-data.s3.amazonaws.com/photos/217888910/original.jpeg,iNaturalist,"Pithoragarh, IN-UT, IN","Pithoragarh, IN-UT, IN",30.0669765,80.2533646,rajkoranga,cc-by-nc,2025-11-26 03:41:03.371929
Habenaria,intermedia D.,https://inaturalist-open-data.s3.amazonaws.com/photos/220471469/original.jpeg,iNaturalist,"Uttarakhand 248122, India","Uttarakhand 248122, India",30.4547258,78.1151530,somebodyelse,cc-by-nc,2025-11-26 03:41:03.307569
Habenaria,intermedia D.,https://inaturalist-open-data.s3.amazonaws.com/photos/220471436/original.jpeg,iNaturalist,"Uttarakhand 248122, India","Uttarakhand 248122, India",30.4547258,78.1151530,somebodyelse,cc-by-nc,2025-11-26 03:41:03.212069
Habenaria,intermedia D.,https://inaturalist-open-data.s3.amazonaws.com/photos/300043818/original.jpeg,iNaturalist,"Munsyari, Uttarakhand 262554, India","Munsyari, Uttarakhand 262554, India",30.0843544,80.2317963,rajkoranga,cc-by-nc,2025-11-26 03:41:03.148243
Habenaria,intermedia D.,https://inaturalist-open-data.s3.amazonaws.com/photos/300043793/original.jpeg,iNaturalist,"Munsyari, Uttarakhand 262554, India","Munsyari, Uttarakhand 262554, India",30.0843544,80.2317963,rajkoranga,cc-by-nc,2025-11-26 03:41:03.083978
Habenaria,intermedia D.,https://inaturalist-open-data.s3.amazonaws.com/photos/300043755/original.jpeg,iNaturalist,"Munsyari, Uttarakhand 262554, India","Munsyari, Uttarakhand 262554, India",30.0843544,80.2317963,rajkoranga,cc-by-nc,2025-11-26 03:41:03.019992
Habenaria,intermedia D.,https://inaturalist-open-data.s3.amazonaws.com/photos/300043719/original.jpeg,iNaturalist,"Munsyari, Uttarakhand 262554, India","Munsyari, Uttarakhand 262554, India",30.0843544,80.2317963,rajkoranga,cc-by-nc,2025-11-26 03:41:02.938967
Habenaria,intermedia D.,https://inaturalist-open-data.s3.amazonaws.com/photos/300047422/original.jpeg,iNaturalist,"Munsyari, Uttarakhand 262554, India","Munsyari, Uttarakhand 262554, India",30.0841827,80.2228164,rajkoranga,cc-by-nc,2025-11-26 03:41:02.874584
Habenaria,intermedia D.,https://inaturalist-open-data.s3.amazonaws.com/photos/300047399/original.jpeg,iNaturalist,"Munsyari, Uttarakhand 262554, India","Munsyari, Uttarakhand 262554, India",30.0841827,80.2228164,rajkoranga,cc-by-nc,2025-11-26 03:41:02.807935
Habenaria,intermedia D.,https://inaturalist-open-data.s3.amazonaws.com/photos/300047366/original.jpeg,iNaturalist,"Munsyari, Uttarakhand 262554, India","Munsyari, Uttarakhand 262554, India",30.0841827,80.2228164,rajkoranga,cc-by-nc,2025-11-26 03:41:02.742450
Habenaria,intermedia D.,https://inaturalist-open-data.s3.amazonaws.com/photos/300047326/original.jpeg,iNaturalist,"Munsyari, Uttarakhand 262554, India","Munsyari, Uttarakhand 262554, India",30.0841827,80.2228164,rajkoranga,cc-by-nc,2025-11-26 03:41:02.677344
Habenaria,intermedia D.,https://inaturalist-open-data.s3.amazonaws.com/photos/300047300/original.jpeg,iNaturalist,"Munsyari, Uttarakhand 262554, India","Munsyari, Uttarakhand 262554, India",30.0841827,80.2228164,rajkoranga,cc-by-nc,2025-11-26 03:41:02.612636
Habenaria,intermedia D.,https://inaturalist-open-data.s3.amazonaws.com/photos/300047266/original.jpeg,iNaturalist,"Munsyari, Uttarakhand 262554, India","Munsyari, Uttarakhand 262554, India",30.0841827,80.2228164,rajkoranga,cc-by-nc,2025-11-26 03:41:02.548556
Habenaria,intermedia D.,https://inaturalist-open-data.s3.amazonaws.com/photos/300047234/original.jpeg,iNaturalist,"Munsyari, Uttarakhand 262554, India","Munsyari, Uttarakhand 262554, India",30.0841827,80.2228164,rajkoranga,cc-by-nc,2025-11-26 03:41:02.468723
Habenaria,intermedia D.,https://inaturalist-open-data.s3.amazonaws.com/photos/300357071/original.jpeg,iNaturalist,"Munsyari, Uttarakhand 262554, India","Munsyari, Uttarakhand 262554, India",30.0837974,80.2243271,rajkoranga,cc-by-nc,2025-11-26 03:41:02.404875
Habenaria,intermedia D.,https://inaturalist-open-data.s3.amazonaws.com/photos/51419101/original.jpeg,iNaturalist,"Bansagad, Mussoorie, Uttarakhand 248179, India","Bansagad, Mussoorie, Uttarakhand 248179, India",30.4512066,78.0482361,siddarthmachado,cc-by,2025-11-26 03:41:04.883288
Habenaria,intermedia D.,https://inaturalist-open-data.s3.amazonaws.com/photos/51419097/original.jpg,iNaturalist,"Bansagad, Mussoorie, Uttarakhand 248179, India","Bansagad, Mussoorie, Uttarakhand 248179, India",30.4512066,78.0482361,siddarthmachado,cc-by,2025-11-26 03:41:04.814762
Habenaria,intermedia D.,https://static.inaturalist.org/photos/66362500/original.jpg,iNaturalist,"lower 5,H.P., Chakkar, Shimla, Himachal Pradesh 171004, India","lower 5,H.P., Chakkar, Shimla, Himachal Pradesh 171004, India",31.0958247,77.1360863,shubhamgautam,,2025-11-26 03:41:04.739778
Habenaria,intermedia D.,https://inaturalist-open-data.s3.amazonaws.com/photos/92751679/original.jpg,iNaturalist,"Pithoragarh, Uttarakhand, India","Pithoragarh, Uttarakhand, India",30.0304361,80.2518389,deehimes,cc-by,2025-11-26 03:41:04.658863
Habenaria,intermedia D.,https://inaturalist-open-data.s3.amazonaws.com/photos/92759255/original.jpg,iNaturalist,"Pithoragarh, Uttarakhand, India","Pithoragarh, Uttarakhand, India",30.0304361,80.2518389,deehimes,cc-by,2025-11-26 03:41:04.577858
Habenaria,intermedia D.,https://static.inaturalist.org/photos/142544551/original.jpeg,iNaturalist,"Uttarakhand 262554, India","Uttarakhand 262554, India",30.0794300,80.2479883,babloo_farswan,,2025-11-26 03:41:04.509000
Platanthera,elegans ssp.,https://inaturalist-open-data.s3.amazonaws.com/photos/542601535/original.jpg,GBIF,,,,,,,2025-11-09 07:44:46.923385
Platanthera,elegans ssp.,https://inaturalist-open-data.s3.amazonaws.com/photos/542598800/original.jpg,GBIF,,,,,,,2025-11-09 07:44:46.917293
Platanthera,elegans ssp.,https://inaturalist-open-data.s3.amazonaws.com/photos/542601755/original.jpg,GBIF,,,,,,,2025-11-09 07:44:46.908288
Platanthera,elegans ssp.,https://inaturalist-open-data.s3.amazonaws.com/photos/542598766/original.jpg,GBIF,,,,,,,2025-11-09 07:44:46.902333
Platanthera,elegans ssp.,https://inaturalist-open-data.s3.amazonaws.com/photos/542601599/original.jpg,GBIF,,,,,,,2025-11-09 07:44:46.896705
Platanthera,elegans ssp.,https://inaturalist-open-data.s3.amazonaws.com/photos/542598710/original.jpg,GBIF,,,,,,,2025-11-09 07:44:46.890605
Platanthera,elegans ssp.,https://inaturalist-open-data.s3.amazonaws.com/photos/542893019/original.jpg,GBIF,,,,,,,2025-11-09 07:44:46.884767
Platanthera,elegans ssp.,https://inaturalist-open-data.s3.amazonaws.com/photos/542893049/original.jpg,GBIF,,,,,,,2025-11-09 07:44:46.879010
Platanthera,elegans ssp.,https://inaturalist-open-data.s3.amazonaws.com/photos/542892962/original.jpg,GBIF,,,,,,,2025-11-09 07:44:46.872991
Platanthera,elegans ssp.,https://inaturalist-open-data.s3.amazonaws.com/photos/536048816/original.jpg,GBIF,,,,,,,2025-11-09 07:44:46.866715
Platanthera,elegans ssp.,https://inaturalist-open-data.s3.amazonaws.com/photos/533710363/original.jpg,GBIF,,,,,,,2025-11-09 07:44:46.860971
Platanthera,elegans ssp.,https://inaturalist-open-data.s3.amazonaws.com/photos/533710290/original.jpg,GBIF,,,,,,,2025-11-09 07:44:46.855131
Platanthera,elegans ssp.,https://inaturalist-open-data.s3.amazonaws.com/photos/533710251/original.jpg,GBIF,,,,,,,2025-11-09 07:44:46.849368
Platanthera,elegans ssp.,https://inaturalist-open-data.s3.amazonaws.com/photos/533710317/original.jpg,GBIF,,,,,,,2025-11-09 07:44:46.842182
Platanthera,elegans ssp.,https://inaturalist-open-data.s3.amazonaws.com/photos/533710337/original.jpg,GBIF,,,,,,,2025-11-09 07:44:46.835802
Platanthera,elegans ssp.,https://inaturalist-open-data.s3.amazonaws.com/photos/536299243/original.jpg,GBIF,,,,,,,2025-11-09 07:44:46.829553
Platanthera,elegans ssp.,https://inaturalist-open-data.s3.amazonaws.com/photos/536097715/original.jpg,GBIF,,,,,,,2025-11-09 07:44:46.823487
Platanthera,elegans ssp.,https://inaturalist-open-data.s3.amazonaws.com/photos/536097510/original.jpg,GBIF,,,,,,,2025-11-09 07:44:46.817295
Platanthera,elegans ssp.,https://inaturalist-open-data.s3.amazonaws.com/photos/536140397/original.jpg,GBIF,,,,,,,2025-11-09 07:44:46.811154
Platanthera,elegans ssp.,https://inaturalist-open-data.s3.amazonaws.com/photos/536048201/original.jpg,GBIF,,,,,,,2025-11-09 07:44:46.805578
Platanthera,elegans ssp.,https://inaturalist-open-data.s3.amazonaws.com/photos/536048087/original.jpg,GBIF,,,,,,,2025-11-09 07:44:46.799533
Platanthera,elegans ssp.,https://inaturalist-open-data.s3.amazonaws.com/photos/533490729/original.jpg,GBIF,,,,,,,2025-11-09 07:44:46.793311
Platanthera,elegans ssp.,https://inaturalist-open-data.s3.amazonaws.com/photos/533490688/original.jpg,GBIF,,,,,,,2025-11-09 07:44:46.787398
Platanthera,elegans ssp.,https://inaturalist-open-data.s3.amazonaws.com/photos/533490728/original.jpg,GBIF,,,,,,,2025-11-09 07:44:46.781314
Platanthera,elegans ssp.,https://inaturalist-open-data.s3.amazonaws.com/photos/533490723/original.jpg,GBIF,,,,,,,2025-11-09 07:44:46.775629
Platanthera,elegans ssp.,https://inaturalist-open-data.s3.amazonaws.com/photos/533490703/original.jpg,GBIF,,,,,,,2025-11-09 07:44:46.769496
Platanthera,elegans ssp.,https://inaturalist-open-data.s3.amazonaws.com/photos/533490748/original.jpg,GBIF,,,,,,,2025-11-09 07:44:46.763207
Platanthera,elegans ssp.,https://inaturalist-open-data.s3.amazonaws.com/photos/517970355/original.jpg,GBIF,,,,,,,2025-11-09 07:44:46.757513
Platanthera,elegans ssp.,https://inaturalist-open-data.s3.amazonaws.com/photos/517970441/original.jpg,GBIF,,,,,,,2025-11-09 07:44:46.751666
Platanthera,elegans ssp.,https://inaturalist-open-data.s3.amazonaws.com/photos/517970267/original.jpg,GBIF,,,,,,,2025-11-09 07:44:46.745651
