genus,species,image_count,country_count,sources
Oncidium,sphacelatum,310,9,"GBIF,Tropicos - Missouri Botanical Garden"
Cymbidium,goeringii,310,4,"GBIF,Tropicos - Missouri Botanical Garden"
Epidendrum,nocturnum,306,17,"GBIF,Tropicos - Missouri Botanical Garden"
Epidendrum,paniculatum,302,20,"GBIF,Tropicos - Missouri Botanical Garden"
Bulbophyllum,species,300,26,GBIF
Pleurothallis,liripipia,300,16,GBIF
Epidendrum,species,300,21,GBIF
Oncidium,flexuosum,297,29,"GBIF,Tropicos - Missouri Botanical Garden"
Vanda,species,297,18,GBIF
Cattleya,species,290,9,GBIF
Epidendrum,amphistomum,276,1,GBIF
Dendrobium,nobile,275,17,"Chris Howard Collection,GBIF,Tropicos - Missouri Botanical Garden"
Phalaenopsis,,266,17,GBIF
Cypripedium,parviflorum Salisb.,218,2,"GBIF,Tropicos - Missouri Botanical Garden"
Paphiopedilum,Pfitzer,188,13,GBIF
Dendrobium,lindleyi,181,13,"Chris Howard Collection,GBIF"
Phragmipedium,longifolium Warsz.,159,4,"GBIF,Tropicos - Missouri Botanical Garden"
Dendrobium,monophyllum,149,3,GBIF
Ophrys,x,145,1,"GBIF,iNaturalist"
Maxillaria,variabilis,118,9,"GBIF,Tropicos - Missouri Botanical Garden"
Aerides,maculosa,118,2,"GBIF,Tropicos - Missouri Botanical Garden"
Cypripedium,passerinum Richardson,110,2,"GBIF,Tropicos - Missouri Botanical Garden"
Cypripedium,reginae Walt.,110,2,"GBIF,Tropicos - Missouri Botanical Garden"
Epidendrum,tridactylum,109,5,GBIF
Oncidium,x,104,0,GBIF
Cypripedium,yatabeanum Makino,102,3,"GBIF,Tropicos - Missouri Botanical Garden"
Cleistesiopsis,Pansarin &,100,1,GBIF
Isotria,Raf.,100,1,GBIF
Pogonia,Juss.,100,2,GBIF
Cleistes,Rich.,100,4,GBIF
Dactylorhiza,majalis ssp.,99,0,GBIF
Dendrobium,bigibbum,99,3,"GBIF,Tropicos - Missouri Botanical Garden"
Caladenia,longicauda ssp.,98,2,"GBIF,iNaturalist"
Isotria,medeoloides Pursh,96,2,"GBIF,Tropicos - Missouri Botanical Garden"
Anacamptis,morio ssp.,96,0,GBIF
Cattleya,intermedia,95,2,"GBIF,Roberta Fox Collection,Tropicos - Missouri Botanical Garden"
Eriaxis,Rchb.f.,92,1,GBIF
Ophrys,scolopax Cav.,90,0,GBIF
Ophrys,fusca Link,88,4,"GBIF,iNaturalist"
Cleistesiopsis,bifaria Fernald,86,1,GBIF
Ophrys,bornmuelleri M.,78,0,GBIF
Dendrobium,bifalce,76,5,GBIF
Oncidium,leleui,76,1,"GBIF,Tropicos - Missouri Botanical Garden"
Dendrobium,schoeninum,74,2,GBIF
Ophrys,mammosa,71,8,"GBIF,iNaturalist"
Cypripedium,tibeticum King,68,3,"GBIF,Tropicos - Missouri Botanical Garden"
Bulbophyllum,lobbii,68,5,"GBIF,Tropicos - Missouri Botanical Garden"
Pleurothallis,grandiflora,67,4,GBIF
Cymbidium,sinense,66,11,GBIF
Epidendrum,subnutans,65,3,GBIF
Spiranthes,x,64,0,GBIF
Pleurothallis,cardiothallis,64,6,"GBIF,Tropicos - Missouri Botanical Garden"
xGymnigritella,x,62,0,GBIF
Cypripedium,x andrewsii,61,2,GBIF
Orchis,spitzelii ssp.,60,0,GBIF
Caladenia,denticulata ssp.,60,0,GBIF
Dactylorhiza,traunsteineri ssp.,60,0,GBIF
Serapias,lingua ssp.,60,0,GBIF
Anacamptis,papilionacea ssp.,60,0,GBIF
Orchis,mascula ssp.,60,0,GBIF
Ophrys,phryganae Devillers-Tersch.,60,0,GBIF
Disa,oreophila ssp.,60,2,GBIF
Disa,obliqua ssp.,60,1,GBIF
Disperis,circumflexa ssp.,60,1,GBIF
Ophrys,bombyliflora Link,60,0,GBIF
Orchis,x,60,0,GBIF
Cleistesiopsis,oricamporum P.,59,1,GBIF
Maxillaria,valenzuelana,59,12,"GBIF,Tropicos - Missouri Botanical Garden"
Epidendrum,eburneum,58,4,"GBIF,Tropicos - Missouri Botanical Garden"
Oncidium,bryolophotum,58,2,GBIF
Disa,cephalotes ssp.,57,2,GBIF
Bulbophyllum,nutans,56,4,"GBIF,Tropicos - Missouri Botanical Garden"
Ophrys,ferrum-equinum Desf.,56,1,GBIF
Disa,tenella ssp.,56,0,GBIF
Pogonia,japonica Rchb.f.,55,3,"GBIF,Tropicos - Missouri Botanical Garden"
Dactylorhiza,incarnata ssp.,55,0,GBIF
Epistephium,Kunth,55,6,GBIF
Cleistesiopsis,divaricata L.,55,1,GBIF
Laelia,anceps,54,0,"GBIF,Roberta Fox Collection"
Maxillaria,standleyi,53,4,GBIF
Cattleya,perrinii,53,4,GBIF
Dactylorhiza,saccifera ssp.,52,0,GBIF
Ophrys,speculum Link,52,0,GBIF
Bulbophyllum,careyanum,50,10,GBIF
Cattleya,x,50,1,GBIF
Bulbophyllum,falcatum,50,3,"Chris Howard Collection,GBIF,Tropicos - Missouri Botanical Garden"
Epidendrum,strobiliferum,50,5,"GBIF,Tropicos - Missouri Botanical Garden"
Epidendrum,megalospathum,48,2,"GBIF,Tropicos - Missouri Botanical Garden"
Diuris,emarginata R.,48,0,GBIF
Phalaenopsis,amabilis,48,4,"GBIF,Tropicos - Missouri Botanical Garden"
Ophrys,cornuta Steven,47,0,GBIF
Dendrobium,vandifolium,47,1,GBIF
Dendrobium,falconeri,47,4,"GBIF,Tropicos - Missouri Botanical Garden"
Stenoglottis,fimbriata Lindl.,47,0,GBIF
Maxillaria,arbuscula,47,5,GBIF
Oncidium,stenoglossum,46,6,"GBIF,Tropicos - Missouri Botanical Garden"
Anacamptis,pyramidalis L.,46,3,GBIF
Epidendrum,diothonaeoides,46,2,GBIF
Maxillaria,scorpioidea,45,11,GBIF
Maxillaria,crocea,43,1,GBIF
Ophrys,insectifera L.,43,0,GBIF
Platanthera,dilatata Pursh,43,0,GBIF
Caladenia,bicalliata ssp.,43,0,GBIF
Disa,aconitoides ssp.,42,7,GBIF
Oncidium,altissimum,42,5,GBIF
Disa,obtusa ssp.,42,1,GBIF
Dendrobium,bicaudatum,42,3,GBIF
Disperis,oppositifolia Sm.,41,3,GBIF
Lecanorchis,Blume,41,5,GBIF
Maxillaria,paranaensis,41,2,GBIF
Bulbophyllum,cupreum,41,6,"Chris Howard Collection,GBIF"
Cleistes,rosea Lindl.,40,6,"GBIF,Tropicos - Missouri Botanical Garden"
Cattleya,labiata,40,3,"GBIF,Roberta Fox Collection,Tropicos - Missouri Botanical Garden"
Caladenia,x,39,1,GBIF
Disperis,bolusiana ssp.,39,1,GBIF
Dendrobium,denudans,39,5,GBIF
Epidendrum,porquerense,39,2,"GBIF,Tropicos - Missouri Botanical Garden"
Dendrobium,lobatum,39,4,GBIF
Maxillaria,haemathodes,38,2,"GBIF,Tropicos - Missouri Botanical Garden"
Dactylorhiza,osmanica Klinge,38,4,"GBIF,iNaturalist"
Dendrobium,linguella,38,5,"Chris Howard Collection,GBIF"
Disa,fragrans ssp.,38,2,GBIF
Nigritella,rhellicani ssp.,38,3,GBIF
Epidendrum,cleistocoleum,38,1,GBIF
Dendrobium,villosulum,38,3,GBIF
Angraecum,sesquipedale,37,1,GBIF
Isotria,verticillata Muhl.,37,1,"GBIF,Tropicos - Missouri Botanical Garden"
Apostasia,wallichii R.,37,3,GBIF
Pseudovanilla,foliata F.,37,3,GBIF
Epidendrum,diffusum,36,1,"GBIF,Tropicos - Missouri Botanical Garden"
Epidendrum,x,36,5,GBIF
Disa,harveyana ssp.,36,1,GBIF
Dendrobium,antennatum,36,1,"Chris Howard Collection,GBIF"
Epidendrum,oxycalyx,36,2,"GBIF,Tropicos - Missouri Botanical Garden"
Dendrobium,draconis,36,0,"Chris Howard Collection,GBIF"
Nigritella,rubra ssp.,36,0,GBIF
Maxillaria,horichii,36,2,GBIF
Oncidium,ghiesbreghtianum,35,2,GBIF
Dendrobium,polytrichum,35,1,GBIF
Ophrys,sicula Tineo,35,13,"GBIF,iNaturalist"
Satyrium,hallackii ssp.,35,1,GBIF
Dendrobium,leonis,35,0,"Chris Howard Collection,GBIF"
Catasetum,x,35,0,GBIF
Phragmipedium,schlimii Rchb.f.,35,2,GBIF
Maxillaria,luteoalba,35,6,"GBIF,Tropicos - Missouri Botanical Garden"
Dendrobium,jonesii,34,0,"Chris Howard Collection,GBIF"
Cycnoches,haagii,34,0,"Chris Howard Collection,GBIF"
Stichorkis,bootanensis,34,1,GBIF
Vanda,perplexa,34,2,GBIF
Phragmipedium,caudatum Lindl.,34,1,GBIF
Bulbophyllum,scariosum,34,7,GBIF
Pterostylis,porrecta D.,33,1,GBIF
Brownleea,galpinii ssp.,33,1,GBIF
Caladenia,lyallii Hook.f.,33,1,GBIF
Epidendrum,pseudoschumannianum,33,1,"GBIF,Tropicos - Missouri Botanical Garden"
Cypripedium,acaule Aiton,33,3,"GBIF,iDigBio"
Dendrobium,tortile,33,6,GBIF
Dendrobium,lunatum,33,2,GBIF
Rhyncholaelia,glauca,32,0,"GBIF,Roberta Fox Collection"
Phragmipedium,pearcei Rchb.f.,32,2,"GBIF,Tropicos - Missouri Botanical Garden"
Disa,patula Sond.,32,1,GBIF
Dendrobium,toressae,32,0,"Chris Howard Collection,GBIF"
Nigritella,nigra ssp.,32,0,GBIF
Epidendrum,jajense,32,2,"GBIF,Tropicos - Missouri Botanical Garden"
Eulophia,picta,32,1,GBIF
Satyrium,amoenum A.,32,0,GBIF
Herminium,latilabre Lindl.,32,4,GBIF
Dactylorhiza,incarnata,32,3,GBIF
Bulbophyllum,medusae,32,4,"GBIF,Tropicos - Missouri Botanical Garden"
Epidendrum,caroli,32,2,"GBIF,Tropicos - Missouri Botanical Garden"
Angraecum,scottianum,32,0,"Chris Howard Collection,GBIF"
Epidendrum,cnemidophorum,31,2,"GBIF,Tropicos - Missouri Botanical Garden"
Maxillaria,praestans,31,5,"GBIF,Tropicos - Missouri Botanical Garden"
Calochilus,pruinosus D.,31,1,GBIF
Didymoplexis,pallens,31,1,GBIF
Acianthera,cogniauxiana,31,1,"GBIF,iNaturalist"
Spiranthes,spiralis,31,1,"GBIF,iNaturalist"
Dendrobium,capituliflorum,31,0,"Chris Howard Collection,GBIF"
Cynorkis,anacamptoides Kraenzl.,31,1,GBIF
Habenaria,stylites ssp.,31,0,GBIF
Acampe,rigida,31,1,"GBIF,iNaturalist"
Stereosandra,javanica,31,1,GBIF
Laelia,autumnalis,31,0,"GBIF,Roberta Fox Collection"
Neobolusia,tysonii Bolus,31,1,"GBIF,iNaturalist"
Laelia,splendida,31,0,"GBIF,Roberta Fox Collection"
Cymbidium,tracyanum,31,0,"Chris Howard Collection,GBIF"
Aerangis,citrata,31,0,"Chris Howard Collection,GBIF"
Vanilla,mexicana L.,31,2,GBIF
Epidendrum,avicula,31,0,"Chris Howard Collection,GBIF"
Caladenia,saxicola A.,31,1,GBIF
Pterostylis,coccina Fitzg.,31,1,GBIF
Isochilus,major,31,0,"GBIF,Roberta Fox Collection"
Satyrium,chlorocorys Rchb.f.,31,1,"GBIF,iNaturalist"
Epidendrum,endresii,31,1,GBIF
Dendrobium,cuthbertsonii,31,1,"Chris Howard Collection,GBIF"
Pinalia,formosana,30,0,GBIF
Microchilus,hirtellus Sw.,30,0,GBIF
Lepanthes,montezumae,30,0,GBIF
Pabstiella,trifida,30,0,GBIF
Microchilus,peterianus,30,0,GBIF
Acampe,ochracea,30,1,"GBIF,iNaturalist"
Platanthera,obtusata Banks,30,0,GBIF
Epidendrum,hemiscleria,30,2,GBIF
Prosthechea,mejia,30,0,GBIF
Cyrtochilum,tetracopis,30,0,GBIF
Cynorkis,nutans Ridl.,30,0,GBIF
Oncidium,lehmannii,30,0,GBIF
Cynorkis,ridleyi T.,30,0,GBIF
Cyrtochilum,serratum,30,0,GBIF
Cyrtochilum,scabiosum,30,0,GBIF
Prosthechea,guttata,30,0,GBIF
Gastrodia,sesamoides,30,0,GBIF
Pelexia,funckiana,30,0,GBIF
Cynorkis,speciosa Ridl.,30,0,GBIF
Cynorkis,squamosa Poir.,30,0,GBIF
Cyrtochilum,revolutum,30,0,GBIF
Aerangis,biloba,30,0,GBIF
Prosthechea,grammatoglossa,30,0,GBIF
Prosthechea,ghiesbreghtiana,30,0,GBIF
Gastrodia,peichatieniana,30,0,GBIF
Cyrtochilum,pastasae,30,0,GBIF
Cyrtochilum,mystacinum,30,0,GBIF
Gastrodia,nipponica,30,0,GBIF
Cypripedium,bardolphianum W.,30,1,GBIF
Oncidium,lindleyi,30,0,GBIF
Cyrtochilum,myanthum,30,0,GBIF
Oncidium,lindleyoides,30,0,GBIF
Gastrodia,lacista,30,0,GBIF
Prosthechea,fragrans,30,0,GBIF
Gastrodia,elata,30,0,GBIF
Prosthechea,fausta,30,0,GBIF
Gastrodia,confusoides,30,0,GBIF
Oncidium,luteopurpureum,30,0,GBIF
Cyrtochilum,murinum,30,0,GBIF
Cypripedium,formosanum Hayata,30,1,GBIF
Cyrtochilum,midas,30,0,GBIF
Cypripedium,himalaicum Rolfe,30,1,GBIF
Cypripedium,irapeanum Lex.,30,1,GBIF
Aerangis,ellisii,30,0,GBIF
Cypripedium,kentuckiense C.,30,1,GBIF
Prosthechea,chacaoensis,30,0,GBIF
Cyrtochilum,macranthum,30,0,GBIF
Gastrochilus,obliquus,30,0,GBIF
Gastrochilus,matsudae,30,0,GBIF
Oncidium,mirandum,30,0,GBIF
Prosthechea,calamaria,30,0,GBIF
Prosthechea,bulbosa,30,0,GBIF
Gastrochilus,fuscopunctatus,30,0,GBIF
Gastrochilus,formosanus,30,0,GBIF
Oncidium,nebulosum,30,0,GBIF
Gastrochilus,ciliaris,30,0,GBIF
Cypripedium,x ventricosum,30,1,GBIF
Cyrtochiloides,panduriformis,30,0,GBIF
Galeandra,styllomisantha,30,0,GBIF
Aerangis,decaryana,30,0,GBIF
Epidendrum,lignosum,30,0,GBIF
Cyrtochilum,annulare,30,0,GBIF
Cyrtochilum,aureum,30,0,GBIF
Galearis,camtschatica,30,0,GBIF
Prosthechea,aemula,30,0,GBIF
Cyrtochilum,caespitosum,30,0,GBIF
Promenaea,xanthina,30,0,GBIF
Cyrtochilum,halteratum,30,0,GBIF
Cyrtochilum,dipterum,30,0,GBIF
Cyrtochilum,divaricatum,30,0,GBIF
Cyrtochilum,dodianum,30,0,GBIF
Prescottia,oligantha Sw.,30,0,GBIF
Pelexia,novofriburgensis,30,0,GBIF
Epidendrum,anoglossum,30,0,GBIF
Epidendrum,anisatum,30,1,GBIF
Maxillaria,amplifoliata,30,0,GBIF
Maxillaria,alticola,30,0,GBIF
Trizeuxis,falcata,30,0,GBIF
Andreettaea,semperflorens,30,0,GBIF
Lepanthes,vespertilio,30,2,GBIF
Epidendrum,melistagum,30,0,GBIF
Maxillaria,adolphi,30,0,GBIF
Maxillaria,aureoglobula,30,0,GBIF
Maxillaria,acutifolia,30,0,GBIF
Maxillaria,pulchra,30,0,GBIF
Maxillaria,aciantha,30,0,GBIF
Epidendrum,alsum,30,0,GBIF
Masdevallia,ximenae,30,0,GBIF
Masdevallia,walteri,30,0,GBIF
Phaius,tankervilleae,30,0,GBIF
Maxillaria,pumila,30,0,GBIF
Epiblastus,basalis,30,0,GBIF
Leporella,fimbriata Lindl.,30,0,GBIF
Leptoceras,menziesii Lindl.,30,0,GBIF
Maxillaria,luteograndiflora,30,0,GBIF
Limodorum,abortivum,30,0,GBIF
Limodorum,trabutianum,30,0,GBIF
Epidendrum,nanosimplex,30,0,GBIF
Masdevallia,rosea,30,0,GBIF
Maxillaria,rufescens,30,0,GBIF
Vanilla,chamissonis Klotzsch,30,2,GBIF
Liparis,bowkeri,30,0,GBIF
Triphora,trianthophoros,30,0,GBIF
Liparis,campylostalix,30,0,GBIF
Liparis,capensis,30,0,GBIF
Masdevallia,rafaeliana,30,0,GBIF
Liparis,cordifolia,30,0,GBIF
Liparis,cordiformis,30,0,GBIF
Encyclia,rodolfoi,30,1,GBIF
Encyclia,meliosma,30,0,GBIF
Maxillaria,scheidweileriana,30,0,GBIF
Phreatia,micrantha,30,0,GBIF
Encyclia,kennedyi,30,0,GBIF
Liparis,goodyeroides,30,0,GBIF
Liparis,guineensis,30,0,GBIF
Liparis,habenarina,30,0,GBIF
Masdevallia,platyglossa,30,0,GBIF
Liparis,inaperta,30,0,GBIF
Masdevallia,picturata,30,0,GBIF
Lepanthes,cyrtostele,30,0,GBIF
Liparis,laurisilvatica,30,0,GBIF
Maxillaria,schlimii,30,0,GBIF
Liparis,longicaulis,30,0,GBIF
Vanilla,hostmannii Rolfe,30,3,GBIF
Phaius,subtrilobus,30,0,GBIF
Liparis,nokoensis,30,0,GBIF
Liparis,odorata,30,0,GBIF
Liparis,pauliana,30,0,GBIF
Masdevallia,minuta,30,0,GBIF
Liparis,remota,30,0,GBIF
Maxillaria,longissima,30,0,GBIF
Liparis,salassia,30,0,GBIF
Liparis,sasakii,30,0,GBIF
Liparis,saundersiana,30,0,GBIF
Encyclia,candollei,30,0,GBIF
Epidendrum,oxysepalum,30,0,GBIF
Triphora,surinamensis,30,0,GBIF
Lepanthes,manabina,30,0,GBIF
Masdevallia,infracta,30,0,GBIF
Liparis,vexillifera,30,0,GBIF
Maxillaria,striata,30,0,GBIF
Epidendrum,chlorocorymbos,30,0,GBIF
Maxillaria,subrepens,30,0,GBIF
Lockhartia,hercodonta,30,0,GBIF
Lockhartia,imbricata,30,0,GBIF
Encyclia,argentinensis,30,0,GBIF
Lockhartia,micrantha,30,0,GBIF
Epidendrum,pallatangae,30,0,GBIF
Encyclia,altissima,30,0,GBIF
Lockhartia,serra,30,0,GBIF
Lockhartia,verrucosa,30,0,GBIF
Encyclia,adenocarpa,30,0,GBIF
Epidendrum,cernuum,30,2,"GBIF,Tropicos - Missouri Botanical Garden"
Palmorchis,veyretae,30,0,GBIF
Masdevallia,floribunda,30,0,GBIF
Elythranthera,brunonis Lindl.,30,0,GBIF
Maxillaria,umbratilis,30,0,GBIF
Eltroplectris,triloba,30,0,GBIF
Maxillaria,uncata,30,0,GBIF
Triphora,gentianoides,30,0,GBIF
Lycaste,deppei,30,0,GBIF
Masdevallia,cucullata,30,0,GBIF
Elleanthus,robustus,30,0,GBIF
Epidendrum,coronatum,30,0,GBIF
Epidendrum,paranthicum,30,0,GBIF
Lyperanthus,serratus Lindl.,30,0,GBIF
Lyperanthus,suaveolens R.,30,0,GBIF
Masdevallia,caudivolvula,30,0,GBIF
Elleanthus,oliganthus,30,0,GBIF
Elleanthus,myrosmatis,30,0,GBIF
Masdevallia,bicolor,30,0,GBIF
Mediocalcar,agathodaemonis,30,0,GBIF
Macroclinium,wullschlaegelianum,30,0,GBIF
Masdevallia,amanda,30,0,GBIF
Masdevallia,amabilis,30,0,GBIF
Elleanthus,maculatus,30,0,GBIF
Malaxis,abieticola,30,0,GBIF
Malaxis,schliebenii,30,0,GBIF
Megastylis,gigas Rchb.f.,30,0,GBIF
Malaxis,bayardii,30,0,GBIF
Lepanthes,biloba,30,0,GBIF
Pinalia,amica,30,0,GBIF
Malaxis,elliptica,30,0,GBIF
Malaxis,rosei,30,0,GBIF
Epidendrum,parviflorum,30,0,GBIF
Malaxis,lepidota,30,0,GBIF
Malaxis,pringlei,30,0,GBIF
Microchilus,arietinus,30,0,GBIF
Malaxis,parthoni,30,0,GBIF
Malaxis,macrostachya,30,0,GBIF
Malaxis,major,30,0,GBIF
Malaxis,novogaliciana,30,0,GBIF
Microchilus,foliosus,30,0,GBIF
Elleanthus,caricoides,30,0,GBIF
Tridactyle,virgula,30,0,GBIF
Epidendrum,pentadactylum,30,0,GBIF
Tridactyle,tridentata,30,0,GBIF
Angraecum,bracteosum,30,0,GBIF
Earina,deplanchei,30,0,GBIF
Tridactyle,thomensis,30,0,GBIF
Epidendrum,piliferum,30,0,GBIF
Jumellea,anjouanensis,30,0,GBIF
Bonatea,antennifera Rolfe,30,0,GBIF
Platanthera,oligantha Turcz.,30,0,GBIF
Bonatea,porrecta Bolus,30,0,GBIF
Bonatea,pulchella Summerh.,30,0,GBIF
Disperis,purpurata ssp.,30,1,GBIF
Jacquiniella,teretifolia,30,0,GBIF
Thrixspermum,saruwatarii,30,0,GBIF
Miltonia,phymatochila,30,0,GBIF
Jacquiniella,cobanensis,30,0,GBIF
Thrixspermum,formosanum,30,0,GBIF
Platanthera,pachycaulon Hook.f.,30,0,GBIF
Aganisia,cyanea,30,0,GBIF
Disperis,micrantha Lindl.,30,1,GBIF
Maxillaria,huebschii,30,0,GBIF
Thelyschista,ghillanyi,30,0,GBIF
Orthoceras,strictum R.,30,0,GBIF
Brachycorythis,friesii Schltr.,30,0,GBIF
Brachycorythis,helferi Rchb.f.,30,0,GBIF
Brachycorythis,obcordata Lindl.,30,0,GBIF
Brachycorythis,ovata Lindl.,30,0,GBIF
Platanthera,pallida P.,30,0,GBIF
Platanthera,praeclara,30,0,GBIF
Brachycorythis,rhodostachys Schltr.,30,0,GBIF
Disperis,macowanii Bolus,30,1,GBIF
Thelymitra,tigrina R.,30,0,GBIF
Platanthera,sparsiflora S.,30,0,GBIF
Platanthera,stenantha Hook.f.,30,0,GBIF
Isochilus,bracteatus,30,0,GBIF
Brachystele,dilatata,30,0,GBIF
Thelymitra,tholiformis,30,0,GBIF
Brassavola,martiana,30,0,GBIF
Ionopsis,utricularioides,30,0,GBIF
Brassavola,venosa,30,0,GBIF
Epidendrum,schistochilum,30,0,GBIF
Brassia,aurantiaca,30,0,GBIF
Brassia,brachiata,30,0,GBIF
Brassia,cochleata,30,0,GBIF
Thelymitra,sargentii R.,30,0,GBIF
Platanthera,stenoglossa Hayata,30,0,GBIF
Thelymitra,sanscilia H.,30,0,GBIF
Brassia,euodes,30,0,GBIF
Brassia,gireoudiana,30,0,GBIF
Ionopsis,satyrioides,30,0,GBIF
Miltoniopsis,warscewiczii,30,0,GBIF
Thelymitra,peniculata Jeanes,30,0,GBIF
Disperis,erucifera H.,30,1,GBIF
Platanthera,stricta Lindl.,30,0,GBIF
Maxillaria,porrecta,30,0,GBIF
Thelymitra,pauciflora R.,30,0,GBIF
Ornithocephalus,myrticola,30,0,GBIF
Broughtonia,lindenii,30,0,GBIF
Ida,gigantea,30,0,GBIF
Thelymitra,paludosa Jeanes,30,0,GBIF
Thelymitra,occidentalis Jeanes,30,0,GBIF
Brownleea,coerulea Harv.,30,1,GBIF
Ornithocephalus,inflexus,30,0,GBIF
Brownleea,macroceras Sond.,30,1,GBIF
Disperis,cordata Sw.,30,1,GBIF
Disperis,concinna Schltr.,30,1,GBIF
Brownleea,recurvata Sond.,30,1,GBIF
Thelymitra,maculata Jeanes,30,0,GBIF
Ornithocephalus,bicornis,30,0,GBIF
Thelymitra,latifolia R.,30,0,GBIF
Disperis,bodkinii Bolus,30,1,GBIF
Platanthera,x bicolor,30,0,GBIF
Thelymitra,juncifolia Lindl.,30,0,GBIF
Disa,verdickii De,30,0,GBIF
Disa,tripetaloides L.f.,30,0,GBIF
Disa,tenuicornis Bolus,30,0,GBIF
Huttonaea,oreophila Schltr.,30,1,GBIF
Thelymitra,holmesii Nicholls,30,0,GBIF
Disa,telipogonis Rchb.f.,30,0,GBIF
Thelymitra,granitora,30,0,GBIF
Thelymitra,fuscolutea R.,30,0,GBIF
Thelymitra,flexuosa Endl.,30,0,GBIF
Thelymitra,epipactoides F.,30,0,GBIF
Myoxanthus,ceratothallis,30,0,GBIF
Disa,stricta Sond.,30,0,GBIF
Houlletia,odoratissima,30,0,GBIF
Bulbophyllum,aphanopetalum,30,0,GBIF
Homalopetalum,kienastii,30,0,GBIF
Thelymitra,colensoi Hook.f.,30,0,GBIF
Disa,stairsii Kraenzl.,30,3,GBIF
Thelymitra,carnea R.,30,0,GBIF
Disa,stachyoides Rchb.f.,30,0,GBIF
Disa,similis Summerh.,30,1,GBIF
Thelymitra,bracteata J.,30,1,GBIF
Disa,scullyi Bolus,30,0,GBIF
Holothrix,secunda Thunb.,30,0,GBIF
Thelymitra,benthamiana Rchb.f.,30,1,GBIF
Holothrix,scopularia Lindl.,30,0,GBIF
Disa,salteri G.,30,1,GBIF
Platanthera,x mixta,30,0,GBIF
Platanthera,zothecina,30,0,GBIF
Thelymitra,atronitida Jeanes,30,0,GBIF
Thelymitra,aristata Lindl.,30,1,GBIF
Holothrix,randii Rendle,30,0,GBIF
Bulbophyllum,betchei,30,0,GBIF
Oreorchis,indica,30,0,GBIF
Thelymitra,arenaria Lindl.,30,1,GBIF
Platycoryne,guingangae Rchb.f.,30,0,GBIF
Holothrix,pilosa Burch.,30,0,GBIF
Disa,robusta N.,30,2,GBIF
Thelymitra,antennifera Lindl.,30,0,GBIF
Holothrix,incurva Lindl.,30,0,GBIF
Disa,reticulata Bolus,30,1,GBIF
Holothrix,filicornis Immelman,30,0,GBIF
Platycoryne,latipetala Summerh.,30,0,GBIF
Holothrix,condensata Sond.,30,0,GBIF
Holothrix,cernua Burm.f.,30,0,GBIF
Holothrix,burchellii Lindl.,30,0,GBIF
Disa,pulchra Sond.,30,1,GBIF
Holcoglossum,quasipinifolium,30,0,GBIF
Disa,procera H.,30,1,GBIF
Holcoglossum,pumilum,30,0,GBIF
Holcoglossum,kimballianum,30,0,GBIF
Zeuxine,oblonga R.,30,0,GBIF
Disa,porrecta Sw.,30,1,GBIF
Orchis,x hybrida,30,0,GBIF
Hofmeisterella,falcata,30,0,GBIF
Orchis,spitzelii,30,0,GBIF
Bulbophyllum,clavatum,30,0,GBIF
Himantoglossum,comperianum Steven,30,0,GBIF
Disa,ophrydea Lindl.,30,1,GBIF
Epidendrum,tenuicaule,30,0,GBIF
Himantoglossum,caprinum ssp.,30,0,GBIF
Hetaeria,tetraptera Rchb.f.,30,0,GBIF
Disa,nivea H.,30,2,GBIF
Myrmecophila,christinae,30,0,GBIF
Orchis,sitiaca Renz,30,0,GBIF
Myrmecophila,wendlandii,30,0,GBIF
Hetaeria,oblongifolia Blume,30,0,GBIF
Orchis,simia ssp.,30,0,GBIF
Mystacidium,flanaganii,30,0,GBIF
Bulbophyllum,cylindraceum,30,0,GBIF
Mystacidium,venosum,30,0,GBIF
Disa,multifida Lindl.,30,1,GBIF
Orchis,purpurea ssp.,30,0,GBIF
Orchis,punctulata Steven,30,2,GBIF
Orchis,provincialis Balb.,30,0,GBIF
Telipogon,bowmanii,30,0,GBIF
Disa,micropetala Schltr.,30,1,GBIF
Disa,marlothii Bolus,30,1,GBIF
Neobathiea,spatulata,30,0,GBIF
Orchis,langei Lange,30,0,GBIF
Orchis,italica Poir.,30,0,GBIF
Orchis,galilaea Bornm.,30,0,GBIF
Orchis,canariensis Lindl.,30,0,GBIF
Tainia,cordifolia,30,1,GBIF
Orchis,anatolica ssp.,30,0,GBIF
Epidendrum,urbanianum,30,0,GBIF
Epidendrum,vandifolium,30,0,GBIF
Platylepis,occulta Thouars,30,0,GBIF
Taeniophyllum,pusillum,30,0,GBIF
Herminium,elisabethae Duthie,30,0,GBIF
Taeniophyllum,muelleri,30,0,GBIF
Bulbophyllum,fimbriatum,30,0,GBIF
Disa,flexuosa L.,30,1,GBIF
Zeuxine,longilabris Lindl.,30,0,GBIF
Disa,filicornis L.f.,30,1,GBIF
Hemipilia,tetraloba,30,0,GBIF
Hemipilia,takasago-montana Masam.,30,0,GBIF
Hemipilia,secundiflora Kraenzl.,30,0,GBIF
Bulbophyllum,forrestii,30,0,GBIF
Disa,ferruginea Thunb.,30,1,GBIF
Hemipilia,puberula King,30,0,GBIF
Disa,fasciata Lindl.,30,1,GBIF
Epidendrum,densifolium,30,0,GBIF
Taeniophyllum,compactum,30,0,GBIF
Epidendrum,verrucosum,30,0,GBIF
Hemipilia,monantha,30,0,GBIF
Ophrys,x sommieri,30,0,GBIF
Disa,densiflora Lindl.,30,1,GBIF
Epidendrum,vulgoamparoanum,30,0,GBIF
Disa,crassicornis Lindl.,30,1,GBIF
Styloglossum,lyroglossum,30,0,GBIF
Disa,cooperi Rchb.f.,30,1,GBIF
Styloglossum,hololeucum,30,0,GBIF
Neottia,acuminata,30,0,GBIF
Epidendrum,weddelii,30,0,GBIF
Tropidia,curculigoides,30,0,GBIF
Ophrys,x praemelena,30,0,GBIF
Hemipilia,gracilis Blume,30,0,GBIF
Hemipilia,flabellata Bureau,30,0,GBIF
Stigmatodactylus,sikokianus Maximova,30,0,GBIF
Bulbophyllum,humblotii,30,0,GBIF
Hemipilia,cucullata L.,30,0,GBIF
Maxillaria,hematoglossa,30,0,GBIF
Disa,chrysostachya Sw.,30,1,GBIF
Aerides,odorata,30,0,GBIF
Disa,cernua Thunb.,30,1,GBIF
Hemipilia,chusua D.,30,0,GBIF
Neottia,banksiana,30,0,GBIF
Aerides,multiflora,30,0,GBIF
Hemipilia,alpestris Fukuy.,30,0,GBIF
Stichorkis,reflexa,30,0,GBIF
Disa,brevicornis Lindl.,30,1,GBIF
Epidendrum,lacustre,30,0,GBIF
Neottia,convallarioides,30,0,GBIF
Hapalorchis,candida,30,3,GBIF
Epidendrum,xanthinum,30,0,GBIF
Ophrys,x philippi,30,0,GBIF
Neottia,cordata,30,0,GBIF
Disa,bivalvata L.f.,30,1,GBIF
Habenaria,zambesina Rchb.f.,30,0,GBIF
Disa,biflora L.,30,1,GBIF
Disa,bifida Thunb.,30,1,GBIF
Stichorkis,elliptica,30,0,GBIF
Stichorkis,coelogynoides,30,0,GBIF
Disa,aurata Bolus,30,1,GBIF
Habenaria,welwitschii Rchb.f.,30,0,GBIF
Habenaria,weberiana Schltr.,30,0,GBIF
Ophrys,x koseciorum,30,0,GBIF
Neottia,makinoana,30,0,GBIF
Epigeneium,nakaharae,30,0,GBIF
Stenorrhynchos,speciosum Jacq.,30,0,GBIF
Ophrys,x battandieri,30,0,GBIF
Epigeneium,rotundatum,30,0,GBIF
Habenaria,verdickii De,30,0,GBIF
Stenorrhynchos,pubens,30,0,GBIF
Stenorrhynchos,glicensteinii Christenson,30,0,GBIF
Stenoglottis,woodii Schltr.,30,0,GBIF
Stenoglottis,longifolia Hook.f.,30,0,GBIF
Dipodium,stenocheilum,30,0,GBIF
Habenaria,truncata Lindl.,30,0,GBIF
Stellamaris,pergrata,30,0,GBIF
Habenaria,tridens Lindl.,30,0,GBIF
Platystele,compacta,30,0,GBIF
Maxillaria,hagsateriana,30,0,GBIF
Dipodium,pandanum,30,0,GBIF
Epipactis,dunensis,30,0,GBIF
Bulbophyllum,makoyanum,30,0,GBIF
Habenaria,subfiliformis Cogn.,30,1,GBIF
Papilionanthe,hookeriana,30,0,GBIF
Dinema,polybulbon,30,0,GBIF
Dimerandra,emarginata,30,0,GBIF
Ypsilopus,tricuspis,30,0,GBIF
Epipactis,greuteri,30,0,GBIF
Epipactis,muelleri,30,0,GBIF
Habenaria,subauriculata,30,0,GBIF
Platystele,oxyglossa,30,0,GBIF
Habenaria,strictissima Rchb.f.,30,0,GBIF
Platystele,pedicellaris,30,0,GBIF
Peristylus,plantagineus Lindl.,30,0,GBIF
Habenaria,splendens Rendle,30,0,GBIF
Habenaria,socotrana Balf.f.,30,0,GBIF
Didymoplexis,micradenia,30,0,GBIF
Bulbophyllum,mutabile,30,0,GBIF
Didymoplexiella,siamensis,30,0,GBIF
Bulbophyllum,napellii,30,0,GBIF
Aerides,falcata,30,0,GBIF
Stelis,retusa,30,0,GBIF
Epipactis,papillosa,30,0,GBIF
Epipactis,royleana,30,0,GBIF
Peristylus,pachyneurus Schltr.,30,1,GBIF
Bulbophyllum,nitidum,30,0,GBIF
Dichaea,trichocarpa,30,0,GBIF
Habenaria,schimperiana Hochst.,30,0,GBIF
Dichaea,squarrosa,30,0,GBIF
Vanda,coelestis,30,0,GBIF
Epipactis,tremolsii,30,0,GBIF
Plectorrhiza,beckleri,30,0,GBIF
Stelis,purpurascens,30,0,GBIF
Dichaea,neglecta,30,0,GBIF
Dichaea,muricatoides,30,0,GBIF
Dichaea,morrisii,30,0,GBIF
Pheladenia,deformis R.,30,0,GBIF
Ophrys,umbilicata Desf.,30,0,GBIF
Stelis,poasensis,30,0,GBIF
Dichaea,hystricina,30,0,GBIF
Pleione,bulbocodioides,30,0,GBIF
Dichaea,graminoides,30,0,GBIF
Pleione,formosana,30,0,GBIF
Stelis,pachyglossa,30,0,GBIF
Pleione,forrestii,30,0,GBIF
Epidendrum,brevivenium,30,0,GBIF
Ophrys,tetraloniae W.,30,0,GBIF
Dichaea,glauca,30,0,GBIF
Dichaea,camaridioides,30,0,GBIF
Pleione,hookeriana,30,0,GBIF
Stelis,nanegalensis,30,0,GBIF
Pleione,humilis,30,0,GBIF
Ophrys,tenthredinifera Willd.,30,3,GBIF
Nervilia,kotschyi,30,0,GBIF
Dendrophylax,lindenii,30,0,GBIF
Ophrys,spruneri Nyman,30,0,GBIF
Habenaria,petalodes Lindl.,30,1,GBIF
Ophrys,sphegodes Mill.,30,2,GBIF
Habenaria,peristyloides A.,30,0,GBIF
Dendrobium,williamsonii,30,0,GBIF
Habenaria,papyracea Schltr.,30,0,GBIF
Dendrobium,wardianum,30,0,GBIF
Nervilia,nipponica,30,0,GBIF
Ypsilopus,erectus,30,0,GBIF
Acianthera,glumacea,30,0,GBIF
Maxillaria,graminifolia,30,0,GBIF
Dendrobium,viridiflorum,30,0,GBIF
Habenaria,obtusa Lindl.,30,0,GBIF
Habenaria,njamnjamica Kraenzl.,30,0,GBIF
Ophrys,reinholdii Spruner,30,0,GBIF
Stelis,emarginata,30,0,GBIF
Ophrys,regis-ferdinandii,30,0,GBIF
Stelis,deregularis,30,0,GBIF
Nervilia,shirensis,30,0,GBIF
Dendrobium,turbinatum,30,0,GBIF
Ophrys,passionis Sennen,30,0,GBIF
Ypsilopus,amaniensis,30,0,GBIF
Epidendrum,erosum,30,0,GBIF
Habenaria,macrostele Summerh.,30,0,GBIF
Habenaria,macroplectron Schltr.,30,0,GBIF
Ophrys,parvimaculata O.,30,0,GBIF
Aeranthes,peyrotii,30,0,GBIF
Habenaria,lucida Wall.,30,0,GBIF
Habenaria,longicorniculata J.,30,1,GBIF
Habenaria,longicauda Hook.,30,2,GBIF
Nigritella,corneliana Beauverd,30,0,GBIF
Phragmipedium,humboldtii Warsz.,30,4,"GBIF,Tropicos - Missouri Botanical Garden"
Ophrys,murbeckii H.,30,0,GBIF
Stanhopea,saccata,30,0,GBIF
Stanhopea,ruckeri,30,0,GBIF
Eriochilus,glareosus G.,30,0,GBIF
Bulbophyllum,trachyanthum,30,1,GBIF
Stanhopea,jenischiana,30,0,GBIF
Dendrobium,steatoglossum,30,0,GBIF
Notylia,barkeri,30,0,GBIF
Stanhopea,graveolens,30,0,GBIF
Stanhopea,gibbosa,30,0,GBIF
Dendrobium,smillieae,30,0,GBIF
Stanhopea,dodsoniana,30,0,GBIF
Maxillaria,coccinea,30,0,GBIF
Habenaria,laevigata Lindl.,30,0,GBIF
Stanhopea,connata,30,0,GBIF
Habenaria,kraenzliniana Schltr.,30,0,GBIF
Habenaria,kleyi Schltr.,30,0,GBIF
Spiranthes,vernalis,30,0,GBIF
Eriochilus,magenteus D.,30,0,GBIF
Habenaria,kassneriana Kraenzl.,30,0,GBIF
Spiranthes,tuberosa,30,0,GBIF
Spiranthes,torta,30,0,GBIF
Habenaria,kariniae R.,30,0,GBIF
Habenaria,josephensis Barb.,30,0,GBIF
Maxillaria,colorata,30,0,GBIF
Habenaria,jaliscana S.,30,1,GBIF
Spiranthes,romanzoffiana,30,0,GBIF
Spiranthes,porrifolia,30,0,GBIF
Habenaria,iyoensis Ohwi,30,0,GBIF
Caladenia,actensis,30,0,GBIF
Caladenia,alata R.,30,0,GBIF
Caladenia,ampla D.,30,0,GBIF
Caladenia,amplexans A.,30,0,GBIF
Caladenia,arenaria Fitzg.,30,0,GBIF
Caladenia,arenicola,30,0,GBIF
Caladenia,argocalla D.,30,0,GBIF
Caladenia,atradenia D.,30,0,GBIF
Spiranthes,lucida,30,0,GBIF
Spiranthes,lacera,30,0,GBIF
Caladenia,atrovespa D.,30,0,GBIF
Spiranthes,graminea,30,0,GBIF
Epidendrum,eximium,30,0,GBIF
Caladenia,brevisura,30,0,GBIF
Caladenia,brumalis D.,30,0,GBIF
Caladenia,caesarea ssp.,30,0,GBIF
Pleurothallis,pedunculata,30,0,GBIF
Caladenia,cardiochila Tate,30,0,GBIF
Caladenia,chapmanii,30,0,GBIF
Caladenia,clarkiae D.,30,0,GBIF
Spiranthes,cernua,30,0,GBIF
Caladenia,coactilis D.,30,0,GBIF
Caladenia,colorata D.,30,0,GBIF
Caladenia,conferta D.,30,0,GBIF
Caladenia,cretacea D.,30,0,GBIF
Caladenia,cristata R.,30,0,GBIF
Caladenia,decora,30,0,GBIF
Caladenia,dilatata R.,30,1,GBIF
Caladenia,dimorpha Fitzg.,30,0,GBIF
Caladenia,discoidea Lindl.,30,0,GBIF
Caladenia,dundasiae Hopper,30,0,GBIF
Spiranthes,australis,30,0,GBIF
Caladenia,erythronema A.,30,0,GBIF
Caladenia,exilis ssp.,30,1,GBIF
Caladenia,falcata,30,0,GBIF
Caladenia,flindersica D.,30,0,GBIF
Caladenia,footeana Hopper,30,0,GBIF
Caladenia,fragrantissima D.,30,0,GBIF
Caladenia,fuscata,30,0,GBIF
Epidendrum,bogotense,30,0,GBIF
Caladenia,gracilis R.,30,0,GBIF
Caladenia,gracillima Rupp,30,0,GBIF
Caladenia,grampiana D.,30,0,GBIF
Caladenia,harringtoniae Hopper,30,0,GBIF
Caladenia,heberleana Hopper,30,0,GBIF
Caladenia,hiemalis Hopper,30,1,GBIF
Caladenia,hopperiana,30,0,GBIF
Caladenia,infundibularis A.,30,0,GBIF
Caladenia,iridescens R.,30,0,GBIF
Caladenia,latifolia R.,30,0,GBIF
Dendrobium,rigidum,30,0,GBIF
Caladenia,lobata Fitzg.,30,0,GBIF
Spiranthes,aestivalis,30,0,GBIF
Caladenia,lorea,30,1,GBIF
Caladenia,lowanensis G.,30,1,GBIF
Spiculaea,ciliata Lindl.,30,0,GBIF
Caladenia,macrostylis Fitzg.,30,0,GBIF
Eriodes,barbata,30,0,GBIF
Caladenia,marginata Lindl.,30,0,GBIF
Habenaria,heteroplectron Rchb.f.,30,1,GBIF
Caladenia,mentiens D.,30,0,GBIF
Anathallis,microphyta,30,0,GBIF
Caladenia,montana G.,30,0,GBIF
Caladenia,multiplex,30,0,GBIF
Caladenia,nivalis Hopper,30,1,GBIF
Caladenia,nobilis,30,0,GBIF
Erycina,echinata,30,0,GBIF
Erycina,hyalinobulbon,30,0,GBIF
Caladenia,pachychila Hopper,30,0,GBIF
Caladenia,paludosa Hopper,30,0,GBIF
Erycina,pusilla,30,6,GBIF
Ophrys,mirabilis Geniez,30,0,GBIF
Caladenia,perangusta A.,30,0,GBIF
Habenaria,hamata Barb.,30,0,GBIF
Caladenia,polychroma Hopper,30,0,GBIF
Caladenia,prolata D.,30,0,GBIF
Caladenia,pygmaea R.,30,0,GBIF
Xylobium,sulfurinum,30,0,GBIF
Caladenia,radiata Nicholls,30,0,GBIF
Caladenia,reticulata Fitzg.,30,0,GBIF
Caladenia,richardsiorum D.,30,0,GBIF
Acianthera,montana,30,0,GBIF
Caladenia,roei Benth.,30,0,GBIF
Caladenia,rosella G.,30,1,GBIF
Caladenia,saxatilis D.,30,0,GBIF
Caladenia,serotina,30,0,GBIF
Caladenia,speciosa Hopper,30,0,GBIF
Oberonia,disticha,30,0,GBIF
Caladenia,stellata D.,30,0,GBIF
Caladenia,straminichila A.,30,1,GBIF
Caladenia,strigosa D.,30,0,GBIF
Caladenia,tessellata Fitzg.,30,0,GBIF
Caladenia,thinicola,30,0,GBIF
Caladenia,uliginosa ssp.,30,0,GBIF
Caladenia,ustulata D.,30,0,GBIF
Caladenia,validinervia,30,0,GBIF
Epidendrum,ferrugineum,30,0,GBIF
Caladenia,venusta G.,30,0,GBIF
Caladenia,verrucosa G.,30,0,GBIF
Caladenia,villosissima G.,30,0,GBIF
Caladenia,viridescens,30,0,GBIF
Dendrobium,prostheciglossum,30,0,GBIF
Specklinia,picta,30,0,GBIF
Caladenia,x coactescens,30,0,GBIF
Caladenia,x enigma,30,0,GBIF
Caladenia,x exserta,30,0,GBIF
Caladenia,x triangularis,30,0,GBIF
Caladenia,xantha,30,0,GBIF
Dendrobium,primulinum,30,0,GBIF
Calanthe,alismifolia,30,0,GBIF
Calanthe,aristulifera,30,0,GBIF
Specklinia,digitalis,30,0,GBIF
Specklinia,brighamii,30,0,GBIF
Eulophia,aculeata,30,0,GBIF
Calanthe,brevicornu,30,0,GBIF
Spathoglottis,unguiculata,30,0,GBIF
Calanthe,candida,30,0,GBIF
Calanthe,davidii,30,0,GBIF
Oberonia,equitans,30,0,GBIF
Calanthe,graciliflora,30,0,GBIF
Eulophia,alta,30,0,GBIF
Calanthe,kinabaluensis,30,0,GBIF
Spathoglottis,parviflora,30,2,GBIF
Spathoglottis,pacifica,30,2,GBIF
Spathoglottis,ixioides,30,0,GBIF
Calanthe,repens,30,0,GBIF
Calanthe,striata,30,0,GBIF
Sotoa,confusa,30,0,GBIF
Habenaria,filifera S.,30,1,GBIF
Eulophia,bolusii,30,0,GBIF
Calanthe,zollingeri,30,0,GBIF
Xylobium,elongatum,30,0,GBIF
Ophrys,kotschyi H.,30,0,GBIF
Eulophia,calantha,30,0,GBIF
Sobralia,warszewiczii,30,0,GBIF
Calochilus,grandiflorus Benth.,30,0,GBIF
Calochilus,herbaceus Lindl.,30,0,GBIF
Podangis,rhipsalisocia,30,0,GBIF
Calochilus,paludosus R.,30,0,GBIF
Sobralia,virginalis,30,0,GBIF
Calochilus,pulchellus D.,30,0,GBIF
Habenaria,falcicornis Burch.,30,0,GBIF
Calochilus,stramenicola D.,30,0,GBIF
Calochilus,therophilus D.,30,1,GBIF
Calochilus,uliginosus D.,30,0,GBIF
Eulophia,calcarata,30,0,GBIF
Wullschlaegelia,calcarata,30,0,GBIF
Campylocentrum,grisebachii,30,0,GBIF
Sobralia,sessilis,30,0,GBIF
Sobralia,ruckeri,30,0,GBIF
Sobralia,rosea,30,0,GBIF
Habenaria,epipactidea Rchb.f.,30,0,GBIF
Sobralia,powellii,30,2,GBIF
Campylocentrum,schiedei,30,0,GBIF
Paphiopedilum,lawrenceanum Rchb.f.,30,2,GBIF
Habenaria,entomantha Lex.,30,0,GBIF
Sobralia,macdougallii,30,0,GBIF
Capanemia,angustilabia,30,0,GBIF
Capanemia,theresae,30,0,GBIF
Sobralia,liliastrum,30,0,GBIF
Catasetum,cernuum,30,0,GBIF
Habenaria,ensifolia Lindl.,30,0,GBIF
Dendrobium,oreodoxa,30,1,GBIF
Sobralia,leucoxantha,30,0,GBIF
Eulophia,clitellifera,30,0,GBIF
Sobralia,klotzscheana,30,0,GBIF
Catasetum,discolor,30,0,GBIF
Paradisanthus,mosenii,30,0,GBIF
Dendrobium,officinale,30,0,GBIF
Eulophia,coeloglossa,30,0,GBIF
Eulophia,cucullata,30,0,GBIF
Catasetum,lanciferum,30,0,GBIF
Oberonia,japonica,30,0,GBIF
Catasetum,maculatum,30,0,GBIF
Epidendrum,fruticosum,30,0,GBIF
Sobralia,fragrans,30,0,GBIF
Sobralia,fenzliana,30,0,GBIF
Ophrys,iricolor Desf.,30,0,GBIF
Catasetum,saccatum,30,0,GBIF
Catasetum,socco,30,0,GBIF
Eulophia,dentata,30,0,GBIF
Habenaria,dregeana Lindl.,30,1,GBIF
Catasetum,viridiflavum,30,0,GBIF
Sobralia,boliviensis,30,0,GBIF
Eulophia,ecristata,30,0,GBIF
Polystachya,anceps,30,0,GBIF
Eulophia,epidendraea,30,0,GBIF
Eulophia,flava,30,0,GBIF
Warrea,warreana,30,0,GBIF
Sobralia,atropubescens,30,0,GBIF
Sobennikoffia,robusta,30,0,GBIF
Sobennikoffia,humbertiana,30,0,GBIF
Smithsonia,viridiflora,30,0,GBIF
Maxillaria,fulgens,30,0,GBIF
Eulophia,flavopurpurea,30,0,GBIF
Eulophia,foliosa,30,0,GBIF
Eulophia,galeoloides,30,0,GBIF
Ophrys,incubacea Bianca,30,3,GBIF
Eulophia,gonychila,30,0,GBIF
Habenaria,delavayi Finet,30,0,GBIF
Eulophia,guineensis,30,1,GBIF
Dendrobium,mayandyi,30,0,GBIF
Ophrys,holosericea Burm.f.,30,0,GBIF
Maxillaria,notylioglossa,30,0,GBIF
Eulophia,ibityensis,30,0,GBIF
Sertifera,purpurea,30,1,GBIF
Dendrobium,macrophyllum,30,0,GBIF
Caucaea,azuayensis,30,0,GBIF
Serapias,x ambigua,30,0,GBIF
Eulophia,lachnocheila,30,0,GBIF
Caucaea,olivacea,30,0,GBIF
Cephalanthera,austiniae,30,0,GBIF
Cephalanthera,epipactoides,30,0,GBIF
Ophrys,heldreichii Schltr.,30,0,GBIF
Cephalanthera,falcata,30,0,GBIF
Cephalanthera,kotschyana,30,0,GBIF
Serapias,orientalis ssp.,30,0,GBIF
Cephalanthera,rubra,30,0,GBIF
Eulophia,latilabris,30,0,GBIF
Ceratandra,atrata L.,30,1,GBIF
Ceratandra,harveyana Lindl.,30,1,GBIF
Serapias,cordigera ssp.,30,0,GBIF
Oberonia,titania,30,0,GBIF
Schoenorchis,vanoverberghii,30,0,GBIF
Schizochilus,flexuosus Harv.,30,0,GBIF
Schiedeella,saltensis,30,0,GBIF
Schiedeella,affinis,30,0,GBIF
Ophrys,graeca B.,30,0,GBIF
Epidendrum,barbae,30,1,GBIF
Eulophia,leontoglossa,30,0,GBIF
Habenaria,cornuta Lindl.,30,0,GBIF
Eulophia,litoralis,30,0,GBIF
Scaphyglottis,sigmoidea,30,0,GBIF
Scaphyglottis,sickii,30,2,GBIF
Scaphyglottis,punctulata,30,0,GBIF
Dendrobium,leptocladum,30,0,GBIF
Eulophia,lonchophylla,30,0,GBIF
Scaphyglottis,modesta,30,0,GBIF
Scaphyglottis,imbricata,30,0,GBIF
Eulophia,macra,30,0,GBIF
Polystachya,estrellensis,30,0,GBIF
Dendrobium,kurashigei,30,0,GBIF
Eulophia,malangana,30,2,GBIF
Habenaria,commelinifolia Roxb.,30,0,GBIF
Maxillaria,cordyline,30,0,GBIF
Chamorchis,alpina L.,30,0,GBIF
Changnienia,amoena,30,0,GBIF
Polystachya,fusiformis,30,0,GBIF
Cheirostylis,chinensis Rolfe,30,0,GBIF
Cheirostylis,flabellata A.,30,0,GBIF
Epidendrum,geminiflorum,30,0,GBIF
Habenaria,chirensis Rchb.f.,30,0,GBIF
Ophrys,fleischmannii Hayek,30,0,GBIF
Chiloglottis,gunnii Lindl.,30,0,GBIF
Scaphyglottis,crurigera,30,0,GBIF
Eulophia,milnei,30,4,GBIF
Chiloglottis,pluricallata D.,30,0,GBIF
Chiloglottis,sphaerula D.,30,0,GBIF
Chiloglottis,trapeziformis Fitzg.,30,0,GBIF
Ophrys,crabronifera,30,0,GBIF
Chiloglottis,valida D.,30,0,GBIF
Chiloschista,phyllorhiza,30,0,GBIF
Chiloschista,segawae,30,0,GBIF
Chiloschista,usneoides,30,0,GBIF
Chloraea,barbata Lindl.,30,0,GBIF
Ophrys,cilicica Schltr.,30,0,GBIF
Acianthera,serpentula,30,0,GBIF
Dendrobium,heterocarpum,30,0,GBIF
Chloraea,longipetala Lindl.,30,0,GBIF
Polystachya,ottoniana,30,0,GBIF
Chloraea,philippii Rchb.f.,30,0,GBIF
Scaphyglottis,aurea,30,0,GBIF
Chloraea,piquichen Lam.,30,0,GBIF
Habenaria,castroi R.,30,0,GBIF
Eulophia,plantaginea,30,0,GBIF
Polystachya,poikilantha,30,0,GBIF
Scaphosepalum,grande,30,0,GBIF
Scaphosepalum,beluosum,30,0,GBIF
Scaphosepalum,anchoriferum,30,0,GBIF
Polystachya,pubescens,30,0,GBIF
Chrysoglossum,ornatum,30,0,GBIF
Sauroglossum,elatum,30,0,GBIF
Polystachya,ramulosa,30,0,GBIF
Eulophia,ramosa,30,0,GBIF
Satyrium,situsanguinum,30,0,GBIF
Satyrium,schimperi Hochst.,30,0,GBIF
Satyrium,riparium Rchb.f.,30,0,GBIF
Polystachya,rosea,30,0,GBIF
Cleisostoma,paniculatum,30,0,GBIF
Habenaria,brachyphylla Lindl.,30,0,GBIF
Acianthera,sonderiana,30,0,GBIF
Epidendrum,geminiochraceum,30,0,GBIF
Satyrium,rhodanthum Schltr.,30,0,GBIF
Satyrium,retusum Lindl.,30,0,GBIF
Satyrium,pumilum Thunb.,30,1,GBIF
Ophrys,chestermanii J.,30,0,GBIF
Satyrium,princeps Bolus,30,0,GBIF
Satyrium,parviflorum Sw.,30,0,GBIF
Satyrium,pallens S.,30,1,GBIF
Eulophia,rolfeana,30,0,GBIF
Eulophia,roseovariegata,30,0,GBIF
Habenaria,boiviniana,30,0,GBIF
Polystachya,tenella,30,0,GBIF
Acianthera,strupifolia,30,0,GBIF
Dendrobium,fractiflexum,30,0,GBIF
Dendrobium,formosum,30,0,GBIF
Satyrium,kitimboense Kraenzl.,30,2,GBIF
Habenaria,arianae Geerinck,30,0,GBIF
Satyrium,eurycalcaratum van,30,1,GBIF
Satyrium,erectum Sw.,30,0,GBIF
Polystachya,tridentata,30,0,GBIF
Dendrobium,falcorostrum,30,0,GBIF
Satyrium,cristatum Sond.,30,0,GBIF
Habenaria,ambositrana Schltr.,30,1,GBIF
Acianthera,teres,30,0,GBIF
Habenaria,amambayensis Schltr.,30,0,GBIF
Satyrium,coriifolium Sw.,30,0,GBIF
Coccineorchis,bracteosa,30,0,GBIF
Coelia,triptera,30,0,GBIF
Octomeria,juncifolia,30,0,GBIF
Satyrium,carneum Dryand.,30,0,GBIF
Satyrium,candidum Lindl.,30,1,GBIF
Dendrobium,ellipsophyllum,30,0,GBIF
Satyrium,bicorne L.,30,1,GBIF
Coelogyne,bigibbosa,30,0,GBIF
Eulophia,schweinfurthii,30,0,GBIF
Habenaria,alata Hook.,30,0,GBIF
Habenaria,aitchisonii Rchb.f.,30,0,GBIF
Satyrium,anomalum Schltr.,30,0,GBIF
Epidendrum,megaloclinium,30,0,GBIF
Aerangis,stelligera,30,0,GBIF
Dendrobium,discolor,30,0,GBIF
Polystachya,valentina,30,0,GBIF
Acianthera,tricarinata,30,0,GBIF
Satyrium,amblyosaccos Schltr.,30,0,GBIF
Coelogyne,compressicaulis,30,0,GBIF
Satyrium,acuminatum Lindl.,30,0,GBIF
Dendrobium,dentatum,30,0,GBIF
Pomatocalpa,spicatum,30,0,GBIF
Eulophia,seleensis,30,0,GBIF
Ophrys,biancae Tod.,30,0,GBIF
Eulophia,speciosa,30,0,GBIF
Dendrobium,crumenatum,30,0,GBIF
Gymnadenia,orchidis Lindl.,30,0,GBIF
Sarcochilus,spathulatus,30,0,GBIF
Gymnadenia,odoratissima L.,30,0,GBIF
Eulophia,tabularis,30,0,GBIF
Sarcochilus,hillii,30,0,GBIF
Ponthieva,diptera Linden,30,0,GBIF
Sarcochilus,ceciliae,30,0,GBIF
Ponthieva,fertilis F.,30,3,GBIF
Coelogyne,guamensis,30,0,GBIF
Ponthieva,mandonii Rchb.f.,30,0,GBIF
Sarcochilus,australis,30,0,GBIF
Ponthieva,mexicana,30,0,GBIF
Guarianthe,skinneri,30,0,GBIF
Eulophia,tricristata,30,0,GBIF
Eulophia,tuberculata,30,0,GBIF
Grammatophyllum,scriptum,30,0,GBIF
Ophrys,arachnitiformis Gren.,30,0,GBIF
Grammangis,ellisii,30,0,GBIF
Pecteilis,gigantea Sm.,30,0,GBIF
Govenia,utriculata,30,0,GBIF
Coelogyne,lentiginosa,30,0,GBIF
Sacoila,argentina,30,0,GBIF
Porpax,braccata,30,0,GBIF
Rossioglossum,schlieperianum,30,0,GBIF
Coelogyne,magniflora,30,0,GBIF
Govenia,quadriplicata,30,0,GBIF
Vanilla,pompona ssp.,30,6,GBIF
Coelogyne,mayeriana,30,0,GBIF
Govenia,pauciflora,30,0,GBIF
Govenia,lagenophora,30,0,GBIF
Coelogyne,missionariorum,30,0,GBIF
Govenia,dressleriana,30,2,GBIF
Porpax,karikouyensis,30,0,GBIF
Rodriguezia,granadensis,30,0,GBIF
Rodriguezia,decora,30,0,GBIF
Govenia,capitata,30,0,GBIF
Coelogyne,nitida,30,0,GBIF
Eurychone,rothschildiana,30,3,GBIF
Eurystyles,bertonii,30,0,GBIF
Coelogyne,occultata,30,0,GBIF
Robiquetia,succisa,30,0,GBIF
Coelogyne,pallens,30,0,GBIF
Odontochilus,drymoglossifolius Hayata,30,0,GBIF
Porroglossum,amethystinum,30,0,GBIF
Coelogyne,prolifera,30,0,GBIF
Prasophyllum,alpinum R.,30,0,GBIF
Acianthus,caudatus R.,30,0,GBIF
Goodyera,tesselata G.,30,1,GBIF
Coelogyne,pulverula,30,0,GBIF
Ophrys,andria P.,30,0,GBIF
Coelogyne,punctulata,30,0,GBIF
Maxillaria,cucullata,30,0,GBIF
Odontochilus,elwesii King,30,0,GBIF
Coelogyne,radicosa,30,0,GBIF
Coelogyne,radioferens,30,0,GBIF
Goodyera,schlechtendaliana Rchb.f.,30,0,GBIF
Risleya,atropurpurea,30,0,GBIF
Rimacola,elliptica R.,30,0,GBIF
Rhynchostele,stellata,30,0,GBIF
Rhynchostele,rossii,30,0,GBIF
Dendrobium,bowmanii,30,0,GBIF
Rhynchostele,bictoniensis,30,0,GBIF
Acianthus,exsertus R.,30,0,GBIF
Coelogyne,schultesii,30,0,GBIF
Goodyera,rubicunda Blume,30,0,GBIF
Oncidium,vulcanicum,30,0,GBIF
Fernandezia,crystallina,30,0,GBIF
Rhomboda,yakusimensis Masam.,30,0,GBIF
Oncidium,unguiculatum,30,0,GBIF
Dendrobium,biflorum,30,0,GBIF
Rhipidoglossum,ugandense,30,0,GBIF
Goodyera,maculata T.,30,0,GBIF
Coelogyne,sulphurea,30,0,GBIF
Acianthus,fornicatus R.,30,0,GBIF
Rhipidoglossum,rutilum,30,0,GBIF
Dendrobium,barbatulum,30,0,GBIF
Rhipidoglossum,ovale,30,0,GBIF
Fernandezia,lanceolata,30,0,GBIF
Goodyera,hachijoensis Yatabe,30,2,GBIF
Coelogyne,trinervis,30,3,GBIF
Goodyera,fusca Lindl.,30,0,GBIF
Prasophyllum,calcicola R.,30,0,GBIF
Goodyera,foliosa Lindl.,30,0,GBIF
Coelogyne,venusta,30,0,GBIF
Odontochilus,lanceolatus Lindl.,30,0,GBIF
xPseuditella,x,30,0,GBIF
Goodyera,daibuzanensis Yamam.,30,0,GBIF
Goodyera,cordata Lindl.,30,0,GBIF
Goodyera,biflora Lindl.,30,0,GBIF
Collabium,formosanum,30,0,GBIF
Oncidium,schroederianum,30,0,GBIF
Rhipidoglossum,delepierreanum,30,0,GBIF
Prasophyllum,cyphochilum Benth.,30,0,GBIF
Gongora,unicolor,30,4,GBIF
Rhinerrhiza,divitiflora,30,0,GBIF
Comparettia,falcata,30,0,GBIF
Restrepiella,ophiocephala,30,0,GBIF
Prasophyllum,drummondii Rchb.f.,30,0,GBIF
Fernandezia,myrtillus,30,0,GBIF
Anacamptis,israelitica H.,30,0,GBIF
Prasophyllum,elatum R.,30,0,GBIF
Prasophyllum,fimbria Rchb.f.,30,1,GBIF
Prasophyllum,fitzgeraldii,30,0,GBIF
Comparettia,ottonis,30,0,GBIF
Aerangis,kotschyana,30,0,GBIF
Pyrorchis,nigricans,30,0,GBIF
Corallorhiza,odontorhiza,30,0,GBIF
Corallorhiza,trifida,30,0,GBIF
Prasophyllum,flavum R.,30,0,GBIF
Pterygodium,platypetalum Lindl.,30,1,GBIF
Oeonia,rosea,30,0,GBIF
Pterygodium,pentherianum Schltr.,30,1,GBIF
Pterygodium,magnum Rchb.f.,30,1,GBIF
Gongora,batemanni,30,0,GBIF
Prasophyllum,goldsackii J.,30,1,GBIF
Corybas,abditus D.,30,0,GBIF
Corybas,abellianus Dockrill,30,0,GBIF
Corybas,acuminatus,30,0,GBIF
Corybas,barbarae D.,30,0,GBIF
Pterygodium,hallii Schelpe,30,1,GBIF
Gonatostylis,vieillardii Rchb.f.,30,0,GBIF
Pterygodium,cleistogamum Schltr.,30,1,GBIF
Corybas,confusus Lehnebach,30,0,GBIF
Corybas,diemenicus Lindl.,30,0,GBIF
Corybas,dienemus D.,30,0,GBIF
Oestlundia,ligulata,30,0,GBIF
Maxillaria,paleata,30,0,GBIF
Corybas,fimbriatus R.,30,0,GBIF
Peristeria,pendula,30,0,GBIF
Gomphichis,adnata Schltr.,30,0,GBIF
Corybas,hatchii Lehnebach,30,0,GBIF
Corybas,incurvus,30,0,GBIF
Acineta,barkeri,30,0,GBIF
Pterostylis,x ingens,30,0,GBIF
Corybas,macranthus Hook.f.,30,0,GBIF
Dendrobium,acutisepalum,30,0,GBIF
Oncidium,abortivum,30,0,GBIF
Corybas,obscurus Lehnebach,30,0,GBIF
Corybas,orbiculatus Colenso,30,0,GBIF
Pterostylis,viriosa D.,30,0,GBIF
Prasophyllum,hygrophilum,30,0,GBIF
Corybas,rotundifolius Hook.f.,30,0,GBIF
Pterostylis,venosa Colenso,30,0,GBIF
Pterostylis,unicornis D.,30,0,GBIF
Acineta,superba,30,0,GBIF
Corybas,sulcatus M.,30,0,GBIF
Corybas,taiwanensis T.,30,0,GBIF
Corybas,trilobus Hook.f.,30,0,GBIF
Pterostylis,umbrina D.,30,0,GBIF
Corybas,vitreus Lehnebach,30,0,GBIF
Pterostylis,turfosa Endl.,30,1,GBIF
Gomesa,planifolia,30,0,GBIF
Gomesa,paranensoides,30,0,GBIF
Pterostylis,trullifolia Hook.f.,30,0,GBIF
Deiregyne,tenorioi,30,0,GBIF
Deiregyne,rhombilabia,30,0,GBIF
Deiregyne,eriophora,30,1,GBIF
Pterostylis,tenuis D.,30,0,GBIF
Oncidium,adamsii,30,0,GBIF
Pterostylis,tasmanica D.,30,0,GBIF
Corymborkis,flava,30,0,GBIF
Corymborkis,forcipigera,30,0,GBIF
Deiregyne,diaphana,30,0,GBIF
Cottonia,peduncularis,30,0,GBIF
Pterostylis,stenochila D.,30,1,GBIF
Cranichis,apiculata Lindl.,30,0,GBIF
Pterostylis,spathulata M.,30,0,GBIF
Pterostylis,smaragdyna,30,0,GBIF
Oncidium,adelaidae,30,0,GBIF
Vanilla,trigonocarpa Hoehne,30,1,GBIF
Pterostylis,silvicultrix F.,30,0,GBIF
Deiregyne,albovaginata,30,0,GBIF
Pterostylis,setulosa D.,30,0,GBIF
Cranichis,muscosa Sw.,30,0,GBIF
Pterostylis,setifera M.,30,0,GBIF
Gomesa,cornigera,30,0,GBIF
Pterostylis,scapula D.,30,0,GBIF
Pterostylis,scabrida Lindl.,30,0,GBIF
Dactylostalix,ringens,30,0,GBIF
Dactylorhiza,x wiefelspuetziana,30,0,GBIF
Pterostylis,saxicola,30,0,GBIF
Prasophyllum,nitidum,30,0,GBIF
Pterostylis,roensis M.,30,0,GBIF
Acriopsis,liliifolia,30,0,GBIF
Cremastra,appendiculata,30,0,GBIF
Pterostylis,robusta R.,30,0,GBIF
Pterostylis,reflexa R.,30,0,GBIF
Pterostylis,puberula Hook.f.,30,0,GBIF
Oncidium,reflexum,30,1,GBIF
Gomesa,barbata,30,0,GBIF
Aerangis,hyaloides,30,0,GBIF
Prasophyllum,ovale Lindl.,30,0,GBIF
Prasophyllum,pallidum Nicholls,30,0,GBIF
Pterostylis,planulata,30,0,GBIF
Pterostylis,picta M.,30,0,GBIF
Dactylorhiza,viridis L.,30,0,GBIF
Pterostylis,patens Colenso,30,0,GBIF
Pterostylis,parva D.,30,1,GBIF
Dactylorhiza,traunsteinerioides Pugsley,30,0,GBIF
Pterostylis,orbiculata D.,30,0,GBIF
Pterostylis,obtusa R.,30,0,GBIF
Pterostylis,nigricans D.,30,0,GBIF
Pterostylis,mutica R.,30,0,GBIF
Dactylorhiza,sphagnicola,30,0,GBIF
Adenochilus,gracilis Hook.f.,30,0,GBIF
Pterostylis,maxima M.,30,0,GBIF
Dactylorhiza,sambucina,30,0,GBIF
Dactylorhiza,salina,30,0,GBIF
Peristeria,elata,30,0,GBIF
Maxillaria,embreei,30,0,GBIF
Pterostylis,longicurva Rupp,30,0,GBIF
Dactylorhiza,romana ssp.,30,0,GBIF
Pterostylis,lineata D.,30,0,GBIF
Pterostylis,lepida D.,30,0,GBIF
Pterostylis,jonesii G.,30,0,GBIF
Dactylorhiza,purpurella T.,30,0,GBIF
Pterostylis,hispidula Fitzg.,30,0,GBIF
Crepidium,matsudae,30,0,GBIF
Pterostylis,hamata Blackmore,30,0,GBIF
Pterostylis,grandiflora R.,30,0,GBIF
Pterostylis,graminea Hook.f.,30,0,GBIF
Dactylorhiza,majalis,30,0,GBIF
Oncidium,bracteatum,30,0,GBIF
Pterostylis,furva D.,30,0,GBIF
Oncidium,cheirophorum,30,0,GBIF
Crepidium,purpureum,30,0,GBIF
Pterostylis,foliata Hook.f.,30,0,GBIF
Pterostylis,excelsa M.,30,0,GBIF
Oncidium,cirrhosum,30,0,GBIF
Crepidium,resupinatum,30,0,GBIF
Pterostylis,erythroconcha M.,30,0,GBIF
Pterostylis,ectypha,30,1,GBIF
Dactylorhiza,kerryensis Wilmott,30,0,GBIF
Pterostylis,despectans Nicholls,30,0,GBIF
Crepidium,taurinum,30,1,GBIF
Pterostylis,cucullata R.,30,0,GBIF
Pterostylis,crispula,30,0,GBIF
Pterostylis,concinna R.,30,0,GBIF
Pterostylis,concava D.,30,0,GBIF
Pterostylis,collina,30,0,GBIF
Dactylorhiza,iberica,30,0,GBIF
Pterostylis,ciliata M.,30,0,GBIF
Dactylorhiza,hatagirea D.,30,0,GBIF
Pterostylis,chocolatina D.,30,1,GBIF
Dactylorhiza,foliosa Rchb.f.,30,0,GBIF
Pterostylis,chlorogramma D.,30,0,GBIF
Dactylorhiza,cordigera ssp.,30,4,GBIF
Maxillaria,densa,30,0,GBIF
Epidendrum,aquaticum,30,0,GBIF
Oncidium,fuscatum,30,0,GBIF
Pterostylis,brumalis L.,30,0,GBIF
Pterostylis,bicolor M.,30,0,GBIF
Prasophyllum,plumiforme Fitzg.,30,0,GBIF
Cryptarrhena,guatemalensis,30,0,GBIF
Prasophyllum,regium R.,30,0,GBIF
Pterostylis,auriculata Colenso,30,0,GBIF
Vanilla,roscheri Rchb.f.,30,2,GBIF
Pterostylis,aspera D.,30,0,GBIF
Pterostylis,arbuscula,30,0,GBIF
Oncidium,graminifolium,30,0,GBIF
Cyclopogon,apricus,30,0,GBIF
Cyrtostylis,reniformis R.,30,0,GBIF
Cyclopogon,chloroleucus,30,0,GBIF
Pterostylis,ampliata D.,30,0,GBIF
Pterostylis,amabilis,30,0,GBIF
Pterostylis,alata Labill.,30,1,GBIF
Pterostylis,agathicola D.,30,0,GBIF
Oncidium,hallii,30,0,GBIF
Cyrtostylis,oblonga Hook.f.,30,0,GBIF
Pterostylis,acuminata R.,30,0,GBIF
Pterostylis,aciculiformis Nicholls,30,0,GBIF
Anacamptis,papilionacea,30,0,GBIF
Genoplesium,woollsii F.,30,0,GBIF
Cycnoches,pentadactylon,30,0,GBIF
Cyrtosia,septentrionalis Rchb.f.,30,2,GBIF
Genoplesium,tenellum,30,0,GBIF
Genoplesium,tasmanicum D.,30,0,GBIF
Cyrtosia,lindleyana Hook.f.,30,1,GBIF
Pterichis,habenarioides,30,0,GBIF
Psilochilus,macrophyllus,30,0,GBIF
Genoplesium,nudiscapum,30,0,GBIF
Pseudorchis,albida ssp.,30,0,GBIF
Genoplesium,geminatum M.,30,0,GBIF
Oncidium,heteranthum,30,0,GBIF
Cyrtosia,falconeri Hook.f.,30,1,GBIF
Genoplesium,fimbriatum,30,0,GBIF
Cymbidium,finlaysonianum,30,0,GBIF
Cymbidium,lancifolium,30,0,GBIF
Genoplesium,eriochilum,30,0,GBIF
Cymbidium,suave,30,0,GBIF
Oncidium,isthmi,30,0,GBIF
Cyrtopodium,saintlegerianum,30,0,GBIF
Funkiella,rubrocalosa,30,2,GBIF
Cyrtopodium,flavum,30,0,GBIF
Genoplesium,apostasioides,30,1,GBIF
Genoplesium,anthracinum D.,30,0,GBIF
Cynorkis,boinana Schltr.,30,0,GBIF
Gavilea,venosa Lam.,30,0,GBIF
Cyrtopodium,eugenii,30,0,GBIF
Gavilea,platyantha Rchb.f.,30,0,GBIF
Gavilea,litoralis Phil.,30,0,GBIF
Cynorkis,coccinelloides Frapp.,30,0,GBIF
Cyrtopodium,aliciae,30,0,GBIF
Prasophyllum,sargentii Nicholls,30,0,GBIF
Prosthechea,squalida,30,0,GBIF
Prasophyllum,sphacelatum D.,30,0,GBIF
Cynorkis,fastigiata Thouars,30,0,GBIF
Cyrtochilum,weirii,30,0,GBIF
Cyrtochilum,undulatum,30,0,GBIF
Prasophyllum,sylvestre R.,30,0,GBIF
Galeandra,bicarinata,30,0,GBIF
Cynorkis,hanningtonii Rolfe,30,0,GBIF
Cynorkis,inermis,30,0,GBIF
Prosthechea,pygmaea,30,0,GBIF
Prosthechea,pterocarpa,30,0,GBIF
Cynorkis,kassneriana ssp.,30,0,GBIF
Cynorkis,kirkii Rolfe,30,0,GBIF
Cynorkis,laeta Schltr.,30,0,GBIF
Gastrorchis,francoisii,30,0,GBIF
Lepanthes,acarina,30,0,GBIF
Pabstiella,sordida,30,0,GBIF
Angraecum,multiflorum,30,0,GBIF
Drakaea,thynniphila A.,30,0,GBIF
Drakaea,concolor,30,0,GBIF
Epidendrum,cristatum,30,0,GBIF
Epidendrum,porpax,30,0,GBIF
Microchilus,querceticola Lindl.,30,0,GBIF
Angraecum,ramosum,30,0,GBIF
Platanthera,algeriensis,30,0,GBIF
Angraecum,rhynchoglossum,30,0,GBIF
Platanthera,bakeriana King,30,0,GBIF
Angraecum,sacciferum,30,0,GBIF
Lepanthes,tibouchinicola,30,0,GBIF
Microchilus,stigmatopterus,30,0,GBIF
Platanthera,bifolia ssp.,30,0,GBIF
Platanthera,brevicalcarata Hayata,30,0,GBIF
Platanthera,clavellata Michx.,30,0,GBIF
Angraecum,striatum,30,0,GBIF
Maxillaria,bicallosa,30,0,GBIF
Platanthera,convallariifolia Fisch.,30,0,GBIF
Platanthera,cooperi S.,30,0,GBIF
Platanthera,cristata Michx.,30,0,GBIF
Anguloa,clowesii,30,0,GBIF
Ania,hongkongensis,30,0,GBIF
Anoectochilus,formosanus Hayata,30,0,GBIF
Platanthera,devolii T.,30,0,GBIF
Microcoelia,cornuta,30,0,GBIF
Trichopilia,fragrans,30,0,GBIF
Anthogonium,gracile,30,0,GBIF
Platanthera,elegans ssp.,30,0,GBIF
Aphyllorchis,montana,30,0,GBIF
Dracula,inaequalis,30,0,GBIF
Tropidia,sui,30,0,GBIF
Laelia,speciosa,30,0,GBIF
Platanthera,florentii Franch.,30,0,GBIF
Andinia,nummularia,30,0,GBIF
Maxillaria,inaudita,30,0,GBIF
Platanthera,grandiflora Bigelow,30,0,GBIF
Microcoelia,perrieri,30,0,GBIF
Platanthera,guatemalensis Schltr.,30,0,GBIF
Platanthera,holmboei H.,30,0,GBIF
Platanthera,huronensis Nutt.,30,0,GBIF
Dracula,chimaera,30,0,GBIF
Platanthera,integrilabia Correll,30,0,GBIF
Dracula,bella,30,0,GBIF
Platanthera,lacera Michx.,30,0,GBIF
Dracomonticola,virginea Bolus,30,0,GBIF
Koellensteinia,graminea,30,0,GBIF
Trichocentrum,pumilum,30,0,GBIF
Diuris,sulphurea R.,30,1,GBIF
Platanthera,mandarinorum,30,0,GBIF
Koellensteinia,carraoensis,30,0,GBIF
Diuris,refracta,30,0,GBIF
Vanilla,imperialis Kraenzl.,30,3,GBIF
Kefersteinia,tolimensis,30,0,GBIF
Diuris,porphyrochila,30,0,GBIF
Zygostates,alleniana,30,0,GBIF
Diuris,perialla,30,0,GBIF
Diuris,parvipetala,30,0,GBIF
Diuris,pallescens D.,30,0,GBIF
Diuris,oporina D.,30,0,GBIF
Kefersteinia,lafontainei,30,0,GBIF
Arethusa,bulbosa,30,0,GBIF
Trichocentrum,nanum,30,0,GBIF
Arthrochilus,irritabilis F.,30,0,GBIF
Arthrochilus,prolixus D.,30,0,GBIF
Trichocentrum,luridum,30,0,GBIF
Microtis,alba R.,30,0,GBIF
Aspasia,principissa,30,0,GBIF
Trichocentrum,lindenii,30,0,GBIF
Trichocentrum,lacerum,30,0,GBIF
Aulosepalum,nelsonii,30,0,GBIF
Trichocentrum,fuscum,30,0,GBIF
Diuris,nigromontana D.,30,0,GBIF
Diuris,magnifica D.,30,0,GBIF
Diuris,longifolia R.,30,1,GBIF
Microtis,atrata Lindl.,30,0,GBIF
Trichocentrum,cepula,30,0,GBIF
Barkeria,melanocaulon,30,0,GBIF
Barkeria,scandens,30,1,GBIF
Barkeria,shoemakeri,30,0,GBIF
Phaius,flavus,30,0,GBIF
Vanilla,inodora Schiede,30,3,"GBIF,iDigBio"
Barkeria,uniflora,30,0,GBIF
Microtis,oblonga R.,30,0,GBIF
Diuris,leopardina,30,0,GBIF
Jumellea,triquetra,30,0,GBIF
Microtis,pulchella R.,30,0,GBIF
Pabstia,viridis,30,0,GBIF
Benthamia,bathieana Schltr.,30,0,GBIF
Epidendrum,purpurascens,30,0,GBIF
Zygopetalum,maxillare,30,0,GBIF
Diuris,fragrantissima D.,30,0,GBIF
Acanthophippium,sylhetense,30,0,GBIF
Jumellea,punctata,30,0,GBIF
Trichocentrum,andrewsiae,30,0,GBIF
Traunsteinera,globosa L.,30,0,GBIF
Epidendrum,radioferens,30,0,GBIF
Jumellea,pailleri,30,0,GBIF
Townsonia,viridis Hook.f.,30,0,GBIF
Diuris,concinna D.,30,0,GBIF
Tolumnia,variegata,30,0,GBIF
Bifrenaria,inodora,30,0,GBIF
Diuris,chrysantha D.,30,1,GBIF
Jumellea,fragrans,30,0,GBIF
Diuris,calcicola R.,30,0,GBIF
Diuris,brumalis D.,30,0,GBIF
Platanthera,metabifolia F.,30,0,GBIF
Bifrenaria,tetragona,30,0,GBIF
Tolumnia,urophylla,30,0,GBIF
Bipinnula,fimbriata Poepp.,30,0,GBIF
Bipinnula,montana Arechav.,30,0,GBIF
Bipinnula,penicillata Rchb.f.,30,0,GBIF
Bipinnula,polysyka Kraenzl.,30,0,GBIF
Disperis,virginalis Schltr.,30,2,GBIF
Blepharoglossum,condylobulbon,30,0,GBIF
Platanthera,minor Miq.,30,0,GBIF
Disperis,tysonii Bolus,30,1,GBIF
Miltonia,flavescens,30,0,GBIF
Peristylus,tentaculatus Lindl.,30,0,GBIF
Maxillaria,bradei,30,0,GBIF
Disperis,thorncroftii Schltr.,30,1,GBIF
Bletia,amabilis,30,0,GBIF
Bletia,arizonica,30,0,GBIF
Bletia,catenulata,30,0,GBIF
Bletia,coccinea,30,0,GBIF
Bletia,gracilis,30,0,GBIF
Bletia,greenwoodiana,30,0,GBIF
Bletia,mexicana,30,0,GBIF
Tipularia,japonica,30,0,GBIF
Bletia,spicata,30,0,GBIF
Bletia,urbana,30,0,GBIF
Bletia,warnockii,30,0,GBIF
Dendrobium,grande,29,1,GBIF
Pleurothallis,macra,29,0,GBIF
Caleana,major R.,29,0,GBIF
Epidendrum,schweinfurthianum,29,0,GBIF
Epidendrum,blepharistes,29,0,GBIF
Pterostylis,williamsonii D.,29,0,GBIF
Prosthechea,pachysepala,29,0,GBIF
Maxillaria,lexarzana,29,1,"GBIF,Tropicos - Missouri Botanical Garden"
Bletilla,ochracea,29,1,GBIF
Calanthe,arisanensis,29,0,GBIF
Dendrobium,virotii,29,1,GBIF
Braemia,vittata,29,0,GBIF
Epidendrum,caligarium,29,0,GBIF
Calanthe,plantaginea,29,0,GBIF
Bulbophyllum,wallichii,29,1,GBIF
Aganisia,fimbriata,29,2,GBIF
Lepanthes,acutissima,29,0,GBIF
Angraecum,caulescens,29,0,GBIF
Pleurothallis,variabilis,29,0,GBIF
Disperis,paludosa Harv.,29,1,GBIF
Earina,autumnalis,29,0,GBIF
Spiranthes,flexuosa,29,1,GBIF
Liparis,sootenzanensis,29,0,GBIF
Epidendrum,ibaguense,29,0,GBIF
Miltonia,spectabilis,29,0,GBIF
Zeuxine,strateumatica L.,29,1,GBIF
Pleurothallis,tetragona,29,0,GBIF
Disa,bracteata Sw.,29,2,GBIF
Bulbophyllum,macraei,29,0,GBIF
Neottia,papilligera,29,0,GBIF
Stichorkis,truncicola,29,1,GBIF
Pterostylis,australis Hook.f.,29,0,GBIF
Masdevallia,dimorphotricha,29,0,GBIF
Coelogyne,rhabdobulbon,29,0,GBIF
Dactylorhiza,aristata Fisch.,29,0,GBIF
Ludisia,discolor Ker,29,0,GBIF
Dipodium,atropurpureum,29,0,GBIF
Dactylorhiza,fuchsii ssp.,29,0,GBIF
Trichoglottis,latisepala,29,0,GBIF
Epidendrum,mancum,29,0,GBIF
Epidendrum,wallisii,29,0,GBIF
Encyclia,aspera,29,0,GBIF
Prosthechea,hastata,29,0,GBIF
Encyclia,x,29,0,GBIF
Hemipilia,kiraishiensis Hayata,29,0,GBIF
Clowesia,thylaciochila,29,0,GBIF
Coryanthes,macrantha,29,0,GBIF
Bulbophyllum,putidum,29,0,"Chris Howard Collection,GBIF"
Dichaea,latifolia,29,0,GBIF
Gavilea,araucana Phil.,29,0,GBIF
Diodonopsis,erinacea,29,0,GBIF
Acianthera,pectinata,29,0,GBIF
Gastrodia,procera,29,0,GBIF
Habenaria,cephalotes Lindl.,29,0,GBIF
Acampe,pachyglossa,29,1,GBIF
Trichocentrum,yucatanense,29,1,GBIF
Drymoanthus,adversus,29,1,GBIF
Pterostylis,angusta A.,29,0,GBIF
Gomesa,concolor,29,0,GBIF
Epidendrum,parkinsonianum,29,0,GBIF
Trichocentrum,pulchrum,29,0,GBIF
Bulbophyllum,erectum,29,0,GBIF
Cystorchis,aphylla Ridl.,29,0,GBIF
Epidendrum,laucheanum,29,0,GBIF
Crepidium,khasianum,29,0,GBIF
Aerangis,thomsonii,29,0,GBIF
Cynorkis,cardiophylla Schltr.,29,0,GBIF
Microchilus,plantagineus L.,29,0,GBIF
Mediocalcar,bifolium,29,0,GBIF
Lepanthes,rhombipetala,29,0,GBIF
Prosthechea,cochleata,29,0,GBIF
Epidendrum,trianthum,29,0,GBIF
Epidendrum,coryophorum,29,0,GBIF
Bulbophyllum,conspectum,29,2,GBIF
Cattleya,amethystoglossa,29,0,GBIF
Lepanthes,elata,29,0,GBIF
Catasetum,uncatum,29,0,GBIF
Maxillaria,oreocharis,29,0,GBIF
Maxillaria,sigmoidea,29,0,GBIF
Dendrobium,samoense,29,0,GBIF
Epidendrum,galeottianum,29,3,"GBIF,iNaturalist"
Malaxis,pandurata,29,0,GBIF
Habenaria,heyneana Lindl.,29,0,GBIF
Baskervilla,paranaensis Kraenzl.,29,0,GBIF
Prosthechea,vespa,29,0,GBIF
Dendrobium,friedericksianum,29,0,GBIF
Catasetum,luridum,29,0,GBIF
Habenaria,perpulchra Kraenzl.,29,0,GBIF
Uncifera,acuminata,29,0,GBIF
Maxillaria,egertoniana,29,0,GBIF
Dendrobium,striolatum,29,0,GBIF
Dendrobium,chrysanthum,29,0,GBIF
Bulbophyllum,auriflorum,29,0,GBIF
Rhipidoglossum,densiflorum,29,0,GBIF
Porpax,jerdoniana,29,0,GBIF
Pterostylis,mitchellii Lindl.,29,0,GBIF
Govenia,sodiroi,29,0,GBIF
Platanthera,x keenanii,29,0,GBIF
Eulophia,zeyheriana,29,0,GBIF
Dendrobium,pugioniforme,29,0,GBIF
Gastrodia,pubilabiata,29,0,GBIF
Cleisostoma,racemiferum,29,0,GBIF
Pleurothallis,linguifera,29,0,GBIF
Epidendrum,spathatum,29,0,GBIF
Liparis,clareae,29,0,GBIF
Pteroglossa,roseoalba,29,0,GBIF
Pinalia,excavata,29,0,GBIF
Epidendrum,catillus,29,4,"GBIF,Tropicos - Missouri Botanical Garden"
Dendrobium,linearifolium,29,0,GBIF
Dendrobium,cumulatum,29,0,GBIF
Tolumnia,bahamensis,29,0,GBIF
Bulbophyllum,purpurascens,29,0,GBIF
Dendrobium,lanceolatum,29,0,GBIF
Chloraea,magellanica Hook.f.,28,0,GBIF
Corybas,purpureus J.,28,0,GBIF
Cyrtorchis,hamata,28,0,GBIF
Platanthera,stenophylla,28,0,GBIF
Epidendrum,mesomicron,28,0,GBIF
Epigeneium,tricallosum,28,0,GBIF
Pleurothallis,divaricans,28,0,GBIF
Brassia,ocanensis,28,0,GBIF
Pterostylis,x toveyana,28,0,GBIF
Ponthieva,racemosa Walt.,28,0,GBIF
Angraecum,didieri,28,0,GBIF
Solenangis,scandens,28,0,GBIF
Sophronitella,violacea,28,0,"GBIF,Roberta Fox Collection"
Coelogyne,cruciformis,28,0,GBIF
Pabstiella,tripterantha,28,0,GBIF
Ania,viridifusca,28,0,GBIF
Rhipidoglossum,eggelingii,28,0,GBIF
Disa,tenuifolia Sw.,28,0,GBIF
Dactylorhiza,maculata ssp.,28,0,GBIF
Pleurothallis,ensata,28,0,GBIF
Octomeria,tridentata,28,4,GBIF
Cyclopogon,luteoalbus,28,0,GBIF
Ceratostylis,retisquama,28,0,GBIF
Bulbophyllum,baladeanum,28,0,GBIF
Funkiella,minutiflora,28,0,GBIF
Genoplesium,cuspidatum D.,28,0,GBIF
Cyclopogon,comosus,28,0,GBIF
Zygopetalum,triste,28,0,GBIF
Ophrys,lesbis,28,0,GBIF
Cypripedium,guttatum Sw.,28,3,"GBIF,iDigBio"
Habenaria,stenorhynchos Schltr.,28,0,GBIF
Coelogyne,cuspilabia,28,0,GBIF
Pleurothallis,homalantha,28,0,GBIF
Epidendrum,baumannianum,28,0,GBIF
Phalaenopsis,mariae,28,0,GBIF
Dendrobium,polysema,28,0,GBIF
Telipogon,antisuyuensis,28,0,GBIF
Angraecum,moandense,28,0,GBIF
Platanthera,hyperborea L.,28,0,GBIF
Polystachya,perrieri,28,1,GBIF
Blepharoglossum,fulgens,28,2,GBIF
Epidendrum,floridense,28,0,GBIF
Pterostylis,microglossa,28,0,GBIF
Bulbophyllum,taiwanense,28,0,GBIF
Bulbophyllum,congestum,28,0,GBIF
Rhynchostele,ehrenbergii,28,0,GBIF
Aspasia,epidendroides,28,0,GBIF
Bulbophyllum,japonicum,28,0,GBIF
Bulbophyllum,ivorense,28,0,GBIF
Hemipilia,basifoliata Finet,28,0,GBIF
Habenaria,isoantha Schltr.,28,0,GBIF
Stenotyla,lendyana,28,0,GBIF
Masdevallia,maculata,28,0,GBIF
Cephalanthera,kurdica,28,0,GBIF
Schizochilus,gerrardii Rchb.f.,28,0,GBIF
Preptanthe,cardioglossa,28,0,GBIF
Aa,weddelliana,28,0,GBIF
Sphyrarhynchus,schliebenii,28,0,GBIF
Pleurothallis,canidentis,28,0,GBIF
Gastrochilus,bellinus,28,0,GBIF
Cynorkis,rosellata Thouars,28,0,GBIF
Trachoma,papuanum,28,0,GBIF
Malaxis,crispifolia,28,0,GBIF
Jumellea,maxillarioides,28,0,GBIF
Bulbophyllum,hyalosemoides,28,0,GBIF
Epidendrum,cerinum,28,0,GBIF
Serapias,vomeracea Burm.f.,28,0,GBIF
Oncidium,ornithorhynchum,28,1,"GBIF,Tropicos - Missouri Botanical Garden"
Cyrtochilum,volubile,28,0,GBIF
Epidendrum,cochlidium,28,0,GBIF
Telipogon,suarezii,28,0,GBIF
Styloglossum,balansae,28,0,GBIF
Cynorkis,paradoxa Frapp.,28,0,GBIF
Epidendrum,geniculatum,28,1,GBIF
Ida,locusta,28,0,GBIF
Disa,cornuta L.,28,1,GBIF
Styloglossum,speciosum,28,0,GBIF
Maxillaria,imbricata,28,0,GBIF
Sobralia,ecuadorana,28,0,GBIF
Aerangis,luteoalba,28,0,GBIF
Holothrix,arachnoidea A.,28,0,GBIF
Maxillaria,valerioi,28,0,GBIF
Encyclia,mapuerae,28,0,GBIF
Promenaea,stapelioides,28,0,GBIF
Cryptochilus,strictus,28,0,GBIF
Ophrys,x pseudospeculum,28,0,GBIF
Gongora,rufescens,28,0,GBIF
Trichoceros,muralis,28,0,GBIF
Phymatidium,hysteranthum,28,0,GBIF
Pleione,yunnanensis,28,1,GBIF
Huntleya,meleagris,28,0,GBIF
Trichocentrum,capistratum,28,0,GBIF
Crepidium,ramosii,28,0,GBIF
Maxillaria,leucaimata,28,0,GBIF
Aeranthes,caudata,28,0,GBIF
Stelis,ornata,28,0,GBIF
Dendrobium,rosenbergii,28,3,GBIF
Polystachya,campyloglossa,28,0,GBIF
Sirhookera,lanceolata,28,0,GBIF
Polystachya,humbertii,28,0,GBIF
Macodes,lowii E.,28,0,GBIF
Maxillaria,hedwigiae,28,0,GBIF
Epidendrum,cardiochilum,28,0,GBIF
Oncidium,odoratum,28,0,GBIF
Pterostylis,paludosa D.,28,0,GBIF
Dendrobium,jenkinsii,28,0,"Chris Howard Collection,GBIF"
Coelogyne,stricta,28,0,GBIF
Epidendrum,melinanthum,28,0,GBIF
Coelogyne,verrucosa,28,0,GBIF
Habenaria,corydophora Rchb.f.,28,0,GBIF
Polystachya,bifida,28,0,GBIF
Masdevallia,calura,28,0,GBIF
Dipodium,pardalinum,27,0,GBIF
Stelis,weddelliana,27,0,GBIF
Genoplesium,ectopum D.,27,0,GBIF
Epidendrum,adnatum,27,0,GBIF
Habenaria,splendentior Summerh.,27,0,GBIF
Habenaria,petraea Renz,27,0,GBIF
Scaphyglottis,grandiflora,27,0,GBIF
Habenaria,plectromaniaca,27,0,GBIF
Bulbophyllum,nigritianum,27,0,GBIF
Dichaea,trulla,27,4,GBIF
Bulbophyllum,occultum,27,0,GBIF
Domingoa,haematochila,27,0,GBIF
Epidendrum,calanthum,27,0,GBIF
Dendrobium,kingianum,27,3,"ALA - Atlas of Living Australia,Chris Howard Collection,GBIF"
Stelis,porschiana,27,0,GBIF
Stelis,parvula,27,0,GBIF
Cheirostylis,nuda Thouars,27,0,GBIF
Dichaea,calyculata,27,0,GBIF
Angraecopsis,gracillima,27,0,GBIF
Diaphananthe,vesicata,27,0,GBIF
Pabstiella,armeniaca,27,0,GBIF
Caladenia,pallida Lindl.,27,0,GBIF
Erythrodes,blumei Lindl.,27,0,GBIF
Epidendrum,intermixtum,27,2,GBIF
Pleurothallis,ripleyi,27,0,GBIF
Epidendrum,angustilobum,27,0,GBIF
Lepanthes,guttula-sanguinis,27,0,GBIF
Gomphichis,plantaginifolia C.,27,0,GBIF
Microtis,oligantha L.,27,0,GBIF
Dendrobium,anceps,27,0,GBIF
Dendrobium,quinquelobum,27,0,GBIF
Coelogyne,complanata,27,0,GBIF
Paphiopedilum,parishii Rchb.f.,27,2,GBIF
Cypripedium,franchetii Rolfe,27,1,GBIF
Habenaria,goetzeana Kraenzl.,27,0,GBIF
Caladenia,x ericksoniae,27,0,GBIF
Maxillaria,minus,27,0,GBIF
Tipularia,josephi,27,0,GBIF
Habenaria,glaucifolia Bureau,27,0,GBIF
Caladenia,xanthochila D.,27,0,GBIF
Otostylis,brachystalix,27,0,GBIF
Pleurothallis,siphoglossa,27,0,GBIF
Maxillaria,desvauxiana,27,0,GBIF
Angraecum,cultriforme,27,0,GBIF
Cryptostylis,acutata J.,27,0,GBIF
Pleurothallis,titan,27,0,GBIF
Habenaria,brachyphyton Schltr.,27,0,GBIF
Cyrtopodium,vernum,27,0,GBIF
Habenaria,floribunda Lindl.,27,0,GBIF
Ipsea,speciosa,27,0,GBIF
Brassavola,flagellaris,27,0,GBIF
Brassavola,nodosa,27,0,GBIF
Paphiopedilum,lowii Lindl.,27,2,GBIF
Grammatophyllum,kinabaluense,27,0,GBIF
Tridactyle,tridactylites,27,5,GBIF
Paphiopedilum,barbigerum,27,0,GBIF
Pleurothallis,lilijae,27,0,GBIF
Epidendrum,stangeanum,27,0,GBIF
Cryptopus,elatus,27,0,GBIF
Habenaria,lavrensis Hoehne,27,0,GBIF
Epidendrum,excisum,27,3,"GBIF,Tropicos - Missouri Botanical Garden"
Roeperocharis,wentzeliana Kraenzl.,27,0,GBIF
Prasophyllum,colensoi Hook.f.,27,0,GBIF
Prasophyllum,rostratum Lindl.,27,0,GBIF
Epidendrum,citrosmum,27,0,GBIF
Dendrobium,strongylanthum,27,0,GBIF
Acianthera,hystrix,27,0,GBIF
Epidendrum,eustirum,27,0,GBIF
Telipogon,wallisii,27,0,GBIF
Cyrtosia,javanica Blume,27,2,GBIF
Liparis,cathcartii,27,0,GBIF
Himantoglossum,robertianum Loisel.,27,0,GBIF
Aa,paleacea,27,3,GBIF
Coelogyne,pandurata,27,0,GBIF
Maxillaria,sanguinea,27,0,GBIF
Microcoelia,koehleri,27,0,GBIF
Stelis,aurea,27,0,GBIF
Paphiopedilum,rothschildianum Rchb.f.,27,0,GBIF
Masdevallia,macropus,27,0,GBIF
Telipogon,collantesii,27,0,GBIF
Neobathiea,gracilis,27,0,GBIF
Encyclia,trachycarpa,27,0,GBIF
Mediocalcar,decoratum,27,0,GBIF
Herminium,monorchis L.,27,0,GBIF
Liparis,rectangularis,27,0,GBIF
Epidendrum,tumuc-humaciense,27,0,GBIF
Taeniophyllum,latipetalum,27,0,GBIF
Pleurothallis,pulvinaris,27,0,GBIF
Hemipilia,pinguicula Rchb.f.,27,0,GBIF
Bulbophyllum,gamblei,27,0,GBIF
Psychopsis,krameriana,27,0,GBIF
Dendrobium,macropus,27,0,GBIF
Bulbophyllum,henrici,27,1,"GBIF,Tropicos - Missouri Botanical Garden"
Pleurothallis,colossus,27,0,GBIF
Gomesa,flexuosa,27,0,GBIF
Dendrobium,macranthum,27,0,GBIF
Epidendrum,dermatanthum,27,0,GBIF
Stelis,eublepharis,27,0,GBIF
Lepanthopsis,floripecten,27,0,GBIF
Zeuxine,africana Rchb.f.,27,0,GBIF
Bulbophyllum,leandrianum,27,0,GBIF
Bulbophyllum,retusiusculum,27,1,GBIF
Epidendrum,cooperianum,27,0,GBIF
Ophrys,x fernandii,27,0,GBIF
Schiedeella,nagelii,27,0,GBIF
Coelogyne,uncata,27,0,GBIF
Anathallis,polygonoides,27,0,GBIF
Dipodium,pictum,27,0,GBIF
Prosthechea,glumacea,26,0,GBIF
Habenaria,cruciata J.,26,1,GBIF
Platycoryne,paludosa Lindl.,26,0,GBIF
Rhipidoglossum,confusum,26,0,GBIF
Goodyera,bifida Blume,26,0,GBIF
Pleurothallis,palliolata,26,0,GBIF
Habenaria,luzmariana,26,0,GBIF
Porpax,reticulata,26,1,GBIF
Angraecum,teretifolium,26,0,GBIF
Pterostylis,praetermissa,26,0,GBIF
Gastrodia,cunninghamii,26,0,GBIF
Anacamptis,x subpapilionacea,26,0,GBIF
Habenaria,diffusa,26,0,GBIF
Encyclia,tampensis,26,0,GBIF
Eulophia,rhodesiaca,26,0,GBIF
Cyrtorchis,monteiroae,26,0,GBIF
Aphyllorchis,pallida,26,0,GBIF
Oncidium,noezlianum,26,0,GBIF
Epidendrum,antioquiense,26,0,GBIF
Cymbidium,iridioides,26,0,GBIF
Caladenia,angustata Lindl.,26,0,GBIF
Cattleya,harpophylla,26,0,GBIF
Acianthera,malachantha,26,0,GBIF
Gomesa,forbesii,26,1,GBIF
Dendrobium,salaccense,26,0,GBIF
Angraecum,stolzii,26,0,GBIF
Acianthera,chrysantha,26,0,GBIF
Hetaeria,mannii Rchb.f.,26,0,GBIF
Dendrobium,nardoides,26,1,GBIF
Apostasia,nuda R.,26,1,GBIF
Bulbophyllum,cumingii,26,1,GBIF
Arpophyllum,alpinum,26,0,GBIF
Polystachya,mystacioides,26,0,GBIF
Jumellea,arachnantha,26,0,GBIF
Eulophia,analamerensis,26,0,GBIF
Angraecum,urschianum,26,0,GBIF
Spathoglottis,pubescens,26,0,GBIF
Thrixspermum,amplexicaule,26,1,GBIF
Leptotes,bicolor,26,0,"GBIF,Roberta Fox Collection"
Aeranthes,strangulata,26,0,GBIF
Cynorkis,pleistadenia Rchb.f.,26,0,GBIF
Bulbophyllum,kwangtungense,26,0,GBIF
Masdevallia,ventricularia,26,0,GBIF
Pleurothallis,silverstonei,26,0,GBIF
Anoectochilus,imitans Schltr.,26,1,GBIF
Disa,buchenaviana Kraenzl.,26,2,"GBIF,iDigBio"
Liparis,kamborangensis,26,0,GBIF
Maxillaria,virguncula,26,0,GBIF
Disa,caulescens Lindl.,26,1,GBIF
Bulbophyllum,argyropus,26,0,GBIF
Oncidium,geertianum,26,0,GBIF
Benthamia,rostrata Schltr.,26,0,GBIF
Liparis,petiolata,26,0,GBIF
Epidendrum,carpophorum,26,0,GBIF
Bulbophyllum,ochroleucum,26,0,GBIF
Coelogyne,recurva,26,0,GBIF
Cephalanthera,damasonium,26,0,GBIF
Angraecum,humblotianum,26,1,GBIF
Caladenia,zephyra D.,26,0,GBIF
Microtis,unifolia G.,26,0,GBIF
Encyclia,plicata,26,0,GBIF
Pachyplectron,aphyllum T.,26,0,GBIF
Eulophia,rutenbergiana,26,0,GBIF
Genoplesium,citriodorum,26,0,GBIF
Maxillaria,mapiriensis,26,0,GBIF
Aa,mathewsii,26,1,GBIF
Orthoceras,novae-zeelandiae A.,26,0,GBIF
Gastrochilus,raraensis,26,0,GBIF
Pterostylis,divaricata,26,0,GBIF
Phragmipedium,warszewiczianum Rchb.f.,26,1,GBIF
Prasophyllum,petilum,26,0,GBIF
Oncidium,panchrysum,26,0,GBIF
Acianthera,exarticulata,26,0,GBIF
Dendrobium,adae,26,1,GBIF
Habenaria,elongata R.,26,2,GBIF
Cynorkis,elata Rolfe,26,0,GBIF
Cynorkis,graminea Thouars,26,0,GBIF
Miltonia,moreliana,26,0,GBIF
Galeoglossum,tubulosum Lindl.,26,0,GBIF
Ophrys,x lithinensis,26,0,GBIF
Anoectochilus,tridentatus Seidenf.,26,0,GBIF
Dendrobium,stuposum,26,0,GBIF
Trichoglottis,ventricularis,26,0,GBIF
Luisia,hancockii,26,0,GBIF
Epidendrum,campaccii,26,0,GBIF
Dendrobium,ochreatum,26,0,"Chris Howard Collection,GBIF"
Habenaria,uncicalcar Summerh.,26,0,GBIF
Glomera,confusa,26,0,GBIF
Zootrophion,dayanum,26,0,GBIF
Dichaea,intermedia,26,0,GBIF
Cymbidium,insigne,26,0,GBIF
Phreatia,plantaginifolia,26,1,GBIF
Altensteinia,virescens Lindl.,26,1,GBIF
Stelis,maxima,26,0,GBIF
Oncidium,picturatissimum,26,1,"GBIF,iNaturalist"
Pterichis,triloba Lindl.,26,2,GBIF
Acianthera,wageneriana,26,0,GBIF
Herminium,bulleyi Rolfe,26,0,GBIF
Phreatia,caulescens,26,0,GBIF
Funkiella,parasitica,26,0,GBIF
Seidenfadeniella,chrysantha,26,0,GBIF
Oncidium,hagsaterianum,26,0,GBIF
Coelogyne,alba,26,0,GBIF
Diuris,septentrionalis,26,0,GBIF
Masdevallia,yungasensis,26,0,GBIF
Epidendrum,bifarium,26,0,GBIF
Pleurothallis,punctulata,26,0,GBIF
Platanthera,angustata Blume,26,0,GBIF
Epidendrum,mutelianum,26,0,GBIF
Coelogyne,rubra,26,0,GBIF
Cypripedium,cordigerum D.,25,3,GBIF
Angraecum,birrimense,25,0,GBIF
Calopogon,pallidus,25,0,GBIF
Anoectochilus,albolineatus C.,25,0,GBIF
Nephelaphyllum,tenuiflorum,25,0,GBIF
Caladenia,varians,25,0,GBIF
Elleanthus,aureus,25,0,GBIF
Dactylorhiza,x formosa,25,0,GBIF
Maxillaria,angustissima,25,0,GBIF
Diuris,conspicillata D.,25,1,GBIF
Dactylorhiza,praetermissa,25,0,GBIF
Diuris,cruenta D.,25,0,GBIF
Gomesa,pectoralis,25,0,GBIF
Maxillaria,biolleyi,25,0,GBIF
Caladenia,hildae,25,1,GBIF
Acianthera,boliviana,25,1,GBIF
Dendrobium,habbemense,25,0,GBIF
Angraecum,melanostictum,25,0,GBIF
Pleurothallis,phyllocardioides,25,0,GBIF
Diuris,lanceolata Lindl.,25,0,GBIF
Dendrobium,rumphiae,25,0,GBIF
Angraecum,dendrobiopsis,25,0,GBIF
Oncidium,maculatum,25,0,GBIF
Bulbophyllum,clandestinum,25,0,GBIF
Eriochilus,pulchellus Hopper,25,0,GBIF
Ophrys,melitensis Salk.,25,0,GBIF
Megastylis,latilabris Schltr.,25,0,GBIF
Phalaenopsis,schilleriana,25,0,GBIF
Platycoryne,mediocris Summerh.,25,0,GBIF
Vanda,curvifolia,25,0,GBIF
Aplectrum,hyemale,25,0,GBIF
Microcoelia,konduensis,25,0,GBIF
Bulbophyllum,cylindrobulbum,25,0,GBIF
Polystachya,concreta,25,0,GBIF
Bulbophyllum,maximum,25,0,GBIF
Galeoglossum,thysanochilum,25,0,GBIF
Dendrobium,angustipetalum,25,0,GBIF
Bulbophyllum,leptostachyum,25,0,GBIF
Epidendrum,polystachyum,25,0,GBIF
Epidendrum,gonzalez-tamayoi,25,0,GBIF
Tainia,elliptica,25,0,GBIF
Epidendrum,macrum,25,0,GBIF
Epidendrum,megagastrium,25,0,GBIF
Chloraea,membranacea Lindl.,25,2,GBIF
Bulbophyllum,secundum,25,1,GBIF
Maxillaria,neglecta,25,4,GBIF
Bulbophyllum,pervillei,25,0,GBIF
Ancistrorhynchus,cephalotes,25,0,GBIF
Platystele,ovalifolia,25,0,GBIF
Cattleya,pabstii,25,0,GBIF
Rhipidoglossum,pulchellum,25,0,GBIF
Liparis,arnoglossophylla,25,0,GBIF
Caladenia,drakeoides Hopper,25,0,GBIF
Masdevallia,tovarensis,25,0,GBIF
Renanthera,coccinea,25,0,GBIF
Dactylorhiza,x salictina,25,0,GBIF
Polystachya,calluniflora,25,0,GBIF
Stelis,discolor,25,0,GBIF
Pterostylis,russellii Hunt,25,0,GBIF
Oncidium,oliganthum,25,0,GBIF
Styloglossum,caulescens,25,0,GBIF
Diaphananthe,lorifolia,25,0,GBIF
Elleanthus,virgatus,25,0,GBIF
Dendrophylax,porrectus,25,0,GBIF
Bulbophyllum,obtusipetalum,25,1,GBIF
Platanthera,leucophaea Nutt.,25,0,GBIF
Bulbophyllum,incurvum,25,0,GBIF
Pterostylis,arfakensis,25,0,GBIF
Microcoelia,aphylla,25,0,GBIF
Stelis,mandonii,25,0,GBIF
Satyrium,rhynchanthoides Schltr.,25,0,GBIF
Habenaria,keayi Summerh.,25,0,GBIF
Spathoglottis,plicata,25,0,GBIF
Anathallis,lewisiae,25,0,GBIF
Dendrobium,gramineum,25,0,GBIF
Epidendrum,cirrhochilum,25,0,GBIF
Maxillaria,parvilabia,25,0,GBIF
Bogoria,moorei,25,0,GBIF
Coelogyne,uniflora,25,0,GBIF
Brassavola,subulifolia,25,0,GBIF
Trichopilia,marginata,25,0,GBIF
Bulbophyllum,vaginatum,25,0,GBIF
Calanthe,argenteostriata,25,0,GBIF
Liparis,deflexa,25,0,GBIF
Plocoglottis,borneensis,25,0,GBIF
Pleurothallis,macrophylla,25,0,GBIF
Coelogyne,ingloria,25,0,GBIF
Disperis,thomensis Summerh.,25,2,GBIF
Coelogyne,irigensis,25,0,GBIF
Hylophila,lanceolata Blume,24,0,GBIF
Gongora,maculata,24,0,GBIF
Cuitlauzina,egertonii,24,0,GBIF
Gennaria,griffithii,24,0,GBIF
Xylobium,varicosum,24,0,GBIF
Baskervilla,colombiana Garay,24,0,GBIF
Lankesteriana,cuspidata,24,0,GBIF
Liparis,latialata,24,0,GBIF
Chiloschista,parishii,24,0,GBIF
Bulbophyllum,lupulinum,24,0,"Chris Howard Collection,GBIF"
Platystele,misera,24,0,GBIF
Stanhopea,tricornis,24,0,GBIF
Burnettia,cuneata Lindl.,24,0,GBIF
Cattleya,tenebrosa,24,0,"Chris Howard Collection,GBIF"
Bulbophyllum,uniflorum,24,0,GBIF
Pterostylis,splendens D.,24,1,GBIF
Bulbophyllum,pectinatum,24,0,GBIF
Dendrobium,uniflorum,24,3,GBIF
Eulophia,siamensis,24,0,GBIF
Habenaria,rumphii Brongn.,24,0,GBIF
Diodonopsis,pygmaea,24,0,GBIF
Eulophia,barteri,24,0,GBIF
Coelogyne,latens,24,0,GBIF
Chaubardia,klugii,24,0,GBIF
Maxillaria,maleolens,24,0,GBIF
Elleanthus,cephalotus,24,0,GBIF
Rhipidoglossum,schimperianum,24,0,GBIF
Coelogyne,chloroptera,24,0,GBIF
Rhipidoglossum,stolzii,24,0,GBIF
Zeuxine,stammleri Schltr.,24,0,GBIF
Epidendrum,palmense,24,0,GBIF
Oxystophyllum,carnosum,24,1,GBIF
Aerangis,kirkii,24,0,GBIF
Catasetum,incurvum,24,0,GBIF
Lepanthes,tipulifera,24,0,GBIF
Acianthera,albopurpurea,24,1,GBIF
Bulbophyllum,omerandrum,24,0,GBIF
Neottia,alternifolia,24,0,GBIF
Dryadella,simula,24,0,GBIF
Bulbophyllum,oliganthum,24,0,GBIF
Dipodium,scandens,24,0,GBIF
Collabium,chinense,24,3,GBIF
Coelogyne,tricallosa,24,0,GBIF
Bulbophyllum,auricomum,24,5,GBIF
Dendrobium,acuminatissimum,24,0,GBIF
Hemipilia,cordifolia Lindl.,24,0,GBIF
Pleurothallis,imperialis,24,0,GBIF
Anacamptis,x feinbruniae,24,0,GBIF
Maxillaria,pulla,24,0,GBIF
Dendrobium,connatum,24,0,GBIF
Disa,scutellifera A.,24,0,GBIF
Masdevallia,chasei,24,0,GBIF
Scaphyglottis,bilineata,24,0,GBIF
Ceratostylis,subulata,24,0,GBIF
Lycaste,cochleata,24,0,GBIF
Pachyplectron,arifolium Schltr.,24,0,GBIF
Jumellea,confusa,24,0,GBIF
Gomesa,widgrenii,24,0,GBIF
Odontochilus,gracilis Blume,24,0,GBIF
Habenaria,jaguariahyvae Kraenzl.,24,0,GBIF
Dendrobium,spectabile,24,0,GBIF
Stelis,leinigii,24,0,GBIF
Cyrtopodium,paniculatum,24,0,GBIF
Vrydagzynea,paludosa J.,24,0,GBIF
Polystachya,dolichophylla,24,0,GBIF
Stelis,rufobrunnea,24,0,GBIF
Agrostophyllum,earinoides,24,0,GBIF
Scaphyglottis,hondurensis,24,0,GBIF
Lepanthopsis,constanzensis,24,0,GBIF
Polystachya,orophila,24,0,GBIF
Pelatantheria,insectifera,24,0,GBIF
Satyrium,neglectum ssp.,24,0,GBIF
Satyrium,robustum Schltr.,24,0,GBIF
Prasophyllum,canaliculatum Jones,24,0,GBIF
Dendrobium,prenticei,24,0,GBIF
Glomera,palustris,24,0,GBIF
Acampe,praemorsa,24,0,GBIF
Prasophyllum,candidum,24,0,GBIF
Robiquetia,brevifolia,24,0,GBIF
Pseudogoodyera,pseudogoodyeroides,24,0,GBIF
Cymbidium,mastersii,24,0,"Chris Howard Collection,GBIF"
Acianthera,hondurensis,24,0,GBIF
Encyclia,isochila,24,0,GBIF
Bulbophyllum,dayanum,24,1,GBIF
Oberonia,costeriana,24,0,GBIF
Sobralia,bimaculata,24,0,GBIF
Angraecum,cucullatum,24,2,GBIF
Bulbophyllum,comatum,24,3,GBIF
Caladenia,dorrienii Domin,24,1,GBIF
Bulbophyllum,delitescens,24,0,GBIF
Habenaria,glaucophylla Barb.,24,0,GBIF
Encyclia,spatella,24,0,GBIF
Pleurothallis,microcardia,24,0,GBIF
Diuris,luteola D.,24,0,GBIF
Lepanthes,rotundata,24,0,GBIF
Adrorhizon,purpurascens,24,0,GBIF
Nervilia,punctata,24,0,GBIF
Polystachya,dewanckeliana,24,0,GBIF
Elleanthus,cordidactylus,24,0,GBIF
Epidendrum,nitens,24,0,GBIF
Cattleya,lawrenceana,24,0,GBIF
Maxillaria,ringens,24,0,GBIF
Angraecum,clavigerum,24,0,GBIF
Caladenia,applanata ssp.,24,0,GBIF
Maxillaria,costaricensis,24,2,GBIF
Sobralia,ciliata,24,0,GBIF
Andinia,pendens,24,0,GBIF
Coelogyne,phaiostele,24,0,GBIF
Octarrhena,tenuis,24,0,GBIF
Dendrobium,montis-yulei,24,0,GBIF
Paphiopedilum,godefroyae God.-Leb.,24,1,GBIF
Oberonia,cavaleriei,24,0,GBIF
Robiquetia,bifida,24,0,GBIF
Lepanthes,tracheia,24,0,GBIF
Oberonia,griffithiana,24,0,GBIF
Elleanthus,scopula,24,0,GBIF
Scaphyglottis,leucantha,24,0,GBIF
Restrepia,guttulata,24,0,GBIF
Epidendrum,polychlamys,24,0,GBIF
Maxillaria,arachnitiflora,24,2,GBIF
Habenaria,reniformis D.,24,0,GBIF
Octomeria,linearifolia,24,0,GBIF
Caladenia,aestiva D.,24,0,GBIF
Gastrodia,leoui,24,0,GBIF
Gymnadenia,conopsea L.,24,0,GBIF
Herminium,coeloceras Finet,24,0,GBIF
Bulbophyllum,purpureorhachis,24,1,GBIF
Thrixspermum,subulatum,24,0,GBIF
Disperis,kerstenii Rchb.f.,24,1,GBIF
Dendrobium,finisterrae,24,0,GBIF
Caladenia,hoffmanii Hopper,24,0,GBIF
Corybas,fordhamii Rupp,24,1,GBIF
Dendrobium,hercoglossum,24,0,GBIF
Dendrobium,fellowsii,23,0,GBIF
Angraecum,pungens,23,0,GBIF
Paphiopedilum,hookerae Rchb.f.,23,0,GBIF
Eriochilus,valens Hopper,23,0,GBIF
Habenaria,arachnoides Thouars,23,0,GBIF
Anathallis,angustilabia,23,0,GBIF
Prasophyllum,frenchii F.,23,0,GBIF
Anguloa,uniflora,23,0,GBIF
Epidendrum,powellii,23,2,GBIF
Oberonia,anthropophora,23,0,GBIF
Apostasia,odorata Blume,23,3,GBIF
Pinalia,mysorensis,23,0,GBIF
Andinia,trimytera,23,0,GBIF
Dendrobium,rigidifolium,23,0,GBIF
Andreettaea,macroblepharis,23,0,GBIF
Dendrobium,faciferum,23,0,GBIF
Dracula,carcinopsis,23,0,GBIF
Lepanthes,veleziana,23,0,GBIF
Microsaccus,griffithii,23,0,GBIF
Coelogyne,beccarii,23,2,GBIF
Coelogyne,benguetensis,23,0,GBIF
Habenaria,alta Ridl.,23,0,GBIF
Caladenia,phaeoclavia D.,23,0,GBIF
Coelogyne,bracteosa,23,0,GBIF
Vanda,hindsii,23,0,GBIF
Crepidium,lunatum,23,0,GBIF
Caladenia,rigens D.,23,0,GBIF
Adenoncos,papuana,23,1,GBIF
Liparis,elegantula,23,0,GBIF
Satyrium,aethiopicum Summerh.,23,0,GBIF
Bifrenaria,atropurpurea,23,0,GBIF
Pleurothallis,schweinfurthii,23,0,GBIF
Dendrobium,cymbulipes,23,0,GBIF
Sarcoglottis,smithii,23,0,GBIF
Epidendrum,rigidiflorum,23,0,GBIF
Encyclia,pollardiana,23,0,GBIF
Dendrobium,cruttwellii,23,0,GBIF
Oncidium,hapalotyle,23,0,GBIF
Acianthera,nemorosa,23,0,GBIF
Liparis,delicatula,23,0,GBIF
Jacquiniella,cernua,23,0,GBIF
Brachionidium,parvum,23,0,GBIF
Thrixspermum,agusanense,23,0,GBIF
Coelogyne,glumacea,23,0,GBIF
Maxillaria,confusa,23,0,GBIF
Spathoglottis,chrysantha,23,0,GBIF
Habenaria,finetiana Schltr.,23,1,GBIF
Epidendrum,scopulorum,23,1,GBIF
Alatiliparis,lepanthes,23,0,GBIF
Mycaranthes,magnicallosa,23,0,GBIF
Dendrobium,aberrans,23,0,"Chris Howard Collection,GBIF"
Eurychone,galeandrae,23,0,GBIF
Podochilus,cultratus,23,0,GBIF
Cyrtochilum,falcipetalum,23,0,GBIF
Roeperocharis,bennettiana Rchb.f.,23,0,GBIF
Eulophia,coddii,23,0,GBIF
Bulbophyllum,bicoloratum,23,0,GBIF
Gomesa,laxiflora,23,0,GBIF
Holothrix,longiflora Rolfe,23,0,GBIF
Prosthechea,campylostalix,23,0,GBIF
Epidendrum,subpurum,23,0,GBIF
Gomesa,glaziovii,23,0,GBIF
Thelasis,pygmaea,23,0,GBIF
Thelasis,micrantha,23,0,GBIF
Elleanthus,discolor,23,0,GBIF
Maxillaria,calcarata,23,0,GBIF
Platycoryne,megalorrhyncha Summerh.,23,0,GBIF
Bulbophyllum,conchidioides,23,1,"GBIF,Tropicos - Missouri Botanical Garden"
Pinalia,acervata,23,0,GBIF
Bulbophyllum,crabro,23,0,GBIF
Dendrobium,cariniferum,23,2,"GBIF,Tropicos - Missouri Botanical Garden"
Hetaeria,occidentalis Summerh.,23,0,GBIF
Taprobanea,spathulata,23,0,GBIF
Dendrobium,moorei,23,1,GBIF
Coelogyne,prasina,23,0,GBIF
Cyrtochilum,ramosissimum,23,0,GBIF
Taeniophyllum,hirtum,23,0,GBIF
Evotella,rubiginosa,23,0,GBIF
Cattleya,pumila,23,0,GBIF
Genoplesium,capparinum D.,23,0,GBIF
Cynorkis,uncinata H.,23,0,GBIF
Pterichis,galeata Lindl.,23,0,GBIF
Lepanthes,minutilabia,23,0,GBIF
Lepanthes,lindleyana,23,0,GBIF
Stigmatodactylus,grandiflorus,23,0,GBIF
Prasophyllum,incorrectum D.,23,0,GBIF
Lyroglossa,grisebachii,23,0,GBIF
Elleanthus,petrogeiton,23,0,GBIF
Habenaria,crucifera,23,1,GBIF
Bulbophyllum,laxiflorum,23,1,GBIF
Maxillaria,diuturna,23,0,GBIF
Bulbophyllum,lepidum,23,5,"GBIF,Tropicos - Missouri Botanical Garden"
Lycaste,powellii,23,0,GBIF
Coelogyne,septemcostata,23,0,GBIF
Neottia,piluchiensis,23,0,GBIF
Habenaria,tricruris A.,23,0,GBIF
Epigeneium,treacherianum,23,0,GBIF
Cranichis,reticulata Rchb.f.,23,0,GBIF
Epidendrum,pansamalae,23,0,GBIF
Epidendrum,acuminatum,23,0,GBIF
Dilochia,cantleyi,23,0,GBIF
Vanilla,annamica Gagnep.,23,2,"GBIF,iDigBio"
Encyclia,aenicta,23,0,GBIF
Habenaria,silvatica Schltr.,23,0,GBIF
Stelis,resupinata,23,0,GBIF
Nervilia,acuminata,23,0,GBIF
Stelis,repens,23,0,GBIF
Oberonia,wightiana,23,0,GBIF
Cyrtochilum,longipes,23,0,GBIF
Stelis,oblonga,23,0,GBIF
Polystachya,johnstonii,23,0,GBIF
Dichaea,cryptarrhena,23,0,GBIF
Stelis,micrantha,23,0,GBIF
Habenaria,pleiophylla,23,0,GBIF
Epistephium,elatum Kunth,23,3,GBIF
Stelis,langlassei,23,0,GBIF
Scaphyglottis,boliviensis,23,0,GBIF
Stelis,flacca,23,0,GBIF
Gastrochilus,sororius,23,0,GBIF
Phaius,robertsii,23,0,GBIF
Pleurothallis,cernua,23,0,GBIF
Pleurothallis,coriacardia,23,0,GBIF
Bulbophyllum,schimperianum,23,0,GBIF
Pleurothallis,crescentilabia,23,0,GBIF
Eria,javanica,23,0,GBIF
Habenaria,magniscutata Catling,23,0,GBIF
Dendrobium,transversilobum,23,0,GBIF
Maxillaria,sophronitis,23,0,GBIF
Lepanthes,fulva,23,0,GBIF
Odontochilus,longiflorus Rchb.f.,23,0,GBIF
Stelis,bangii,23,0,GBIF
Dendrobium,tapiniense,23,0,GBIF
Cryptochilus,roseus,23,0,GBIF
Oncidium,amazonicum,23,0,GBIF
Polystachya,reflexa,23,0,GBIF
Stanhopea,costaricensis,23,0,GBIF
Satyrium,shirense Rolfe,23,0,GBIF
Pleurothallis,macrocardia,23,0,GBIF
Encyclia,huertae,23,0,GBIF
Pleurothallis,niveoglobula,23,0,GBIF
Maxillaria,parkeri,23,0,GBIF
Gongora,superflua,23,0,GBIF
Dendrobium,sarcochilus,23,0,GBIF
Maxillaria,discolor,23,0,GBIF
Pleurothallis,phalangifera,23,0,GBIF
Cleistes,lepida Rchb.f.,23,0,GBIF
Octomeria,connellii,23,0,GBIF
Habenaria,armatissima Rchb.f.,23,0,GBIF
Drymoanthus,minimus,22,1,GBIF
Epidendrum,papallactense,22,0,GBIF
Epigeneium,cymbidioides,22,0,GBIF
Caladenia,arrecta Hopper,22,0,GBIF
Phreatia,elata,22,0,GBIF
Neottia,listeroides,22,0,GBIF
Stichorkis,gibbosa,22,0,GBIF
Stelis,guianensis,22,0,GBIF
Liparis,tschangii,22,0,GBIF
Selenipedium,chica Rchb.f.,22,3,GBIF
Dendrobium,lituiflorum,22,0,GBIF
Trichoglottis,lanceolaria,22,0,GBIF
Stichorkis,lobongensis,22,0,GBIF
Dendrobium,gerlandianum,22,0,GBIF
Epidendrum,ciliare,22,0,GBIF
Disa,brachyceras Lindl.,22,1,GBIF
Liparis,tridens,22,0,GBIF
Notylia,trisepala,22,0,GBIF
Epidendrum,pachytepalum,22,0,GBIF
Oberonia,subligaculifera,22,0,GBIF
Epidendrum,myodes,22,0,GBIF
Habenaria,ndiana Rendle,22,0,GBIF
Cleistes,bella Rchb.f.,22,1,GBIF
Stichorkis,philippinensis,22,0,GBIF
Coelogyne,rhombophora,22,0,GBIF
Phreatia,prorepens,22,0,GBIF
Liparis,acutissima,22,0,GBIF
Habenaria,cataphysema Rchb.f.,22,0,GBIF
Pelexia,pterygantha,22,0,GBIF
Goodyera,similis Blume,22,0,GBIF
Bulbophyllum,guttulatum,22,0,"Chris Howard Collection,GBIF"
Oberonia,spathipetala,22,0,GBIF
Bulbophyllum,granulosum,22,0,GBIF
Stelis,dialissa,22,0,GBIF
Disa,extinctoria Rchb.f.,22,2,GBIF
Liparis,rusbyi,22,0,GBIF
Masdevallia,wendlandiana,22,0,GBIF
Vanda,garayi,22,0,GBIF
Pterichis,parvifolia Lindl.,22,0,GBIF
Liparis,rheedei,22,0,GBIF
Trichoglottis,orchidea,22,0,GBIF
Dendrobium,bullenianum,22,0,GBIF
Taeniophyllum,multiflorum,22,0,GBIF
Habenaria,dentifera C.,22,0,GBIF
Masdevallia,caesia,22,0,GBIF
Agrostophyllum,elongatum,22,0,GBIF
Encyclia,tripartita,22,0,GBIF
Appendicula,angustifolia,22,0,GBIF
xDactylodenia,x,22,0,GBIF
Appendicula,alba,22,0,GBIF
Dendrobium,montanum,22,1,GBIF
Paracaleana,gracilicordata,22,0,GBIF
Coelogyne,viscosa,22,0,GBIF
Cattleya,loddigesii,22,0,"GBIF,Roberta Fox Collection"
Liparis,regnieri,22,0,GBIF
Platylepis,glandulosa Lindl.,22,0,GBIF
Stelis,campanulifera,22,0,GBIF
Dendrobium,rugulosum,22,2,GBIF
Coelogyne,wenzelii,22,0,GBIF
Bulbophyllum,disjunctum,22,0,GBIF
Cattleya,jongheana,22,0,"GBIF,Roberta Fox Collection"
Dendrobium,sanguinolentum,22,0,GBIF
Platanthera,elliptica J.,22,0,GBIF
Coelogyne,parishii,22,0,GBIF
Dendrobium,nathanielis,22,0,GBIF
Vanilla,dilloniana Correll,22,3,GBIF
Anoectochilus,yatesiae F.,22,0,GBIF
Bulbophyllum,stolzii,22,0,GBIF
Maxillaria,platyloba,22,0,GBIF
Cleistesiopsis,bifaria,22,0,GBIF
Epidendrum,jaramilloi,22,1,GBIF
Dendrobium,sylvanum,22,0,GBIF
Scaphyglottis,acostae,22,0,GBIF
Porpax,repens,22,0,GBIF
Eulophia,elegans,22,0,GBIF
Maxillaria,ferdinandiana,22,0,GBIF
Cattleya,bicalhoi,22,0,GBIF
Nigritella,karawankarum W.,22,0,GBIF
Stelis,alta,22,0,GBIF
Myoxanthus,trachychlamys,22,0,GBIF
Elleanthus,fractiflexus,22,0,GBIF
Masdevallia,rolfeana,22,0,GBIF
Stelis,aemula,22,0,GBIF
xDactylocamptis,x,22,0,GBIF
Malaxis,prorepens,22,0,GBIF
Pteroceras,compressum,22,0,GBIF
Epidendrum,sumacoense,22,0,GBIF
Paphinia,rugosa,22,0,GBIF
Holothrix,brevipetala,22,0,GBIF
Gomesa,gardneri,22,0,GBIF
Agrostophyllum,mucronatum,22,0,GBIF
Epidendrum,storkii,22,0,GBIF
Holothrix,nyasae Rolfe,22,0,GBIF
Bulbophyllum,blepharistes,22,0,GBIF
Catasetum,gnomus,22,0,GBIF
Dendrobium,chamaephytum,22,1,GBIF
Aa,fiebrigii,22,0,GBIF
Thelymitra,batesii Jeanes,22,0,GBIF
Oncidium,constrictum,22,0,GBIF
Rodriguezia,pubescens,22,1,GBIF
Sobralia,lindleyana,22,0,GBIF
Prosthechea,neurosa,22,0,GBIF
Eulophia,chilangensis,22,0,GBIF
Epidendrum,congestum,22,0,GBIF
Lepanthes,helicocephala,22,0,GBIF
Epidendrum,campestre,22,0,GBIF
Tridactyle,crassifolia,22,0,GBIF
Epidendrum,goniorhachis,22,0,GBIF
Agrostophyllum,leucocephalum,22,0,GBIF
Thelymitra,gregaria D.,22,0,GBIF
Campylocentrum,jamaicense,22,0,GBIF
Sobralia,speciosa,22,0,GBIF
Dendrobium,gratiosissimum,22,0,GBIF
Gongora,pleiochroma,22,0,GBIF
Peristylus,maingayi King,22,0,GBIF
Trichosalpinx,memor,22,0,GBIF
Dendrobium,pachyglossum,22,0,GBIF
Thelymitra,improcera,22,0,GBIF
Disa,walleri Rchb.f.,22,1,GBIF
Ophrys,israelitica H.,22,0,GBIF
Cyrtopodium,braemii,22,0,GBIF
Ponthieva,triloba Schltr.,22,0,GBIF
Dendrobium,conspicuum,22,0,GBIF
Thelymitra,papuana J.,22,0,GBIF
Bromheadia,ensifolia,22,0,GBIF
Acianthera,verecunda,22,0,GBIF
Epidendrum,scharfii,22,2,"GBIF,Tropicos - Missouri Botanical Garden"
Eulophia,taitensis,22,0,GBIF
Brachycorythis,galeandra Rchb.f.,22,0,GBIF
Pterostylis,x furcillata,22,0,GBIF
Disperis,nemorosa Rendle,22,4,GBIF
Acianthera,adamantinensis,22,1,GBIF
Acineta,densa,22,0,GBIF
Bulbophyllum,vestitum,22,0,GBIF
Dendrobium,fariniferum,22,0,GBIF
Prosthechea,ionocentra,22,0,GBIF
Peristylus,biermannianus King,22,0,GBIF
Oxystophyllum,atropurpureum,22,0,GBIF
Bletia,sarcophylla,22,0,GBIF
Dactylorhiza,nieschalkiorum H.,22,0,GBIF
Crepidium,micranthum,22,0,GBIF
Angraecum,subulatum,22,0,GBIF
Dendrobium,globiflorum,22,0,GBIF
Jumellea,brachycentra,22,0,GBIF
Miltonia,candida,22,1,GBIF
Habenaria,jaegeri Summerh.,22,0,GBIF
Polystachya,virescens,22,0,GBIF
Habenaria,grandifloriformis,22,0,GBIF
Pterostylis,atriola D.,22,0,GBIF
Dendrobium,forbesii,22,0,GBIF
Epidendrum,lancilabium,22,0,GBIF
Dendrobium,distichum,22,0,GBIF
Prosthechea,roraimensis,22,0,GBIF
Prosthechea,ionophlebia,22,0,GBIF
Caladenia,peisleyi D.,22,0,GBIF
Coelogyne,blumea,22,0,GBIF
Caladenia,gardneri,22,0,GBIF
Caladenia,patersonii R.,22,0,GBIF
Dendrobium,alaticaulinum,22,0,GBIF
Appendicula,undulata,22,0,GBIF
Stelis,nexipous,22,0,GBIF
Paphiopedilum,mastersianum Rchb.f.,22,2,GBIF
Prosthechea,spondiada,22,0,GBIF
Bulbophyllum,peyrotii,22,0,GBIF
Pterostylis,biseta,22,0,GBIF
Epidendrum,chloranthum,22,0,GBIF
Dendrobium,kentrophyllum,22,1,GBIF
Peristylus,affinis D.,22,0,GBIF
Rhipidoglossum,tenuicalcar,22,0,GBIF
Habenaria,clareae Hermans,22,0,GBIF
Coelogyne,swaniana,22,0,GBIF
Epidendrum,bangii,22,0,GBIF
Dendrophylax,funalis,22,0,GBIF
Veyretia,neuroptera,22,0,GBIF
Trichocentrum,sprucei,22,0,GBIF
Habenaria,congesta Ames,22,0,GBIF
Chiloglottis,sphyrnoides D.,22,0,GBIF
Ceratostylis,scirpoides,22,0,GBIF
Maxillaria,microphyton,22,0,GBIF
Phreatia,listrophora,22,0,GBIF
Bulbophyllum,moniliforme,22,0,GBIF
Eulophia,macowanii,22,0,GBIF
Scaphyglottis,lindeniana,22,0,GBIF
Stelis,velaticaulis,22,0,GBIF
Diplocentrum,recurvum,22,0,GBIF
Epistephium,ellipticum,22,0,GBIF
Scaphyglottis,reflexa,22,0,GBIF
Preptanthe,succedanea,22,0,GBIF
Maxillaria,chartacifolia,22,0,GBIF
Ophrys,exaltata Ten.,22,0,GBIF
Luisia,zeylanica,22,0,GBIF
Coelogyne,sigmatochilus,22,0,GBIF
Habenaria,parvidens Lindl.,22,0,GBIF
Oberonia,vieillardii,22,0,GBIF
Ceratostylis,flavescens,22,0,GBIF
Epistephium,laxiflorum Barb.,22,2,"GBIF,iDigBio"
Stichorkis,merrillii,21,0,GBIF
Paphiopedilum,spicerianum Rchb.f.,21,2,GBIF
Lepanthes,turialvae,21,0,GBIF
Peristylus,calcaratus Rolfe,21,3,GBIF
Pecteilis,triflora,21,1,GBIF
Epidendrum,hymenodes,21,3,GBIF
Epidendrum,horichii,21,0,GBIF
Pelexia,laxa,21,0,GBIF
Trisetella,triglochin,21,0,GBIF
Masdevallia,ventricosa,21,0,GBIF
Masdevallia,uncifera,21,0,GBIF
Liparis,brachystalix,21,2,GBIF
Maxillaria,setigera,21,0,GBIF
Liparis,perrieri,21,0,GBIF
Maxillaria,soulangeana,21,0,GBIF
Liparis,viridipurpurea,21,0,GBIF
Listrostachys,pertusa,21,0,GBIF
Lockhartia,acuta,21,0,GBIF
Angraecopsis,ischnopus,21,0,GBIF
Lycaste,xytriophora,21,0,GBIF
Lepanthes,bradei,21,0,GBIF
Angraecum,distichum,21,0,"Chris Howard Collection,GBIF"
Tridactyle,fusifera,21,0,GBIF
Angraecum,huntleyoides,21,0,GBIF
Angraecum,patens,21,0,GBIF
Microchilus,vesicifer Rchb.f.,21,0,GBIF
Anoectochilus,setaceus Blume,21,1,GBIF
Appendicula,linearifolia,21,1,GBIF
Tylostigma,nigrescens Schltr.,21,0,GBIF
Barbosella,prorepens,21,0,GBIF
Zygopetalum,sellowii,21,0,GBIF
Trichocentrum,candidum,21,0,GBIF
Zygopetalum,brachypetalum,21,0,GBIF
Bifrenaria,floribunda,21,0,GBIF
Blepharoglossum,pallidum,21,0,GBIF
Uleiorchis,ulei,21,0,GBIF
Houlletia,brocklehurstiana,21,0,GBIF
Bulbophyllum,burfordiense,21,0,GBIF
Taeniophyllum,filiforme,21,0,GBIF
Maxillaria,hennisiana,21,4,"GBIF,Tropicos - Missouri Botanical Garden"
Hemipilia,exilis Ames,21,0,GBIF
Bulbophyllum,josephi,21,1,GBIF
Maxillaria,hastulata,21,0,GBIF
Stichorkis,benguetensis,21,0,GBIF
Habenaria,warmingii,21,0,GBIF
Habenaria,virens,21,0,GBIF
Stelis,tunguraguae,21,0,GBIF
Stelis,tricardium,21,0,GBIF
Stelis,scabrida,21,0,GBIF
Stelis,sagittata,21,0,GBIF
Habenaria,sigillum Thouars,21,0,GBIF
Stelis,pygmaea,21,0,GBIF
Bulbophyllum,pahudii,21,0,GBIF
Stelis,powellii,21,0,GBIF
Stelis,papuligera,21,0,GBIF
Stelis,oblongifolia,21,0,GBIF
Lepanthes,paivaeana,21,0,GBIF
Habenaria,regnellii Cogn.,21,0,GBIF
Stelis,euspatha,21,0,GBIF
Stelis,ekmanii,21,0,GBIF
Stelis,crescentiicola,21,0,GBIF
Habenaria,macrotidion Summerh.,21,0,GBIF
Bulbophyllum,stipulaceum,21,0,GBIF
Stelis,aviceps,21,0,GBIF
Vanda,denisoniana,21,0,GBIF
Habenaria,leucosantha Barb.,21,0,GBIF
Nigritella,x robatschiana,21,0,GBIF
Habenaria,lefebureana,21,0,GBIF
Acianthera,limae,21,0,GBIF
Caladenia,gertrudiae Ostenf.,21,0,GBIF
Caladenia,gladiolata R.,21,0,GBIF
Caladenia,petrensis A.,21,0,GBIF
Xylobium,palmifolium,21,0,GBIF
Oberonia,dubia,21,0,GBIF
Calanthe,discolor,21,0,GBIF
Spathoglottis,gracilis,21,1,GBIF
Maxillaria,funicaulis,21,0,GBIF
Campylocentrum,ornithorrhynchum,21,0,GBIF
Acianthera,panduripetala,21,0,GBIF
Catasetum,expansum,21,0,GBIF
Oberonia,longibracteata,21,0,GBIF
Habenaria,curvilabra Barb.,21,0,GBIF
Scaphyglottis,summersii,21,0,GBIF
Ceratostylis,radiata,21,0,GBIF
Ceratostylis,subcoerulea,21,0,GBIF
Cheirostylis,griffithii Lindl.,21,0,GBIF
Cleisostoma,striatum,21,0,GBIF
Habenaria,avicula Schltr.,21,0,GBIF
Coelogyne,anfracta,21,0,GBIF
Octomeria,lancipetala,21,0,GBIF
Lepanthes,jimenezii,21,0,GBIF
Coelogyne,filiformis,21,0,GBIF
Coelogyne,latifolia,21,0,GBIF
Rossioglossum,krameri,21,0,GBIF
Coelogyne,sparsa,21,0,GBIF
Rhomboda,lanceolata Lindl.,21,0,GBIF
Coelogyne,tenuifolia,21,1,GBIF
Coelogyne,veitchii,21,0,GBIF
Corybas,gastrosiphon Schltr.,21,0,GBIF
Corycium,dracomontanum,21,0,GBIF
Gomesa,gomezoides,21,0,GBIF
Pterostylis,longipetala Rupp,21,0,GBIF
Glomera,papuana,21,0,GBIF
Crossoglossa,fratrum,21,2,GBIF
Cyclopogon,bicolor,21,0,GBIF
Oncidium,harryanum,21,0,GBIF
Cylindrolobus,fastigatifolius,21,0,GBIF
Cynorkis,lilacina ssp.,21,0,GBIF
Cynorkis,sororia Schltr.,21,0,GBIF
Cynorkis,stolonifera Schltr.,21,0,GBIF
Prosthechea,glauca,21,0,GBIF
Prosthechea,fuertesii,21,0,GBIF
Prosthechea,allemanii,21,0,GBIF
Preptanthe,rosea,21,0,GBIF
Prasophyllum,truncatum Lindl.,21,0,GBIF
Cyrtopodium,brandonianum,21,0,GBIF
Dendrobium,blumei,21,4,GBIF
Ponthieva,trilobata L.,21,0,GBIF
Aerangis,seegeri,21,0,GBIF
Dendrobium,crassicaule,21,0,GBIF
Dendrobium,dactylodes,21,0,GBIF
Pomatocalpa,kunstleri,21,0,GBIF
Polystachya,oreocharis,21,0,GBIF
Polystachya,melanantha,21,0,GBIF
Dendrobium,indragiriense,21,0,GBIF
Polystachya,malilaensis,21,0,GBIF
Aeranthes,adenopoda,21,0,GBIF
Polystachya,epiphytica,21,0,GBIF
Dendrobium,longicolle,21,0,GBIF
Eulophia,kyimbilae,21,0,GBIF
Eulophia,chlorantha,21,0,GBIF
Pleurothallopsis,tubulosa,21,0,GBIF
Dendrobium,plicatile,21,0,GBIF
Eulophia,adenoglossa,21,0,GBIF
Dendrobium,prasinum,21,2,GBIF
Erythrodes,oxyglossa Schltr.,21,0,GBIF
Ophrys,lutea Gouan,21,0,GBIF
Dendrobium,sanderae,21,0,GBIF
Dendrobium,schneiderae,21,0,GBIF
Dendrobium,senile,21,3,GBIF
Aeranthes,moratii,21,0,GBIF
Maxillaria,pendula,21,0,GBIF
Dendrobium,venustum,21,0,GBIF
Dendrobium,wenzelii,21,0,GBIF
Agrostophyllum,sumatranum,21,0,GBIF
Dendrolirium,tomentosum,21,0,GBIF
Dilochia,elmeri,21,0,GBIF
Epigeneium,triflorum,21,0,GBIF
Aerides,quinquevulnera,21,0,GBIF
Platylepis,heteromorpha Rchb.f.,21,0,GBIF
Epidendrum,tridens,21,5,GBIF
Epidendrum,torquatum,21,0,GBIF
Epidendrum,stamfordianum,21,0,GBIF
Platanthera,ussuriensis Regel,21,0,GBIF
Ornithocephalus,ciliatus,21,0,GBIF
Otoglossum,chiriquense,21,0,GBIF
Diuris,insignis,21,0,GBIF
Diuris,oraria D.,21,0,GBIF
Dracula,erythrochaete,21,0,GBIF
Platanthera,contigua,21,0,GBIF
Epidendrum,platystigma,21,0,GBIF
Dryadella,aviceps,21,0,GBIF
Pabstiella,uniflora,21,0,GBIF
Pinalia,flavescens,21,0,GBIF
Elleanthus,amethystinus,21,0,GBIF
Palmorchis,lobulata,21,0,GBIF
Pinalia,chrysocardium,21,0,GBIF
Pinalia,bipunctata,21,0,GBIF
Encyclia,advena,21,0,GBIF
Encyclia,diurna,21,0,GBIF
Encyclia,enriquearcilae,21,0,GBIF
Encyclia,linearifolioides,21,0,GBIF
Paphiopedilum,charlesworthii Rolfe,21,3,GBIF
Vanilla,esquipulensis Archila,21,1,GBIF
Epidendrum,bisulcatum,21,0,GBIF
Phragmipedium,klotzschianum Rchb.f.,21,1,GBIF
Phalaenopsis,lueddemanniana,21,0,GBIF
Acianthera,leptotifolia,20,0,GBIF
Podochilus,microphyllus,20,0,GBIF
Habenaria,inconspicua Cogn.,20,0,GBIF
Podochilus,khasianus,20,0,GBIF
Epidendrum,uribei,20,0,GBIF
Gastrorchis,tuberculosa,20,0,GBIF
Bulbophyllum,flavescens,20,0,GBIF
Epidendrum,vesicicaule,20,0,GBIF
Bulbophyllum,gracillimum,20,3,GBIF
Scaphyglottis,bifida,20,0,GBIF
Styloglossum,oreadum,20,1,GBIF
Strongyleria,leiophylla,20,0,GBIF
Dendrobium,hydrophilum,20,0,GBIF
Cymbidium,madidum,20,1,GBIF
Stigmatodactylus,confusus,20,0,GBIF
Peristylus,lombokensis J.,20,0,GBIF
Neottia,inayatii,20,0,GBIF
Stichorkis,cumingii,20,0,GBIF
Stichorkis,acaulis,20,0,GBIF
Crepidium,versicolor,20,0,GBIF
Bulbophyllum,lepanthiflorum,20,0,GBIF
Vanilla,moonii Thwaites,20,1,GBIF
Epigeneium,pulchellum,20,0,GBIF
Epidendrum,dendrobii,20,0,GBIF
Oncidium,panamense,20,0,GBIF
Polystachya,isochiloides,20,0,GBIF
Stelis,tonduziana,20,0,GBIF
Stelis,thecoglossa,20,0,GBIF
Stelis,tenuilabris,20,0,GBIF
Stelis,scansor,20,0,GBIF
Stelis,salpingantha,20,0,GBIF
Eulophia,massokoensis,20,0,GBIF
Platystele,pisifera,20,0,GBIF
Bulbophyllum,nasica,20,0,GBIF
Chamaeanthus,wenzelii,20,0,GBIF
Bulbophyllum,nitens,20,0,GBIF
Habenaria,secunda Lindl.,20,0,GBIF
Bulbophyllum,odoratum,20,0,GBIF
Dichaea,splitgerberi,20,0,GBIF
Polystachya,elatior,20,0,GBIF
Ceratostylis,senilis,20,0,GBIF
Habenaria,sagittifera Rchb.f.,20,0,GBIF
Scaphyglottis,longicaulis,20,0,GBIF
Prosthechea,pamplonensis,20,0,GBIF
Ceratostylis,philippinensis,20,0,GBIF
Scaphyglottis,pulchella,20,0,GBIF
Polystachya,clavata,20,0,GBIF
Acianthera,decurrens,20,0,GBIF
Habenaria,retroflexa F.,20,0,GBIF
Dichaea,dammeriana,20,0,GBIF
Stelis,nutans,20,0,GBIF
Habenaria,repens,20,1,GBIF
Ceratostylis,anceps,20,0,GBIF
Stelis,moritzii,20,0,GBIF
Serapias,perez-chiscanoi Acedo,20,0,GBIF
Diaphananthe,gabonensis,20,0,GBIF
Dendrobium,luzonense,20,0,GBIF
Stelis,lentiginosa,20,0,GBIF
Stelis,jamesonii,20,0,GBIF
Stelis,gracilis,20,0,GBIF
Bulbophyllum,roxburghii,20,0,GBIF
Cyrtochilum,rigidum,20,0,GBIF
Crepidium,orbiculare,20,0,GBIF
Cattleya,warscewiczii,20,0,GBIF
Epistephium,sclerophyllum Lindl.,20,0,GBIF
Oberonia,pumilio,20,0,GBIF
Oberonia,obcordata,20,0,GBIF
Bulbophyllum,rugosum,20,0,GBIF
Bulbophyllum,salaccense,20,0,GBIF
Stelis,duckei,20,0,GBIF
Oberonia,monstruosa,20,1,GBIF
Habenaria,muricata Schauer,20,0,GBIF
Habenaria,mesodactyla Griseb.,20,0,GBIF
Polystachya,brassii,20,0,GBIF
Stelis,cucullata,20,0,GBIF
Vanilla,planifolia,20,10,GBIF
Habenaria,medusa Kraenzl.,20,0,GBIF
Pleurothallis,dewildei,20,0,GBIF
Cattleya,mantiqueirae,20,0,GBIF
Cattleya,lundii,20,0,"Chris Howard Collection,GBIF"
Stelis,cooperi,20,0,GBIF
Stelis,carnosiflora,20,0,GBIF
Polystachya,bicalcarata,20,0,GBIF
Bulbophyllum,sopoetanense,20,0,GBIF
Cattleya,dormaniana,20,1,GBIF
Cattleya,coccinea,20,0,GBIF
Prosthechea,greenwoodiana,20,0,GBIF
Dendrobium,taurulinum,20,0,GBIF
Bulbophyllum,subclausum,20,0,GBIF
Cattleya,bradei,20,0,GBIF
Sobralia,blancoi,20,0,GBIF
Vanda,cristata,20,0,GBIF
Dendrobium,nitidissimum,20,0,GBIF
Dendrobium,subcarinatum,20,0,GBIF
Bulbophyllum,tortuosum,20,0,GBIF
Oncidium,luteum,20,0,GBIF
Dendrobium,nudum,20,0,GBIF
Agrostophyllum,trifidum,20,0,GBIF
Epidendrum,durum,20,0,GBIF
Pleurothallis,loranthophylla,20,0,GBIF
Podochilus,strictus,20,0,GBIF
Sobralia,elisabethae,20,0,GBIF
Bulbophyllum,vagans,20,0,GBIF
Bulbophyllum,weberi,20,0,GBIF
Dendrobium,scopa,20,0,GBIF
Sobralia,infundibuligera,20,0,GBIF
Maxillaria,concavilabia,20,0,GBIF
Podochilus,plumosus,20,0,GBIF
Notylia,sagittifera,20,0,GBIF
Epidendrum,ellipsophyllum,20,0,GBIF
Habenaria,hydrophila Barb.,20,1,GBIF
Dendrobium,ruckeri,20,0,GBIF
Dendrobium,rhipidolobum,20,0,GBIF
Xylobium,undulatum,20,0,GBIF
Pleurothallis,ramificans,20,0,GBIF
Xerorchis,trichorhiza,20,0,GBIF
Caladenia,pectinata R.,20,2,iNaturalist
Caladenia,pendens ssp.,20,0,GBIF
Acianthera,miqueliana,20,0,GBIF
Dendrobium,pentapterum,20,0,GBIF
Dendrobium,pseudoconvexum,20,0,GBIF
Oberonia,drepanophylla,20,0,GBIF
Spathoglottis,papuana,20,0,GBIF
Lepanthes,helleri,20,0,GBIF
Calanthe,abbreviata,20,0,GBIF
Habenaria,fluminensis Hoehne,20,0,GBIF
Spathoglottis,vanoverberghii,20,0,GBIF
Crepidium,kinabaluense,20,0,GBIF
Vanda,limbata,20,0,GBIF
Calanthe,engleriana,20,0,GBIF
Preptanthe,vestita,20,0,GBIF
Peristylus,cubitalis L.,20,2,GBIF
Phreatia,amesii,20,0,GBIF
Phreatia,aristulifera,20,0,GBIF
Pterostylis,perculta,20,0,GBIF
Pterostylis,planulata D.,20,2,iNaturalist
Lepanthes,eciliata,20,0,GBIF
Agrostophyllum,longivaginatum,20,0,GBIF
Gomesa,barbaceniae,20,0,GBIF
Crepidium,calophyllum,20,0,GBIF
Crepidium,balabacense,20,0,GBIF
Agrostophyllum,malindangense,20,0,GBIF
Phreatia,densiflora,20,0,GBIF
Agrostophyllum,mearnsii,20,0,GBIF
Liparis,acuminata,20,0,GBIF
Cylindrolobus,aporoides,20,0,GBIF
Tropidia,pedunculata,20,0,GBIF
Pseuderia,smithiana,20,0,GBIF
Epidendrum,noackii,20,0,GBIF
Corycium,flanaganii,20,0,GBIF
Liparis,ferruginea,20,3,GBIF
Phreatia,luzoniensis,20,0,GBIF
Corybas,taliensis,20,2,iNaturalist
Oncidium,roseoides,20,0,GBIF
Lepanthes,tridentata,20,0,GBIF
Epidendrum,coriifolium,20,0,GBIF
Anacamptis,laxiflora ssp.,20,0,GBIF
Cyrtorchis,brownii,20,0,GBIF
Gomphichis,viscosa Rchb.f.,20,0,GBIF
Masdevallia,pumila,20,0,GBIF
Masdevallia,polysticta,20,0,GBIF
Oncidium,parviflorum,20,0,GBIF
Pseudolaelia,canaanensis,20,0,GBIF
Gongora,aromatica,20,0,GBIF
Liparis,genychila,20,0,GBIF
Phalaenopsis,cornu-cervi,20,0,GBIF
Liparis,glossula,20,0,GBIF
Encyclia,howardii,20,0,GBIF
Encyclia,fehlingii,20,0,GBIF
Masdevallia,mutica,20,0,GBIF
Liparis,pygmaea,20,0,GBIF
Renanthera,storiei,20,0,GBIF
Liparis,rivalis,20,0,GBIF
Encyclia,angustiloba,20,0,GBIF
Masdevallia,hirtzii,20,0,GBIF
Lockhartia,parthenoglossa,20,0,GBIF
Lueddemannia,pescatorei,20,0,GBIF
Tropidia,effusa,20,0,GBIF
Coelogyne,ventricosa,20,0,GBIF
Maxillaria,vaginalis,20,0,GBIF
Prasophyllum,campestre,20,0,GBIF
Elleanthus,tricallosus,20,0,GBIF
Elleanthus,tillandsioides,20,0,GBIF
Phreatia,sulcata,20,0,GBIF
Cyclopogon,argyrifolius,20,0,GBIF
Elleanthus,stolonifer,20,0,GBIF
Mediocalcar,arfakense,20,0,GBIF
Elleanthus,magnicallosus,20,0,GBIF
Malaxis,insperata,20,0,GBIF
Elleanthus,conifer,20,0,GBIF
Epidendrum,lockhartioides,20,0,GBIF
Robiquetia,amesiana,20,0,GBIF
Pseuderia,platyphylla,20,0,GBIF
Coelogyne,pumila,20,0,GBIF
Genoplesium,clivicola D.,20,0,GBIF
Robiquetia,ascendens,20,0,GBIF
Pinalia,erecta,20,0,GBIF
Coelogyne,propinqua,20,0,GBIF
Epidendrum,colombianum,20,0,GBIF
Elleanthus,amethystinoides,20,0,GBIF
Angraecum,breve,20,0,GBIF
Echinosepala,aspasicensis,20,0,GBIF
Coelogyne,parvula,20,0,GBIF
Angraecum,chermezonii,20,0,GBIF
Duckeella,alticola C.,20,2,GBIF
Cryptarrhena,lunata,20,0,GBIF
Pinalia,oligotricha,20,0,GBIF
Porpax,nyassana,20,0,GBIF
Pinalia,pachystachya,20,0,GBIF
Robiquetia,vanoverberghii,20,0,GBIF
Pinalia,polyura,20,0,GBIF
Trichotosia,ramosii,20,0,GBIF
Pinalia,profusa,20,0,GBIF
Trichotosia,pilosissima,20,0,GBIF
Coelogyne,merrillii,20,0,GBIF
Angraecum,parvulum,20,0,GBIF
Trichotosia,aporina,20,0,GBIF
Platanthera,dilatata,20,2,GBIF
Trichoglottis,subviolacea,20,0,GBIF
Trichoglottis,mindanaensis,20,0,GBIF
Dendrobium,conanthum,20,0,GBIF
Pabstiella,matinhensis,20,0,GBIF
Sarcanthopsis,nagarensis,20,0,GBIF
Coelogyne,lamellulifera,20,0,GBIF
Appendicula,infundibuliformis,20,0,GBIF
Pabstiella,ephemera,20,0,GBIF
Appendicula,pauciflora,20,0,GBIF
Guarianthe,hennisiana,20,0,GBIF
Appendicula,pendula,20,0,GBIF
Micropera,obtusa,20,0,GBIF
Appendicula,torta,20,0,GBIF
Appendicula,xytriophora,20,0,GBIF
Trichocentrum,oestlundianum,20,0,GBIF
Coelogyne,flaccida,20,0,"Chris Howard Collection,GBIF"
Trichocentrum,nudum,20,0,GBIF
Pabstiella,arcuata,20,0,GBIF
Jumellea,rigida,20,0,GBIF
Diuris,gregaria D.,20,0,GBIF
Jumellea,recta,20,0,GBIF
Eulophia,stricta,20,0,GBIF
Diuris,drummondii Lindl.,20,0,GBIF
Trachoma,rhopalorrhachis,20,0,GBIF
Sarcoglottis,hunteriana,20,0,GBIF
Oxystophyllum,elmeri,20,0,GBIF
Sarcoglottis,schwackei,20,0,GBIF
Epidendrum,refractum,20,0,GBIF
Dendrobium,dactyliferum,20,0,GBIF
Oxystophyllum,cultratum,20,0,GBIF
Coelogyne,cumingii,20,0,GBIF
Aglossorrhyncha,biflora,20,0,GBIF
Pomatocalpa,fuscum,20,0,GBIF
Coelogyne,convallariiformis,20,0,GBIF
Habenaria,acuifera Wall.,20,0,GBIF
Tolumnia,guttata,20,0,GBIF
Blepharoglossum,parviflorum,20,0,GBIF
Agrostophyllum,philippinense,20,0,GBIF
Brachypeza,unguiculata,20,0,GBIF
Coelogyne,aurantiaca,20,0,GBIF
Genoplesium,calopterum,20,0,GBIF
Brassia,endresii,20,0,GBIF
Brassia,pozoi,20,0,GBIF
Octomeria,integrilabia,20,0,GBIF
Mormodes,lobulata,20,0,GBIF
Ornithocephalus,cochleariformis,20,0,GBIF
Genoplesium,brachystachyum Lindl.,20,0,GBIF
Ida,cobbiana,20,0,GBIF
Bryobium,hyacinthoides,20,0,GBIF
Pterostylis,chaetophora M.,20,0,GBIF
Phalaenopsis,parishii,20,0,GBIF
Bryobium,pudicum,20,1,GBIF
Habenaria,baeuerlenii,20,0,GBIF
Octomeria,colombiana,20,0,GBIF
Mycaranthes,latifolia,20,0,GBIF
Mycaranthes,obliqua,20,0,GBIF
Mycaranthes,oblitterata,20,0,GBIF
Mycaranthes,tricuspidata,20,0,GBIF
Bulbophyllum,alsiosum,20,0,GBIF
Bulbophyllum,aristatum,20,0,GBIF
Cleisostoma,quinquefidum,20,0,GBIF
Bulbophyllum,callosum,20,0,GBIF
Orchis,x loreziana,20,12,iNaturalist
Gavilea,gladysiae Chemisquy,20,0,GBIF
Bulbophyllum,ceratostylis,20,0,GBIF
Cleisocentron,merrillianum,20,0,GBIF
Bulbophyllum,ciliatilabrum,20,0,GBIF
Himantoglossum,hircinum L.,20,2,GBIF
Bulbophyllum,cochleatum,20,0,GBIF
Habenaria,brittonae Ames,20,1,GBIF
Hetaeria,whitmeei Rchb.f.,20,0,GBIF
Glomera,keysseri,20,0,GBIF
Tainia,papuana,20,0,GBIF
Polystachya,paulensis,20,0,GBIF
Maxillaria,nubigena,20,0,GBIF
Platylepis,densiflora Rolfe,20,0,GBIF
Podochilus,intricatus,19,0,GBIF
Goodyera,macrophylla Lowe,19,0,GBIF
Pleurothallis,giraldoi,19,1,"GBIF,Tropicos - Missouri Botanical Garden"
Caladenia,dienema D.,19,0,GBIF
Habenaria,conopsea Rchb.f.,19,0,GBIF
Polystachya,laurentii,19,0,GBIF
Anathallis,minutalis,19,0,GBIF
Jumellea,intricata,19,0,GBIF
Lepanthes,blephariglossa,19,0,GBIF
Epidendrum,parviexasperatum,19,3,"GBIF,iNaturalist"
Elleanthus,kermesinus,19,0,GBIF
Bifrenaria,racemosa,19,0,GBIF
Pleurothallis,restrepioides,19,0,GBIF
Maxillaria,candida,19,0,GBIF
Chiloglottis,anaticeps D.,19,0,GBIF
Sphyrarhynchus,brevilobus,19,0,GBIF
Caladenia,saggicola D.,19,0,GBIF
Neottia,tenuis,19,0,GBIF
Habenaria,gracilis Lindl.,19,0,GBIF
Galearis,cyclochila Franch.,19,0,GBIF
Nervilia,fuerstenbergiana,19,0,GBIF
Bulbophyllum,concinnum,19,0,GBIF
Phragmipedium,caricinum,19,0,GBIF
Tolumnia,triquetra,19,0,GBIF
Bulbophyllum,plumula,19,0,GBIF
Stanhopea,pulla,19,0,GBIF
Neobathiea,grandidierana,19,0,GBIF
Pleurothallis,matudana,19,0,GBIF
Porroglossum,mordax,19,0,GBIF
Epidendrum,rousseauae,19,0,GBIF
Paraholcoglossum,amesianum,19,0,GBIF
Bonatea,saundersioides Kraenzl.,19,0,GBIF
Bulbophyllum,melanoglossum,19,1,GBIF
Thrixspermum,flammeum,19,0,GBIF
Epidendrum,guanacastense,19,2,GBIF
Epidendrum,anoglossoides,19,0,GBIF
Lepanthes,exilis,19,0,GBIF
Paphiopedilum,venustum Wall.,19,3,GBIF
Brachycorythis,disoides Ridl.,19,0,GBIF
Brachycorythis,velutina Schltr.,19,0,GBIF
Habenaria,alpestris Cogn.,19,0,GBIF
Epidendrum,mesogastropodium,19,0,GBIF
Polystachya,caespitosa,19,0,GBIF
Isabelia,virginalis,19,0,GBIF
Epidendrum,macrocyphum,19,0,GBIF
Pleione,albiflora,19,0,GBIF
Paphiopedilum,haynaldianum Rchb.f.,19,1,GBIF
Disa,linderiana,19,0,GBIF
Diaphananthe,divitiflora,19,0,GBIF
Crepidium,amplectens,19,0,GBIF
Scaphyglottis,spathulata,19,0,GBIF
Cyrtorchis,injoloensis,19,0,GBIF
Clematepistephium,smilacifolium,19,0,GBIF
Platanthera,superantha J.,19,0,GBIF
Bulbophyllum,multiflorum,19,0,GBIF
Trichosalpinx,egleri,19,0,GBIF
Coelogyne,macdonaldii,19,0,GBIF
Satyrium,elongatum Rolfe,19,1,GBIF
Trichopilia,galeottiana,19,0,GBIF
Dendrobium,verruciferum,19,1,"GBIF,Tropicos - Missouri Botanical Garden"
Trichoglottis,scandens,19,0,GBIF
Deiregyne,velata,19,0,GBIF
Cynorkis,anisoloba Summerh.,19,0,GBIF
Dendrobium,koordersii,19,0,GBIF
Dendrobium,muricatum,19,0,GBIF
Bulbophyllum,nematocaulon,19,0,GBIF
Phreatia,matthewsii,19,0,GBIF
Micropera,callosa,19,0,GBIF
Glomera,salicornioides,19,0,GBIF
Epidendrum,nutans,19,0,GBIF
Podochilus,similis,19,0,GBIF
Cryptarrhena,kegelii,19,0,GBIF
Platanthera,komarovii Schltr.,19,3,iNaturalist
Oberonia,masarangica,19,0,GBIF
Bulbophyllum,hildebrandtii,19,0,GBIF
Bryobium,punctatum,19,0,GBIF
Grosourdya,emarginata,19,0,GBIF
Dendrobium,lacteum,19,3,GBIF
Zeuxine,elongata Rolfe,19,0,GBIF
Bulbophyllum,saltatorium,19,0,GBIF
Zygostates,multiflora,19,0,GBIF
Tropidia,disticha,19,2,GBIF
Phalaenopsis,difformis,19,0,GBIF
Coelogyne,gracilipes,19,0,GBIF
Hylophila,nipponica Fukuy.,19,0,GBIF
Satyrium,oliganthum Schltr.,19,3,GBIF
Pterostylis,crebriflora,19,0,GBIF
Habenaria,woodii Schltr.,19,0,GBIF
Oncidium,karwinskii,19,1,GBIF
Holothrix,unifolia Rchb.f.,19,0,GBIF
Lepanthes,ovalis,19,0,GBIF
Collabium,nebulosum,19,0,GBIF
Bulbophyllum,bontocense,19,0,GBIF
Luisia,megasepala,19,0,GBIF
Trichocentrum,aurisasinorum,19,0,GBIF
Luisia,morsei,19,0,GBIF
Bulbophyllum,brachystachyum,19,1,"GBIF,Tropicos - Missouri Botanical Garden"
Stelis,nitens,19,0,GBIF
Vrydagzynea,albida Blume,19,0,GBIF
Ceratostylis,simplex,19,0,GBIF
Maxillaria,exaltata,19,1,GBIF
Dendrobium,barbatum,19,0,GBIF
Warczewiczella,guianensis,19,0,GBIF
Oncidium,tripudians,19,0,GBIF
Coelogyne,kouytcheensis,18,0,GBIF
Cyclopogon,prasophylloides,18,0,GBIF
Crepidium,wenzelii,18,0,GBIF
Pterostylis,saxosa,18,1,GBIF
Aerangis,ikopana,18,0,GBIF
Deiregyne,chartacea,18,0,GBIF
Corybas,montanus D.,18,0,GBIF
Andreettaea,mucronata,18,0,GBIF
Oeoniella,aphrodite,18,0,GBIF
Goodyera,oblongifolia Raf.,18,0,GBIF
Fernandezia,breviconnata,18,0,GBIF
Maxillaria,falcata,18,0,GBIF
Ophrys,apifera,18,2,GBIF
Eurycentrum,salomonense Schltr.,18,0,GBIF
Cymbidium,devonianum,18,0,GBIF
Coelogyne,assamica,18,0,GBIF
Habenaria,aristulifera Rchb.f.,18,0,GBIF
Dendrobium,finetianum,18,1,"GBIF,Tropicos - Missouri Botanical Garden"
Satyrium,rostratum Lindl.,18,0,GBIF
Chondroscaphe,bicolor,18,0,GBIF
Chloraea,heteroglossa Rchb.f.,18,0,GBIF
Scaphyglottis,brasiliensis,18,0,GBIF
Dendrobium,ionopus,18,0,GBIF
Dendrobium,juncoideum,18,1,GBIF
Epidendrum,juergensenii,18,0,GBIF
Scaphyglottis,propinqua,18,0,GBIF
Habenaria,cultrata A.,18,0,GBIF
Cattleya,wittigiana,18,0,GBIF
Paracaleana,brockmanii Hopper,18,0,GBIF
Polystachya,caduca,18,0,GBIF
Cattleya,caulescens,18,0,GBIF
Dendrobium,nodosum,18,0,GBIF
Oberonia,forcipata,18,0,GBIF
Vanda,miniata,18,1,GBIF
Calanthe,henryi,18,0,GBIF
Calanthe,fissa,18,0,GBIF
Anathallis,linearifolia,18,0,GBIF
Caladenia,occidentalis Hopper,18,0,GBIF
Bulbophyllum,zebrinum,18,0,GBIF
Bulbophyllum,vakonae,18,0,GBIF
Stanhopea,cirrhata,18,0,GBIF
Habenaria,lankesteri Ames,18,0,GBIF
Stanhopea,maculosa,18,0,GBIF
Dendrobium,subretusum,18,0,GBIF
Neuwiedia,zollingeri Rchb.f.,18,4,GBIF
Pleurothallis,crucifera,18,0,GBIF
Paphiopedilum,violascens Schltr.,18,2,GBIF
Bulbophyllum,psittacoglossum,18,0,GBIF
Acianthera,erinacea,18,0,GBIF
Bulbophyllum,phormion,18,0,GBIF
Habenaria,rzedowskiana,18,0,GBIF
Bulbophyllum,newportii,18,1,GBIF
Maxillaria,callichroma,18,0,GBIF
Dinklageella,liberica,18,0,GBIF
Epigeneium,stella-silvae,18,0,GBIF
Bulbophyllum,lilacinum,18,7,GBIF
Ophrys,x skopelii,18,0,GBIF
Neocogniauxia,hexaptera,18,0,GBIF
Herminium,himalayanum Renz,18,0,GBIF
Ophrys,x vanlookeniana,18,0,GBIF
Myoxanthus,octomerioides,18,0,GBIF
Holothrix,longicornu G.,18,0,GBIF
Disa,roseovittata,18,0,GBIF
Lepanthes,obtusa,18,0,GBIF
Acianthera,auriculata,18,0,GBIF
Thelymitra,lucida Jeanes,18,0,GBIF
Disperis,cooperi Harv.,18,1,GBIF
Imerinaea,madagascarica,18,0,GBIF
Platanthera,sikkimensis Hook.f.,18,0,GBIF
Thrixspermum,anceps,18,0,GBIF
Thrixspermum,integrum,18,0,GBIF
Tolumnia,henekenii,18,0,GBIF
Aulosepalum,ramentaceum,18,0,GBIF
Appendicula,rubens,18,0,GBIF
Epidendrum,prostratum,18,0,GBIF
Angraecum,cornucopiae,18,0,GBIF
Eleorchis,japonica,18,0,GBIF
Epidendrum,lloense,18,2,GBIF
Malaxis,rosilloi,18,0,GBIF
Lycomormium,squalidum,18,0,GBIF
Epidendrum,pajitense,18,0,GBIF
Encyclia,thrombodes,18,0,GBIF
Epiblastus,cuneatus,18,0,GBIF
Phreatia,elegans,18,0,GBIF
Epidendrum,alvarezdeltoroi,18,0,GBIF
Paphiopedilum,javanicum Reinw.,18,0,GBIF
Pelexia,laminata,18,0,GBIF
Peristeria,cerina,18,0,GBIF
Phragmipedium,lindleyanum R.,18,2,GBIF
Oncidium,oblongatum,18,1,GBIF
Prosthechea,alagoensis,18,0,GBIF
Cypripedium,taiwanalpinum Y.,18,1,GBIF
Cynorkis,villosa Rolfe,18,0,GBIF
Gastrorchis,steinhardtiana,18,0,GBIF
Cymbidium,wilsonii,18,0,GBIF
Bulbophyllum,platypodum,17,1,"GBIF,Tropicos - Missouri Botanical Garden"
Bletia,concolor,17,0,GBIF
Diceratostele,gabonensis,17,0,GBIF
Stichorkis,stricklandiana,17,0,GBIF
Anathallis,aristulata,17,0,GBIF
Cyrtochilum,loesenerianum,17,1,GBIF
Oncidium,planilabre,17,0,GBIF
Masdevallia,norops,17,0,GBIF
Cattleya,mendelii,17,0,GBIF
Liparis,madrensis,17,0,GBIF
Podochilus,australiensis,17,0,GBIF
Epipogium,kentingense,17,0,GBIF
Fernandezia,pseudodichaea,17,0,GBIF
Bulbophyllum,lasianthum,17,0,GBIF
Epidendrum,alabastrialatum,17,0,GBIF
Maxillaria,grisebachiana,17,0,GBIF
Zeuxine,purpurascens Blume,17,0,GBIF
Peristylus,richardianus Wight,17,0,GBIF
Vrydagzynea,schumanniana Kraenzl.,17,0,GBIF
Vanilla,appendiculata Rolfe,17,3,"GBIF,iDigBio"
Chiloglottis,platyptera D.,17,0,GBIF
Eria,gagnepainii,17,0,GBIF
Lepanthes,ekmanii,17,0,GBIF
Dactylorhiza,x ruppertii,17,0,GBIF
Nervilia,ballii,17,0,GBIF
Lepanthes,obtusipetala,17,0,GBIF
Dendrobium,rhodopterygium,17,0,GBIF
Prosthechea,garciana,17,0,GBIF
Epidendrum,fulgens,17,0,GBIF
Dendrobium,triquetrum,17,0,GBIF
Pterostylis,tenuissima Nicholls,17,0,GBIF
Bulbophyllum,tenuislinguae,17,1,GBIF
Paphiopedilum,concolor Bateman,17,1,GBIF
Platystele,hirtzii,17,0,GBIF
Caladenia,leptochila ssp.,17,0,GBIF
Bulbophyllum,tetragonum,17,0,GBIF
Lepanthopsis,serrulata,17,0,GBIF
Cheirostylis,tortilacinia C.,17,0,GBIF
Diploprora,truncata,17,0,GBIF
Habenaria,tahitensis Nadeaud,17,0,GBIF
Epidendrum,physodes,17,0,GBIF
Oncidium,blandum,17,0,GBIF
Epidendrum,chlorops,17,1,"GBIF,Tropicos - Missouri Botanical Garden"
Coelogyne,peltastes,17,0,GBIF
Porphyrostachys,parviflora C.,17,0,GBIF
Habenaria,supplicans Summerh.,17,0,GBIF
Bulbophyllum,masoalanum,17,0,GBIF
Lepanthes,deleastes,17,0,GBIF
Maxillaria,rubioi,17,0,GBIF
Masdevallia,rubiginosa,17,0,GBIF
Cynorkis,citrata Thouars,17,0,GBIF
Scaphyglottis,cuniculata,17,0,GBIF
Lepanthes,pantomima,17,0,GBIF
Liparis,caillei,17,0,GBIF
Polystachya,heckmanniana,17,0,GBIF
Pterostylis,crassa D.,17,0,GBIF
Trichoglottis,amesiana,17,0,GBIF
Polystachya,rhodochila,17,0,GBIF
Goodyera,venusta Schltr.,17,0,GBIF
Brachycorythis,pumilio Lindl.,17,0,GBIF
Dendrobium,calceolum,17,0,GBIF
Microchilus,ovatus Lindl.,17,0,GBIF
Cleistes,costaricensis Christenson,17,1,GBIF
Coelogyne,quadriloba,17,0,GBIF
Bulbophyllum,cocoinum,17,0,GBIF
Calanthe,alta,17,0,GBIF
Brachionidium,pusillum,17,0,GBIF
Coelogyne,calcicola,17,0,GBIF
Pleurothallis,discoidea,17,4,"GBIF,Tropicos - Missouri Botanical Garden"
Pinalia,appendiculata,17,0,GBIF
Dendrobium,peguanum,17,0,"Chris Howard Collection,GBIF"
Disa,nyikensis H.,17,3,GBIF
Microchilus,lunifer Schltr.,17,0,GBIF
Phragmipedium,lindenii,17,0,GBIF
Barbosella,crassifolia,17,0,GBIF
Telipogon,hemimelas,17,0,GBIF
Cattleya,rupestris,17,0,GBIF
Angraecopsis,tenerrima,17,0,GBIF
Herminium,pugioniforme Lindl.,17,0,GBIF
Cleistes,moritzii,17,0,GBIF
Anacamptis,x nicodemi,17,0,GBIF
Phalaenopsis,pallens,17,0,GBIF
Epistephium,williamsii Hook.f.,17,1,GBIF
Kefersteinia,laminata,17,0,GBIF
Guarianthe,x,17,4,GBIF
Govenia,bella,17,0,GBIF
Bulbophyllum,scopa,17,0,GBIF
Telipogon,ampliflorus,17,0,GBIF
Dendrobium,metachilinum,17,0,GBIF
Lycomormium,,17,2,GBIF
Uncifera,obtusifolia,17,0,GBIF
Phalaenopsis,zhejiangensis,17,0,GBIF
Bulbophyllum,epicranthes,17,1,GBIF
Pterostylis,longicornis,17,0,GBIF
Hemipilia,tibetica Schltr.,17,0,GBIF
Trichotosia,microphylla,17,0,GBIF
Prescottia,phleoides Lindl.,17,0,GBIF
Rhipidoglossum,brachyceras,17,0,GBIF
Bulbophyllum,graciliscapum,17,0,GBIF
Bulbophyllum,quadrichaete,17,0,GBIF
Bulbophyllum,pygmaeum,17,0,GBIF
Maxillaria,tenuis,17,0,GBIF
Dendrobium,scopula,17,1,GBIF
Epidendrum,ariasii,17,1,GBIF
Epidendrum,viviparum,17,0,GBIF
Disa,staerkeriana McMurtry,17,0,GBIF
Caladenia,orestes D.,17,0,GBIF
Notylia,nemorosa,17,0,GBIF
Sirindhornia,monophylla,17,0,GBIF
Hemipilia,limprichtii Schltr.,17,0,GBIF
Habenaria,procera Afzel.,17,0,GBIF
Epidendrum,flabellilobatum,17,0,GBIF
Glomera,latipetala,17,1,GBIF
Dendrobium,serratilabium,17,0,GBIF
Pabstiella,punctatifolia,17,0,GBIF
Epidendrum,pomecense,17,0,GBIF
Bulbophyllum,inconspicuum,17,0,GBIF
Restrepia,antennifera,17,4,GBIF
Microchilus,procerus Schltr.,16,0,GBIF
Cattleya,porphyroglossa,16,0,GBIF
Dracula,vlad-tepes,16,0,GBIF
Brassia,peruviana,16,0,GBIF
Platanthera,stenochila X.,16,0,GBIF
Trichotosia,lagunensis,16,0,GBIF
Coelogyne,brachyptera,16,0,GBIF
Cynorkis,gigas Schltr.,16,0,Tropicos - Missouri Botanical Garden
Angraecum,zaratananae,16,0,GBIF
Thrixspermum,complanatum,16,0,GBIF
Polystachya,tsinjoarivensis,16,0,GBIF
Habenaria,adolphi Schltr.,16,0,GBIF
Bonatea,volkensiana Kraenzl.,16,0,GBIF
Dendrobium,dilatatocolle,16,0,GBIF
Bletia,stenophylla,16,0,GBIF
Lepanthes,tenuiloba,16,0,GBIF
Tolumnia,calochila,16,0,GBIF
Eulophia,sclerophylla,16,0,GBIF
Porpax,articulata,16,0,GBIF
Acianthera,unguicallosa,16,0,GBIF
Dendrobium,piranha,16,0,GBIF
Pleurothallis,carduela,16,0,GBIF
Octomeria,rotundiglossa,16,0,GBIF
Trichocentrum,caatingaense,16,0,GBIF
Jumellea,recurva,16,0,GBIF
Specklinia,endotrachys,16,0,GBIF
Ponthieva,sprucei Cogn.,16,0,GBIF
Coelogyne,elmeri,16,0,GBIF
Pabstiella,elegantula,16,0,GBIF
Coelogyne,foxworthyi,16,0,GBIF
Paracaleana,triens,16,0,GBIF
Micropera,utriculosa,16,0,GBIF
Habenaria,ibarrae,16,0,GBIF
Galearis,tschiliensis Schltr.,16,0,GBIF
Habenaria,dusenii Schltr.,16,0,GBIF
Galeandra,lagoensis,16,0,GBIF
Pelexia,ventricosa,16,0,GBIF
Dendrobium,luxurians,16,0,GBIF
Andreettaea,quinqueseta,16,0,GBIF
Habenaria,humidicola Rolfe,16,0,GBIF
Oncidium,aspidorhinum,16,0,GBIF
Bulbophyllum,pipio,16,0,GBIF
Dactylorhiza,x,16,0,GBIF
Schizochilus,lilacinus Schelpe,16,0,GBIF
Caladenia,insularis G.,16,0,GBIF
Ancistrorhynchus,ovatus,16,0,GBIF
Scaphyglottis,pumila,16,0,GBIF
Epidendrum,elatum,16,3,"GBIF,Tropicos - Missouri Botanical Garden"
Cranichis,scripta Kraenzl.,16,0,GBIF
Scaphyglottis,laevilabium,16,0,GBIF
Ceratostylis,wenzelii,16,0,GBIF
Dendrobium,kraemeri,16,0,GBIF
Maxillaria,rotundilabia,16,3,"GBIF,Tropicos - Missouri Botanical Garden"
Platystele,schmidtchenii,16,0,GBIF
Bulbophyllum,toilliezae,16,0,GBIF
Liparis,cymbidiifolia,16,0,GBIF
Bulbophyllum,melinanthum,16,0,GBIF
Dilomilis,scirpoidea,16,0,GBIF
Platystele,ovatilabia,16,0,GBIF
Cheirostylis,orobanchoides F.,16,0,GBIF
Stelis,velatipes,16,0,GBIF
Bulbophyllum,mangenotii,16,0,GBIF
Acianthera,scabripes,16,0,GBIF
Dendrobium,nitidicolle,16,0,GBIF
Gomesa,nitida,16,0,GBIF
Encyclia,osmantha,16,0,GBIF
Neottia,nepalensis,16,0,GBIF
Dendrobium,seranicum,16,0,GBIF
Chiloglottis,palachila,16,0,GBIF
Bulbophyllum,leptoleucum,16,0,GBIF
Dendrobium,nebularum,16,0,GBIF
Gongora,cruciformis,16,0,GBIF
Ophrys,x pantaliciensis,16,0,GBIF
Epidendrum,littorale,16,0,GBIF
Dendrobium,tangerinum,16,0,GBIF
Vanda,coerulescens,16,6,GBIF
Ophrys,episcopalis Poir.,16,0,GBIF
Oberonia,zeylanica,16,0,GBIF
Hemipilia,kinoshitae Makino,16,0,GBIF
Bulbophyllum,gusdorfii,16,0,GBIF
Lepanthes,jubata,16,0,GBIF
Rhipidoglossum,globulosocalcaratum,16,0,GBIF
Luisia,ramosii,16,0,GBIF
Epidendrum,candelabrum,16,0,GBIF
Stelis,bicallosa,16,0,GBIF
Chloraea,multilineolata C.,16,0,GBIF
Bulbophyllum,elegans,16,0,GBIF
Polystachya,parva,16,0,GBIF
Maxillaria,violaceopunctata,16,3,"GBIF,Tropicos - Missouri Botanical Garden"
Dendrobium,hendersonii,16,0,GBIF
Catasetum,spitzii,16,0,GBIF
Teagueia,zeus,16,0,GBIF
Platylepis,commelynae Lindl.,16,0,GBIF
Callostylis,rigida,16,0,GBIF
Maxillaria,weberbaueri,16,0,GBIF
Malaxis,tamayoana,16,0,GBIF
Cynorkis,calcarata Thouars,16,0,GBIF
Satyrium,striatum Thunb.,16,0,GBIF
Bulbophyllum,claptonense,16,0,GBIF
Pinalia,densa,16,0,GBIF
Phaius,philippinensis,16,1,GBIF
Octomeria,yauaperyensis,16,0,GBIF
Duckeella,adolphii Porto,16,3,GBIF
Tridactyle,phaeocephala,16,0,GBIF
Vanda,testacea,16,0,GBIF
Acianthera,appendiculata,16,1,GBIF
Habenaria,meeana Toscano,16,0,GBIF
Dendrobium,garrettii,16,0,GBIF
Bulbophyllum,aemulum,16,0,GBIF
Cleistes,grandiflora Aubl.,16,1,GBIF
Maxillaria,patens,16,0,GBIF
Epidendrum,splendens,16,4,GBIF
Microchilus,panamanicus Ormerod,16,0,GBIF
Spathoglottis,eburnea,16,0,GBIF
Pescatoria,hirtzii,16,0,GBIF
Monophyllorchis,microstyloides,16,0,GBIF
Lockhartia,galeottiana,15,0,GBIF
Epidendrum,piperinum,15,0,GBIF
Platanthera,minutiflora Schltr.,15,0,GBIF
Rossioglossum,williamsianum,15,0,GBIF
Styloglossum,leucosceptrum,15,0,GBIF
Warczewiczella,marginata,15,0,GBIF
Trichoglottis,tenera,15,0,GBIF
Glomera,stenocentron,15,0,GBIF
Pleurothallis,lacera,15,0,GBIF
Epidendrum,calyptrochilum,15,0,GBIF
Bulbophyllum,pteroglossum,15,0,GBIF
Pterostylis,lortensis,15,0,GBIF
Comparettia,jamiesonii,15,0,GBIF
Habenaria,debeerstiana,15,1,"GBIF,Tropicos - Missouri Botanical Garden"
Oberonia,gammiei,15,0,GBIF
Maxillaria,nutans,15,0,GBIF
Caladenia,paradoxa Hopper,15,1,GBIF
Bulbophyllum,steyermarkii,15,0,GBIF
Masdevallia,herradurae,15,0,GBIF
Dendrobium,wilsonii,15,0,GBIF
Phalaenopsis,fuscata,15,0,GBIF
Lepanthes,chimaera,15,0,GBIF
Caladenia,curtisepala D.,15,0,GBIF
Bonatea,lamprophylla J.,15,0,GBIF
Dendrobium,cochleatum,15,0,GBIF
Otoglossum,weberbauerianum,15,0,GBIF
Bulbophyllum,amoenum,15,0,GBIF
Brachystele,cyclochila,15,0,GBIF
Cylindrolobus,bidupensis,15,0,GBIF
Rhipidoglossum,mildbraedii,15,0,GBIF
Rhipidoglossum,pusillum,15,0,GBIF
Habenaria,parva Summerh.,15,0,GBIF
Peristylus,spiralis A.,15,0,GBIF
Coelogyne,strongiae,15,2,GBIF
Angraecum,reygaertii,15,0,GBIF
xBrassocattleya,x,15,0,GBIF
Lycaste,x,15,0,GBIF
Cyrtochilum,megalophium,15,0,GBIF
Specklinia,pisinna,15,0,GBIF
Microcoelia,caespitosa,15,0,GBIF
Tridactyle,cruciformis,15,0,GBIF
Bulbophyllum,afzelii,15,0,GBIF
Dendrobium,filicaule,15,3,GBIF
Oberonia,falcifolia,15,0,GBIF
Microchilus,roseus Lindl.,15,0,GBIF
Habenaria,ekmaniana Kraenzl.,15,0,GBIF
Acanthophippium,gougahense,15,1,GBIF
Crepidium,zippelii,15,0,GBIF
Auxopus,kamerunensis,15,3,GBIF
Vrydagzynea,albostriata Schltr.,15,0,GBIF
Angraecopsis,trifurca,15,0,GBIF
Herminium,suave,15,0,GBIF
Andinia,longiserpens,15,0,GBIF
Zeuxine,lunulata,15,0,GBIF
Trichopilia,maculata,15,0,GBIF
Pabstiella,alligatorifera,15,0,GBIF
Maxillaria,xylobiiflora,15,0,GBIF
Stelis,chihobensis,15,0,GBIF
Telipogon,mesotropicalis,15,0,GBIF
Sarcoglottis,homalogastra,15,0,GBIF
Dracula,rezekiana,15,0,GBIF
Coelogyne,serratoi,15,0,GBIF
Bulbophyllum,concatenatum,15,0,GBIF
Habenaria,occidentalis Lindl.,15,0,GBIF
Pinalia,obesa,15,0,GBIF
Phaius,mannii,15,0,GBIF
Epidendrum,brevicernuum,15,0,GBIF
Epidendrum,brachyglossum,15,0,GBIF
Smithsonia,straminea,15,0,GBIF
Caladenia,anthracina D.,15,0,GBIF
Brownleea,maculata P.,15,3,GBIF
Ponera,exilis,15,0,GBIF
Octomeria,gracilis,15,0,GBIF
Bulbophyllum,simile,15,0,GBIF
Dendrobium,marivelense,15,3,GBIF
Satyrium,rupestre Schltr.,15,1,GBIF
Habenaria,chlorina,15,1,GBIF
Koellensteinia,ionoptera,15,0,GBIF
Vrydagzynea,lancifolia Ridl.,15,1,GBIF
Jumellea,jumelleana,15,0,GBIF
Gomesa,dasytyle,15,0,GBIF
Bulbophyllum,wightii,15,2,GBIF
Bifrenaria,picta,15,0,GBIF
Appendicula,effusa,15,0,GBIF
Stelis,rhodotantha,15,0,GBIF
Acriopsis,densiflora,15,0,GBIF
Kylicanthe,perezverae,15,0,GBIF
Habenaria,distantiflora A.,15,0,GBIF
Coelogyne,mantis,15,0,GBIF
Liparis,dunnii,15,0,GBIF
Prasophyllum,rogersii Rupp,15,0,GBIF
Maxillaria,campanulata,15,1,"GBIF,Tropicos - Missouri Botanical Garden"
Epidendrum,mojandae,15,0,GBIF
Platystele,minimiflora,15,0,GBIF
Podochilus,bicaudatus,15,0,GBIF
Nervilia,alishanensis,15,0,GBIF
Stanhopea,annulata,15,0,GBIF
Bulbophyllum,othonis,15,0,GBIF
Lepanthes,hondurensis,15,0,GBIF
Habenaria,transvaalensis Schltr.,15,0,GBIF
Habenaria,trichosantha Wall.,15,0,GBIF
Bulbophyllum,caespitosum,15,0,GBIF
Plectorrhiza,erecta,15,0,GBIF
Tolumnia,usneoides,15,0,GBIF
Prasophyllum,taphanyx D.,15,0,GBIF
Maxillaria,flava,15,0,GBIF
Angraecum,coutrixii,15,0,GBIF
Bulbophyllum,lilianae,15,0,GBIF
Stanhopea,pseudoradiosa,15,0,GBIF
Neottia,megalochila,15,0,GBIF
Adenoncos,major,15,0,GBIF
Aerangis,gravenreuthii,15,0,GBIF
Stelis,punctulata,15,0,GBIF
Aerangis,pallidiflora,15,0,GBIF
Dichaea,histrio,15,0,GBIF
Dendrobium,interjectum,15,0,GBIF
Scaphyglottis,tenuis,15,0,GBIF
Epidendrum,amapense,15,0,GBIF
Epidendrum,amaruense,15,0,GBIF
Appendicula,carnosa,15,0,GBIF
Liparis,gracilenta,15,0,GBIF
Liparis,kwangtungensis,15,0,GBIF
Epidendrum,odontochilum,15,0,GBIF
Cylindrolobus,biflorus,15,0,GBIF
Epidendrum,robustum,15,0,GBIF
Disa,sanguinea Sond.,15,0,GBIF
Lepanthes,volvox,15,0,GBIF
Pleurothallis,index,15,0,GBIF
Bulbophyllum,johnsonii,15,0,GBIF
Epidendrum,angustisegmentum,15,0,GBIF
Encyclia,conchaechila,15,0,GBIF
Stelis,nagelii,15,0,GBIF
Dendrobium,lomatochilum,15,0,GBIF
Tropidia,saprophytica,15,0,GBIF
Cyrtostylis,tenuissima Nicholls,15,0,GBIF
Liparis,simmondsii,15,0,GBIF
Habenaria,tonkinensis Seidenf.,14,0,GBIF
Maxillaria,gomeziana,14,0,GBIF
Aeranthes,denticulata,14,0,GBIF
Stanhopea,frymirei,14,0,GBIF
Bulbophyllum,trigonobulbum,14,0,GBIF
Dendrobium,stenocentrum,14,2,GBIF
Polycycnis,lepida,14,0,GBIF
Gastrochilus,acaulis,14,0,GBIF
Eriaxis,rigida Rchb.f.,14,1,GBIF
Polystachya,affinis,14,0,GBIF
Stelis,bracteolenta,14,0,GBIF
Polystachya,bancoensis,14,0,GBIF
Pleurothallis,erythrium,14,0,GBIF
Gastrochilus,rantabunensis,14,0,GBIF
Pleurothallis,crateriformis,14,0,GBIF
Cattleya,nobilior,14,3,"GBIF,Tropicos - Missouri Botanical Garden"
Dendrobium,mekynosepalum,14,0,GBIF
Maxillaria,nivea,14,2,GBIF
Aa,argyrolepis,14,1,GBIF
Habenaria,pabstii,14,1,GBIF
Dendrobium,wightii,14,0,GBIF
Bulbophyllum,pumilum,14,0,GBIF
Habenaria,polyodon Hook.f.,14,0,GBIF
Bulbophyllum,proudlockii,14,0,GBIF
Diaphananthe,plehniana,14,0,GBIF
Habenaria,cuevasiana,14,1,"GBIF,Tropicos - Missouri Botanical Garden"
Nervilia,gammieana,14,0,GBIF
Ceratostylis,ramosa,14,0,GBIF
Dendrobium,langbianense,14,0,GBIF
Bulbophyllum,oreodorum,14,0,GBIF
Eulophia,macrantha,14,0,GBIF
Chamelophyton,kegelii,14,0,GBIF
Stelis,rutrum,14,0,GBIF
Epidendrum,jimburense,14,0,GBIF
Cypripedium,calcicola Schltr.,14,1,GBIF
Stelis,ximenae,14,0,GBIF
Catasetum,juruenense,14,0,GBIF
Bulbophyllum,lorentzianum,14,0,GBIF
Galeandra,dives,14,0,GBIF
Polystachya,laxiflora,14,0,GBIF
Polystachya,leonensis,14,0,GBIF
Eulophia,monotropis,14,0,GBIF
Stichorkis,lingulata,14,1,GBIF
Lepanthes,oreocharis,14,0,GBIF
Bulbophyllum,imbricatum,14,0,GBIF
Hemipilia,kwangsiensis,14,0,GBIF
Chiloschista,viridiflava,14,1,GBIF
Epidendrum,vesicinanum,14,0,GBIF
Epidendrum,camposii,14,0,GBIF
Pterostylis,heberlei D.,14,0,GBIF
Taeniophyllum,robustum,14,0,GBIF
Pterostylis,glebosa,14,0,GBIF
Tainia,bicornis,14,0,GBIF
Disa,klugei McMurtry,14,1,GBIF
Scaphosepalum,triceratops,14,0,GBIF
Herminium,tangianum S.,14,0,GBIF
Telipogon,marleneae,14,0,GBIF
Telipogon,pogonostalix,14,0,GBIF
Bulbophyllum,coloratum,14,0,GBIF
Chysis,bruennowiana,14,0,GBIF
Cynorkis,sambiranoensis Schltr.,14,0,GBIF
Orchis,x plessidiaca,14,0,GBIF
Polystachya,shega,14,0,GBIF
Pterostylis,galgula D.,14,0,GBIF
Bulbophyllum,attenuatum,14,0,GBIF
Bulbophyllum,aristilabre,14,0,GBIF
Polystachya,subumbellata,14,0,GBIF
Cleistes,aphylla Hoehne,14,1,GBIF
Bulbophyllum,acutebracteatum,14,0,GBIF
Oreorchis,parvula,14,0,GBIF
Polystachya,thomensis,14,0,GBIF
Habenaria,balfouriana Schltr.,14,1,GBIF
Habenaria,aviculoides Ames,14,1,GBIF
Dendrobium,fallacinum,14,0,GBIF
Bromheadia,aporoides,14,0,GBIF
Polystachya,tsaratananae,14,0,GBIF
Cynorkis,gabonensis Summerh.,14,2,GBIF
Thrixspermum,graeffei,14,2,GBIF
Polystachya,uluguruensis,14,0,GBIF
Habenaria,acuminata Thwaites,14,0,GBIF
Dendrobium,cyclobulbon,14,0,GBIF
Coelogyne,echinolabium,14,0,GBIF
Benthamia,humbertii H.,14,0,GBIF
Ponthieva,andicola Rchb.f.,14,0,GBIF
Coelogyne,edii,14,0,GBIF
Ponthieva,cornuta Rchb.f.,14,0,GBIF
Beloglottis,hameri,14,0,GBIF
Baskervilla,assurgens Lindl.,14,0,GBIF
Diuris,striata Rupp,14,0,GBIF
Coelogyne,histrix,14,0,GBIF
Diuris,x polymorpha,14,0,GBIF
Microcoelia,smithii,14,0,GBIF
Saccolabium,pusillum,14,0,GBIF
Dracula,exasperata,14,0,GBIF
Lankesteriana,comayaguensis,14,0,GBIF
Govenia,tequilana,14,0,GBIF
Pinalia,woodiana,14,0,GBIF
Pinalia,truncicola,14,0,GBIF
Phalaenopsis,maculata,14,0,GBIF
Maxillaria,longicolumna,14,0,GBIF
Epidendrum,costatum,14,0,GBIF
Robiquetia,gracilis,14,0,GBIF
Angraecum,bicallosum,14,0,GBIF
Lepanthes,aurea,14,0,GBIF
Dendrobium,baeuerlenii,14,0,GBIF
Lepanthes,transparens,14,0,GBIF
Dendrobium,aratriferum,14,0,GBIF
Crossoglossa,tipuloides,14,0,GBIF
Liparis,siamensis,14,0,GBIF
Lepanthes,cuatrecasasii,14,0,GBIF
Acineta,sulcata,14,0,GBIF
Encyclia,oxypetala,14,0,GBIF
Encyclia,randii,14,0,GBIF
Liparis,cardiophylla,14,0,GBIF
Cystorchis,javanica Blume,14,0,GBIF
Encyclia,xerophytica,14,0,GBIF
Masdevallia,schroederiana,14,0,GBIF
Oncidium,punctulatum,14,0,GBIF
Oncidium,praenitens,14,0,GBIF
Epidendrum,allenii,14,0,GBIF
Pelexia,obliqua,14,0,GBIF
Maxillaria,parvibulbosa,14,0,GBIF
Funkiella,nutantiflora,14,0,GBIF
Cymbidium,tigrinum,14,0,GBIF
Epidendrum,atwoodchlamys,14,0,GBIF
Pterostylis,microphylla,14,0,GBIF
Cyrtochilum,gargantua,14,0,GBIF
Phragmipedium,boissierianum Rchb.f.,14,2,"GBIF,Tropicos - Missouri Botanical Garden"
Plocoglottis,bicallosa,14,0,GBIF
Epidendrum,envigadoense,14,1,GBIF
Epidendrum,buenaventurae,14,2,"GBIF,iNaturalist"
Specklinia,trichyphis,14,0,GBIF
Dendrobium,roseatum,14,0,GBIF
Dendrobium,padangense,14,0,GBIF
Calyptrochilum,emarginatum,14,0,GBIF
Sobralia,odorata,14,0,GBIF
Oberonia,insectifera,14,1,GBIF
Sobralia,crispissima,13,0,GBIF
Disperis,kilimanjarica Rendle,13,3,GBIF
Thelymitra,silena D.,13,0,GBIF
Octomeria,dentifera,13,0,GBIF
Coelogyne,multiflora,13,1,GBIF
Dendrobium,fleckeri,13,0,GBIF
Disperis,capensis L.f.,13,1,GBIF
Maxillaria,miniata,13,1,"GBIF,Tropicos - Missouri Botanical Garden"
Coelogyne,odoratissima,13,4,iNaturalist
Paphiopedilum,victoria-regina ssp.,13,0,GBIF
Platanthera,x channellii,13,1,GBIF
Vanda,pumila,13,0,GBIF
Zeuxine,philippinensis Ames,13,0,GBIF
Cynorkis,rungweensis Schltr.,13,0,GBIF
Oreorchis,bilamellata,13,0,GBIF
Polystachya,subdiphylla,13,0,GBIF
Microchilus,guianensis Ormerod,13,0,GBIF
Holothrix,hydra P.,13,0,GBIF
Glomera,kerewensis,13,0,GBIF
Thelasis,variabilis,13,0,GBIF
Cleisostoma,linearilobatum,13,2,GBIF
Maxillaria,nicaraguensis,13,0,GBIF
Holothrix,buchananii Schltr.,13,2,GBIF
Porrorhachis,galbina,13,0,GBIF
Angraecum,appendiculatum,13,0,GBIF
Acianthera,breviflora,13,0,GBIF
Bulbophyllum,cirrhosum,13,0,GBIF
Epidendrum,chaparense,13,0,GBIF
Epidendrum,becerrae,13,0,GBIF
Bulbophyllum,colubrinum,13,0,GBIF
Malaxis,buchtienii,13,0,GBIF
Eulophia,pratensis,13,0,GBIF
Coelogyne,stenochila,13,0,GBIF
Epidendrum,tessmannii,13,0,GBIF
Telipogon,farfanii,13,0,GBIF
Telipogon,boissierianus,13,0,GBIF
Glomera,fransseniana,13,1,GBIF
Peristylus,stocksii Hook.f.,13,0,GBIF
Bulbophyllum,elatum,13,0,GBIF
Masdevallia,cinnamomea,13,0,GBIF
Cyrtochilum,ringens,13,0,GBIF
Eulophia,elisabethae,13,0,GBIF
Bulbophyllum,striatellum,13,1,GBIF
Chloraea,densipapillosa C.,13,0,GBIF
Masdevallia,fulvescens,13,0,GBIF
Paphinia,neudeckeri,13,0,GBIF
Maxillaria,tristis,13,0,GBIF
Bulbophyllum,frostii,13,0,GBIF
Restrepia,flosculata,13,0,GBIF
Epidendrum,vinosum,13,0,GBIF
Bulbophyllum,ikongoense,13,1,GBIF
Liparis,sula,13,0,GBIF
Hemipilia,calophylla C.,13,0,GBIF
Bulbophyllum,ionophyllum,13,0,GBIF
Gongora,tridentata,13,0,GBIF
Phalaenopsis,fimbriata,13,0,GBIF
Helleriella,nicaraguensis,13,0,GBIF
Renanthera,bella,13,0,GBIF
Comparettia,tungurahuae,13,0,GBIF
Lepanthes,falx-bellica,13,0,GBIF
Epidendrum,obliquum,13,0,GBIF
Odontorrhynchus,alticola,13,0,GBIF
Dendrobium,agrostophylloides,13,1,GBIF
Platystele,aurea,13,0,GBIF
Corybas,pignalii E.,13,0,GBIF
Dendrobium,sulcatum,13,0,"Chris Howard Collection,GBIF"
Dendrobium,aciculare,13,0,GBIF
Bulbophyllum,lissoglossum,13,1,GBIF
Pleurothallis,helleri,13,4,GBIF
Habenaria,tweedieae Summerh.,13,0,GBIF
Habenaria,thomsonii Rchb.f.,13,0,GBIF
Epidendrum,densiflorum,13,2,"GBIF,Tropicos - Missouri Botanical Garden"
Liparis,bernieri,13,1,GBIF
Genoplesium,trifidum Rupp,13,0,GBIF
Polystachya,fischeri,13,0,GBIF
Platystele,posadarum,13,0,GBIF
Masdevallia,schizopetala,13,0,GBIF
Caladenia,ambusta,13,0,GBIF
Encyclia,xipheres,13,2,GBIF
Notylia,yauaperyensis,13,0,GBIF
Prasophyllum,roseum D.,13,0,GBIF
Platystele,stonyx,13,0,GBIF
Dichaea,oxyglossa,13,0,GBIF
Stelis,pompalis,13,2,GBIF
Dichaea,kegelii,13,0,GBIF
Caladenia,abbreviata Hopper,13,0,GBIF
Vanda,flabellata,13,0,GBIF
Maxillaria,quadrata,13,0,GBIF
Glomera,versteegii,13,0,GBIF
Lepanthopsis,abbreviata,13,0,GBIF
Caladenia,flaccida D.,13,0,GBIF
Vanilla,francoisii H.,13,1,GBIF
Lepanthes,wrightii,13,0,GBIF
Epipogium,japonicum,13,0,GBIF
Bulbophyllum,pidacanthum,13,1,GBIF
Maxillaria,pastensis,13,1,GBIF
Epistephium,amplexicaule,13,0,GBIF
Dichaea,anchorifera,13,0,GBIF
Oncidium,armatum,13,0,GBIF
Diaphananthe,welwitschii,13,0,GBIF
Epidendrum,boricuomutelianum,13,0,GBIF
Oncidium,aurarium,13,0,GBIF
Peristylus,aliformis,13,0,GBIF
Epidendrum,gibbosum,13,0,GBIF
Sobralia,granitica,13,0,GBIF
Pleurothallis,anthrax,13,0,GBIF
Bulbophyllum,regnellii,13,0,GBIF
Phloeophila,echinantha,13,0,GBIF
Calanthe,conspicua,13,0,GBIF
Habenaria,nasuta,13,0,GBIF
Cynorkis,falcata Frapp.,13,0,GBIF
Diuris,pulchella D.,13,0,GBIF
Erythrodes,triloba Carr,13,0,GBIF
Pleurothallis,scurrula,13,0,GBIF
Microtis,brownii Rchb.f.,13,0,GBIF
Catasetum,cristatum,13,0,GBIF
Domingoa,gemma,13,0,GBIF
Appendicula,luzonensis,13,0,GBIF
xSerapicamptis,x,13,1,GBIF
Bifrenaria,charlesworthii,13,0,GBIF
Sarcoglyphis,mirabilis,13,0,GBIF
Appendicula,floribunda,13,0,GBIF
Peristylus,hamiltonianus Lindl.,13,0,GBIF
Epidendrum,friderici-guilielmi,13,0,GBIF
Blepharoglossum,bicolor,13,0,GBIF
Dendrobium,compressimentum,13,0,GBIF
Jejewoodia,longicalcarata,13,0,GBIF
Funkiella,stolonifera,13,2,GBIF
Brachycorythis,tanganyikensis Summerh.,13,0,GBIF
Dracula,psyche,13,0,GBIF
Angraecum,subcordatum,13,0,GBIF
Epidendrum,scalpelligerum,13,0,GBIF
Disperis,latigaleata H.,13,1,GBIF
Epidendrum,portoricense,13,0,GBIF
Angraecum,sedifolium,13,0,GBIF
Epidendrum,greenwoodii,12,0,GBIF
Coelogyne,auricularis,12,0,GBIF
Octomeria,warmingii,12,0,GBIF
Oberonia,merapiensis,12,0,GBIF
Epidendrum,gentryi,12,0,GBIF
Bulbophyllum,longivaginans,12,0,GBIF
Cyrtochilum,betancurii,12,0,GBIF
Diplocentrum,congestum,12,1,GBIF
Lepanthes,deformis,12,0,GBIF
Dracula,trichroma,12,0,GBIF
Angraecum,rostratum,12,0,GBIF
Caladenia,leucochila A.,12,1,GBIF
Aerangis,carnea,12,0,GBIF
Solenangis,clavata,12,0,GBIF
Coeliopsis,hyacinthosma,12,0,GBIF
Eulophia,bracteosa,12,0,GBIF
Dendrobium,erectifolium,12,0,GBIF
Angraecum,pinifolium,12,0,GBIF
Brassia,signata,12,0,GBIF
Brassia,warszewiczii,12,0,GBIF
Ornithocephalus,tripterus,12,0,GBIF
Pinalia,rhynchostyloides,12,0,GBIF
Bromheadia,brevifolia,12,0,GBIF
Epidendrum,longicrure,12,0,GBIF
Angraecum,longicaule,12,0,GBIF
Gomesa,foliosa,12,0,GBIF
Dressleria,fragrans,12,0,GBIF
Oberonia,lotsyana,12,0,GBIF
Epidendrum,leopardihamatum,12,0,GBIF
Callostylis,pulchella,12,4,GBIF
Stelis,scandens,12,0,GBIF
Dryadella,meiracyllium,12,0,GBIF
Trichoglottis,biglandulosa,12,0,GBIF
Cynorkis,globifera H.,12,0,GBIF
Lepanthes,focalis,12,0,GBIF
Paphiopedilum,dianthum,12,0,GBIF
Liparis,auriculata,12,0,GBIF
Bulbophyllum,sigmoideum,12,1,GBIF
Stelis,lankesteri,12,0,GBIF
Epidendrum,stanhopeanum,12,0,GBIF
Thelymitra,cyanapicata Jeanes,12,0,GBIF
Chaubardia,surinamensis,12,0,GBIF
Aeridostachya,mearnsii,12,0,GBIF
Encyclia,triangulifera,12,0,GBIF
Notylia,boliviensis,12,0,GBIF
Cyclopogon,warmingii,12,0,GBIF
Coelogyne,datensis,12,0,GBIF
Pleurothallis,lamellaris,12,0,GBIF
Lepanthes,josei,12,0,GBIF
Platystele,resimula,12,0,GBIF
Cattleya,flavasulina,12,0,GBIF
Dendrobium,macraporum,12,0,GBIF
Echinosepala,arenicola,12,0,GBIF
Platystele,stevensonii,12,0,GBIF
Bulbophyllum,campos-portoi,12,0,GBIF
Bulbophyllum,rigidum,12,0,GBIF
Maxillaria,longiloba,12,0,GBIF
Epidendrum,mora-retanae,12,2,"GBIF,Tropicos - Missouri Botanical Garden"
Angraecum,appendiculoides,12,0,GBIF
Telipogon,tayacajaensis,12,1,GBIF
Andreettaea,sibatensis,12,0,GBIF
Polystachya,eurygnatha,12,0,GBIF
Angraecum,ampullaceum,12,0,GBIF
Bulbophyllum,rothschildianum,12,0,Chris Howard Collection
Cischweinfia,platychila,12,0,GBIF
Angraecum,amplexicaule,12,0,GBIF
Scaphyglottis,geminata,12,0,GBIF
Plocoglottis,sakiensis,12,0,GBIF
Sertifera,colombiana,12,0,GBIF
Prasophyllum,anticum D.,12,0,GBIF
Coelogyne,rigidula,12,1,GBIF
Brachycorythis,paucifolia Summerh.,12,0,GBIF
Bulbophyllum,colubrimodum,12,0,GBIF
Malaxis,hispaniolae,12,0,GBIF
Megastylis,paradoxa,12,0,GBIF
Catasetum,confusum,12,0,GBIF
Habenaria,montolivaea Kraenzl.,12,1,GBIF
Bulbophyllum,schefferi,12,0,GBIF
Epidendrum,cordiforme,12,0,GBIF
Goodyera,rostellata,12,0,GBIF
Scaphosepalum,rapax,12,0,GBIF
Coelogyne,squamulosa,12,0,GBIF
Trichotosia,fusca,12,1,GBIF
Gymnadenia,crassinervis Finet,12,0,GBIF
Andinia,pseudocaulescens,12,0,GBIF
Stelis,polybotrya,12,0,GBIF
Cypripedium,henryi Rolfe,12,2,"GBIF,iDigBio"
Disa,maculomarronina McMurtry,12,1,GBIF
Sarcochilus,hartmannii,12,0,GBIF
Dendrobium,henryi,12,2,GBIF
Eulophia,suzannae,12,0,GBIF
Acianthera,murex,12,0,GBIF
Bulbophyllum,elegantius,12,0,GBIF
Phaius,nanus,12,0,GBIF
Coelogyne,totilabia,12,0,GBIF
Neobolusia,ciliata Summerh.,12,0,GBIF
Glomera,erythrosma,12,0,GBIF
Taeniophyllum,retrospiculatum,12,0,GBIF
Coelogyne,ustulata,12,0,GBIF
Trichocentrum,crispiflorum,12,0,GBIF
Herminium,handelii X.,12,0,GBIF
Ceratostylis,dataensis,12,0,GBIF
Habenaria,engleriana Kraenzl.,12,0,GBIF
Ceratostylis,alpina,12,1,GBIF
Maxillaria,aequiloba,12,1,"GBIF,Tropicos - Missouri Botanical Garden"
Taeniophyllum,gracile,12,0,GBIF
Aerangis,alcicornis,12,0,GBIF
Trichopilia,sanguinolenta,12,1,GBIF
Taeniophyllum,elmeri,12,0,GBIF
Lepanthes,helgae,12,0,GBIF
Oberonia,gracilis,12,0,GBIF
Maxillaria,albiflora,12,0,GBIF
Maxillaria,amabilis,12,0,GBIF
Epidendrum,maderoi,12,0,GBIF
Tolumnia,sasseri,12,0,GBIF
Dendrobium,imitans,12,0,GBIF
Cyrtochilum,ixioides,12,0,GBIF
Masdevallia,lata,12,0,GBIF
Thunia,pulchra,12,0,GBIF
Roeperocharis,nigrescens,12,0,GBIF
Oncidium,lykaiosii,12,1,GBIF
Encyclia,cyperifolia,12,0,GBIF
Lepanthes,falcata,12,0,GBIF
Renanthera,caloptera,12,0,GBIF
Dendrobium,simplex,12,2,GBIF
Dendrobium,sabahense,12,0,GBIF
Platanthera,mearnsii Ames,12,1,GBIF
Dendrobium,takadui,12,0,GBIF
Stichorkis,nebuligena,12,0,GBIF
Pleurothallis,alopex,12,0,GBIF
Epidendrum,hamatum,12,0,GBIF
Lepanthes,ionoptera,12,3,GBIF
Scaphyglottis,coriacea,12,0,GBIF
Liparis,javanica,12,0,GBIF
Stichorkis,gracilis,12,0,GBIF
Phreatia,myosurus,12,0,GBIF
Habenaria,hymenophylla Schltr.,12,1,GBIF
Platystele,acicularis,12,0,GBIF
Oeonia,curvata,12,0,GBIF
Pleurothallis,alveolata,12,0,GBIF
Appendicula,imbricata,12,0,GBIF
Corybas,globulus,12,0,GBIF
Dendrobium,ochraceum,12,0,GBIF
Disa,sankeyi Rolfe,11,0,GBIF
Lepanthes,ollaris,11,0,GBIF
Maxillaria,grobyoides,11,0,GBIF
Lepanthes,tamaensis,11,0,GBIF
Leptotes,tenuis,11,0,GBIF
Liparis,ambohimangana,11,0,GBIF
Liparis,angustilabris,11,0,GBIF
Trisetella,hirtzii,11,0,GBIF
Liparis,retusa,11,0,GBIF
Liparis,stolzii,11,0,GBIF
Tridactyle,verrucosa,11,0,GBIF
Angraecum,eichlerianum,11,0,GBIF
Angraecum,floribundum,11,0,GBIF
Acampe,joiceyana,11,0,GBIF
Angraecum,mofakoko,11,0,GBIF
Angraecum,onivense,11,0,GBIF
Trichoglottis,seidenfadenii,11,0,GBIF
Trichoglottis,koordersii,11,0,GBIF
Appendicula,congenera,11,0,GBIF
Appendicula,flaccida,11,0,GBIF
Blepharoglossum,trichoglotte,11,0,GBIF
Thrixspermum,amesianum,11,0,GBIF
Bryobium,pullum,11,0,GBIF
Aa,calceata,11,0,GBIF
Zeuxine,plantaginea Rchb.f.,11,0,GBIF
Summerhayesia,zambesiaca,11,0,GBIF
Bulbophyllum,hians,11,0,GBIF
Stigmatodactylus,paradoxus Prain,11,0,GBIF
Stigmatodactylus,macroglossus,11,0,GBIF
Stigmatodactylus,bracteatus Rendle,11,0,GBIF
Stichorkis,finetiana,11,0,GBIF
Bulbophyllum,korthalsii,11,0,GBIF
Bulbophyllum,lasiochilum,11,0,"Chris Howard Collection,GBIF"
Stelis,yanganensis,11,0,GBIF
Stelis,williamsii,11,0,GBIF
Bulbophyllum,ovatolanceatum,11,0,GBIF
Stelis,oestlundiana,11,0,GBIF
Bulbophyllum,placochilum,11,0,GBIF
Acianthera,ellipsophylla,11,0,GBIF
Bulbophyllum,rolfei,11,3,GBIF
Bulbophyllum,tixieri,11,0,GBIF
Bulbophyllum,violaceum,11,0,GBIF
Calochilus,caeruleus L.,11,0,GBIF
Calymmanthera,paniculata,11,0,GBIF
Skeptrostachys,disoides,11,0,GBIF
Warczewiczella,wailesiana,11,0,GBIF
Cattleya,trianae,11,0,GBIF
Chloraea,bidentata,11,0,GBIF
Scaphyglottis,arctata,11,0,GBIF
Coelogyne,brunnea,11,0,GBIF
Sarcoglyphis,smithiana,11,0,GBIF
Coelogyne,exaltata,11,0,GBIF
Coelogyne,obtusifolia,11,1,GBIF
Coelogyne,palawanensis,11,0,GBIF
Robiquetia,insectifera,11,0,GBIF
Robiquetia,angustifolia,11,0,GBIF
Coelogyne,tenuis,11,0,GBIF
Collabium,delavayi,11,0,GBIF
Comparettia,rubriflora,11,0,GBIF
Quisqueya,ekmanii,11,0,GBIF
Pterygodium,catholicum L.,11,2,"GBIF,iDigBio"
Cranichis,elliptica Schltr.,11,0,GBIF
Pterostylis,saxum D.,11,1,GBIF
Crepidium,damusicum,11,0,GBIF
Crepidium,junghuhnii,11,0,GBIF
Crepidium,setipes,11,0,GBIF
Pterostylis,calceolus M.,11,0,GBIF
Pseuderia,foliosa,11,0,GBIF
Prosthechea,vagans,11,0,GBIF
Cynorkis,commersoniana A.,11,0,GBIF
Cynorkis,hologlossa Schltr.,11,1,GBIF
Cypripedium,forrestii P.,11,1,GBIF
Cypripedium,shanxiense S.,11,2,"GBIF,Tropicos - Missouri Botanical Garden"
Cyrtochilum,cordatum,11,0,GBIF
Cyrtopodium,paludicola,11,0,GBIF
Cyrtorchis,letouzeyi,11,0,GBIF
Dactylorhiza,armeniaca,11,0,GBIF
Dactylorhiza,x aschersoniana,11,0,GBIF
Dendrobium,adamsii,11,0,GBIF
Vanilla,raabii Ormerod,11,1,GBIF
Dendrobium,brassii,11,0,GBIF
Porpax,nana,11,0,GBIF
Aerangis,rostellaris,11,0,GBIF
Dendrobium,crispilinguum,11,0,GBIF
Vanilla,polylepis Summerh.,11,5,"GBIF,iDigBio"
Dendrobium,phalangillum,11,0,GBIF
Dendrobium,sarcophyllum,11,0,GBIF
Dendrobium,scotiiforme,11,3,GBIF
Dendrobium,sladei,11,0,GBIF
Pleurothallis,gonzaleziorum,11,1,GBIF
Pleurothallis,gomezii,11,0,GBIF
Dendrobium,tiongii,11,1,GBIF
Pleurothallis,aspergillum,11,0,GBIF
Aerides,burbidgei,11,0,GBIF
Dichaea,tenuifolia,11,0,GBIF
Didymoplexis,verrucosa,11,0,GBIF
Vanilla,odorata C.,11,8,"GBIF,iDigBio"
Disa,ornithantha Schltr.,11,4,"GBIF,iDigBio"
Disperis,aphylla Kraenzl.,11,1,GBIF
Disperis,discifera H.,11,1,GBIF
Vanilla,karen-christianae,11,0,GBIF
Platanthera,neglecta Schltr.,11,1,GBIF
Diuris,eborensis D.,11,1,GBIF
Dracula,hirtzii,11,0,GBIF
Dracula,pusilla,11,0,GBIF
Platanthera,bhutanica K.,11,0,GBIF
Pinalia,lamonganensis,11,0,GBIF
xPseudadenia,x,11,0,GBIF
Eltroplectris,misera Kraenzl.,11,0,GBIF
Encyclia,ochrantha,11,0,GBIF
Epidendrum,amazonicoriifolium,11,5,"GBIF,Tropicos - Missouri Botanical Garden"
Epidendrum,calyptratum,11,1,GBIF
Epidendrum,dichaeoides,11,0,GBIF
Peristylus,minimiflorus Kraenzl.,11,0,GBIF
Epidendrum,euspathum,11,0,GBIF
Peristylus,hallieri J.,11,0,GBIF
Paphiopedilum,exul Ridl.,11,3,GBIF
Epidendrum,oaxacanum,11,0,GBIF
Epidendrum,ornithidii,11,0,GBIF
Epidendrum,pachycoleum,11,0,GBIF
Agrostophyllum,montis-jayanum,11,0,GBIF
Epidendrum,quisayanum,11,0,GBIF
Epidendrum,sisgaense,11,0,GBIF
Epidendrum,spruceanum,11,0,GBIF
Orchis,x angusticruris,11,0,GBIF
Epidendrum,tequendamae,11,0,GBIF
Ophrys,x quadriloba,11,0,GBIF
Eulophia,hebdingiana,11,0,GBIF
Ophrys,apifera Huds.,11,0,GBIF
Eurystyles,auriculata,11,2,GBIF
Ophrys,aegaea,11,0,GBIF
Oncidium,pardalis,11,0,GBIF
Gastrodia,confusa,11,0,GBIF
Genoplesium,formosum D.,11,0,GBIF
Glomera,dekockii,11,0,GBIF
Oncidium,exalatum,11,1,GBIF
Glomera,manicata,11,0,GBIF
Glomera,noroma,11,0,GBIF
Glomera,salmonea,11,0,GBIF
Gomesa,ottonis,11,0,GBIF
Gomesa,pulchella,11,0,GBIF
Gongora,meneziana,11,0,GBIF
Octomeria,pusilla,11,0,GBIF
Habenaria,anisitsii Kraenzl.,11,0,GBIF
Habenaria,batesii la,11,1,GBIF
Octarrhena,platyrachis,11,0,GBIF
Habenaria,hippocrepica J.,11,1,GBIF
Notylia,pentachne,11,0,GBIF
Neuwiedia,borneensis de,11,4,"GBIF,iDigBio"
Nervilia,jacksoniae,11,0,GBIF
Habenaria,rupestris,11,0,GBIF
Habenaria,salaccensis Blume,11,0,GBIF
Vanda,celebica,11,0,GBIF
Neottia,puberula,11,0,GBIF
Habenaria,trichoglossa Renz,11,0,GBIF
Hetaeria,affinis,11,0,GBIF
Holothrix,pleistodactyla Kraenzl.,11,0,GBIF
Mormodes,powellii,11,0,GBIF
Mormodes,horichii,11,0,GBIF
Kylicanthe,bueae,11,0,GBIF
Lecanorchis,triloba J.,11,2,GBIF
Microchilus,paleaceus Schltr.,11,0,GBIF
Tylostigma,foliosum Schltr.,11,0,GBIF
Maxillaria,tubercularis,11,0,GBIF
Maxillaria,sanantonioensis,11,0,GBIF
Maxillaria,plicata,11,0,GBIF
Maxillaria,mungoschraderi,11,0,GBIF
Phalaenopsis,hieroglyphica,10,0,GBIF
Lepanthes,caroli-lueri,10,0,GBIF
Bulbophyllum,radicans,10,0,GBIF
Dendrobium,lasianthera,10,0,GBIF
Bulbophyllum,pingtungense,10,0,GBIF
Epidendrum,erikae,10,0,GBIF
Bulbophyllum,cerinum,10,0,GBIF
Trichoglottis,pantherina,10,1,GBIF
Epidendrum,lowilliamsii,10,0,GBIF
Nervilia,macroglossa,10,0,GBIF
Acianthera,erythrogramma,10,0,GBIF
Polystachya,boliviensis,10,0,GBIF
Cattleya,liliputana,10,0,GBIF
Aphyllorchis,simplex,10,0,GBIF
Epidendrum,herrenhusanum,10,1,GBIF
Phreatia,stenophylla,10,1,GBIF
Dendrobium,otaguroanum,10,0,GBIF
Vanilla,borneensis Rolfe,10,4,GBIF
Dendrobium,papilioniferum,10,0,GBIF
Bulbophyllum,cercanthum,10,0,GBIF
Dendrobium,pemae,10,0,GBIF
Trichotosia,iodantha,10,2,GBIF
Disa,glandulosa Burch.,10,1,GBIF
Vanilla,dietschiana Edwall,10,1,GBIF
Disa,erubescens ssp.,10,3,GBIF
Coelogyne,taronensis,10,0,GBIF
Dendrobium,purpureostelidium,10,0,GBIF
Mediocalcar,umboiense,10,0,GBIF
Microchilus,repens,10,0,GBIF
Maxillaria,longibracteata,10,0,GBIF
Lepanthes,rotundifolia,10,0,GBIF
Platylepis,scripta Rchb.f.,10,0,GBIF
Epidendrum,viridipurpureum,10,1,GBIF
Cattleya,forbesii,10,0,"Chris Howard Collection,Roberta Fox Collection"
Vanilla,bahiana Hoehne,10,3,GBIF
Disa,cryptantha Summerh.,10,1,GBIF
Aa,achalensis,10,1,GBIF
Angraecum,letouzeyi,10,0,GBIF
Aeranthes,polyanthemus,10,0,GBIF
Habenaria,yungasensis Schltr.,10,0,GBIF
Coelogyne,transversa,10,0,GBIF
Eria,genuflexa,10,0,GBIF
Platyrhiza,quadricolor,10,0,GBIF
Tridactyle,aurantiopunctata,10,0,GBIF
Sobralia,carazoi,10,0,GBIF
Encyclia,duveenii,10,0,GBIF
Pleurothallis,calolalax,10,0,GBIF
Epistephium,duckei Huber,10,5,"GBIF,iDigBio"
Disa,bodkinii Bolus,10,1,GBIF
Disa,barbata L.f.,10,1,GBIF
Lepanthes,menatoi,10,0,GBIF
Dichaea,tuerckheimii,10,0,GBIF
Disa,atricapilla Harv.,10,1,GBIF
Collabium,simplex,10,0,GBIF
Disa,aperta N.,10,3,GBIF
Tridactyle,lagosensis,10,0,GBIF
Disa,alticola H.,10,1,GBIF
Disa,albomagentea E.,10,1,GBIF
Platystele,microglossa,10,0,GBIF
Odontochilus,poilanei Gagnep.,10,0,GBIF
Acianthera,papillosa,10,0,GBIF
Acianthera,cachensis,10,0,GBIF
Coelogyne,aborta,10,0,GBIF
Bulbophyllum,leptopus,10,0,GBIF
Coryanthes,macrocorys,10,0,GBIF
Masdevallia,glandulosa,10,0,GBIF
Satyrium,baronii Schltr.,10,0,GBIF
Disperis,cardiophora Harv.,10,1,GBIF
Catasetum,collare,10,0,GBIF
Telipogon,bullpenensis,10,0,GBIF
Epidendrum,roseoscriptum,10,0,GBIF
Habenaria,brevilabiata,10,0,GBIF
Vanilla,kinabaluensis Carr,10,1,GBIF
Paphiopedilum,gratrixianum Mast.,10,2,GBIF
Coelogyne,imbricans,10,0,GBIF
Gomphichis,alba F.,10,0,GBIF
Pterygodium,acutifolium Lindl.,10,1,GBIF
Stigmatodactylus,oxyglossus Schltr.,10,0,GBIF
Lepanthes,inescata,10,0,GBIF
Habenaria,ferdinandi Schltr.,10,1,GBIF
Corycium,excisum Lindl.,10,1,GBIF
Corycium,flanaganii Bolus,10,1,GBIF
Corycium,nigrescens Sond.,10,1,GBIF
Corymborkis,minima,10,1,GBIF
Cranichis,ricartii Ackerman,10,0,GBIF
Epidendrum,smithii,10,0,GBIF
Pterostylis,psammophilus D.,10,0,GBIF
Disa,praecox H.,10,2,GBIF
Pterostylis,procera,10,1,GBIF
Epidendrum,madsenii,10,0,GBIF
Telipogon,gnomus,10,0,GBIF
Specklinia,minuta,10,0,GBIF
Caladenia,x hopperi,10,0,GBIF
Caladenia,woolcockiorum D.,10,0,GBIF
Habenaria,glazioviana Kraenzl.,10,1,GBIF
Vanilla,somae Hayata,10,1,GBIF
Pterostylis,grossa D.,10,1,GBIF
Vanilla,albida Blume,10,3,GBIF
Crepidium,pectinatum,10,0,GBIF
Habenaria,corymbosa,10,0,GBIF
Vanilla,siamensis Rolfe,10,2,GBIF
Glomera,nigrimarginata,10,1,GBIF
Habenaria,coxipoensis Hoehne,10,0,GBIF
Oncidium,contaypacchaense,10,0,GBIF
Myoxanthus,cimex,10,0,GBIF
Bulbophyllum,angustipetalum,10,0,GBIF
Oberonia,boerlageana,10,0,GBIF
Bulbophyllum,alticola,10,0,GBIF
Habenaria,tropophila H.,10,0,GBIF
Habenaria,herminioides Kraenzl.,10,1,GBIF
Caladenia,melanema Hopper,10,0,GBIF
Vanilla,insignis Ames,10,3,GBIF
Acianthera,aphthosa,10,0,GBIF
Masdevallia,sceptrum,10,0,GBIF
Caladenia,incrassata,10,1,GBIF
Cyclopogon,gracilis,10,0,GBIF
Cyclopogon,multiflorus,10,0,GBIF
Cycnoches,dianae,10,0,GBIF
Cylindrolobus,bicolor,10,0,GBIF
Bulbophyllum,lyperocephalum,10,0,GBIF
Oncidium,hennisii,10,0,GBIF
Mycaranthes,mindanaensis,10,0,GBIF
Coelogyne,motleyi,10,0,GBIF
Pseudovanilla,gracilis Schltr.,10,2,GBIF
Hymenorchis,vanoverberghii,10,0,GBIF
Anathallis,obovata,10,0,GBIF
Coelogyne,mucronata,10,0,GBIF
Broughtonia,cubensis,10,0,GBIF
Cynorkis,aphylla Schltr.,10,0,GBIF
Genoplesium,archeri,10,1,GBIF
Thelymitra,spadicea,10,0,GBIF
Pabstiella,cordilabia,10,0,GBIF
Acianthera,langeana,10,0,GBIF
Notylia,odontonotos,10,0,GBIF
Prosthechea,papilio,10,0,GBIF
Bulbophyllum,insolitum,10,0,GBIF
Bulbophyllum,xanthochlamys,10,0,GBIF
Brachycorythis,laotica Gagnep.,10,0,GBIF
Habenaria,jardeliana R.,10,0,GBIF
Bulbophyllum,viridescens,10,0,GBIF
Prosthechea,lambda,10,0,GBIF
Cypripedium,calceolus L.,10,4,GBIF
Cypripedium,candidum Muhl.,10,1,GBIF
Lepanthes,camposii,10,0,GBIF
Cypripedium,fasciculatum Kellogg,10,1,GBIF
Cypripedium,japonicum Thunb.,10,3,GBIF
Lepanthopsis,acetabulum,10,0,GBIF
Cypripedium,macranthos Sw.,10,1,GBIF
Lepanthes,samacensis,10,0,GBIF
Stelis,simplex,10,0,GBIF
Lepanthes,ximenae,10,0,GBIF
Cypripedium,molle Lindl.,10,1,GBIF
Bulbophyllum,guttatum,10,0,GBIF
Disa,neglecta Sond.,10,1,GBIF
Oncidium,maizifolium,10,3,GBIF
Oncidium,microstigma,10,0,GBIF
Jumellea,brevifolia,10,0,GBIF
Rodriguezia,compacta,10,0,GBIF
Lepanthes,whittenii,10,0,GBIF
Cypripedium,x alaskanum,10,2,GBIF
Ceratostylis,alticola,10,1,GBIF
Bifrenaria,parthonii,10,0,GBIF
Galeola,nudifolia Lour.,10,4,"GBIF,iDigBio"
Galeola,humblotii Rchb.f.,10,1,GBIF
Masdevallia,barlaeana,10,0,GBIF
Microtis,quadrata,10,0,GBIF
Acianthera,costaricensis,10,0,GBIF
Acianthera,subulifolia,10,0,GBIF
Andinia,schizopogon,10,0,GBIF
Bulbophyllum,odoratissimum,10,4,"Chris Howard Collection,GBIF"
Bulbophyllum,succedaneum,10,2,GBIF
Pinalia,wildgrubeana,10,0,GBIF
Robiquetia,wariana,10,0,GBIF
Cyrtochilum,longifolium,10,0,GBIF
Chondrorhyncha,rosea,10,0,GBIF
Cyrtochilum,melanthes,10,0,GBIF
Benthamia,bosseri Hervouet,10,0,GBIF
Jumellea,zaratananae,10,0,GBIF
Barbosella,orbicularis,10,0,GBIF
Prasophyllum,crebriflorum D.,10,0,GBIF
Lepanthes,escobariana,10,0,GBIF
Oncidium,tipuloides,10,0,GBIF
Caucaea,phalaenopsis,10,0,GBIF
Dendrobium,basilanense,10,0,GBIF
Appendicula,tenuispica,10,0,GBIF
Kylicanthe,arcuata,10,0,GBIF
Encyclia,spiritusanctensis,10,0,GBIF
Habenaria,austrosinensis,10,0,GBIF
Habenaria,malaisseana Geerinck,10,0,GBIF
Epidendrum,cuatrecasasii,10,1,GBIF
Maxillaria,johannyae,10,1,GBIF
Bulbophyllum,hirundinis,10,0,GBIF
Peristylus,nanus Schltr.,10,1,GBIF
Lacaena,spectabilis,10,0,GBIF
Pachites,bodkinii Bolus,10,1,GBIF
Ornithocephalus,polyodon,10,0,GBIF
Dendrobium,echinocarpum,10,0,GBIF
Eulophia,schaijesii,10,0,GBIF
Dendrobium,ephemerum,10,0,GBIF
Octomeria,alexandri,10,0,GBIF
Dendrobium,fililobum,10,0,GBIF
Dendrobium,furcatopedicellatum,10,0,GBIF
Bulbophyllum,rubiginosum,10,0,GBIF
Trichoglottis,kinabaluensis,10,0,GBIF
Cattleya,rex,10,1,GBIF
Microcoelia,moreauae,10,0,GBIF
Vanilla,griffithii Rchb.f.,10,4,GBIF
Lepanthes,brachystele,10,0,GBIF
Dendrobium,inversum,10,0,GBIF
Microchilus,nugax Ormerod,9,0,GBIF
Hemipilia,occidensichuanensis,9,0,GBIF
Systeloglossum,ecuadorense,9,0,GBIF
Systeloglossum,acuminatum,9,0,GBIF
Chloraea,x,9,0,GBIF
Scaphyglottis,dunstervillei,9,0,GBIF
Epidendrum,stevensii,9,0,GBIF
Selenipedium,aucourdianum,9,0,GBIF
Ceratandra,grandiflora Lindl.,9,1,GBIF
Stichorkis,pseudodisticha,9,0,GBIF
Sievekingia,cristata,9,0,GBIF
Anathallis,funerea,9,0,GBIF
Cattleya,sanguiloba,9,0,GBIF
Epidendrum,suavis,9,0,GBIF
Sobralia,gentryi,9,0,GBIF
Bulbophyllum,lasioglossum,9,0,GBIF
Catasetum,lemosii,9,0,GBIF
Sobralia,herzogii,9,0,GBIF
Disa,remota H.,9,1,GBIF
Habenaria,villosa Rolfe,9,0,GBIF
Epidendrum,muricatisepalum,9,0,GBIF
Oberonia,hosseusii,9,0,GBIF
Bulbophyllum,limbatum,9,0,GBIF
Habenaria,falciloba Summerh.,9,0,GBIF
Habenaria,undatifolia Ormerod,9,0,GBIF
Calanthe,alleizettei,9,0,GBIF
Caladenia,startiorum,9,0,GBIF
Specklinia,vittariifolia,9,0,GBIF
Habenaria,uliginosa Rchb.f.,9,0,GBIF
Neottia,smithii,9,0,GBIF
Vanda,arcuata,9,2,GBIF
Epidendrum,karstenii,9,0,GBIF
Stanhopea,confusa,9,0,GBIF
Stelis,serrulifera,9,0,GBIF
Phreatia,elongata,9,1,GBIF
Bulbophyllum,trifarium,9,0,GBIF
Habenaria,lingulosa Ames,9,0,GBIF
Aa,colombiana,9,0,GBIF
Bulbophyllum,subclavatum,9,0,GBIF
Tuberolabium,escritorii,9,0,GBIF
Bulbophyllum,sicyobulbon,9,0,GBIF
Andreettaea,ancora,9,0,GBIF
Bulbophyllum,sensile,9,0,GBIF
Bulbophyllum,percorniculatum,9,0,GBIF
Lepanthes,pergracilis,9,0,GBIF
Bulbophyllum,piliferum,9,0,GBIF
Stelis,harlingii,9,1,GBIF
Disa,incarnata Lindl.,9,1,GBIF
Bulbophyllum,repens,9,0,GBIF
Stelis,maxonii,9,2,GBIF
Nervilia,leguminosarum,9,3,iNaturalist
Epidendrum,jefeallenii,9,0,GBIF
Disa,engleriana Kraenzl.,9,2,GBIF
Disa,dichroa Summerh.,9,2,GBIF
Angraecum,alleizettei,9,0,GBIF
Epidendrum,whittenii,9,0,GBIF
Mesadenus,chiangii,9,0,GBIF
Disa,borbonica Balf.f.,9,1,GBIF
Platystele,brenneri,9,0,GBIF
Maxillaria,pinoides,9,1,GBIF
Paphiopedilum,bullenianum Rchb.f.,9,3,GBIF
Pleione,grandiflora,9,0,GBIF
Angraecum,drouhardii,9,0,GBIF
Vanilla,palmarum Salzm.,9,3,GBIF
Dendrobium,woodsii,9,0,GBIF
Disperis,ankarensis H.,9,1,GBIF
Dendrobium,williamsianum,9,0,GBIF
Epistephium,parviflorum Lindl.,9,3,"GBIF,iDigBio"
Lepanthes,amphioxa,9,0,GBIF
Tridactyle,brevicalcarata,9,1,GBIF
Maxillaria,christobalensis,9,0,GBIF
Dendrobium,tuberculatum,9,0,GBIF
Encyclia,bracteata,9,0,GBIF
Epidendrum,eugenii,9,0,GBIF
Pleurothallis,phymatodea,9,0,GBIF
Dendrobium,rhodostele,9,0,GBIF
Angraecum,pseudodidieri,9,0,GBIF
Pleurothallis,ringens,9,0,GBIF
Encyclia,atrorubens,9,0,GBIF
Pleurothallis,scoparum,9,0,GBIF
Pleurothallis,supervacanea,9,0,GBIF
Pleurothallopsis,norae,9,0,GBIF
Plocoglottis,hirta,9,0,GBIF
Lecanorchis,japonica Blume,9,2,GBIF
Dendrobium,parthenium,9,1,GBIF
Trichopilia,grata,9,0,GBIF
Vanilla,phalaenopsis Rchb.f.,9,1,GBIF
Lankesterella,longicollis,9,0,GBIF
Appendicula,alatocaulis,9,0,GBIF
Lepanthes,matisii,9,0,GBIF
Dendrobium,maccarthiae,9,1,GBIF
Vanilla,humblotii Rchb.f.,9,3,GBIF
Dendrobium,leucocyanum,9,0,GBIF
Dendrobium,lancilobum,9,0,GBIF
Dendrobium,lamproglossum,9,0,GBIF
Trichoglottis,luzonensis,9,0,GBIF
Laelia,purpurata,9,0,Roberta Fox Collection
Polystachya,piersii,9,0,GBIF
Dendrobium,griffithianum,9,0,GBIF
Maxillaria,antioquiensis,9,0,GBIF
Polystachya,undulata,9,0,GBIF
Appendicula,crotalina,9,0,GBIF
Dendrobium,cuneilabrum,9,1,GBIF
Ponthieva,hassleri Schltr.,9,0,GBIF
Kylicanthe,rohrii,9,0,GBIF
Appendicula,polita,9,0,GBIF
Phalaenopsis,stuartiana,9,2,"GBIF,Tropicos - Missouri Botanical Garden"
Prasophyllum,amoenum D.,9,1,GBIF
Phreatia,bicostata,9,0,GBIF
Maxillaria,pudica,9,0,GBIF
Dendrobium,bracteosum,9,1,"Chris Howard Collection,GBIF"
Vanilla,aphylla Blume,9,3,GBIF
Phreatia,brachystachys,9,0,GBIF
Epidendrum,pollardii,9,0,GBIF
Oncidium,schillerianum,9,0,GBIF
Trichocentrum,longicalcaratum,9,0,GBIF
Fernandezia,nigrosignata,9,0,GBIF
Fernandezia,nubivaga,9,0,GBIF
Baskervilla,asplundii Garay,9,0,GBIF
Dactylorhiza,x latirella,9,0,GBIF
Pinalia,ringens,9,0,GBIF
Batemannia,lepida,9,0,GBIF
Pabstiella,parvifolia,9,0,GBIF
Cyrtochilum,trilingue,9,0,GBIF
Benthamia,herminioides ssp.,9,1,GBIF
Benthamia,majoriflora H.,9,0,GBIF
Bifrenaria,mellicolor,9,0,GBIF
Galeola,faberi Rolfe,9,2,GBIF
Jumellea,divaricata,9,0,GBIF
Cypripedium,x columbianum,9,2,GBIF
Cypripedium,flavum P.,9,2,GBIF
Cypripedium,farreri W.,9,1,GBIF
Jacquiniella,steyermarkii,9,0,GBIF
Cypripedium,californicum A.,9,1,GBIF
Masdevallia,strobelii,9,0,GBIF
Cynorkis,schlechteri H.,9,0,GBIF
Cynorkis,flabellifera H.,9,0,GBIF
Brachypeza,zamboangensis,9,0,GBIF
Cynorkis,castillonii,9,0,GBIF
Brassia,incantans,9,0,GBIF
Pseudocentrum,macrostachyum Lindl.,9,0,GBIF
Cylindrolobus,quadricolor,9,0,GBIF
Zeuxine,reginasilvae Ormerod,9,0,GBIF
Masdevallia,sprucei,9,0,GBIF
Cyclopogon,plantagineus,9,0,GBIF
Bulbophyllum,alatum,9,0,GBIF
Cuitlauzina,candida,9,0,GBIF
Pterostylis,brevichila,9,0,GBIF
Liparis,bathiei,9,0,GBIF
Epidendrum,ravetianum,9,0,GBIF
Bulbophyllum,appendiculatum,9,0,GBIF
Holothrix,tridactylites Summerh.,9,0,GBIF
Crepidium,saprophytum,9,0,GBIF
Angraecopsis,elliptica,9,0,GBIF
Lepanthes,odontocera,9,0,GBIF
Bulbophyllum,brachypetalum,9,0,GBIF
Cranichis,nudilabia Pabst,9,0,GBIF
Paphiopedilum,niveum Rchb.f.,9,2,GBIF
Cranichis,gibbosa Lindl.,9,0,GBIF
Cranichis,fendleri Schltr.,9,0,GBIF
Corycium,orobanchoides L.f.,9,1,GBIF
Corycium,ingeanum E.,9,1,GBIF
Corycium,dracomontanum Parkman,9,1,GBIF
Corycium,crispum Thunb.,9,1,GBIF
Corycium,bicolorum Thunb.,9,1,GBIF
Corycium,alticola Parkman,9,1,GBIF
Epidendrum,rolfeanum,9,0,GBIF
Oncidium,abortivoides,9,0,GBIF
Disperis,renibractea Schltr.,9,1,GBIF
Pterygodium,cooperi Rolfe,9,2,GBIF
Corallorhiza,ekmanii,9,0,GBIF
Vanilla,karen-christianae Karremans,9,6,GBIF
Comparettia,micrantha,9,0,GBIF
Rhipidoglossum,arbonnieri,9,0,GBIF
Collabium,evrardii,9,0,GBIF
Goodyera,clausa A.,9,0,GBIF
Collabium,carinatum,9,0,GBIF
Coelogyne,yuccifolia,9,0,GBIF
Coelogyne,xanthobulbon,9,0,GBIF
Coelogyne,usitana,9,0,GBIF
Odontochilus,javanicus J.,9,0,GBIF
Goodyera,nantoensis Hayata,9,0,GBIF
Rhyncholaelia,digbyana,9,0,Roberta Fox Collection
Coelogyne,pubescens,9,0,GBIF
Epidendrum,magnicallosum,9,0,GBIF
Coelogyne,parvipapillata,9,0,GBIF
Vanilla,claviculata Sw.,9,4,GBIF
Epidendrum,singuliflorum,9,0,GBIF
Telipogon,puruantensis,9,0,GBIF
Roeperocharis,maleveziana Geerinck,9,0,GBIF
Telipogon,portilloi,9,0,GBIF
Coelogyne,infernalis,9,0,GBIF
Octomeria,micrantha,9,0,GBIF
Coelogyne,genuflexa,9,0,GBIF
Sarcochilus,odoratus,9,0,GBIF
Coelogyne,emmae,9,0,GBIF
Coelogyne,carnosa,9,0,GBIF
Coelogyne,bruneiensis,9,0,GBIF
Bulbophyllum,erythrosema,9,0,GBIF
Bulbophyllum,fenixii,9,0,GBIF
Habenaria,andamanica Hook.f.,9,0,GBIF
Bulbophyllum,fibratum,9,0,GBIF
Octomeria,estrellensis,9,0,GBIF
Cleistes,tenuis Rchb.f.,9,1,"GBIF,Tropicos - Missouri Botanical Garden"
Cleistes,stricta C.,9,2,"GBIF,iDigBio"
Vitekorchis,lucasiana,9,0,GBIF
Bulbophyllum,fritillariiflorum,9,0,GBIF
Zeuxine,gilgiana Kraenzl.,9,0,GBIF
Cleistes,gracilis Barb.,9,1,GBIF
Dendrobium,cyrtosepalum,8,0,GBIF
Trichoglottis,dawsoniana,8,2,GBIF
Holothrix,elgonensis Summerh.,8,0,GBIF
Stelis,perpusilliflora,8,3,GBIF
Thelasis,sphaerocarpa,8,2,GBIF
Trichoglottis,collenetteae,8,0,GBIF
Phreatia,formosana,8,0,GBIF
Masdevallia,macroglossa,8,0,GBIF
Epidendrum,cottoniiflorum,8,1,GBIF
Catasetum,tuberculatum,8,0,GBIF
Pinalia,floribunda,8,3,GBIF
Habenaria,marquisensis ssp.,8,0,GBIF
Epidendrum,melanoxeros,8,0,GBIF
Maxillaria,dunstervilleorum,8,0,GBIF
Habenaria,mandersii Collett,8,0,GBIF
Porpax,exilis,8,1,GBIF
Porpax,lacei,8,0,GBIF
Bulbophyllum,pauciflorum,8,4,GBIF
Appendicula,mimica,8,0,GBIF
Drymoanthus,neocaledonicus,8,1,GBIF
Porpax,pusilla,8,3,GBIF
Paphiopedilum,victoria-regina,8,3,GBIF
Uncifera,lancifolia,8,0,GBIF
Disperis,katangensis Summerh.,8,1,GBIF
Maxillaria,anceps,8,3,GBIF
Epidendrum,caluerorum,8,0,GBIF
Thelasis,macrobulbon,8,0,GBIF
Malaxis,tequilensis,8,0,GBIF
Platanthera,x graebneri,8,4,GBIF
Bulbophyllum,khasyanum,8,0,GBIF
Acanthophippium,mantinianum,8,1,"GBIF,iNaturalist"
Satyrium,longicauda Lindl.,8,2,GBIF
Arachnis,x,8,0,GBIF
Taeniophyllum,rubrum,8,0,GBIF
Epidendrum,chrysomyristicum,8,1,GBIF
Neuwiedia,inae de,8,4,"GBIF,iDigBio"
Oncidium,swartzii,8,0,GBIF
Disperis,johnstonii Rolfe,8,5,GBIF
Neuwiedia,singapureana Wall.,8,3,GBIF
Dendrobium,axillare,8,1,GBIF
Habenaria,rupicola Barb.,8,1,GBIF
Drakaea,livida J.,8,1,GBIF
Holothrix,brevipetala Immelman,8,1,GBIF
Coelogyne,candoonensis,8,0,GBIF
Octarrhena,gemmifera,8,0,GBIF
Bulbophyllum,humile,8,0,GBIF
Stelis,bicornis,8,1,GBIF
Trichocentrum,carthagenense,8,1,GBIF
Disperis,hildebrandtii Rchb.f.,8,2,GBIF
Dendrobium,acerosum,8,2,GBIF
Baskervilla,auriculata Garay,8,0,GBIF
Veyretella,hetaerioides,8,0,GBIF
Nigritella,carniolica W.,8,2,GBIF
Prasophyllum,pallens D.,8,1,GBIF
Bulbophyllum,carnosilabium,8,0,GBIF
Paphiopedilum,superbiens Rchb.f.,8,2,GBIF
Phreatia,cryptostigma,8,1,GBIF
Aerangis,hologlottis,8,0,GBIF
Prasophyllum,robustum,8,0,GBIF
Cyrtorchis,ringens,8,4,GBIF
Cyrtopodium,willmorei,8,0,GBIF
Taeniophyllum,kaniense,8,0,GBIF
Epidendrum,triangulabium,8,0,GBIF
Habenaria,disparilis Summerh.,8,2,GBIF
Stichorkis,laxa,8,1,GBIF
Cyrtochilum,trifurcatum,8,3,GBIF
Prasophyllum,tortilis,8,0,GBIF
Bulbophyllum,oerstedii,8,0,GBIF
Oncidium,ornithocephalum,8,0,GBIF
Cyrtochilum,macasense,8,0,GBIF
Rhipidoglossum,thomense,8,0,GBIF
Xylobium,zarumense,8,0,GBIF
Epidendrum,tortipetalum,8,0,GBIF
Galearis,rotundifolia Banks,8,1,GBIF
Stelis,aeolica,8,0,GBIF
Bulbophyllum,nigrilabium,8,0,GBIF
Holcoglossum,sinicum,8,0,GBIF
Cyrtochilum,densiflorum,8,1,GBIF
Telipogon,yolandae,8,0,GBIF
Disperis,breviloba Verdc.,8,2,GBIF
Bulbophyllum,nemorale,8,0,GBIF
Lepanthes,pecunialis,8,2,GBIF
Bulbophyllum,tricorne,8,0,GBIF
Promenaea,guttata,8,0,GBIF
Epidendrum,strobiloides,8,0,GBIF
Bifrenaria,tyrianthina,8,2,GBIF
Coelogyne,suaveolens,8,0,GBIF
Encyclia,suaveolens,8,0,GBIF
Epidendrum,nanum,8,0,GBIF
Tolumnia,scandens,8,1,GBIF
Cypripedium,plectrochilum Franch.,8,1,"GBIF,Tropicos - Missouri Botanical Garden"
Dracula,diabola,8,0,GBIF
Paphiopedilum,hirsutissimum Lindl.,8,2,GBIF
Anathallis,radialis,8,0,GBIF
Xylobium,variegatum,8,4,GBIF
Lepanthes,stupenda,8,0,GBIF
Habenaria,lastelleana Kraenzl.,8,0,GBIF
Aerides,rubescens,8,0,GBIF
Stanhopea,avicula,8,0,GBIF
Habenaria,subaequalis Summerh.,8,0,GBIF
Tolumnia,gundlachii,8,0,GBIF
Vanilla,dressleri Soto,8,3,GBIF
Chiloschista,rodriguezii,8,0,GBIF
Diuris,tinctoria,8,0,GBIF
Bletia,antillana,8,0,GBIF
Maxillaria,estradae,8,0,GBIF
Macroclinium,bicolor,8,2,GBIF
Disperis,galerita Rchb.f.,8,1,GBIF
Bletia,carabiaiana,8,0,GBIF
Bulbophyllum,kaitiense,8,0,GBIF
Thrixspermum,celebicum,8,0,GBIF
Masdevallia,ustulata,8,3,GBIF
Spiranthes,sylvatica,8,1,GBIF
Disa,richardiana Lehm.,8,1,GBIF
Vanilla,methonica Rchb.f.,8,2,GBIF
Paphiopedilum,glaucophyllum J.,8,1,GBIF
Cypripedium,arietinum R.,8,2,GBIF
Cynorkis,violacea Schltr.,8,2,"GBIF,iNaturalist"
Thrixspermum,ancoriferum,8,0,GBIF
Bulbophyllum,kainochiloides,8,0,GBIF
Cynorkis,saxicola Schltr.,8,0,GBIF
Lepanthes,duidensis,8,1,GBIF
Bulbophyllum,micranthum,8,0,GBIF
Spiranthes,suishaensis,8,0,GBIF
Epidendrum,musciferum,8,4,GBIF
Zeuxine,stenophylla,8,0,GBIF
Stelis,veracrucensis,8,0,GBIF
Codonorchis,lessonii d'Urv.,8,2,GBIF
Isochilus,amparoanus,8,3,GBIF
Satyrium,coriophoroides A.,8,3,GBIF
Gavilea,glandulifera Poepp.,8,1,GBIF
Lepanthes,ruscifolia,8,0,GBIF
Prosthechea,tigrina,8,3,GBIF
Styloglossum,chevalieri,8,0,GBIF
Liparis,sympodialis,8,0,GBIF
Cynorkis,bobyi Hermans,8,0,GBIF
Ionopsis,longicaulis,8,1,GBIF
Phaius,indigofer,8,0,GBIF
Bromheadia,tenuis,8,0,GBIF
Caladenia,arrecta,8,1,GBIF
Cynorkis,baronii Rolfe,8,1,GBIF
Diuris,palustris Lindl.,8,1,GBIF
Notylia,punctata,8,0,GBIF
Cynorkis,andohahelensis H.,8,0,GBIF
Cynorkis,ampullacea H.,8,0,GBIF
Cymbidium,x,8,0,GBIF
Epidendrum,pterostele,8,0,GBIF
Diuris,ochroma D.,8,1,iNaturalist
Luisia,platyglossa,8,2,GBIF
Caladenia,bartlettii Hatch,8,1,GBIF
Lepanthopsis,prolifera,8,0,GBIF
Lepanthes,quaternaria,8,0,GBIF
Bulbophyllum,intersitum,8,0,GBIF
Genoplesium,mucronatum Rupp,8,1,GBIF
Stelis,xiphizusa,8,0,GBIF
Genoplesium,nudum,8,2,GBIF
Caladenia,calcicola G.,8,0,GBIF
Caladenia,douglasiorum D.,8,0,GBIF
Ypsilopus,viridiflorus,8,0,GBIF
Maxillaria,grandis,8,2,GBIF
Ceratostylis,breviceps,8,0,GBIF
Disa,rosea Lindl.,8,1,GBIF
Lepanthopsis,vinacea,8,0,GBIF
Bulbophyllum,loxophyllum,8,0,GBIF
Cyclopogon,rimbachii,8,0,GBIF
Glomera,bambusiformis,8,0,GBIF
Andinia,platysepala,8,0,GBIF
Angraecopsis,parva,8,0,GBIF
Stelis,zunagensis,8,0,GBIF
Lepanthes,dodsonii,8,0,GBIF
Epidendrum,spicatum,8,1,GBIF
Maxillaria,fragrans,8,0,GBIF
Spiranthes,arcisepala,8,2,GBIF
Bulbophyllum,alliifolium,8,0,GBIF
Lockhartia,ludibunda,8,0,GBIF
Caladenia,magnifica,8,0,GBIF
Pterostylis,biseta Blackmore,8,1,GBIF
Cleistes,mantiqueirae Rchb.f.,8,1,GBIF
Bulbophyllum,longhutense,8,0,GBIF
Coelogyne,longilabellata,8,0,GBIF
Mycaranthes,villosissima,8,0,GBIF
Bulbophyllum,lohokii,8,0,GBIF
Svenkoeltzia,congestiflora,8,0,GBIF
Caladenia,minor Hook.f.,8,1,GBIF
Crossoglossa,caulescens,8,0,GBIF
Crepidium,williamsii,8,0,GBIF
Houlletia,sanderi,8,0,GBIF
Telipogon,parvulus,8,0,GBIF
Bulbophyllum,corallinum,8,0,GBIF
Diuris,chryseopsis D.,8,1,GBIF
Oncidium,crescentilabium,8,0,GBIF
Holothrix,praecox Rchb.f.,8,1,GBIF
Bulbophyllum,lizae,8,0,GBIF
Schizochilus,cecilii ssp.,8,0,GBIF
Crepidium,reineckeanum,8,0,GBIF
Habenaria,uncata R.,8,0,GBIF
Epidendrum,renilabium,8,1,GBIF
Ceratostylis,glabriflora,8,1,GBIF
Pterostylis,frenchii D.,8,0,GBIF
Habenaria,grandifloriformis Blatt.,8,1,GBIF
Specklinia,trilobata,8,0,GBIF
Pterostylis,gibbosa R.,8,1,GBIF
Glomera,rubroviridis,8,0,GBIF
Neottia,pantlingii,8,0,GBIF
Maxillaria,pachyacron,8,3,GBIF
Caladenia,wanosa A.,8,1,GBIF
Liparis,densa,8,0,GBIF
Pterostylis,monticola D.,8,1,GBIF
Coelogyne,korintjiensis,8,0,GBIF
Pterostylis,pedunculata R.,8,1,GBIF
Masdevallia,hymenantha,8,0,GBIF
Crepidium,comans,8,0,GBIF
Calanthe,crenulata,8,0,GBIF
Pterostylis,plumosa Cady,8,1,GBIF
Crepidium,carinatifolium,8,1,GBIF
Spathoglottis,portus-finschii,8,2,GBIF
Calanthe,leuseri,8,1,GBIF
Thelymitra,apiculata A.,8,1,GBIF
Spathoglottis,petri,8,1,GBIF
Lepanthes,arbuscula,8,0,GBIF
Vanilla,edwallii Hoehne,8,1,GBIF
Liparis,gamblei,8,0,GBIF
Epipactis,atromarginata,8,0,GBIF
Disa,aequiloba Summerh.,8,1,GBIF
Disa,amoena H.,8,1,GBIF
Lepanthes,appendiculata,8,2,GBIF
Encyclia,hanburyi,8,2,GBIF
Dichaea,virginalis,8,0,GBIF
Lepanthes,atrata,8,0,GBIF
Platystele,taylorii,8,0,GBIF
Hetaeria,heterosepala Rchb.f.,8,2,GBIF
Vanilla,organensis Rolfe,8,1,GBIF
Dichaea,globosa,8,0,GBIF
Coelogyne,joclemensii,8,0,GBIF
Microchilus,lamprophyllus,8,0,GBIF
Bulbophyllum,brassii,8,0,GBIF
Mystacidium,tanganyikense,8,3,GBIF
Epidendrum,leuconanum,8,0,GBIF
Disa,atrorubens Schltr.,8,1,GBIF
Diaphananthe,odoratissima,8,3,GBIF
Encyclia,gallopavina,8,0,GBIF
Disa,bolusiana Schltr.,8,1,GBIF
Paphiopedilum,barbatum Lindl.,8,4,GBIF
Phreatia,platyclinoides,8,0,GBIF
Vanilla,bicolor Lindl.,8,3,GBIF
Telipogon,glicensteinii,8,2,iNaturalist
Spathoglottis,paulinae,8,3,GBIF
Habenaria,barrina Ridl.,8,1,GBIF
Paphinia,subclausa,8,0,GBIF
Spathoglottis,carolinensis,8,0,GBIF
Malaxis,monophyllos,8,2,GBIF
Telipogon,christobalensis,8,0,GBIF
Maxillaria,longipetala,8,3,GBIF
Dendrobium,veillonii,8,0,GBIF
Ophrys,schulzei,8,3,GBIF
Phragmipedium,kovachii,8,2,GBIF
Dendrobium,vanhulstijnii,8,0,GBIF
Angraecum,florulentum,8,0,GBIF
Pleurothallis,convexa,8,0,GBIF
Disa,pulchella Hochst.,8,1,GBIF
Phreatia,inversa,8,3,GBIF
Ophrys,x pseudofusca,8,0,GBIF
Calanthe,trulliformis,8,0,GBIF
Lockhartia,chocoensis,8,0,GBIF
Lepanthes,benzingii,8,0,GBIF
Dendrobium,tokai,8,3,GBIF
Epidendrum,baezense,8,1,GBIF
Gomesa,macropetala,8,2,GBIF
Leochilus,hagsateri,8,0,GBIF
Satyrium,odorum Sond.,8,1,GBIF
Maxillaria,patula,8,0,GBIF
Malaxis,excavata,8,3,GBIF
Malaxis,brachyrrhynchos,8,1,GBIF
Triphora,debilis,8,0,GBIF
Tuberolabium,kotoense,8,1,GBIF
Stigmatodactylus,aegeridantennatus,8,1,GBIF
Angraecum,musculiferum,8,1,GBIF
Platycoryne,crocea ssp.,8,3,GBIF
Dendrobium,reginanivis,8,1,GBIF
Disa,draconis L.f.,8,1,GBIF
Pterostylis,tunstallii D.,8,1,GBIF
Pleurothallis,roseola,8,0,GBIF
Neottia,ovata,8,3,GBIF
Epidendrum,escobarianum,8,0,GBIF
Encyclia,asperula,8,3,GBIF
Gomesa,varicosa,8,1,GBIF
Pleurothallis,sigynes,8,0,GBIF
Angraecum,pterophyllum,8,1,GBIF
Epidendrum,veraguasense,8,0,GBIF
Epidendrum,hawkesii,8,0,GBIF
Ophrys,x teresae,8,0,GBIF
Corybas,umbrosus J.,8,0,GBIF
Trichosalpinx,rotundata,8,0,GBIF
Pleurothallopsis,microptera,8,1,GBIF
Papilionanthe,cylindrica,8,0,GBIF
Dendrobium,perlongum,8,0,GBIF
Sobralia,turkeliae,8,0,GBIF
Lecanorchis,javanica Blume,8,2,GBIF
Madisonia,kerrii,8,0,GBIF
Dendrobium,peculiare,8,0,GBIF
Calopogon,barbatus,8,1,GBIF
Platanthera,tipuloides L.f.,8,2,GBIF
Encyclia,rzedowskiana,8,1,GBIF
Disa,hians L.f.,8,1,GBIF
Sobralia,scopulorum,8,0,GBIF
Ancistrorhynchus,akeassiae,8,0,GBIF
Epidendrum,hellerianum,8,3,GBIF
Elythranthera,emarginata Lindl.,8,1,GBIF
Dendrobium,odoratum,8,0,GBIF
Nervilia,lanyuensis,8,0,GBIF
Ophrys,israelitica,8,2,GBIF
Aphyllorchis,evrardii,8,0,GBIF
Stigmatodactylus,veillonis,8,0,GBIF
Maxillaria,chlorantha,8,1,GBIF
Polystachya,acridolens,8,1,GBIF
Dendrobium,nemorale,8,0,Chris Howard Collection
Stelis,montana,8,0,GBIF
Bulbophyllum,brevibrachiatum,8,1,GBIF
Dendrobium,morrisonii,8,0,GBIF
Stelis,micragrostis,8,0,GBIF
Epidendrum,paniculourubambense,8,1,GBIF
Polystachya,brugeana,8,0,GBIF
Dendrobium,micronephelium,8,0,GBIF
Eltroplectris,cogniauxiana Schltr.,8,0,GBIF
Phreatia,valida,8,0,GBIF
Corybas,despectans,8,1,GBIF
Vrydagzynea,argyrotaenia Schltr.,8,0,GBIF
Dendrobium,magistratus,8,0,GBIF
Dendrobium,macrostachyum,8,2,GBIF
Phymatidium,geiselii,8,0,GBIF
Masdevallia,coccinea,8,1,GBIF
Habenaria,pilosa Schltr.,8,0,GBIF
Masdevallia,pachyura,8,1,GBIF
Bulbophyllum,pugilanthum,8,0,GBIF
Maxillaria,soconuscana,8,0,GBIF
Dendrobium,leeanum,8,0,GBIF
Ypsilopus,schliebenii,8,0,GBIF
Pterygodium,leucanthum Bolus,8,1,GBIF
Epidendrum,subliberum,8,0,GBIF
Laelia,schultzei,8,0,GBIF
Maxillaria,polybulbon,8,0,GBIF
Pinalia,concolor,8,0,GBIF
Bulbophyllum,callipes,8,2,GBIF
Dendrobium,isochiloides,8,2,GBIF
Disa,inflexa Lindl.,8,1,GBIF
Maxillaria,buchtienii,8,0,GBIF
Polystachya,magnibracteata,8,0,GBIF
Dendrobium,igneum,8,1,GBIF
Epidendrum,capitellatum,8,1,GBIF
Dendrobium,horstii,8,0,GBIF
Dendrobium,hippocrepiferum,8,0,GBIF
Pterygodium,schelpei H.,8,1,GBIF
Orleanesia,maculata,8,0,GBIF
Macropodanthus,teysmannii,8,0,GBIF
Eulophia,pulchra,8,5,GBIF
Eulophia,quadriloba,8,0,GBIF
Vanilla,madagascariensis Rolfe,8,2,GBIF
Bulbophyllum,perrieri,8,0,GBIF
Eulophia,reticulata,8,1,GBIF
Polystachya,riomuniensis,8,0,GBIF
Lepanthes,ferax,8,0,GBIF
Bulbophyllum,rubipetalum,8,0,GBIF
Polystachya,supfiana,8,0,GBIF
Bulbophyllum,rugosibulbum,8,0,GBIF
Habenaria,multicaudata Sedgw.,8,0,GBIF
Paphiopedilum,victoria-mariae Sander,8,1,GBIF
Stelis,diffusa,8,0,GBIF
Stelis,dalstroemii,8,0,GBIF
Odontochilus,pubescens Blume,8,0,GBIF
Vanilla,calyculata Schltr.,7,3,GBIF
Epidendrum,carnevalii,7,0,GBIF
Vanilla,coursii H.,7,1,GBIF
Agrostophyllum,curvilabre,7,0,GBIF
Epidendrum,anthropophorum,7,0,GBIF
Epidendrum,melistagoides,7,0,GBIF
Phreatia,alpina,7,0,GBIF
Paphiopedilum,helenae Aver.,7,0,GBIF
Epidendrum,acrolithophilum,7,0,GBIF
Epidendrum,miserum,7,1,GBIF
Vanilla,havilandii Rolfe,7,1,GBIF
Epidendrum,neoviridiflorum,7,0,GBIF
Phreatia,macra,7,0,GBIF
Encyclia,microtos,7,0,GBIF
Vanilla,heterolopha Summerh.,7,1,GBIF
Phreatia,potamophila,7,1,GBIF
Phymatidium,microphyllum,7,0,GBIF
Elleanthus,albiflorus,7,0,GBIF
Pachites,appressus Lindl.,7,1,GBIF
Epidendrum,physophorum,7,0,GBIF
Duckeella,pauciflora Garay,7,2,GBIF
Pabstiella,versicolor,7,0,GBIF
Dryadorchis,singularis,7,0,GBIF
Dryadella,odontostele,7,2,GBIF
Dressleria,helleri,7,0,GBIF
Pinalia,szetschuanica,7,0,GBIF
Pinalia,taylorii,7,0,GBIF
Epidendrum,probosantherum,7,1,GBIF
Diuris,secundiflora Fitzg.,7,0,GBIF
Disperis,villosa L.f.,7,1,GBIF
Epidendrum,rocioae,7,0,GBIF
Disperis,similis Schltr.,7,2,"GBIF,iDigBio"
Disperis,mildbraedii Schltr.,7,1,GBIF
Disperis,lindleyana Rchb.f.,7,1,GBIF
Disperis,fanniniae Harv.,7,1,GBIF
Aeridostachya,unifolia,7,0,GBIF
Disperis,dicerochila Summerh.,7,3,GBIF
Disperis,decipiens Verdc.,7,2,GBIF
Oreorchis,nana,7,0,GBIF
Epidendrum,stiliferum,7,0,GBIF
Epidendrum,lopezii,7,0,GBIF
Disa,pygmaea Bolus,7,1,GBIF
Disa,pillansii L.,7,1,GBIF
Disa,physodes Sw.,7,1,GBIF
Lepanthes,rubripetala,7,1,GBIF
Disa,montana Sond.,7,1,GBIF
Disa,minor Sond.,7,1,GBIF
Platycoryne,micrantha Summerh.,7,0,GBIF
Disa,maculata L.f.,7,1,GBIF
Disa,longilabris Schltr.,7,2,GBIF
Disa,longicornu L.f.,7,1,GBIF
Disa,lineata Bolus,7,1,GBIF
Disa,hircicornis Rchb.f.,7,2,GBIF
Disa,hallackii Rolfe,7,1,GBIF
Disa,graminifolia Ker,7,1,GBIF
Disa,eminii Kraenzl.,7,1,GBIF
Disa,cardinalis H.,7,1,GBIF
Epidendrum,xylostachyum,7,0,GBIF
Dipodium,elegans,7,0,GBIF
Dipodium,elatum,7,0,GBIF
Dilochia,parviflora,7,0,GBIF
Dichaea,rendlei,7,0,GBIF
Epistephium,amplexicaule Poepp.,7,2,GBIF
Pleurothallis,alvaroi,7,0,GBIF
Aeranthes,setipes,7,0,GBIF
Vanilla,parvifolia Barb.,7,1,GBIF
Pleurothallis,bitumida,7,0,GBIF
Epistephium,subrepens Hoehne,7,3,"GBIF,iDigBio"
Dendrobium,tunense,7,0,GBIF
Pleurothallis,ganymedes,7,1,GBIF
Dendrobium,taurinum,7,0,GBIF
Dendrobium,strepsiceros,7,2,GBIF
Aeranthes,orophila,7,0,GBIF
Dendrobium,quisumbingii,7,0,GBIF
Dendrobium,pulleanum,7,0,GBIF
Erythrorchis,cassythoides A.,7,1,GBIF
Eulophia,abyssinica,7,3,GBIF
Eulophia,clandestina,7,0,GBIF
Vanilla,perrieri Schltr.,7,1,GBIF
Podochilus,ramosii,7,0,GBIF
Podochilus,schistantherus,7,0,GBIF
Pogonia,minor Makino,7,3,"GBIF,Tropicos - Missouri Botanical Garden"
Dendrobium,mischobulbum,7,0,GBIF
Aeranthes,angustidens,7,0,GBIF
Dendrobium,melinanthum,7,0,GBIF
Vanilla,planifolia Andrews,7,2,"GBIF,iDigBio"
Polystachya,camaridioides,7,0,GBIF
Vanilla,poitaei Rchb.f.,7,1,GBIF
Dendrobium,lichenastrum,7,1,"Chris Howard Collection,GBIF"
Polystachya,fallax,7,3,GBIF
Polystachya,geniculata,7,0,GBIF
Dendrobium,ingratum,7,0,GBIF
Polystachya,monolenis,7,0,GBIF
Dendrobium,glabrum,7,0,GBIF
Dendrobium,emarginatum,7,0,GBIF
Pomatocalpa,tonkinense,7,0,GBIF
Ponthieva,ovatilabia C.,7,0,GBIF
Eulophia,ugandae,7,0,GBIF
Dendrobium,concavum,7,3,GBIF
Ponthieva,venusta Schltr.,7,0,GBIF
Porpax,meirax,7,0,GBIF
Evotella,carnosa Lindl.,7,1,GBIF
Evotella,rubiginosa Sond.,7,1,GBIF
Dendrobium,brymerianum,7,4,GBIF
Lepanthes,hirpex,7,0,GBIF
Dendrobium,brevilabium,7,0,GBIF
Prasophyllum,atratum D.,7,0,GBIF
Prasophyllum,beatrix D.,7,1,GBIF
Dendrobium,bancanum,7,4,GBIF
Fernandezia,micrantha,7,0,GBIF
Cystorchis,dentifera Schltr.,7,0,GBIF
Cyrtosia,taiwanica K.,7,1,GBIF
Tuberolabium,zollingeri,7,0,GBIF
Prasophyllum,sylvicola D.,7,0,GBIF
Cyrtochilum,linguiforme,7,0,GBIF
Cyrtochilum,graminoides,7,0,GBIF
Cypripedium,wardii Rolfe,7,2,GBIF
Gastrochilus,inconspicuus,7,0,GBIF
Cypripedium,palangshanense Tang,7,1,GBIF
Vanilla,rivasii Molineros,7,2,GBIF
Oncidium,maduroi,7,0,GBIF
Gastrodia,callosa,7,1,GBIF
Cypripedium,debile Rchb.f.,7,2,GBIF
Gastrodia,nantoensis,7,1,GBIF
Cynorkis,pseudorolfei H.,7,0,GBIF
Cynorkis,flexuosa Lindl.,7,0,GBIF
Cynorkis,bimaculata Ridl.,7,0,GBIF
Prosthechea,venezuelana,7,3,GBIF
Cymbidium,whiteae,7,0,GBIF
Pseudocentrum,hoffmannii Rchb.f.,7,0,GBIF
Pseudocentrum,minus Benth.,7,1,GBIF
Pteroceras,hirsutum,7,0,GBIF
Pteroglossa,hilariana,7,0,GBIF
Lepanthes,hystrix,7,0,GBIF
Glomera,distichifolia,7,0,GBIF
Pterostylis,basaltica D.,7,0,GBIF
Glomera,graminifolia,7,0,GBIF
Glomera,kaniensis,7,0,GBIF
Pterostylis,echinulata D.,7,0,GBIF
Lepanthes,illex,7,0,GBIF
Crepidium,ramosum,7,0,GBIF
Crepidium,maculatum,7,0,GBIF
Glomera,viridis,7,0,GBIF
Gomesa,ciliata,7,1,GBIF
Pterostylis,scitula D.,7,0,GBIF
Pterostylis,x conoglossa,7,1,GBIF
Pterygodium,alatum Thunb.,7,1,GBIF
Oliveriana,uribe-velezii,7,0,GBIF
Corybas,carsei Cheeseman,7,1,GBIF
Pterygodium,hastatum Bolus,7,1,GBIF
Acineta,antioquiae,7,0,GBIF
Odontochilus,whiteheadii Rendle,7,0,GBIF
Odontochilus,uniflorus,7,0,GBIF
Renanthera,angustifolia,7,1,GBIF
Renanthera,histrionica,7,0,GBIF
Gongora,tracyana,7,0,GBIF
Goodyera,colorata Blume,7,0,GBIF
Coelogyne,vermicularis,7,1,GBIF
Coelogyne,selebica,7,1,GBIF
Goodyera,sechellarum S.,7,0,GBIF
Robiquetia,aberrans,7,0,GBIF
Coelogyne,quinquelamellata,7,0,GBIF
Robiquetia,bambusara,7,0,GBIF
Robiquetia,penangiana,7,0,GBIF
Vanilla,utteridgei J.,7,1,GBIF
Govenia,matudae,7,5,iNaturalist
Coelogyne,kopfii,7,0,GBIF
Lepanthes,plumifera,7,0,GBIF
Coelogyne,imitator,7,0,GBIF
Coelogyne,harana,7,0,GBIF
Coelogyne,guibertiae,7,0,GBIF
Satyrium,aberrans Summerh.,7,0,GBIF
Coelogyne,binuangensis,7,0,GBIF
Octomeria,harantiana,7,0,GBIF
Cleistes,unguiculata Rchb.f.,7,1,GBIF
Cleistes,paranaensis Barb.,7,1,"GBIF,Tropicos - Missouri Botanical Garden"
Cleistes,monantha Barb.,7,1,GBIF
Cleistes,mantiqueirae,7,0,GBIF
Cleisostomopsis,eberhardtii,7,1,GBIF
Cheirostylis,monteiroi,7,0,GBIF
Chaubardiella,subquadrata,7,0,GBIF
Chaubardiella,pacuarensis,7,0,GBIF
Chamaegastrodia,inverta W.,7,0,GBIF
Scaphyglottis,gentryi,7,1,GBIF
Ceratostylis,caespitosa,7,1,GBIF
Selenipedium,aequinoctiale Garay,7,1,GBIF
Habenaria,curranii Ames,7,0,GBIF
Sievekingia,rhonhofiae,7,0,GBIF
Habenaria,demissa Schltr.,7,0,GBIF
Cattleya,percivaliana,7,0,"Chris Howard Collection,Roberta Fox Collection"
Cattleya,neocardimii,7,0,GBIF
Habenaria,depressifolia Hoehne,7,0,GBIF
Oberonia,luzonensis,7,0,GBIF
Oberonia,kwangsiensis,7,0,GBIF
Sobralia,kerryae,7,2,GBIF
Campylocentrum,wawrae,7,0,GBIF
Campylocentrum,panamense,7,0,GBIF
Soterosanthus,shepheardii,7,0,GBIF
Calanthe,kaniensis,7,0,GBIF
Anathallis,montipelladensis,7,0,GBIF
Maxillaria,frigens,7,1,GBIF
Caladenia,abbreviata,7,1,GBIF
Bulbophyllum,zambalense,7,0,GBIF
Bulbophyllum,vesiculosum,7,0,GBIF
Bulbophyllum,variegatum,7,2,GBIF
Bulbophyllum,vanvuurenii,7,0,GBIF
Notylia,buchtienii,7,0,GBIF
Bulbophyllum,tryssum,7,0,GBIF
Bulbophyllum,tripudians,7,0,GBIF
Anathallis,pubipetala,7,0,GBIF
Vanda,foetida,7,0,GBIF
Bulbophyllum,trifolium,7,2,GBIF
Nigritella,x,7,0,GBIF
Stelis,adrianae,7,0,GBIF
Habenaria,lobbii Rchb.f.,7,0,GBIF
Stelis,barbellata,7,0,GBIF
Habenaria,macrostachya Lindl.,7,0,GBIF
Bulbophyllum,singaporeanum,7,0,GBIF
Neuwiedia,griffithii Rchb.f.,7,3,GBIF
Stelis,cuencana,7,0,GBIF
Stelis,fissurata,7,0,GBIF
Stelis,heterosepala,7,0,GBIF
Ancistrochilus,thomsonianus,7,0,GBIF
Stelis,janetiae,7,0,GBIF
Stelis,majorella,7,0,GBIF
Bulbophyllum,pachyneuron,7,0,GBIF
Bulbophyllum,oxychilum,7,3,GBIF
Maxillaria,frontinoensis,7,0,GBIF
Stelis,regina,7,0,GBIF
Bulbophyllum,morphologorum,7,1,GBIF
Bulbophyllum,monstrabile,7,0,GBIF
Andinia,ciliaris,7,0,GBIF
Lepanthes,papyrophylla,7,0,GBIF
Stelis,zootrophionoides,7,0,GBIF
Habenaria,vesiculosa A.,7,0,GBIF
Bulbophyllum,leytense,7,0,GBIF
Bulbophyllum,lemurense,7,0,GBIF
Bulbophyllum,lemuraeoides,7,0,GBIF
Bulbophyllum,lancipetalum,7,0,GBIF
Helonoma,americana,7,0,GBIF
Bulbophyllum,incisilabrum,7,0,GBIF
Bulbophyllum,hoyifolium,7,0,GBIF
Hemipilia,faberi Rolfe,7,0,GBIF
Styloglossum,aurantiacum,7,0,GBIF
Taeniophyllum,graptolitum,7,0,GBIF
Bulbophyllum,foetidum,7,0,GBIF
Taeniophyllum,macranthum,7,0,GBIF
Taeniophyllum,minimum,7,0,GBIF
Herminium,glossophyllum Tang,7,0,GBIF
Taeniophyllum,trachypus,7,0,GBIF
Bulbophyllum,dusenii,7,0,GBIF
Bulbophyllum,dissitiflorum,7,0,GBIF
Maxillaria,nardoides,7,3,GBIF
Hetaeria,anomala Lindl.,7,1,GBIF
Hetaeria,pelota,7,0,GBIF
Telipogon,jucusbambae,7,0,GBIF
Telipogon,nigropurpureus,7,0,GBIF
Telipogon,panamensis,7,0,GBIF
Bulbophyllum,chaunobulbon,7,0,GBIF
Holcoglossum,himalaicum,7,1,GBIF
Myoxanthus,dasyllis,7,0,GBIF
Bulbophyllum,bulliferum,7,0,GBIF
Holothrix,triloba Rolfe,7,0,GBIF
Bulbophyllum,apheles,7,0,GBIF
Bulbophyllum,ankylochele,7,0,GBIF
Bulbophyllum,anjozorobeense,7,0,GBIF
Bulbophyllum,andreeae,7,0,GBIF
Thelymitra,kangaloonica Jeanes,7,0,GBIF
Brownleea,parviflora Harv.,7,1,GBIF
Maxillaria,margretiae,7,0,GBIF
Broughtonia,negrilensis,7,0,GBIF
Brassia,villosa,7,0,GBIF
Brachypeza,uniflora,7,0,GBIF
Jumellea,cyrtoceras,7,0,GBIF
Benthamia,verecunda Schltr.,7,1,GBIF
Trichocentrum,caloceras,7,0,GBIF
Baskervilla,leptantha Dressler,7,0,GBIF
Microtis,eremaea R.,7,0,GBIF
Trichocentrum,panduratum,7,0,GBIF
Micropera,proboscidea,7,0,GBIF
Micropera,fuscolutea,7,0,GBIF
Trichoglottis,bipunctata,7,0,GBIF
Aphyllorchis,anomala,7,0,GBIF
Trichopilia,hennisiana,7,0,GBIF
Trichopilia,peruviana,7,0,GBIF
Angraecum,xylopus,7,0,GBIF
Microchilus,xystophyllus Rchb.f.,7,0,GBIF
Angraecum,corrugatum,7,0,GBIF
Microchilus,globosus Ormerod,7,0,GBIF
Malaxis,myurus,7,1,GBIF
Microchilus,curviflorus Ormerod,7,0,GBIF
Angraecum,ambrense,7,0,GBIF
Lepanthes,avis,7,0,GBIF
Masdevallia,antonii,7,0,GBIF
Masdevallia,brachyura,7,0,GBIF
Lyroglossa,pubicaulis,7,0,GBIF
Triphora,gallegosii,7,0,GBIF
Masdevallia,elephanticeps,7,0,GBIF
Masdevallia,figueroae,7,0,GBIF
Lepanthes,chocoensis,7,0,GBIF
Lepanthes,cingens,7,0,GBIF
Masdevallia,lamprotyria,7,0,GBIF
Liparis,nigrescens,7,0,GBIF
Lepanthes,ctenophora,7,0,GBIF
Masdevallia,papillosa,7,0,GBIF
Masdevallia,purpurella,7,0,GBIF
Maxillaria,melina,7,0,GBIF
Maxillaria,roseans,7,0,GBIF
Lepanthopsis,pulchella,7,0,GBIF
Lepanthes,unijuga,7,0,GBIF
Epidendrum,gongorarum,7,0,GBIF
Epidendrum,fastigiatum,7,0,GBIF
Epidendrum,excelsum,7,0,GBIF
Vanilla,decaryana H.,7,1,GBIF
Peristylus,ponerostachys Rchb.f.,7,0,GBIF
Paphiopedilum,x nitens,7,1,GBIF
Epidendrum,diommoides,7,0,GBIF
Peristylus,secundus Lindl.,7,0,GBIF
Paphiopedilum,vietnamense O.,7,1,GBIF
Pescatoria,hemixantha,7,0,GBIF
Epidendrum,lavendulum,7,0,GBIF
Epidendrum,leimebambense,7,0,GBIF
Epidendrum,cirrhochiloides,7,0,GBIF
Octarrhena,filiformis,6,1,GBIF
Bulbophyllum,hirsutiusculum,6,0,GBIF
Oxystophyllum,moluccense,6,0,GBIF
Lepanthes,plectilis,6,0,GBIF
Chrysoglossum,ensigerum,6,0,GBIF
Cleisostoma,bilamellatum,6,0,GBIF
Habenaria,bracteosa Hochst.,6,3,GBIF
Cleisostoma,crassissimum,6,0,GBIF
Cleisostoma,ridleyi,6,0,GBIF
Bulbophyllum,globuliforme,6,0,GBIF
Octomeria,campos-portoi,6,0,GBIF
Maxillaria,fimbriatiloba,6,0,GBIF
Epidendrum,milenae,6,0,GBIF
Diuris,insignis D.,6,1,GBIF
Satyrium,neglectum,6,0,GBIF
Phalaenopsis,lowii,6,0,GBIF
Diuris,luteola,6,1,GBIF
Herminium,chloranthum Tang,6,0,GBIF
Cleistes,ramboi Pabst,6,1,GBIF
Andinia,werneri,6,0,GBIF
Acianthera,sulcata,6,0,GBIF
Epidendrum,pseudoramosum,6,3,GBIF
Taeniophyllum,quaquaversum,6,0,GBIF
Coelogyne,borneensis,6,0,GBIF
Vanda,tricolor,6,2,GBIF
Pabstiella,crenata,6,0,GBIF
Tainia,maingayi,6,2,GBIF
Diuris,setacea R.,6,1,GBIF
Herminium,neotineoides,6,0,GBIF
Bulbophyllum,dryas,6,0,GBIF
Telipogon,aureus,6,0,GBIF
Coelogyne,cornuta,6,1,GBIF
Pabstiella,lineolata,6,0,GBIF
Bulbophyllum,dischidiifolium,6,0,GBIF
Octomeria,longifolia,6,3,GBIF
Telipogon,casadevalliae,6,0,GBIF
Grosourdya,incurvicalcar,6,0,GBIF
Lepanthes,zamorensis,6,0,GBIF
Diuris,tinkeri D.,6,1,GBIF
Vanda,x,6,0,GBIF
Acianthera,violaceomaculata,6,0,GBIF
Sarcanthopsis,woodfordii,6,0,GBIF
Mystacidium,nguruense,6,0,GBIF
Coelogyne,laciniloba,6,0,GBIF
Telipogon,gracilis,6,0,GBIF
Bulbophyllum,cuneatum,6,0,GBIF
Telipogon,hirtzii,6,0,GBIF
Platanthera,densa ssp.,6,0,GBIF
Dracula,severa,6,0,GBIF
Bulbophyllum,crassipetalum,6,0,GBIF
Dresslerella,lasiocampa,6,0,GBIF
Coelogyne,lacinulosa,6,0,GBIF
Dressleria,severiniana,6,0,GBIF
Santanderella,amadorinconiana,6,0,GBIF
Coelogyne,longicaulis,6,0,GBIF
Rodriguezia,obtusifolia,6,1,GBIF
Myoxanthus,sotoanus,6,0,GBIF
Telipogon,rhombipetalus,6,0,GBIF
Telipogon,stinae,6,0,GBIF
Pinalia,macera,6,0,GBIF
Vanilla,grandifolia Lindl.,6,1,GBIF
Coelogyne,ramentacea,6,0,GBIF
Goodyera,novembrilis Rchb.f.,6,0,GBIF
Coelogyne,sublobata,6,0,GBIF
Odontochilus,hasseltii Blume,6,0,GBIF
Holcoglossum,wangii,6,1,GBIF
Thaia,saprophytica,6,0,GBIF
Coelogyne,truncata,6,0,GBIF
Odontochilus,marivelensis Ormerod,6,0,GBIF
Maxillaria,anceschiana,6,0,GBIF
Renanthera,isosepala,6,0,GBIF
Bulbophyllum,capitatum,6,1,GBIF
Lepanthes,puck,6,0,GBIF
Bulbophyllum,cantagallense,6,0,GBIF
Quisqueya,rosea,6,0,GBIF
Coryanthes,alborosea,6,1,GBIF
Pinalia,euryloba,6,0,GBIF
Zeuxine,parviflora Blume,6,0,GBIF
Corybas,echinulus E.,6,1,"GBIF,iNaturalist"
Thelymitra,aggericola D.,6,0,GBIF
Cranichis,lehmannii Rchb.f.,6,0,GBIF
Pterostylis,sanguinea,6,1,GBIF
Glomera,tortuosa,6,0,GBIF
Pterostylis,parca D.,6,0,GBIF
Lepanthes,purpurata,6,0,GBIF
Bulbophyllum,beccarii,6,3,GBIF
Bulbophyllum,ayuthayense,6,0,GBIF
Bulbophyllum,auratum,6,4,"Chris Howard Collection,GBIF"
Glomera,latilinguis,6,0,GBIF
Aglossorrhyncha,micronesiaca,6,0,GBIF
Oncidium,echinops,6,0,GBIF
Lepanthes,ferrelliae,6,0,GBIF
Lepanthes,tetracola,6,0,GBIF
Lepanthes,tentaculata,6,0,GBIF
Lepanthes,ictalurus,6,0,GBIF
Pterostylis,cheraphila,6,1,GBIF
Pterostylis,bruniella R.,6,0,GBIF
Elleanthus,auriculatus,6,0,GBIF
Glomera,grandilabella,6,0,GBIF
Crossoglossa,hirtzii,6,0,GBIF
Adenoncos,vesiculosa,6,0,GBIF
Pterostylis,angulata,6,0,GBIF
Cyclopogon,ellipticus,6,0,GBIF
Thelymitra,imbricata,6,0,GBIF
Bulbophyllum,aechmophorum,6,0,GBIF
Bulbophyllum,acutiflorum,6,0,GBIF
Cylindrolobus,aurantiacus,6,0,GBIF
Genoplesium,rufum R.,6,1,GBIF
Cylindrolobus,longissimus,6,0,GBIF
Elleanthus,deuterohirtzii,6,0,GBIF
Bryobium,tridens,6,0,GBIF
Mormodes,tuxtlensis,6,0,GBIF
Palmorchis,pubescentis,6,0,GBIF
Maxillaria,platypetala,6,0,GBIF
Thelymitra,malvina M.,6,1,GBIF
Phreatia,subalpina,6,0,GBIF
Cymbidium,eburneum,6,0,Chris Howard Collection
Lepanthes,nulla,6,0,GBIF
Mormodes,fractiflexa,6,0,GBIF
Cynorkis,betsomangensis,6,0,GBIF
Lepanthes,fusiformis,6,0,GBIF
Genoplesium,alticola D.,6,0,GBIF
Thelymitra,pulcherrima Jeanes,6,1,GBIF
Cynorkis,brachystachya Bosser,6,0,GBIF
Gavilea,insularis M.,6,0,GBIF
Thelymitra,speciosa Jeanes,6,1,GBIF
Cynorkis,confusa H.,6,0,GBIF
Cynorkis,epiphytica,6,0,GBIF
Pelexia,paludosa,6,0,GBIF
Gastrorchis,geffrayi,6,0,GBIF
Brachycorythis,pleistophylla Rchb.f.,6,0,GBIF
Thelymitra,villosa Lindl.,6,1,GBIF
Cynorkis,minuticalcar Toill.-Gen.,6,0,GBIF
Cynorkis,subtilis Bosser,6,0,GBIF
Oncidium,lucianianum,6,0,GBIF
Thrixspermum,longipilosum,6,0,GBIF
Brachionidium,elegans,6,0,GBIF
Jacquiniella,pedunculata,6,0,GBIF
Gastrodia,falconeri,6,0,GBIF
Thrixspermum,vanoverberghii,6,0,GBIF
Bolusiella,zenkeri,6,3,GBIF
Thunia,bensoniae,6,0,GBIF
Cypripedium,elegans Rchb.f.,6,1,GBIF
Cypripedium,fasciolatum Franch.,6,2,GBIF
Cypripedium,ludlowii P.,6,1,GBIF
Blepharoglossum,grandiflorum,6,0,GBIF
Cypripedium,montanum Douglas,6,2,GBIF
Prosthechea,bicamerata,6,2,GBIF
Vanilla,ramosa Rolfe,6,4,GBIF
Epidendrum,holstii,6,0,GBIF
Cyrtochiloides,riopalenqueana,6,0,GBIF
Promenaea,dusenii,6,0,GBIF
Galeola,cathcartii Hook.f.,6,1,GBIF
Bifrenaria,grandis,6,0,GBIF
Jumellea,marojejiensis,6,0,GBIF
Trachoma,celebicum,6,0,GBIF
Pelexia,sancta,6,0,GBIF
Aerangis,divitiflora,6,0,GBIF
Cyrtochilum,examinans,6,0,GBIF
Prasophyllum,tunbridgense D.,6,1,GBIF
Benthamia,exilis Schltr.,6,0,GBIF
Cyrtochilum,violaceum,6,0,GBIF
Lepanthes,scapha,6,0,GBIF
Jumellea,similis,6,0,GBIF
Cyrtopodium,lamellaticallosum,6,0,GBIF
Palmorchis,yavarensis,6,0,GBIF
Dactylorhiza,x guillaumeae,6,0,GBIF
Prasophyllum,occultans R.,6,0,GBIF
Dendrobium,acutilobum,6,0,GBIF
Pelexia,ecuadorensis,6,1,GBIF
Prasophyllum,helophilum D.,6,0,GBIF
Dendrobium,appendicula,6,1,GBIF
Dendrobium,archipelagense,6,0,GBIF
Dendrobium,bismarckiense,6,0,GBIF
Arachnis,calcarata,6,0,GBIF
Dendrobium,bostrychodes,6,0,GBIF
Tylostigma,tenellum Schltr.,6,0,GBIF
Andinia,lupula,6,0,GBIF
Appendicula,togarupia,6,0,GBIF
Kefersteinia,pulchella,6,0,GBIF
Amesiella,monticola,6,0,Chris Howard Collection
Micropera,secunda,6,0,GBIF
Kefersteinia,wercklei,6,0,GBIF
Epidendrum,imperator,6,0,GBIF
Phreatia,quadrata,6,0,GBIF
Eurystyles,standleyi,6,0,GBIF
Appendicula,perplexa,6,0,GBIF
Dendrobium,cavipes,6,0,GBIF
Appendicula,gracilis,6,0,GBIF
Maxillaria,escobarii,6,0,GBIF
Ponthieva,sylvicola Rchb.f.,6,0,GBIF
Epidendrum,guanacasense,6,0,GBIF
Paphiopedilum,philippinense Rchb.f.,6,2,GBIF
Dendrobium,convexipes,6,0,GBIF
Dendrobium,croceocentrum,6,0,GBIF
Dendrobium,cruentum,6,0,GBIF
Dendrobium,cyclopense,6,0,GBIF
Dendrobium,cyrtolobum,6,0,GBIF
Trichoglottis,geminata,6,1,GBIF
Eulophia,rara,6,0,GBIF
Microcoelia,nyungwensis,6,0,GBIF
Dendrobium,guttulatum,6,0,GBIF
Dendrobium,helix,6,1,GBIF
Polystachya,holstii,6,0,GBIF
Dendrobium,lagorum,6,0,GBIF
Dendrobium,lewisiae,6,1,GBIF
Maxillaria,divaricata,6,0,GBIF
Apostasia,latifolia Rolfe,6,1,GBIF
Dendrobium,multilineatum,6,0,GBIF
Polystachya,anthoceros,6,0,GBIF
Dendrobium,obtusum,6,1,GBIF
Peristylus,goodyeroides D.,6,3,GBIF
Podochilus,densiflorus,6,0,GBIF
Epidendrum,fruticetorum,6,0,GBIF
Phreatia,pulchella,6,0,GBIF
Plocoglottis,quadrifolia,6,0,GBIF
Dendrobium,pensile,6,0,GBIF
Lecanorchis,malaccensis Ridl.,6,3,GBIF
Epidendrum,anthoceros,6,0,GBIF
Paphiopedilum,insigne Wall.,6,3,GBIF
Pleurothallis,troglodytes,6,0,GBIF
Pleurothallis,subreniformis,6,0,GBIF
Erythrorchis,altissima Blume,6,1,GBIF
Pleurothallis,recurvata,6,0,GBIF
Pleurothallis,quadricaudata,6,2,GBIF
Dendrobium,rennellii,6,0,GBIF
Pleurothallis,nossax,6,0,GBIF
Dendrobium,setosum,6,0,GBIF
Dendrobium,subfalcatum,6,0,GBIF
Dendrobium,uncatum,6,1,GBIF
Dendrobium,undatialatum,6,1,GBIF
Angraecum,hermannii,6,0,GBIF
Angraecum,gracile,6,0,GBIF
Pleurothallis,chicalensis,6,0,GBIF
Dendrobium,victoriae-reginae,6,0,Chris Howard Collection
Dendrobium,violaceominiatum,6,0,GBIF
Angraecum,ferkoanum,6,0,GBIF
Epistephium,hernandii Garay,6,2,GBIF
Epistephium,brevicristatum R.,6,1,GBIF
Dichaea,bryophila,6,0,GBIF
Dichaea,dressleri,6,0,GBIF
Dilomilis,elata,6,0,GBIF
Ophrys,x armentariae,6,1,GBIF
Platystele,densiflora,6,0,GBIF
Epidendrum,pachyceras,6,0,GBIF
Vanilla,chalotii Finet,6,1,GBIF
Epigeneium,clemensiae,6,0,GBIF
Encyclia,recurvata,6,0,GBIF
Paphiopedilum,delenatii Guillaumin,6,1,GBIF
Epidendrum,yojoaense,6,2,GBIF
Epiblastus,accretus,6,0,GBIF
Epiblastus,acuminatus,6,0,GBIF
Epidendrum,williamsii,6,1,GBIF
Mesadenella,angustisegmenta,6,0,GBIF
Disa,comosa Rchb.f.,6,1,GBIF
Disa,conferta Bolus,6,1,GBIF
Epidendrum,waiandtii,6,0,GBIF
Disa,cylindrica Thunb.,6,1,GBIF
Ophrys,x royanensis,6,0,GBIF
Disa,elegans Sond.,6,1,GBIF
Mediocalcar,stevenscoodei,6,0,GBIF
Ophrys,x turiana,6,2,GBIF
Disa,intermedia H.,6,1,GBIF
Disa,karooica S.,6,1,GBIF
Andinia,persimilis,6,0,GBIF
Disa,longifolia Lindl.,6,1,GBIF
Masdevallia,angulifera,6,0,GBIF
Epidendrum,bahorucense,6,0,GBIF
Disa,lugens Bolus,6,2,"GBIF,iNaturalist"
Epiblastus,lancipetalus,6,0,GBIF
Maxillaria,woytkowskii,6,0,GBIF
Disa,nigerica Rolfe,6,1,GBIF
Phragmipedium,lindenii Lindl.,6,2,GBIF
Disa,oligantha Rchb.f.,6,1,GBIF
Disa,polygonoides Lindl.,6,1,GBIF
Vanilla,marowynensis Pulle,6,2,GBIF
Disa,rhodantha Schltr.,6,1,GBIF
Masdevallia,crassicaudis,6,0,GBIF
Lepanthes,caudata,6,0,GBIF
Agrostophyllum,atrobrunneum,6,0,GBIF
Lycaste,guatemalensis,6,0,GBIF
Epidendrum,stictoglossum,6,0,GBIF
Epidendrum,clowesii,6,2,GBIF
Lepanthes,mariposa,6,0,GBIF
Phalaenopsis,marriottiana,6,2,GBIF
Discyphus,scopulariae Rchb.f.,6,0,GBIF
Paphiopedilum,primulinum M.,6,1,GBIF
Disperis,bathiei Bosser,6,1,GBIF
Disperis,bifida P.,6,1,GBIF
Maxillaria,tenebrifolia,6,0,GBIF
Phragmipedium,hirtzii Dodson,6,2,GBIF
Epidendrum,skutchii,6,0,GBIF
Lepanthes,sanguinea,6,2,GBIF
Phragmipedium,caricinum Lindl.,6,1,GBIF
Ornithocephalus,lankesteri,6,0,GBIF
Lepanthes,convexa,6,0,GBIF
Disperis,meirax Rchb.f.,6,1,GBIF
Disperis,oxyglossa Bolus,6,1,GBIF
Bulbophyllum,propinquum,6,0,GBIF
Habenaria,quadrata Lindl.,6,0,GBIF
Bulbophyllum,praetervisum,6,0,GBIF
Habenaria,rechingeri Renz,6,0,GBIF
Habenaria,reflexicalcar,6,0,GBIF
Bulbophyllum,platybulbum,6,1,GBIF
Nervilia,maculata,6,0,GBIF
Stelis,exasperata,6,0,GBIF
Stelis,oaxacana,6,0,GBIF
Bulbophyllum,rubiferum,6,0,GBIF
Stelis,diversifolia,6,1,GBIF
Bulbophyllum,perii,6,0,GBIF
Stelis,cylindrica,6,0,GBIF
Neuwiedia,Blume,6,4,GBIF
Nervilia,fordii,6,0,GBIF
Stelis,coelochila,6,0,GBIF
Masdevallia,mataxa,6,0,GBIF
Stelis,cajanumae,6,0,GBIF
Yoania,flava,6,0,GBIF
Lepanthes,cotylisca,6,0,GBIF
Ypsilopus,tanneri,6,0,GBIF
Epiblastus,unguiculatus,6,0,GBIF
Maxillaria,serrulata,6,0,GBIF
Stelis,bacriosa,6,0,GBIF
Habenaria,loerzingii J.,6,0,GBIF
Stelis,asperilinguis,6,0,GBIF
Bulbophyllum,tentaculatum,6,0,GBIF
Bulbophyllum,tenuipes,6,0,GBIF
Bulbophyllum,thiurum,6,0,GBIF
Pescatoria,whitei,6,0,GBIF
Bulbophyllum,moramanganum,6,0,GBIF
Liparis,nephrocardia,6,0,GBIF
Bulbophyllum,minutipetalum,6,0,GBIF
Stelis,acuifera,6,1,GBIF
Bulbophyllum,trirhopalon,6,0,GBIF
Bulbophyllum,tseanum,6,0,GBIF
Bulbophyllum,microdendron,6,0,GBIF
Bulbophyllum,univenum,6,1,GBIF
Habenaria,jordanensis Leite,6,0,GBIF
Bulbophyllum,maskeliyense,6,0,GBIF
Habenaria,irwiniana,6,0,GBIF
Caladenia,bryceana ssp.,6,0,GBIF
Stelis,verbiformis,6,0,GBIF
Bulbophyllum,malachadenia,6,0,GBIF
Notylia,rhombilabia,6,0,GBIF
Caladenia,carnea R.,6,1,GBIF
Acianthera,marumbyana,6,0,GBIF
Disperis,reichenbachiana Welw.,6,4,GBIF
Caladenia,flavovirens G.,6,1,GBIF
Lepanthes,culex,6,0,GBIF
Caladenia,fuscolutescens Hopper,6,0,GBIF
Liparis,leratii,6,0,GBIF
Caladenia,hirta ssp.,6,1,GBIF
Bulbophyllum,longistelidium,6,0,GBIF
Habenaria,holotricha Gagnep.,6,0,GBIF
Anathallis,miguelii,6,0,GBIF
Caladenia,meridionalis,6,1,GBIF
Habenaria,hassleriana Cogn.,6,0,GBIF
Caladenia,parva G.,6,1,GBIF
Caladenia,plicata Fitzg.,6,1,GBIF
Caladenia,pulchra,6,1,GBIF
Bulbophyllum,lineatum,6,0,GBIF
Caladenia,ultima,6,0,GBIF
Calanthe,longibracteata,6,0,GBIF
Calanthe,tsoongiana,6,0,GBIF
Bulbophyllum,linearilabium,6,2,GBIF
Calymmanthera,major,6,0,GBIF
Vanilla,cribbiana Soto,6,4,GBIF
Disperis,tripetaloides Thouars,6,3,GBIF
Capanemia,gehrtii,6,0,GBIF
Sobralia,gloriana,6,0,GBIF
Epidendrum,minutiflorum,6,0,GBIF
Disperis,wealei Rchb.f.,6,1,GBIF
Stichorkis,apiculata,6,0,GBIF
Habenaria,egleriana J.,6,0,GBIF
Diuris,amabilis D.,6,1,GBIF
Cattleya,aclandiae,6,0,Chris Howard Collection
Habenaria,diplonema Schltr.,6,0,GBIF
Stichorkis,insectifera,6,1,GBIF
Bulbophyllum,kemulense,6,0,GBIF
Cattleya,itambana,6,1,GBIF
Cattleya,milleri,6,0,Chris Howard Collection
Oberonia,potamophila,6,0,GBIF
Ceratandra,bicolor Sond.,6,1,GBIF
Epidendrum,culmiforme,6,3,GBIF
Selenipedium,steyermarkii Foldats,6,2,GBIF
Oberonia,truncatiglossa,6,0,GBIF
Neottia,biflora,6,1,GBIF
Stichorkis,trachyglossa,6,0,GBIF
Vrydagzynea,purpurea Blume,6,0,GBIF
Diuris,corymbosa Lindl.,6,1,GBIF
Ceratostylis,robusta,6,0,GBIF
Hemipilia,crassicalcarata Chien,6,0,GBIF
Hemipilia,crenulata Soó,6,0,GBIF
Scaphyglottis,densa,6,1,GBIF
Tylostigma,filiforme ssp.,6,0,GBIF
Diuris,fryana Ridl.,6,0,GBIF
Octarrhena,cupulilabra,6,0,GBIF
Satyrium,ligulatum Lindl.,5,1,GBIF
Aa,leucantha,5,3,GBIF
Acanthophippium,bicolor,5,5,iNaturalist
Acianthera,bidentata,5,0,GBIF
Acianthera,crassilabia,5,0,GBIF
Acianthera,mantiquyrana,5,3,GBIF
Acianthera,per-dusenii,5,0,GBIF
Acianthus,scopulus D.,5,0,GBIF
Aerangis,hildebrandtii,5,0,GBIF
Aeranthes,parvula,5,1,GBIF
Aglossorrhyncha,torricellensis,5,0,GBIF
Aglossorrhyncha,viridis,5,0,GBIF
Agrostophyllum,torricellense,5,0,GBIF
Anacamptis,x menosii,5,0,GBIF
Anathallis,ciliolata,5,0,GBIF
Andinia,composita,5,1,GBIF
Angraecum,gabonense,5,1,GBIF
Angraecum,humbertii,5,0,GBIF
Appendicula,aberrans,5,1,GBIF
Appendicula,cornuta,5,1,GBIF
Appendicula,longa,5,1,GBIF
Appendicula,longirostrata,5,1,GBIF
Appendicula,pilosa,5,0,GBIF
Appendicula,recondita,5,0,GBIF
Appendicula,topensabe,5,0,GBIF
Appendicula,tubilabia,5,0,GBIF
Appendicula,wariana,5,0,GBIF
Barkeria,spectabilis,5,3,GBIF
Benthamia,calceolata H.,5,0,GBIF
Benthamia,glaberrima Ridl.,5,1,GBIF
Benthamia,madagascariensis Schltr.,5,1,GBIF
Bletilla,formosana,5,1,GBIF
Brachionidium,haberi,5,0,GBIF
Brachycorythis,conica ssp.,5,0,GBIF
Brachycorythis,pubescens Harv.,5,2,GBIF
Brassia,cauliformis,5,0,GBIF
Brownleea,mulanjiensis H.,5,1,GBIF
Bulbophyllum,acropogon,5,0,GBIF
Bulbophyllum,algidum,5,0,GBIF
Bulbophyllum,alveatum,5,0,GBIF
Bulbophyllum,atratum,5,2,GBIF
Bulbophyllum,bacilliferum,5,0,GBIF
Bulbophyllum,balgooiji,5,0,GBIF
Bulbophyllum,bandischii,5,0,Chris Howard Collection
Bulbophyllum,biantennatum,5,0,GBIF
Bulbophyllum,biflorum,5,1,"Chris Howard Collection,GBIF"
Bulbophyllum,brevicolumna,5,0,GBIF
Bulbophyllum,ceriodorum,5,0,GBIF
Bulbophyllum,chanii,5,0,GBIF
Bulbophyllum,debile,5,0,GBIF
Bulbophyllum,filicaule,5,0,GBIF
Bulbophyllum,flammuliferum,5,0,GBIF
Bulbophyllum,galactanthum,5,1,GBIF
Bulbophyllum,kautskyi,5,0,GBIF
Bulbophyllum,laciniatum,5,0,GBIF
Bulbophyllum,longipes,5,1,GBIF
Bulbophyllum,lygeron,5,1,GBIF
Bulbophyllum,lyriforme,5,0,GBIF
Bulbophyllum,medioximum,5,1,GBIF
Bulbophyllum,nubinatum,5,0,GBIF
Bulbophyllum,oeneum,5,1,GBIF
Bulbophyllum,oxyanthum,5,0,GBIF
Bulbophyllum,peninsulare,5,1,GBIF
Bulbophyllum,pleiopterum,5,0,GBIF
Bulbophyllum,plumatum,5,3,GBIF
Bulbophyllum,pseudotrias,5,1,GBIF
Bulbophyllum,quadrisetum,5,3,GBIF
Bulbophyllum,ranomafanae,5,0,GBIF
Bulbophyllum,rimannii,5,0,GBIF
Bulbophyllum,rivulare,5,0,GBIF
Bulbophyllum,senghasii,5,0,GBIF
Bulbophyllum,staetophyton,5,1,GBIF
Bulbophyllum,subligaculiferum,5,0,GBIF
Bulbophyllum,subsecundum,5,0,GBIF
Bulbophyllum,tigridum,5,0,GBIF
Bulbophyllum,trimenii,5,1,GBIF
Bulbophyllum,xantanthum,5,1,GBIF
Caladenia,ambusta A.,5,1,GBIF
Caladenia,brachyscapa G.,5,0,GBIF
Caladenia,branwhitei D.,5,0,GBIF
Caladenia,drakeoides,5,1,GBIF
Caladenia,filamentosa R.,5,1,GBIF
Caladenia,filifera Lindl.,5,1,GBIF
Caladenia,ovata R.,5,1,GBIF
Caladenia,picta,5,1,GBIF
Caladenia,radialis R.,5,1,GBIF
Caladenia,rigida R.,5,1,GBIF
Caladenia,valida,5,1,GBIF
Caladenia,varians Hopper,5,1,GBIF
Calanthe,claytonii,5,0,GBIF
Callostylis,carnosissima,5,0,GBIF
Calochilus,holtzei F.,5,0,GBIF
Campylocentrum,calostachyum,5,0,GBIF
Campylocentrum,tyrridion,5,0,GBIF
Catasetum,triodon,5,0,GBIF
Cattleya,ghillanyi,5,1,GBIF
Cattleya,quadricolor,5,0,GBIF
Cattleya,tenuis,5,1,GBIF
Caucaea,macrotyle,5,0,GBIF
Cephalanthera,exigua,5,0,GBIF
Cephalantheropsis,laciniata,5,0,GBIF
Ceratostylis,latifolia,5,1,GBIF
Ceratostylis,longicaulis,5,1,GBIF
Ceratostylis,sessilis,5,0,GBIF
Cheirostylis,javanica J.,5,0,GBIF
Chiloglottis,bifaria D.,5,0,GBIF
Chloraea,bella Hauman,5,0,GBIF
Chloraea,bidentata Poepp.,5,1,GBIF
Chondroscaphe,atrilinguis,5,0,GBIF
Cleisostoma,muticum,5,1,GBIF
Cleisostoma,sororium,5,0,GBIF
Cleistes,libonii Rchb.f.,5,1,"GBIF,Tropicos - Missouri Botanical Garden"
Cleistes,liliastrum Rchb.f.,5,1,GBIF
Cleistes,moritzii Rchb.f.,5,2,GBIF
Cleistes,vargasii C.,5,1,GBIF
Clematepistephium,N. Hallé,5,1,GBIF
Coelogyne,asperata,5,1,GBIF
Coelogyne,brachygyne,5,0,GBIF
Coelogyne,chanii,5,0,GBIF
Coelogyne,dentata,5,1,GBIF
Coelogyne,havilandii,5,1,GBIF
Coelogyne,involucrata,5,0,GBIF
Coelogyne,microstyla,5,0,GBIF
Coelogyne,odoardi,5,0,GBIF
Coelogyne,pterogyne,5,1,GBIF
Coelogyne,schilleriana,5,0,GBIF
Coelogyne,susanae,5,0,GBIF
Coelogyne,woodiana,5,0,GBIF
Coryanthes,trifoliata,5,0,GBIF
Corybas,limpidus D.,5,1,GBIF
Corybas,minutus Drake,5,0,GBIF
Corybas,ramosianus J.,5,0,GBIF
Corybas,striatus Schltr.,5,0,GBIF
Cranichis,glandulosa A.,5,0,GBIF
Cranichis,lichenophila D.,5,0,GBIF
Cranichis,zarucchii,5,0,GBIF
Crepidium,hippocrepiformis,5,1,GBIF
Crepidium,insulare,5,0,GBIF
Crepidium,maaikeae,5,1,GBIF
Crepidium,marsupichilum,5,0,GBIF
Crepidium,purpureonervosum,5,0,GBIF
Cryptostylis,hunteriana Nicholls,5,1,GBIF
Cyclopogon,alexandrae,5,0,GBIF
Cyclopogon,macer,5,0,GBIF
Cynorkis,disperidoides Bosser,5,0,GBIF
Cynorkis,tenella Ridl.,5,0,GBIF
Cynorkis,zaratananae Schltr.,5,0,GBIF
Cypripedium,lichiangense P.,5,1,GBIF
Cypripedium,margaritaceum Franch.,5,1,GBIF
Cypripedium,yunnanense Franch.,5,1,GBIF
Cyrtochilum,aemulum,5,0,GBIF
Cyrtochilum,englerianum,5,0,GBIF
Cyrtochilum,microxiphium,5,2,GBIF
Cyrtochilum,umbonatum,5,2,GBIF
Cyrtosia,integra Rolfe,5,1,GBIF
Cyrtosia,taiwanica,5,0,GBIF
Dactylorhiza,x kuehnensis,5,1,GBIF
Danhatchia,copelandii,5,0,GBIF
Dendrobium,agrostophyllum,5,1,GBIF
Dendrobium,angustitepalum,5,0,GBIF
Dendrobium,anosmum,5,1,GBIF
Dendrobium,carrii,5,0,GBIF
Dendrobium,chrysocrepis,5,0,GBIF
Dendrobium,chrysotainium,5,0,GBIF
Dendrobium,clavator,5,0,GBIF
Dendrobium,convolutum,5,0,GBIF
Dendrobium,dixanthum,5,1,GBIF
Dendrobium,ecolle,5,0,GBIF
Dendrobium,kirchianum,5,0,GBIF
Dendrobium,korthalsii,5,1,GBIF
Dendrobium,lobulatum,5,1,GBIF
Dendrobium,mamberamense,5,1,GBIF
Dendrobium,microglaphys,5,0,GBIF
Dendrobium,modestum,5,0,GBIF
Dendrobium,obcordatum,5,0,GBIF
Dendrobium,oligophyllum,5,0,Chris Howard Collection
Dendrobium,puncticulosum,5,0,GBIF
Dendrobium,sinuosum,5,1,GBIF
Dendrobium,sororium,5,0,GBIF
Dendrobium,speciosum,5,1,ALA - Atlas of Living Australia
Dendrobium,sublobatum,5,0,GBIF
Dendrobium,tetralobatum,5,0,GBIF
Dendrobium,truncatum,5,1,GBIF
Dendrobium,x,5,0,GBIF
Dendrobium,xanthophlebium,5,0,GBIF
Dendrobium,zamboangense,5,0,GBIF
Dichaea,brevicaulis,5,0,GBIF
Dichaea,moritzii,5,0,GBIF
Dichaea,mosenii,5,0,GBIF
Didymoplexiella,ornata,5,0,GBIF
Dimerandra,rimbachii,5,1,GBIF
Disa,aristata H.,5,1,GBIF
Disa,baurii Bolus,5,1,GBIF
Disa,celata Summerh.,5,2,GBIF
Disa,chimanimaniensis H.,5,2,GBIF
Disa,equestris Rchb.f.,5,2,GBIF
Disa,nervosa Lindl.,5,2,GBIF
Disa,ovalifolia Sond.,5,1,GBIF
Disa,perplexa H.,5,3,GBIF
Disa,racemosa L.f.,5,1,GBIF
Disa,saxicola Schltr.,5,2,GBIF
Disa,triloba Lindl.,5,1,GBIF
Disperis,cucullata Sw.,5,1,GBIF
Disperis,disiformis Schltr.,5,1,GBIF
Disperis,natascha-oppeltiae Eb.,5,1,GBIF
Disperis,neilgherrensis Wight,5,3,GBIF
Disperis,pusilla Verdc.,5,1,GBIF
Disperis,stenoplectron Rchb.f.,5,1,GBIF
Diuris,alba R.,5,1,GBIF
Diuris,cruenta,5,1,GBIF
Diuris,littoralis,5,1,GBIF
Diuris,recurva D.,5,1,GBIF
Ecuadorella,harlingii,5,0,GBIF
Elleanthus,ligularis,5,0,GBIF
Elleanthus,muscicola,5,2,GBIF
Encyclia,correllii,5,1,GBIF
Encyclia,garciae-esquivelii,5,0,GBIF
Encyclia,guianensis,5,0,GBIF
Epiblastus,merrillii,5,0,GBIF
Epiblastus,pulchellus,5,3,GBIF
Epiblastus,torricellensis,5,0,GBIF
Epidendrum,agoyanense,5,1,"GBIF,Tropicos - Missouri Botanical Garden"
Epidendrum,alpicoloscandens,5,0,GBIF
Epidendrum,atrorugosum,5,0,GBIF
Epidendrum,beharorum,5,0,GBIF
Epidendrum,cardiomorphum,5,1,"GBIF,Tropicos - Missouri Botanical Garden"
Epidendrum,coilotrienum,5,0,GBIF
Epidendrum,crenulidifforme,5,0,GBIF
Epidendrum,erica-moroniae,5,0,GBIF
Epidendrum,estrellense,5,0,GBIF
Epidendrum,forcipatum,5,0,GBIF
Epidendrum,kerryae,5,0,GBIF
Epidendrum,lanioides,5,0,GBIF
Epidendrum,lima,5,0,GBIF
Epidendrum,macasense,5,1,GBIF
Epidendrum,microglossum,5,1,GBIF
Epidendrum,miradoranum,5,0,GBIF
Epidendrum,mixtecanum,5,0,GBIF
Epidendrum,montiargentatum,5,1,GBIF
Epidendrum,nervosiflorum,5,1,GBIF
Epidendrum,nora-mesae,5,0,GBIF
Epidendrum,panegyricum,5,0,GBIF
Epidendrum,pendens,5,0,GBIF
Epidendrum,samaipatense,5,0,GBIF
Epidendrum,stolidium,5,0,GBIF
Epidendrum,upanodifforme,5,0,GBIF
Epistephium,ellipticum R.,5,4,GBIF
Epistephium,praestans Hoehne,5,1,GBIF
Eria,micholitzii,5,1,GBIF
Eriochilus,helonomos Hopper,5,1,GBIF
Eriochilus,pulchellus,5,1,GBIF
Erythrodes,chinensis Rolfe,5,0,GBIF
Eulophia,calanthoides,5,1,GBIF
Eurystyles,domingensis,5,0,GBIF
Fernandezia,antioquiensis,5,0,GBIF
Fernandezia,cardenasii,5,0,GBIF
Fernandezia,pastii,5,1,GBIF
Fernandezia,putumayoensis,5,0,GBIF
Genoplesium,pumilum Hook.f.,5,1,GBIF
Glomera,acuminata,5,0,GBIF
Glomera,diosmoides,5,1,GBIF
Glomera,keytsiana,5,0,GBIF
Gomesa,caatingana,5,0,GBIF
Gomesa,chrysopterantha,5,0,GBIF
Gomphichis,hetaerioides Schltr.,5,0,GBIF
Govenia,floridana,5,0,GBIF
Grammatophyllum,elegans,5,3,GBIF
Grosourdya,bigibba,5,0,GBIF
Grosourdya,decipiens,5,0,GBIF
Habenaria,acuticalcar H.,5,0,GBIF
Habenaria,antennifera A.,5,1,GBIF
Habenaria,barbertoni Kraenzl.,5,1,GBIF
Habenaria,boliviana Rchb.f.,5,0,GBIF
Habenaria,caldensis Kraenzl.,5,1,GBIF
Habenaria,culicina Rchb.f.,5,1,GBIF
Habenaria,decorata Hochst.,5,2,GBIF
Habenaria,digitata Lindl.,5,1,GBIF
Habenaria,filicornis Lindl.,5,1,GBIF
Habenaria,flexuosa Lindl.,5,1,GBIF
Habenaria,foliosa A.,5,1,GBIF
Habenaria,furcifera Lindl.,5,3,GBIF
Habenaria,goyazensis Cogn.,5,2,GBIF
Habenaria,guadalajarana S.,5,1,GBIF
Habenaria,helicoplectrum Summerh.,5,1,GBIF
Habenaria,heptadactyla Rchb.f.,5,4,GBIF
Habenaria,hexaptera Lindl.,5,2,GBIF
Habenaria,holubii Rolfe,5,1,GBIF
Habenaria,incarnata Lyall,5,1,GBIF
Habenaria,insolita Summerh.,5,1,GBIF
Habenaria,intermedia D.,5,1,GBIF
Habenaria,lehmanniana Kraenzl.,5,1,GBIF
Habenaria,leonensis 'Kraenzl.',5,1,GBIF
Habenaria,leprieurii Rchb.f.,5,1,GBIF
Habenaria,leptophylla Renz,5,0,GBIF
Habenaria,linearifolia Maxim.,5,1,GBIF
Habenaria,linguiformis Summerh.,5,0,GBIF
Habenaria,lisowskiana Geerinck,5,0,GBIF
Habenaria,longissima J.,5,1,GBIF
Habenaria,pansarinii,5,0,GBIF
Habenaria,pubidens P.,5,0,GBIF
Habenaria,rhodocheila ssp.,5,1,GBIF
Habenaria,rosulata Ames,5,0,GBIF
Habenaria,saprophytica,5,0,GBIF
Habenaria,stenoceras Summerh.,5,0,GBIF
Habenaria,szechuanica Schltr.,5,0,GBIF
Habenaria,tortilis P.,5,0,GBIF
Herminium,macrophyllum D.,5,3,GBIF
Herminium,ophioglossoides Schltr.,5,1,GBIF
Herminium,pusillum,5,0,GBIF
Holothrix,pentadactyla Summerh.,5,2,GBIF
Huttonaea,grandiflora Schltr.,5,1,GBIF
Hylophila,rubra Ames,5,0,GBIF
Kefersteinia,mystacina,5,0,GBIF
Kefersteinia,ocellata,5,0,GBIF
Kegeliella,atropilosa,5,2,GBIF
Laelia,rubescens,5,0,Roberta Fox Collection
Lepanthes,actias-luna,5,1,GBIF
Lepanthes,anatina,5,0,GBIF
Lepanthes,brasiliensis,5,0,GBIF
Lepanthes,ciliisepala,5,1,GBIF
Lepanthes,ejecta,5,0,GBIF
Lepanthes,erythrocles,5,0,GBIF
Lepanthes,fissa,5,0,GBIF
Lepanthes,guanacastensis,5,0,GBIF
Lepanthes,hirsutula,5,0,GBIF
Lepanthes,inamoena,5,0,GBIF
Lepanthes,javieri,5,0,GBIF
Lepanthes,juanii,5,0,GBIF
Lepanthes,koehleri,5,0,GBIF
Lepanthes,longipedicellata,5,0,GBIF
Lepanthes,megalostele,5,0,GBIF
Lepanthes,minyglossa,5,0,GBIF
Lepanthes,norae,5,0,GBIF
Lepanthes,pterygion,5,0,GBIF
Lepanthes,pubes,5,0,GBIF
Lepanthes,satyrica,5,0,GBIF
Lepanthes,troxis,5,1,GBIF
Lepanthes,unguicularis,5,0,GBIF
Lepanthes,velifera,5,0,GBIF
Lepanthes,vellicata,5,0,GBIF
Lepanthes,versicolor,5,0,GBIF
Lepanthopsis,stellaris,5,0,GBIF
Liparis,atropurpurea,5,0,GBIF
Liparis,brunnea,5,0,GBIF
Liparis,brunneolobata,5,0,GBIF
Liparis,stenoglossa,5,0,GBIF
Liparis,walkeriae,5,0,GBIF
Luisia,confusa,5,1,GBIF
Luisia,thailandica,5,1,GBIF
Lycaste,macrobulbon,5,0,GBIF
Lycaste,xanthocheila,5,0,GBIF
Lycomormium,schmidtii,5,0,GBIF
Macradenia,tridentata,5,0,GBIF
Malaxis,adolphii,5,0,GBIF
Malaxis,cogniauxiana,5,0,GBIF
Malaxis,lobulata,5,0,GBIF
Masdevallia,fractiflexa,5,1,GBIF
Masdevallia,goliath,5,0,GBIF
Masdevallia,guayanensis,5,0,GBIF
Masdevallia,klabochorum,5,0,GBIF
Masdevallia,strumosa,5,1,GBIF
Maxillaria,cacaoensis,5,0,GBIF
Maxillaria,disticha,5,0,GBIF
Maxillaria,gerardi,5,0,GBIF
Maxillaria,rodriguesii,5,0,GBIF
Maxillaria,xanthorhoda,5,2,GBIF
Microchilus,crassibasis Ormerod,5,0,GBIF
Microchilus,federalensis Ormerod,5,0,GBIF
Microchilus,ibaguensis Ormerod,5,0,GBIF
Microchilus,scrotiformis C.,5,1,GBIF
Microcoelia,corallina,5,3,GBIF
Mormodes,punctata,5,0,GBIF
Myoxanthus,neillii,5,0,GBIF
Mystacidium,pusillum,5,1,GBIF
Notylia,hemitricha,5,0,GBIF
Octarrhena,angraecoides,5,1,GBIF
Octomeria,geraensis,5,1,GBIF
Octomeria,rubrifolia,5,0,GBIF
Octomeria,splendida,5,0,GBIF
Octomeria,steyermarkii,5,0,GBIF
Odontochilus,crispus Lindl.,5,0,GBIF
Odontochilus,fimbriatus J.,5,1,GBIF
Oncidium,allenii,5,0,GBIF
Oncidium,auriculatoides,5,0,GBIF
Oncidium,auriculatum,5,0,GBIF
Oncidium,citrinum,5,0,GBIF
Oncidium,hastilabium,5,2,GBIF
Oncidium,ibis,5,0,GBIF
Ophrys,araneola Rchb.,5,1,GBIF
Ophrys,x lupoi,5,1,GBIF
Ophrys,x nouletii,5,1,GBIF
Orleanesia,amazonica,5,1,GBIF
Oxystophyllum,buruense,5,0,GBIF
Pabstiella,curti-bradei,5,0,GBIF
Palmorchis,trinotata,5,1,GBIF
Paphiopedilum,argus Rchb.f.,5,1,GBIF
Paphiopedilum,druryi Bedd.,5,1,GBIF
Paphiopedilum,malipoense S.,5,2,GBIF
Paphiopedilum,ooii Koop.,5,2,GBIF
Paphiopedilum,wardii Summerh.,5,1,GBIF
Pecteilis,hawkesiana,5,0,GBIF
Pelexia,orobanchoides,5,1,GBIF
Peristylus,densus Lindl.,5,1,GBIF
Peristylus,intrudens Ames,5,2,GBIF
Peristylus,prainii Hook.f.,5,1,GBIF
Peristylus,tradescantiifolius Rchb.f.,5,3,GBIF
Phalaenopsis,tetraspis,5,0,GBIF
Phragmipedium,besseae,5,0,GBIF
Phreatia,listeri,5,0,GBIF
Phreatia,scandens,5,2,GBIF
Phreatia,sororia,5,0,GBIF
Pinalia,dura,5,0,GBIF
Platanthera,x lueri,5,1,GBIF
Platystele,reflexa,5,0,GBIF
Pleione,praecox,5,2,GBIF
Pleurothallis,archidonae,5,0,GBIF
Pleurothallis,brachiata,5,0,GBIF
Pleurothallis,claudii,5,0,GBIF
Pleurothallis,cobriformis,5,0,GBIF
Pleurothallis,compressa,5,0,GBIF
Pleurothallis,furcifera,5,1,GBIF
Pleurothallis,marthae,5,0,GBIF
Pleurothallis,sagittilabia,5,0,GBIF
Pleurothallopsis,powersii,5,0,GBIF
Polycycnis,escobariana,5,0,GBIF
Polystachya,bamendae,5,0,GBIF
Polystachya,minima,5,0,GBIF
Polystachya,retusiloba,5,2,GBIF
Polystachya,serpentina,5,0,GBIF
Ponthieva,cuyujana Dodson,5,0,GBIF
Porpax,albiflora,5,0,GBIF
Porroglossum,uxorium,5,0,GBIF
Prasophyllum,australe R.,5,1,GBIF
Prasophyllum,candidum R.,5,1,GBIF
Prasophyllum,montanum R.,5,1,GBIF
Prasophyllum,subbisectum Nicholls,5,0,GBIF
Pseudolepanthes,calceolaris,5,1,GBIF
Psychilis,domingensis,5,0,GBIF
Pteroglossa,rhombipetala,5,0,GBIF
Pterostylis,arfakensis J.,5,1,GBIF
Pterostylis,elegantissima D.,5,0,GBIF
Pterostylis,hildae Nicholls,5,1,GBIF
Pterostylis,nana R.,5,1,GBIF
Pterygodium,vermiferum E.,5,1,GBIF
Pterygodium,volucris L.f.,5,1,GBIF
Restrepia,chocoensis,5,0,GBIF
Restrepia,echo,5,0,GBIF
Rhipidoglossum,obanense,5,0,GBIF
Rhomboda,cristata Blume,5,1,GBIF
Robiquetia,brassii,5,0,GBIF
Robiquetia,lutea,5,0,GBIF
Rodriguezia,carnea,5,0,GBIF
Rodriguezia,ensiformis,5,0,GBIF
Sarcanthopsis,warocqueana,5,0,GBIF
Sarcochilus,uniflorus,5,0,GBIF
Sarcoglottis,matogrossensis,5,0,GBIF
Sarcoglottis,powellii,5,0,GBIF
Satyrium,confusum Summerh.,5,0,GBIF
Satyrium,ecalcaratum Schltr.,5,4,GBIF
Satyrium,fimbriatum Summerh.,5,1,GBIF
Satyrium,macrophyllum Lindl.,5,1,GBIF
Satyrium,microcorys Schltr.,5,2,GBIF
Satyrium,pulchrum,5,0,GBIF
Satyrium,sphaeranthum Schltr.,5,2,GBIF
Satyrium,sphaerocarpum Lindl.,5,1,GBIF
Scaphosepalum,bicristatum,5,0,GBIF
Scaphyglottis,bicornis,5,2,GBIF
Schoenorchis,fragrans,5,0,GBIF
Schoenorchis,gemmata,5,3,GBIF
Selenipedium,palmifolium Lindl.,5,1,GBIF
Serapias,x todaroi,5,0,GBIF
Sobralia,mariannae,5,0,GBIF
Specklinia,pertenuis,5,0,GBIF
Sphyrarhynchus,amaniense,5,0,GBIF
Stanhopea,platyceras,5,0,GBIF
Stelis,ancistra,5,0,GBIF
Stelis,blandita,5,0,GBIF
Stelis,bracteata,5,0,GBIF
Stelis,colombiana,5,0,GBIF
Stelis,dapsilis,5,0,GBIF
Stelis,excelsa,5,0,GBIF
Stelis,itatiayae,5,0,GBIF
Stelis,martinezii,5,0,GBIF
Stelis,micacea,5,0,GBIF
Stelis,prolata,5,0,GBIF
Stelis,sanluisensis,5,0,GBIF
Stelis,spathulata,5,3,GBIF
Stelis,viridibrunnea,5,0,GBIF
Stelis,viridula,5,0,GBIF
Stelis,wercklei,5,0,GBIF
Stenia,jarae,5,0,GBIF
Stenorrhynchos,vaginatum Kunth,5,0,Tropicos - Missouri Botanical Garden
Stereochilus,hirtus,5,0,GBIF
Stichorkis,linearifolia,5,0,GBIF
Stigmatodactylus,dalagangpalawanicum A.,5,0,GBIF
Styloglossum,aureiflorum,5,1,GBIF
Telipogon,steinii,5,0,GBIF
Thelymitra,hygrophila R.,5,0,GBIF
Thelymitra,merraniae Nicholls,5,1,GBIF
Thelymitra,nervosa Colenso,5,1,GBIF
Thysanoglossa,organensis,5,0,GBIF
Trichocentrum,pohlianum,5,0,GBIF
Trichoglottis,chrysochila,5,0,GBIF
Trichoglottis,lasioglossa,5,0,GBIF
Trichopilia,laxa,5,2,GBIF
Trichotosia,bracteata,5,2,GBIF
Trichotosia,dalatensis,5,0,GBIF
Tridactyle,latifolia,5,0,GBIF
Tridactyle,virginea,5,0,GBIF
Uncifera,thailandica,5,0,GBIF
Vanilla,acuminata Rolfe,5,2,GBIF
Vanilla,angustipetala Schltr.,5,2,GBIF
Vanilla,barbellata Rchb.f.,5,2,GBIF
Vanilla,ochyrae,5,1,GBIF
Vanilla,oroana Dodson,5,2,"GBIF,iDigBio"
Vanilla,penicillata Garay,5,2,GBIF
Vanilla,ruiziana Klotzsch,5,3,GBIF
Warreopsis,pardina,5,0,GBIF
Xylobium,subintegrum,5,0,GBIF
Zeuxine,elatior Schltr.,5,0,GBIF
Zeuxine,glandulosa,5,0,GBIF
Zeuxine,palawensis Tuyama,5,0,GBIF
xPseudorhiza,x,5,1,GBIF
Acianthera,bidentula,4,1,GBIF
Dendrobium,fractum,4,0,GBIF
Pterostylis,xerophila M.,4,1,GBIF
Stelis,sotoarenasii,4,0,GBIF
Hymenorchis,caulina,4,0,GBIF
Corybas,laceratus L.,4,0,GBIF
Dendrobium,tenue,4,0,GBIF
Maxillaria,schultesii,4,0,GBIF
Gongora,escobariana,4,0,GBIF
Pleurothallis,globosa,4,0,GBIF
Polystachya,setifera,4,0,GBIF
Agrostophyllum,potamophilum,4,0,GBIF
Gomphichis,magnicallosa S.,4,0,GBIF
Nephelaphyllum,aureum,4,0,GBIF
Dracula,circe,4,0,GBIF
Hymenorchis,brassii,4,0,GBIF
Cynorkis,papilio Bosser,4,0,GBIF
Gomesa,fuscopetala,4,0,GBIF
Polystachya,rydingii,4,0,GBIF
Dendrobium,glossorhynchoides,4,0,GBIF
Dendrobium,gopalanii,4,0,GBIF
Pleurothallis,hoeijeri,4,0,GBIF
Bulbophyllum,oreomene,4,2,GBIF
Bulbophyllum,ambrense,4,1,GBIF
Barkeria,strophinx,4,0,GBIF
Epidendrum,boricuarum,4,1,GBIF
Acianthera,brachiloba,4,1,GBIF
Stelis,praemorsa,4,0,GBIF
Oncidium,astranthum,4,0,GBIF
Luisia,curtisii,4,0,GBIF
Lepanthes,cryptostele,4,0,GBIF
Bulbophyllum,penduliscapum,4,3,GBIF
Oncidium,auroincarum,4,1,GBIF
Bulbophyllum,pendulum,4,0,GBIF
Polystachya,mzuzuensis,4,0,GBIF
Dracula,aphrodes,4,0,GBIF
Maxillaria,curvicolumna,4,0,GBIF
Pleurothallis,instar,4,1,GBIF
Bulbophyllum,peramoenum,4,0,GBIF
Glomera,neobritannica,4,0,GBIF
Lepanthes,corrugata,4,0,GBIF
Stelis,palmeiraensis,4,0,GBIF
Veyretia,sagittata,4,0,GBIF
Cynorkis,pinguicularioides H.,4,0,GBIF
Polystachya,melliodora,4,0,GBIF
Oncidium,digitoides,4,0,GBIF
Platanthera,longifolia A.,4,0,GBIF
Oncidium,endocharis,4,3,GBIF
Maxillaria,machinazensis,4,0,GBIF
Agrostophyllum,stenophyllum,4,0,GBIF
Polystachya,mauritiana,4,1,GBIF
Crepidium,graciliscapum,4,0,GBIF
Stelis,mundula,4,0,GBIF
Lepanthes,meleagris,4,0,GBIF
Bulbophyllum,amplistigmaticum,4,0,GBIF
Masdevallia,instar,4,0,GBIF
Bulbophyllum,purpureum,4,0,GBIF
Bulbophyllum,quadricarinum,4,0,GBIF
Stelis,lutea,4,0,GBIF
Glomera,bougainvilleana,4,0,GBIF
Stelis,lennartii,4,0,GBIF
Disperis,woodii Bolus,4,1,GBIF
Maxillaria,spiritu-sanctensis,4,0,GBIF
Pleurothallis,lunaris,4,0,GBIF
Stelis,lagarophyta,4,0,GBIF
Polystachya,disticha,4,0,GBIF
Crepidium,graminifolium,4,0,GBIF
Vanilla,africana Lindl.,4,1,GBIF
Huttonaea,pulchra Harv.,4,1,GBIF
Habenaria,rosulifolia Espejo,4,0,GBIF
Huttonaea,fimbriata Rchb.f.,4,1,GBIF
Gastrodia,zeylanica,4,0,GBIF
Maxillaria,stumpflei,4,0,GBIF
Gastrodia,surcula,4,1,GBIF
Gastrodia,shimizuana,4,1,GBIF
Dendrobium,laurensii,4,0,GBIF
Stelis,fornicata,4,0,GBIF
Maxillaria,suaveolens,4,0,GBIF
Maxillaria,alfaroi,4,0,GBIF
Stelis,flexa,4,0,GBIF
Encyclia,betancourtiana,4,0,GBIF
Vandopsis,gigantea,4,2,GBIF
Dendrobium,letocartiorum,4,0,GBIF
Gastrochilus,x,4,0,GBIF
Pleurothallis,megaglossa,4,0,GBIF
Bulbophyllum,roseopictum,4,2,GBIF
Dendrobium,magnilabre,4,0,GBIF
Pleurothallis,neorinkei,4,1,GBIF
Huntleya,gustavi,4,0,GBIF
Lepanthes,cincinnata,4,0,GBIF
Vanilla,guianensis Splitg.,4,3,GBIF
Bletia,x,4,0,GBIF
Oncidium,multistellare,4,2,GBIF
Dendrobium,microphyton,4,0,GBIF
Dendrobium,miyasakii,4,0,GBIF
Dendrobium,multiramosum,4,0,GBIF
Pleurothallis,pallida,4,0,GBIF
Disperis,nitida Summerh.,4,1,GBIF
Lepanthes,matudana,4,0,GBIF
Bulbophyllum,serrulatum,4,0,GBIF
Stelis,cotyligera,4,0,GBIF
Pinalia,elata,4,0,GBIF
Funkiella,valerioi,4,0,GBIF
Cyclopogon,epiphyticus,4,0,GBIF
Pinalia,erosula,4,0,GBIF
Pleurothallis,peroniocephala,4,0,GBIF
Cyclopogon,truncatus,4,0,GBIF
Lepanthes,trinaria,4,0,GBIF
Echinosepala,lappiformis,4,0,GBIF
Stelis,cocornaensis,4,0,GBIF
Disperis,lanceana H.,4,0,GBIF
Holothrix,brongniartiana Rchb.f.,4,2,GBIF
Disperis,humblotii Rchb.f.,4,2,GBIF
Phragmipedium,x dominianum,4,0,GBIF
Stelis,cauliflora,4,1,GBIF
Anathallis,mazei,4,0,GBIF
Stelis,carnosilabia,4,0,GBIF
Pleurothallis,platysepala,4,0,GBIF
Fernandezia,mexicana,4,0,GBIF
Phreatia,carolinensis,4,0,GBIF
Oncidium,silvanoi,4,0,GBIF
Duckeella,garayi Szlach.,4,1,GBIF
Dendrobium,riparium,4,0,GBIF
Fernandezia,ichneumonea,4,0,GBIF
Oncidium,storkii,4,0,GBIF
Lepanthes,carinata,4,0,GBIF
Platanthera,taiwanensis S.,4,0,GBIF
Habenaria,piraquarensis Hoehne,4,0,GBIF
Dendrobium,reineckei,4,0,GBIF
Pogonia,yunnanensis Finet,4,1,GBIF
Maxillaria,witsenioides,4,1,GBIF
Stelis,capillaris,4,0,GBIF
Oncidium,trimorion,4,0,GBIF
Stelis,calantha,4,0,GBIF
Disperis,crassicaulis Rchb.f.,4,1,GBIF
Dendrobium,regium,4,0,GBIF
Cyclopogon,venustus,4,0,GBIF
Benthamia,monophylla Schltr.,4,1,GBIF
Cynorkis,uliginosa Bosser,4,0,GBIF
Fernandezia,callacallae,4,0,GBIF
Bulbophyllum,stolleanum,4,0,GBIF
Ophioglossella,chrysostoma,4,0,GBIF
Bulbophyllum,stylocoryphe,4,1,GBIF
Cynorkis,usambarae Rolfe,4,0,GBIF
Cylindrolobus,carneus,4,1,GBIF
Masdevallia,nivea,4,0,GBIF
Euryblema,anatonum,4,0,GBIF
Maxillaria,errata,4,0,GBIF
Lepanthes,tetrachaeta,4,2,GBIF
Myoxanthus,melittanthus,4,0,GBIF
Bulbophyllum,tenuifolium,4,1,GBIF
Pleurothallis,sannio,4,0,GBIF
Pterostylis,scabrella,4,1,GBIF
Eulophia,perrieri,4,0,GBIF
Dendrobium,punamense,4,0,GBIF
Platanthera,x reznicekii,4,1,GBIF
Bulbophyllum,tokioi,4,1,GBIF
Pleurothallis,scotinantha,4,0,GBIF
Lepanthes,cactoura,4,0,GBIF
Eulophia,megistophylla,4,0,GBIF
Pinalia,lyonii,4,0,GBIF
Thelymitra,basaltica Jeanes,4,0,GBIF
Maxillaria,lindeniae,4,0,GBIF
Eulophia,hologlossa,4,0,GBIF
Anathallis,spannageliana,4,0,GBIF
Disa,roseovittata McMurtry,4,1,GBIF
Bulbophyllum,unciniferum,4,0,GBIF
Pterygodium,inversum Thunb.,4,1,GBIF
Eulophia,capuroniana,4,0,GBIF
Lepanthes,xenos,4,0,GBIF
Bulbophyllum,unicaudatum,4,0,GBIF
Disa,purpurascens Bolus,4,1,GBIF
Erythrodes,humilis Blume,4,0,GBIF
Brachionidium,andreettae,4,0,GBIF
Pleurothallis,superbiens,4,0,GBIF
Disa,ochrostachya Rchb.f.,4,2,GBIF
Eriochilus,dilatatus ssp.,4,1,GBIF
Podochilus,marsupialis,4,0,GBIF
Eria,imitans,4,0,GBIF
Eria,compressoclavata,4,0,GBIF
Bulbophyllum,veldkampii,4,0,GBIF
Lepanthes,bituberculata,4,0,GBIF
Dendrobium,panduriferum,4,0,GBIF
Phreatia,rupestris,4,0,GBIF
Bulbophyllum,yunnanense,4,0,GBIF
Caladenia,atrochila D.,4,0,GBIF
Epidendrum,bianthogastrium,4,1,GBIF
Dendrobium,pleasancium,4,0,GBIF
Pleurothallis,urceolata,4,0,GBIF
Spiranthes,delitescens,4,0,GBIF
Crepidium,kerintjiense,4,0,GBIF
Zygostates,greeniana,4,0,GBIF
Epipactis,flava,4,3,GBIF
Disa,longipetala Lindl.,4,1,GBIF
Lepanthes,posadae,4,0,GBIF
Disa,linderiana Bytebier,4,1,GBIF
Luisia,volucris,4,0,GBIF
Poaephyllum,fimbriatum,4,1,GBIF
Epidendrum,zarumense,4,0,GBIF
Habenaria,mello-barretoi Brade,4,0,GBIF
Andinia,erepsis,4,0,GBIF
Habenaria,mechowii Rchb.f.,4,3,GBIF
Pleurothallopsis,pandurata,4,0,GBIF
Disa,katangensis De,4,1,GBIF
Brachionidium,ephemerum,4,0,GBIF
Epidendrum,vulcanicola,4,0,GBIF
Neuwiedia,elongata de,4,2,GBIF
Cylindrolobus,elisheae,4,0,GBIF
Disa,dracomontana Schelpe,4,2,GBIF
Thelasis,celebica,4,0,GBIF
Epidendrum,villahermosaense,4,1,GBIF
Masdevallia,x,4,0,GBIF
Lepanthes,lloensis,4,0,GBIF
Specklinia,acutiflora,4,0,GBIF
Disa,clavicornis H.,4,1,GBIF
Telipogon,seibertii,4,0,GBIF
Microchilus,bravocollinus Ormerod,4,0,GBIF
Calanthe,lambii,4,0,GBIF
Epidendrum,blepharoclinium,4,0,GBIF
Disa,basutorum Schltr.,4,1,GBIF
Calanthe,otuhanica,4,0,GBIF
Prescottia,carnosa C.,4,2,GBIF
Calanthe,poiformis,4,0,GBIF
Maxillaria,muscoides,4,0,GBIF
Microchilus,canarensis,4,0,GBIF
Habenaria,libeniana Geerinck,4,0,GBIF
Calanthe,takeuchii,4,0,GBIF
Calanthe,unifolia,4,0,GBIF
Bulbophyllum,codonanthum,4,0,GBIF
Disa,arida Vlok,4,1,GBIF
Platystele,calantha,4,0,GBIF
Platystele,cedriensis,4,0,GBIF
Phragmipedium,x sedenii,4,2,GBIF
Epidendrum,swartzii,4,0,GBIF
Calanthe,velutina,4,0,GBIF
Calochilus,platychilus D.,4,0,GBIF
Epidendrum,suinii,4,0,GBIF
Cyrtochilum,leopoldianum,4,0,GBIF
Sobralia,theobromina,4,0,GBIF
Cyrtochilum,loxense,4,0,GBIF
Campylocentrum,acutilobum,4,0,GBIF
Epidendrum,stenoselaginella,4,3,GBIF
Oreorchis,foliosa,4,2,GBIF
Tropidia,gracilis,4,0,GBIF
Sobralia,sancti-josephi,4,0,GBIF
Andreettaea,marginata,4,3,iNaturalist
Cylindrolobus,gloensis,4,0,GBIF
Lepanthes,auditor,4,0,GBIF
Campylocentrum,pubirhachis,4,0,GBIF
Sobralia,oliva-estevae,4,0,GBIF
Bulbophyllum,cryptophoranthus,4,0,GBIF
Notylia,ecuadorensis,4,0,GBIF
Aetheorhyncha,andreettae,4,0,GBIF
Sobralia,mutisii,4,0,GBIF
Psilochilus,dusenianus,4,0,GBIF
Andreettaea,schudelii,4,0,GBIF
Thrixspermum,fragrans,4,0,GBIF
Atopoglossum,ekmanii,4,0,GBIF
Epidendrum,sertorum,4,0,GBIF
Cyrtochilum,xanthodon,4,0,GBIF
Corybas,boridiensis P.,4,0,GBIF
Macradenia,paraensis,4,0,GBIF
Habenaria,integripetala Cogn.,4,0,GBIF
Epidendrum,romero-castannedae,4,0,GBIF
Habenaria,ichneumonea Sw.,4,2,GBIF
Habenaria,ibarrae R.,4,1,GBIF
Cyrtopodium,latifolium,4,0,GBIF
Epidendrum,rhodochilum,4,0,GBIF
Mystacidium,aliceae,4,0,GBIF
Trisetella,tenuissima,4,0,GBIF
Catasetum,moorei,4,0,GBIF
Maxillaria,nitidula,4,2,GBIF
Hetaeria,obliqua Blume,4,0,GBIF
Platystele,microscopica,4,0,GBIF
Habenaria,heleogena Schltr.,4,1,GBIF
Cymbidium,rectum,4,1,GBIF
Eltroplectris,janeirensis,4,0,GBIF
Maxillaria,foetida,4,0,GBIF
Sobralia,dissimilis,4,0,GBIF
Platystele,ornata,4,0,GBIF
Cyrtosia,nana Rolfe,4,1,GBIF
Epidendrum,pudicum,4,0,GBIF
Dinklageella,villiersii,4,0,GBIF
Dresslerella,stellaris,4,0,GBIF
Catasetum,stevensonii,4,0,GBIF
Pinalia,ramosa,4,0,GBIF
Microchilus,huangobioensis Ormerod,4,0,GBIF
Dienia,volkensii,4,0,GBIF
Dactylorhiza,x beckeriana,4,0,GBIF
Cattleya,kautskyana,4,0,GBIF
Habenaria,giriensis J.,4,1,GBIF
Habenaria,gilbertii S.,4,0,GBIF
Kefersteinia,candida,4,0,GBIF
Pabstiella,laxiflora,4,0,GBIF
Adenoncos,sumatrana,4,0,GBIF
Pabstiella,lueriana,4,0,GBIF
Habenaria,foxii Ridl.,4,0,GBIF
Drakaea,confluens Hopper,4,1,GBIF
Oberonia,filaris,4,0,GBIF
Benthamia,procera Schltr.,4,0,GBIF
Pabstiella,quadridentata,4,1,GBIF
Aglossorrhyncha,aurea,4,0,GBIF
Cattleya,mossiae,4,0,Roberta Fox Collection
Cattleya,schilleriana,4,0,Roberta Fox Collection
Cattleya,xanthina,4,0,Chris Howard Collection
Crepidium,mindorense,4,0,GBIF
Masdevallia,aphanes,4,0,GBIF
Bulbophyllum,dunstervillei,4,0,GBIF
Hetaeria,finlaysoniana Seidenf.,4,0,GBIF
Cymbidium,seidenfadenii,4,0,GBIF
Angraecum,ankeranense,4,1,GBIF
Crepidium,nigrescens,4,0,GBIF
Lepanthes,morleyi,4,0,GBIF
Lepanthes,ankistra,4,0,GBIF
Dendrobium,albopurpureum,4,3,GBIF
Schuitemania,merrillii Ames,4,0,GBIF
Dendrobium,aphanochilum,4,0,GBIF
Acianthera,cremasta,4,0,GBIF
Palmorchis,duckei,4,0,GBIF
Ceratostylis,clathrata,4,0,GBIF
Dendrobium,azureum,4,0,GBIF
Drakaea,andrewsiae,4,0,GBIF
Palmorchis,maguirrei,4,0,GBIF
Elleanthus,steyermarkii,4,0,GBIF
Masdevallia,maxilimax,4,0,GBIF
Elleanthus,rhizomatosus,4,0,GBIF
Neobathiea,hirtula,4,1,GBIF
Elleanthus,reichenbachianus,4,0,GBIF
Bulbophyllum,frustrans,4,0,GBIF
Habenaria,dentirostrata Tang,4,0,GBIF
Aeranthes,bathieana,4,0,GBIF
Angraecum,cornigerum,4,0,GBIF
Epidendrum,pampatamboense,4,0,GBIF
Prasophyllum,apoxychilum D.,4,0,GBIF
Dendrobium,brachypus,4,0,GBIF
Microchilus,pacaizapae Ormerod,4,0,GBIF
Lepanthes,hamiltonii,4,0,GBIF
Habenaria,dentata Sw.,4,1,GBIF
Bulbophyllum,grandilabre,4,0,GBIF
Ceratostylis,longipedunculata,4,0,GBIF
Paphiopedilum,acmodontum M.,4,1,GBIF
Angraecum,decipiens,4,0,GBIF
Aeranthes,ambrensis,4,0,GBIF
Dendrobium,bulbophylloides,4,2,GBIF
Angraecum,leonis,4,0,Chris Howard Collection
Ceratostylis,pulchella,4,2,GBIF
Scaphyglottis,clavata,4,0,GBIF
Oberonia,oblonga,4,0,GBIF
Crepidium,petiolare,4,0,GBIF
Paphiopedilum,callosum Rchb.f.,4,3,GBIF
Epidendrum,notostachyum,4,0,GBIF
Habenaria,decumbens S.,4,1,GBIF
Suarezia,ecuadorana,4,0,GBIF
Paphiopedilum,dayanum Rchb.f.,4,1,GBIF
Vanilla,hallei Szlach.,4,1,GBIF
Dracula,verticulosa,4,0,GBIF
Crepidium,seleniglossum,4,0,GBIF
Chondrorhyncha,hirtzii,4,0,GBIF
Thrixspermum,crassilabre,4,0,GBIF
Lepanthes,golbasto,4,0,GBIF
Lepanthes,glomerulosa,4,0,GBIF
Oberonia,semifimbriata,4,0,GBIF
Masdevallia,eumeliae,4,0,GBIF
Epidendrum,montisillinicense,4,0,GBIF
Epidendrum,minutidentatum,4,0,GBIF
Scaphosepalum,manningii,4,1,GBIF
Cynorkis,ankaranensis Hervouet,4,1,GBIF
Paphiopedilum,hennisianum M.,4,1,GBIF
Chondroscaphe,gentryi,4,0,GBIF
Habenaria,decaryana H.,4,1,GBIF
Scaphosepalum,dodsonii,4,0,GBIF
Habenaria,cultriformis Kraenzl.,4,1,GBIF
Scaphosepalum,cimex,4,0,GBIF
Epidendrum,melanogastropodium,4,0,GBIF
Maxillaria,pentura,4,0,GBIF
Epidendrum,mantis-religiosae,4,0,GBIF
Aeranthes,albidiflora,4,0,GBIF
Oberonia,surigaensis,4,0,GBIF
Habenaria,cryptophila Barb.,4,1,GBIF
Trichotosia,poculata,4,1,GBIF
Chrysoglossum,reticulatum,4,0,GBIF
Bifrenaria,harrisoniae,4,0,Chris Howard Collection
Masdevallia,manningii,4,0,GBIF
Maxillaria,perulera,4,2,GBIF
Satyrium,yunnanense ssp.,4,0,GBIF
Crepidium,trichopodum,4,0,GBIF
Chysis,tricostata,4,0,GBIF
Chytroglossa,paulensis,4,0,GBIF
Habenaria,cruegeri Cogn.,4,0,GBIF
Lepanthes,mononeura,4,0,GBIF
Cleisostoma,complicatum,4,0,GBIF
Cleisostoma,koeteiense,4,0,GBIF
Corycium,alticola,4,0,GBIF
Lecanorchis,purpurea Masam.,4,1,GBIF
Brachycorythis,thorelii Gagnep.,4,0,GBIF
Dendrobium,xanthogenium,4,0,GBIF
Hederorkis,scandens,4,0,GBIF
Cynorkis,australis Boiteau,4,0,GBIF
Vanilla,sprucei Rolfe,4,2,GBIF
Octarrhena,amesiana,4,1,GBIF
Epidendrum,larae,4,0,GBIF
Cleistes,exilis Hoehne,4,1,GBIF
Bifrenaria,wageneri,4,0,GBIF
Octarrhena,angustifolia,4,2,GBIF
Neottia,dentata,4,0,GBIF
Corycium,deflexum Bolus,4,1,GBIF
Paphiopedilum,wilhelminae L.,4,0,GBIF
Dracula,robledorum,4,0,GBIF
Masdevallia,tokachiorum,4,0,GBIF
Malaxis,labrosa,4,0,GBIF
Habenaria,williamsii Schltr.,4,0,GBIF
Paphiopedilum,x siamense,4,1,GBIF
Dendrobium,campbellii,4,0,GBIF
Coelogyne,brevilamellata,4,0,GBIF
Papilionanthe,tricuspidata,4,0,GBIF
Paracaleana,alcockii,4,0,GBIF
Malaxis,licatae,4,0,GBIF
Pterygodium,cruciferum Sond.,4,1,GBIF
Bulbophyllum,kaniense,4,2,GBIF
Malaxis,luceroana,4,1,GBIF
Cynorkis,henrici Schltr.,4,0,GBIF
Vanilla,dubia Hoehne,4,1,GBIF
Aerangis,jacksonii,4,0,GBIF
Lepanthes,exogena,4,0,GBIF
Pelatantheria,cristata,4,0,GBIF
Satyrium,afromontanum la,4,0,GBIF
Pelexia,arrabidae,4,0,GBIF
Maxillaria,prolifera,4,0,GBIF
Pelexia,cuculligera,4,0,GBIF
Maxillaria,pseudobulbosa,4,0,GBIF
Habenaria,bongensium Rchb.f.,4,1,GBIF
Dracula,ripleyana,4,0,GBIF
Coelogyne,elegans,4,0,GBIF
Bulbophyllum,kauloense,4,0,GBIF
Bulbophyllum,keekee,4,0,GBIF
Pelexia,lindmanii,4,0,GBIF
Porpax,williamsonii,4,3,GBIF
Pinalia,bilobulata,4,0,GBIF
Pelexia,minarum,4,0,GBIF
Epidendrum,hutchisonii,4,1,"GBIF,Tropicos - Missouri Botanical Garden"
Vanilla,fimbriata Rolfe,4,1,GBIF
Sarcochilus,koghiensis,4,0,GBIF
Dendrobium,carinulatidiscum,4,0,GBIF
Epidendrum,huamantuparum,4,0,GBIF
Trichopilia,undulatissima,4,0,GBIF
Trichopilia,santoslimae,4,0,GBIF
Blepharoglossum,trifoliatum,4,0,GBIF
Pelexia,tenuior,4,0,GBIF
Habenaria,vidua,4,0,GBIF
Stichorkis,fargesii,4,0,GBIF
Pleurothallis,cauda-phocae,4,0,GBIF
Microchilus,weberianus Garay,4,0,GBIF
Microchilus,whitefoordiae Ormerod,4,0,GBIF
Coelogyne,geesinkii,4,0,GBIF
Bromheadia,graminea,4,0,GBIF
Anoectochilus,griffithii Hook.f.,4,3,GBIF
Cynorkis,hyacinthina,4,0,GBIF
Stenotyla,estrellensis,4,0,GBIF
Peristylus,alpinipaludosus P.,4,0,GBIF
Trichoglottis,vandiflora,4,3,GBIF
Peristylus,bismarckiensis Schltr.,4,1,GBIF
Crepidium,wappeanum,4,0,GBIF
Trichoglottis,persicina,4,0,GBIF
Peristylus,ciliolatus J.,4,1,GBIF
Habenaria,amoena Summerh.,4,3,iNaturalist
Crepidium,crenatilobum,4,0,GBIF
Lepanthes,sigsigensis,4,0,GBIF
Coelogyne,leuserensis,4,0,GBIF
Dendrobium,crassimarginatum,4,0,GBIF
Epidendrum,freireanum,4,0,GBIF
Epidendrum,folsomii,4,0,GBIF
Dendrobium,usterioides,4,0,GBIF
Rodriguezia,strobelii,4,0,GBIF
Rodriguezia,pulchra,4,0,GBIF
Maxillaria,haberi,4,1,GBIF
Coelogyne,marmorata,4,0,Chris Howard Collection
Octomeria,lichenicola,4,0,GBIF
Lepanthes,dressleri,4,1,GBIF
Coelogyne,muluensis,4,0,GBIF
Epidendrum,erectum,4,0,GBIF
Epidendrum,epidendroides,4,0,GBIF
Habenaria,aberrans Schltr.,4,0,GBIF
Stenoptera,laxiflora C.,4,0,GBIF
Grosourdya,quinquelobata,4,0,GBIF
Peristylus,palawensis Tuyama,4,0,GBIF
Ponthieva,campestris Liebm.,4,0,GBIF
Lankesteriana,abbreviata,4,0,GBIF
Corycium,microglossum Lindl.,4,1,GBIF
Grosourdya,myosurus,4,0,GBIF
Dendrobium,unicum,4,1,GBIF
Octomeria,rodeiensis,4,0,GBIF
Laelia,heidii,4,0,GBIF
Maxillaria,rauhii,4,1,GBIF
Stenia,calceolaris,4,0,GBIF
Coryanthes,senghasiana,4,0,GBIF
Octomeria,sarcophylla,4,0,GBIF
Epidendrum,delsyae,4,0,GBIF
Microcoelia,obovata,4,0,GBIF
Dendrobium,dantaniense,4,0,GBIF
Trichoglottis,mimica,4,0,GBIF
Stelis,vollesii,4,0,GBIF
Maxillaria,leptopus,4,0,GBIF
Dracula,kareniae,4,0,GBIF
Coelogyne,pseudoporrecta,4,0,GBIF
Brownleea,graminicola McMurtry,4,2,GBIF
Lepanthes,dotae,4,0,GBIF
Pescatoria,lamellosa,4,0,GBIF
Dendrobium,dendrocolla,4,0,GBIF
Bulbophyllum,marojejiense,4,0,GBIF
Acanthophippium,splendidum,4,3,GBIF
Vanilla,hartii Rolfe,4,1,GBIF
Coelogyne,smithiana,4,0,GBIF
Rhomboda,velutina J.,4,0,GBIF
Lepanthes,dorsalis,4,0,GBIF
Rhomboda,fanjingensis Ormerod,4,0,GBIF
Bulbophyllum,masarangicum,4,0,GBIF
Pomatocalpa,floresanum,4,0,GBIF
Appendicula,fractiflexa,4,0,GBIF
Rhizanthella,johnstonii K.,4,0,GBIF
Lepanthes,otara,4,0,GBIF
Micropera,poilanei,4,0,GBIF
Coelogyne,syngei,4,0,GBIF
Coelogyne,tomentosa,4,0,Chris Howard Collection
Coelogyne,tommyi,4,0,GBIF
Stelis,triangularis,4,0,GBIF
Coelogyne,xyrekes,4,0,Chris Howard Collection
Pomatocalpa,armigerum,4,0,GBIF
Collabium,chloranthum,4,0,GBIF
Appendicula,merrillii,4,0,GBIF
Platanthera,elmeri Ames,4,0,GBIF
Crepidium,fulvum,4,0,GBIF
Comparettia,equitans,4,0,GBIF
Restrepia,tabeae,4,0,GBIF
Liparis,downii,4,0,GBIF
Bryobium,rubiferum,4,2,GBIF
Bulbophyllum,acutilingue,4,0,GBIF
Comparettia,mirthae,4,0,GBIF
Comparettia,peruviana,4,0,GBIF
Dendrobium,derryi,4,1,GBIF
Mycaranthes,melaleuca,4,0,GBIF
Dendrobium,fanjingshanense,4,0,GBIF
Comparettia,peruvioides,4,0,GBIF
Zootrophion,argus,4,0,GBIF
Epidendrum,caesaris,4,0,GBIF
Epidendrum,burtonii,4,0,GBIF
Odontochilus,occultus Blume,4,0,GBIF
Bulbophyllum,alticaule,4,0,GBIF
Phragmipedium,besseae Dodson,4,1,GBIF
Microsaccus,canaliculatus,4,0,GBIF
Gongora,portentosa,4,3,iNaturalist
Scaphosepalum,atropurpureum,3,0,GBIF
Angraecum,muscicola,3,0,GBIF
Masdevallia,mallii,3,0,GBIF
Lecanorchis,sikkimensis,3,0,GBIF
Paphiopedilum,sanderianum Rchb.f.,3,2,GBIF
Paphiopedilum,schoseri Braem,3,1,GBIF
Cleisostoma,suffusum,3,0,GBIF
Liparis,punctilabris,3,0,GBIF
Cleistes,bella,3,1,GBIF
Paphiopedilum,tigrinum Koop.,3,1,GBIF
Paphiopedilum,tonsum Rchb.f.,3,1,GBIF
Cleistes,carautae Toscano,3,1,GBIF
Microchilus,schneideri Ormerod,3,0,GBIF
Epidendrum,lambeauanum,3,1,GBIF
Epidendrum,lagenomorphum,3,0,GBIF
Cleistes,huberi Carnevali,3,1,GBIF
Satyrium,flavum la,3,0,GBIF
Acianthera,mexiae,3,0,GBIF
Coelogyne,adpressibulba,3,0,GBIF
Angraecum,rhizanthium,3,0,GBIF
Angraecum,sanfordii,3,0,GBIF
Epidendrum,laceratum,3,0,GBIF
Coelogyne,clandestina,3,1,GBIF
Epidendrum,jativae,3,1,GBIF
Trichotosia,barbarossa,3,1,GBIF
Epidendrum,indecoratum,3,0,GBIF
Angraecum,sinuatiflorum,3,0,GBIF
Angraecum,tamarindicola,3,0,GBIF
Epidendrum,incapachychilum,3,0,GBIF
Coelogyne,confusa,3,0,GBIF
Coelogyne,cootesii,3,0,GBIF
Sarcoglyphis,lilacina,3,0,GBIF
Pelexia,ghiesbreghtii,3,0,GBIF
Trichosalpinx,ringens,3,2,GBIF
Coelogyne,endertii,3,1,GBIF
Pelexia,loefgrenii,3,0,GBIF
Pelexia,maxonii,3,0,GBIF
Angraecum,tenuipes,3,0,GBIF
Angraecum,verecundum,3,0,GBIF
Lepanthes,tubuliflora,3,0,GBIF
Coelogyne,flos-susannae,3,0,GBIF
Coelogyne,galeata,3,1,GBIF
Microchilus,viridissimus Ormerod,3,0,GBIF
Epidendrum,gualaquicense,3,0,GBIF
Trichopilia,callichroma,3,0,GBIF
Coelogyne,hastata,3,0,GBIF
Trichoglottis,tinekeae,3,0,GBIF
Aglossorrhyncha,lucida,3,0,GBIF
Epidendrum,gasteriferum,3,1,GBIF
Coelogyne,latiloba,3,0,GBIF
Saccolabiopsis,bakhuizenii,3,0,GBIF
Peristylus,holttumii Seidenf.,3,2,GBIF
Peristylus,listeroides Schltr.,3,0,GBIF
Coelogyne,microscopica,3,0,GBIF
Appendicula,anemophila,3,0,GBIF
Acianthera,oscitans,3,0,GBIF
Robiquetia,woodfordii,3,0,GBIF
Epidendrum,dodii,3,2,GBIF
Liparis,reckoniana,3,0,GBIF
Coelogyne,nivea,3,0,GBIF
Coelogyne,ochrolabia,3,0,GBIF
Peristylus,setifer Tuyama,3,0,GBIF
Masdevallia,vomeris,3,0,GBIF
Aa,rosei,3,0,GBIF
Epidendrum,deltoideoviridis,3,0,GBIF
Peristylus,subaphyllus Gagnep.,3,0,GBIF
Coelogyne,pangasinanensis,3,0,GBIF
Robiquetia,gracilistipes,3,1,GBIF
Peristylus,trimenii Hook.f.,3,0,GBIF
Microcoelia,sanfordii,3,0,GBIF
Coelogyne,ramosissima,3,0,GBIF
Appendicula,bilobulata,3,0,GBIF
Coelogyne,rotundilabia,3,0,GBIF
Epidendrum,curtisii,3,0,GBIF
Appendicula,brevimentum,3,0,GBIF
Epidendrum,cuchibambae,3,0,GBIF
Rhomboda,alticola Schltr.,3,1,GBIF
Rhomboda,abbreviata Lindl.,3,0,GBIF
Epidendrum,chirripoense,3,2,GBIF
Kegeliella,orientalis,3,0,GBIF
Phalaenopsis,hygrochila,3,1,GBIF
Rhipidoglossum,clavatum,3,0,GBIF
Restrepia,cymbula,3,0,GBIF
Epidendrum,celicense,3,0,GBIF
Comparettia,minuta,3,0,GBIF
Phalaenopsis,reichenbachiana,3,0,GBIF
Masdevallia,lenae,3,0,GBIF
Renanthera,annamensis,3,0,GBIF
Lepanthes,oreibates,3,0,GBIF
Quisqueya,holdridgei,3,0,GBIF
Quekettia,papillosa,3,0,GBIF
Constantia,rupestris,3,0,GBIF
Kefersteinia,lojae,3,0,GBIF
Acianthera,prognatha,3,0,GBIF
Epidendrum,bolivianum,3,0,GBIF
Coryanthes,misasii,3,0,GBIF
Pterygodium,newdigatae Bolus,3,1,GBIF
Epidendrum,aristoloides,3,0,GBIF
Liparis,serratiloba,3,0,GBIF
Corybas,acutus,3,0,GBIF
Corybas,cerasinus D.,3,1,GBIF
Corybas,ekuamensis P.,3,0,GBIF
Arthrochilus,stenophyllus D.,3,0,GBIF
Phragmipedium,x pfitzerianum,3,1,GBIF
Phragmipedium,x richteri,3,2,GBIF
Pterostylis,zebrina D.,3,0,GBIF
Epidendrum,andinum,3,0,GBIF
Lepanthes,zygion,3,2,GBIF
Aulosepalum,pulchrum,3,0,GBIF
Corybas,longipetalus Ridl.,3,0,GBIF
Corybas,mirabilis Schltr.,3,0,GBIF
Phreatia,cladophylax,3,0,GBIF
Vanilla,giulianettii F.,3,1,GBIF
Phreatia,crassifolia,3,0,GBIF
Corybas,praetermissus,3,0,GBIF
Corybas,solomonensis P.,3,0,GBIF
Corybas,x miscellus,3,0,GBIF
Epiblastus,pteroglotta,3,1,GBIF
Phreatia,flaccida,3,0,GBIF
Jumellea,tenuibracteata,3,0,GBIF
Cranichis,acuminatissima Ames,3,0,GBIF
Cranichis,atrata Schltr.,3,0,GBIF
Cranichis,crumenifera Garay,3,0,GBIF
Pterostylis,sinuata D.,3,0,GBIF
Phreatia,jayaweerae,3,0,GBIF
Phreatia,kaniensis,3,0,GBIF
Cranichis,picta Rchb.f.,3,0,GBIF
Phreatia,linearifolia,3,0,GBIF
Cranichis,werffii Garay,3,0,GBIF
Encyclia,parviloba,3,0,GBIF
Crepidium,aphyllum,3,0,GBIF
Encyclia,parallela,3,0,GBIF
Encyclia,navarroi,3,0,GBIF
Crepidium,bengkulense,3,0,GBIF
Crepidium,elmeri,3,0,GBIF
Encyclia,ivoniae,3,0,GBIF
Phreatia,oreogena,3,0,GBIF
Acianthera,pubescens,3,0,Chris Howard Collection
Crepidium,gibbosum,3,0,GBIF
Crepidium,imthurnii,3,0,GBIF
Encyclia,amicta,3,0,GBIF
Encyclia,amazonica,3,0,GBIF
Lepanthopsis,dodii,3,0,GBIF
Jumellea,bosseri,3,0,GBIF
Masdevallia,trigonopetala,3,0,GBIF
Jacquiniella,colombiana,3,0,GBIF
Pterostylis,leptochila M.,3,0,GBIF
Phreatia,stipulata,3,0,GBIF
Beloglottis,ecallosa,3,0,GBIF
Liparis,zaratananae,3,0,GBIF
Pinalia,annapurnensis,3,0,GBIF
Crepidium,triphyllum,3,0,GBIF
Pinalia,carnicolor,3,0,GBIF
Crossoglossa,ospinae,3,0,GBIF
Crossoglossa,pichinchae,3,0,GBIF
Benthamia,catatiana H.,3,0,GBIF
Pterostylis,barringtonensis D.,3,0,GBIF
Cryptostylis,apiculata J.,3,0,GBIF
Cryptostylis,clemensii,3,0,GBIF
Pinalia,daymaniana,3,0,GBIF
Vrydagzynea,novaguineensis J.,3,1,GBIF
Cuitlauzina,dubia,3,0,GBIF
Cyclopogon,dressleri,3,0,GBIF
Trichocentrum,albococcineum,3,0,GBIF
Echinosepala,alexandrae,3,0,GBIF
Dunstervillea,mirabilis,3,0,GBIF
Cylindrolobus,carunculosus,3,0,GBIF
Cylindrolobus,dilutus,3,0,GBIF
Pinalia,maquilingensis,3,0,GBIF
Pinalia,micholitziana,3,0,GBIF
Pinalia,microchila,3,0,GBIF
Cylindrolobus,exappendiculatus,3,0,GBIF
Maxillaria,kautskyi,3,0,GBIF
Pseudovanilla,ponapensis Kaneh.,3,1,GBIF
Cylindrolobus,verruculosus,3,0,GBIF
Cymbidium,sanderae,3,0,GBIF
Drakaea,isolata Hopper,3,0,GBIF
Benzingia,caudata,3,0,GBIF
Pinalia,sutepensis,3,1,iNaturalist
Dracula,x,3,0,GBIF
Masdevallia,garciae,3,0,GBIF
Trachoma,brevirhachis,3,0,GBIF
Pinalia,vaginifera,3,0,GBIF
Cymboglossum,maculiflorum,3,0,GBIF
Mormodes,ramirezii,3,0,GBIF
Bifrenaria,steyermarkii,3,0,GBIF
Cynorkis,catatii Bosser,3,0,GBIF
Platanthera,calderoniae,3,0,GBIF
Ida,castanea,3,0,GBIF
Tolumnia,gauntlettii,3,0,GBIF
Cynorkis,jumelleana Schltr.,3,0,GBIF
Dracula,morleyi,3,0,GBIF
Cynorkis,latipetala H.,3,0,GBIF
Dracula,minax,3,0,GBIF
Cynorkis,lemurica Bosser,3,0,GBIF
Cynorkis,lilacina,3,0,GBIF
Dracula,cutis-bufonis,3,0,GBIF
Dracula,carlueri,3,1,iNaturalist
Platanthera,klossii Ridl.,3,0,GBIF
Bletia,nelsonii,3,1,GBIF
Prosthechea,hajekii,3,0,GBIF
Disperis,uzungwae Verdc.,3,1,GBIF
Platanthera,nubigena A.,3,0,GBIF
Disperis,masoalensis P.,3,1,GBIF
Platanthera,papuana Schltr.,3,1,GBIF
Cynorkis,sanguinolenta Hermans,3,0,GBIF
Disperis,leuconeura Schltr.,3,0,GBIF
Masdevallia,falcago,3,0,GBIF
Disperis,falcatipetala P.,3,1,GBIF
Myoxanthus,georgei,3,1,GBIF
Bogoria,merrillii,3,0,GBIF
Cynorkis,tristis Bosser,3,0,GBIF
Disa,zuluensis Rolfe,3,1,GBIF
Disa,subtenuicornis H.,3,1,GBIF
Disa,rungweensis Schltr.,3,1,GBIF
Cypripedium,fargesii Franch.,3,1,GBIF
Cypripedium,micranthum Franch.,3,1,GBIF
Disa,ocellata Bolus,3,1,GBIF
Prosthechea,bennettii,3,0,GBIF
Lepanthopsis,micheliae,3,0,GBIF
Cyrtochilum,andreettae,3,0,GBIF
Cyrtochilum,carinatum,3,0,GBIF
Disa,begleyi L.,3,1,GBIF
Dipodium,parviflorum,3,0,GBIF
Thrixspermum,inquinatum,3,0,GBIF
Cyrtochilum,misasianum,3,0,GBIF
Hetaeria,rhombipetala Ormerod,3,0,GBIF
Myrosmodes,chiogena Schltr.,3,0,GBIF
Cyrtopodium,macedoi,3,0,GBIF
Cyrtopodium,naiguatae,3,0,GBIF
Dimorphorchis,graciliscapa,3,0,GBIF
Dilochia,longilabris,3,0,GBIF
Thrixspermum,fleuryi,3,0,GBIF
Platystele,repens,3,1,GBIF
Didymoplexiella,philippinensis,3,0,GBIF
Didymoplexiella,kinabaluensis,3,0,GBIF
Dactylorhiza,x rombucina,3,1,GBIF
Prasophyllum,murfetii D.,3,0,GBIF
Dendrobium,balimense,3,0,GBIF
Brachionidium,loxense,3,0,GBIF
Thrixspermum,doctersii,3,0,GBIF
Dichaea,gracillima,3,0,GBIF
Neobathiea,keraudrenae,3,0,GBIF
Herminium,pusillum Ohwi,3,1,GBIF
Herminium,humidicola,3,0,GBIF
Thrixspermum,clavatum,3,0,GBIF
Thrixspermum,carinatifolium,3,0,GBIF
Thrixspermum,breviscapum,3,0,GBIF
Brachionidium,satyreum,3,0,GBIF
Brassia,arachnoidea,3,1,GBIF
Dendrobium,calicopis,3,2,GBIF
Porroglossum,procul,3,0,GBIF
Pleurothallis,bicallosa,3,0,GBIF
Dendrobium,candoonense,3,0,GBIF
Luisia,macrantha,3,0,GBIF
Pleurothallis,calceolaris,3,0,GBIF
Dendrobium,wassellii,3,0,GBIF
Dendrobium,capra,3,0,GBIF
Dendrobium,centrale,3,2,GBIF
Habenaria,unifoliata Summerh.,3,0,GBIF
Ponthieva,oligoneura Schltr.,3,0,GBIF
Dendrobium,crassiflorum,3,0,GBIF
Bromheadia,rupestris,3,0,GBIF
Dendrobium,danipense,3,0,GBIF
Dendrobium,umbonatum,3,0,GBIF
Acianthera,aculeata,3,0,Chris Howard Collection
Pleurothallis,dejavu,3,0,GBIF
Masdevallia,dorisiae,3,0,GBIF
Dendrobium,efogiense,3,0,GBIF
Vanilla,walkerae Wight,3,1,GBIF
Dendrobium,terminale,3,0,Chris Howard Collection
Dendrobium,glebulosum,3,0,GBIF
Dendrobium,teloense,3,0,GBIF
Pleurothallis,gracilipedunculata,3,0,GBIF
Dendrobium,subradiatum,3,0,GBIF
Lepanthes,mephistopheles,3,1,GBIF
Polystachya,porphyrochila,3,0,GBIF
Dendrobium,hooglandianum,3,0,GBIF
Dendrobium,stella-portus,3,0,GBIF
Nephrangis,bertauxiana,3,0,GBIF
Pleurothallis,latipetala,3,0,GBIF
Habenaria,santensis Barb.,3,0,GBIF
Dendrobium,inflatum,3,1,GBIF
Dendrobium,isabelense,3,0,GBIF
Dendrobium,sepikanum,3,0,GBIF
Nervilia,falcata,3,0,GBIF
Pleurothallis,mastodon,3,0,GBIF
Habenaria,rosulifolia,3,1,GBIF
Lepanthes,meganthera,3,0,GBIF
Dendrobium,scabrilingue,3,0,Chris Howard Collection
Dendrobium,sarmentosum,3,0,GBIF
Dendrobium,mutabile,3,0,Chris Howard Collection
Pleurothallis,penelops,3,2,iNaturalist
Pleurothallis,penicillata,3,0,GBIF
Dendrobium,sancristobalense,3,0,GBIF
Habenaria,riparia,3,1,GBIF
Polystachya,alicjae,3,0,GBIF
Thelymitra,frenchii Jeanes,3,0,GBIF
Dendrobium,nazaretii,3,0,GBIF
Habenaria,praetermissa Seidenf.,3,0,GBIF
Polycycnis,gratiosa,3,2,GBIF
Thelymitra,forbesii Ridl.,3,0,GBIF
Acianthera,tokachii,3,0,GBIF
Dendrobium,obliquum,3,0,GBIF
Masdevallia,tinekeae,3,0,GBIF
Dendrobium,recurvilabre,3,0,GBIF
Podochilus,rhombipetalus,3,0,GBIF
Masdevallia,tentaculata,3,0,GBIF
Dendrobium,okabeanum,3,0,GBIF
Vanilla,wightii Lindl.,3,1,GBIF
Bulbophyllum,anaclastum,3,0,GBIF
Dendrobium,olivaceum,3,1,GBIF
Dendrobium,pruinosum,3,1,GBIF
Bulbophyllum,bigibbum,3,0,GBIF
Nervilia,pudica,3,0,GBIF
Bulbophyllum,calliferum,3,1,GBIF
Dendrobium,potamophilum,3,0,GBIF
Pleurothallis,subsinuata,3,0,GBIF
Bulbophyllum,cariniflorum,3,1,GBIF
Pleurothallis,tipuloides,3,0,GBIF
Poaephyllum,trilobum,3,0,GBIF
Poaephyllum,selebicum,3,1,GBIF
Lepanthes,suavium,3,1,GBIF
Pleurothallis,vinealis,3,0,GBIF
Vasqueziella,boliviana,3,0,GBIF
Dendrobium,perulatum,3,0,GBIF
Bulbophyllum,carinilabium,3,0,GBIF
Lycaste,luminosa,3,0,GBIF
Bulbophyllum,chionanthum,3,0,GBIF
Zeuxine,viridiflora J.,3,0,GBIF
Telipogon,sarae,3,0,GBIF
Bulbophyllum,coccinatum,3,0,GBIF
Lepanthes,linealis,3,0,GBIF
Telipogon,polyrrhizus,3,0,GBIF
Lepanthes,ligiae,3,0,GBIF
Bulbophyllum,consimile,3,0,GBIF
Telipogon,octavioi,3,0,GBIF
Telipogon,isabelae,3,0,GBIF
Masdevallia,cosmia,3,0,GBIF
Masdevallia,collina,3,1,GBIF
Macodes,cominsii Rolfe,3,0,GBIF
Notylia,inversa,3,0,GBIF
Notylia,latilabia,3,0,GBIF
Habenaria,javanica Kraenzl.,3,0,GBIF
Telipogon,hagsateri,3,0,GBIF
Habenaria,huberi,3,0,GBIF
Bulbophyllum,dearei,3,2,GBIF
Lepanthopsis,pristis,3,0,GBIF
Masdevallia,bucculenta,3,0,GBIF
Telipogon,dodsonii,3,0,GBIF
Lepanthopsis,pygmaea,3,0,GBIF
Habenaria,harmsiana Schltr.,3,0,Tropicos - Missouri Botanical Garden
Macroclinium,chasei,3,0,GBIF
Oberonia,cordata,3,0,GBIF
Telipogon,dalstromii,3,0,GBIF
Masdevallia,bicornis,3,0,GBIF
Oberonia,dissitiflora,3,0,GBIF
Bulbophyllum,decaryanum,3,0,GBIF
Masdevallia,aurea,3,0,GBIF
Liparis,altigena,3,2,GBIF
Masdevallia,asterotricha,3,0,GBIF
Telipogon,chachapoyensis,3,0,GBIF
Lepanthes,staatsiana,3,0,GBIF
Bulbophyllum,deviantiae,3,0,GBIF
Masdevallia,anisomorpha,3,0,GBIF
Lepanthes,hermansii,3,0,GBIF
Habenaria,ensigera Renz,3,1,GBIF
Habenaria,elliptica Wight,3,1,GBIF
Masdevallia,amplexa,3,0,GBIF
Tainia,trinervis,3,1,GBIF
Bulbophyllum,elasmatopus,3,0,GBIF
Bulbophyllum,electrinum,3,2,GBIF
Bulbophyllum,entobaptum,3,0,GBIF
Oberonia,longilabris,3,0,GBIF
Taeniophyllum,terrestre,3,0,GBIF
Bulbophyllum,exile,3,0,GBIF
Bulbophyllum,furcillatum,3,0,GBIF
Systeloglossum,bennettii,3,0,GBIF
Bulbophyllum,groeneveldtii,3,0,GBIF
Bulbophyllum,gunteri,3,1,GBIF
Habenaria,decumbens,3,0,GBIF
Bulbophyllum,haniffii,3,0,GBIF
Bulbophyllum,helenae,3,1,GBIF
Lepanthes,glaberrima,3,0,GBIF
Oberonia,serpentinicaulis,3,0,GBIF
Maxillaria,pergracilis,3,2,GBIF
Oberonia,transversiloba,3,0,GBIF
Bulbophyllum,hovarum,3,0,GBIF
Bulbophyllum,humbertii,3,0,GBIF
Lepanthes,splendida,3,0,GBIF
Lepanthes,gemina,3,0,GBIF
Malaxis,trigonopetala,3,1,GBIF
Bulbophyllum,icteranthum,3,0,GBIF
Madisonia,ianthina,3,0,GBIF
Stigmatodactylus,aquamarinus,3,0,GBIF
Bulbophyllum,ischyron,3,0,GBIF
Octarrhena,aristata,3,1,GBIF
Octarrhena,calceiformis,3,1,GBIF
Bulbophyllum,jonpetri,3,0,GBIF
Maxillaria,poicilothece,3,0,GBIF
Habenaria,cardiostigmatica,3,0,GBIF
Stichorkis,pandurata,3,1,GBIF
Octarrhena,pusilla,3,1,GBIF
Agrostophyllum,habbemense,3,0,GBIF
Habenaria,balimensis Ormerod,3,0,GBIF
Octomeria,dalstroemii,3,0,GBIF
Octomeria,deceptrix,3,0,GBIF
Stichorkis,fragilis,3,0,GBIF
Habenaria,aricaensis Hoehne,3,1,GBIF
Lepanthes,wullschlaegelii,3,0,GBIF
Octomeria,exchlorophyllata,3,0,GBIF
Bulbophyllum,lasiopetalum,3,1,GBIF
Octomeria,gemmula,3,0,GBIF
Habenaria,anaphysema Rchb.f.,3,2,GBIF
Lepanthes,elaminata,3,0,GBIF
Masdevallia,rex,3,0,GBIF
Zeuxine,rupestris Ridl.,3,0,GBIF
Vanilla,cucullata Kraenzl.,3,1,GBIF
Bulbophyllum,lissogaster,3,0,GBIF
Octomeria,pygmaea,3,0,GBIF
Bulbophyllum,luteum,3,0,GBIF
Bulbophyllum,macroceras,3,0,GBIF
Stelis,virgata,3,0,GBIF
Graphorkis,medemiae,3,0,GBIF
Agrostophyllum,inflatum,3,0,GBIF
Odontochilus,asraoa,3,0,GBIF
Bulbophyllum,masonii,3,1,GBIF
Aerides,thibautiana,3,1,GBIF
Stelis,thermophila,3,0,GBIF
Lepanthes,selliana,3,0,GBIF
Masdevallia,popowiana,3,0,GBIF
Odontochilus,hydrocephalus J.,3,0,GBIF
Agrostophyllum,militare,3,0,GBIF
Agrostophyllum,milneanum,3,0,GBIF
Bulbophyllum,microglossum,3,1,GBIF
Goodyera,condensata Ormerod,3,0,GBIF
Masdevallia,zebracea,3,0,GBIF
Lepanthes,scalaris,3,0,GBIF
Agrostophyllum,montanum,3,0,GBIF
Stelis,skutchii,3,1,GBIF
Bulbophyllum,microsphaerum,3,0,GBIF
Bulbophyllum,mirum,3,0,Chris Howard Collection
Bulbophyllum,molle,3,0,GBIF
Bulbophyllum,montanum,3,0,GBIF
Oliveriana,egregia,3,1,GBIF
Gomphichis,lozanoi S.,3,0,GBIF
Bulbophyllum,muricatum,3,1,GBIF
Stelis,rhombilabia,3,0,GBIF
Bulbophyllum,nabawanense,3,1,GBIF
Bulbophyllum,negrosianum,3,0,GBIF
Gomesa,brasiliensis,3,0,GBIF
Bulbophyllum,orectopetalum,3,2,GBIF
Bulbophyllum,ovalifolium,3,1,GBIF
Stelis,pubipetala,3,0,GBIF
Oncidium,ariasii,3,0,GBIF
Bulbophyllum,pardalotum,3,0,Chris Howard Collection
Glomera,sandaveri,3,0,GBIF
Stelis,pennelliana,3,0,GBIF
Stelis,paradisicola,3,0,GBIF
Stelis,pachystachya,3,0,GBIF
Bulbophyllum,perseverans,3,0,GBIF
Oncidium,deburghgraeveanum,3,0,GBIF
Stelis,navicularis,3,0,GBIF
Agrostophyllum,simile,3,0,GBIF
Oncidium,furcatum,3,0,GBIF
Vanilla,arcuata Pansarin,3,1,GBIF
Bulbophyllum,punamense,3,0,GBIF
Anacamptis,cyrenaica E.,3,1,GBIF
Lepanthes,conjuncta,3,0,GBIF
Anacamptis,x gennarii,3,0,GBIF
Maxillaria,dalessandroi,3,2,GBIF
Oncidium,heterodactylum,3,0,GBIF
Stelis,johnsonii,3,0,GBIF
Acampe,carinata,3,3,iNaturalist
Stelis,jalapensis,3,0,GBIF
Liparis,forrestii,3,0,GBIF
Stelis,grossilabris,3,0,GBIF
Gastrodia,celebica,3,0,GBIF
Maxillaria,augustae-victoriae,3,1,GBIF
Maxillaria,tagianarae,3,1,GBIF
Bulbophyllum,sandrangatense,3,1,GBIF
Stelis,elongatissima,3,0,GBIF
Bulbophyllum,sanfordii,3,2,GBIF
Oncidium,morganii,3,0,GBIF
Gastrochilus,flabelliformis,3,0,GBIF
Anathallis,corticicola,3,0,GBIF
Bulbophyllum,schistopogon,3,0,GBIF
Galeottia,colombiana,3,0,GBIF
Stelis,cutucuensis,3,0,GBIF
Lepanthes,chelonion,3,0,GBIF
Galeandra,biloba,3,0,GBIF
Anathallis,lichenophila,3,0,GBIF
Stelis,coleata,3,0,GBIF
Bulbophyllum,sinapis,3,1,GBIF
Fernandezia,transversalis,3,0,GBIF
Maxillaria,unicarinata,3,0,GBIF
Oncidium,posadarum,3,0,GBIF
Stelis,chocoensis,3,0,GBIF
Fernandezia,tenuis,3,0,GBIF
Masdevallia,planadensis,3,0,GBIF
Fernandezia,minor,3,0,GBIF
Masdevallia,patula,3,0,GBIF
Fernandezia,lycopodioides,3,0,GBIF
Liparis,laticuneata,3,0,GBIF
Oncidium,tenuirostre,3,0,GBIF
Lepanthes,reventador,3,0,GBIF
Lepanthes,x,3,2,GBIF
Lepanthes,calypso,3,0,GBIF
Fernandezia,cyrtophylla,3,0,GBIF
Lepanthes,retusa,3,0,GBIF
Stelis,bovilinguis,3,0,GBIF
Oncidium,vierlingii,3,1,GBIF
Stelis,bifalcis,3,0,GBIF
Bulbophyllum,subumbellatum,3,0,Chris Howard Collection
Acianthera,capillaris,3,2,GBIF
Eulophia,seychellarum,3,0,GBIF
Eulophia,ruwenzoriensis,3,3,GBIF
Stelis,acuminata,3,0,GBIF
Stanhopea,warszewicziana,3,0,GBIF
Bulbophyllum,thydoi,3,1,GBIF
Bulbophyllum,tortum,3,0,GBIF
Bulbophyllum,tothastes,3,0,GBIF
Vanda,devoogtii,3,0,GBIF
Bulbophyllum,turgidum,3,1,GBIF
Bulbophyllum,uncinatum,3,0,GBIF
Ancistrochilus,rothschildianus,3,0,Chris Howard Collection
Bulbophyllum,urosepalum,3,0,GBIF
Ophrys,melitensis,3,2,GBIF
Lepanthes,blepharantha,3,0,GBIF
Erycina,zamorensis,3,0,GBIF
Lepanthes,turquinoensis,3,0,GBIF
Bulbophyllum,verruculatum,3,0,GBIF
Bulbophyllum,verruculiferum,3,0,GBIF
Epistephium,garayi Szlach.,3,1,GBIF
Lepanthes,proctorii,3,0,GBIF
Caladenia,barbarella Hopper,3,0,GBIF
Vanda,bicolor,3,1,GBIF
Caladenia,luteola,3,1,GBIF
Lepanthes,pleurothallopsis,3,0,GBIF
Mexipedium,xerophyticum Soto,3,2,GBIF
Caladenia,splendens,3,1,GBIF
Aeranthes,unciformis,3,0,GBIF
Specklinia,stillsonii,3,0,GBIF
Caladenia,voigtii,3,0,GBIF
Epidendrum,woytkowskianum,3,0,GBIF
Caladenia,winfieldii,3,1,GBIF
Epidendrum,villotae,3,0,GBIF
Epidendrum,villegastigma,3,0,GBIF
Zeuxine,ballii P.,3,0,GBIF
Specklinia,mitchellii,3,0,GBIF
Calanthe,baliensis,3,0,GBIF
Andinia,exigua,3,0,GBIF
Uleiorchis,longipedicellata,3,0,GBIF
Liparis,phyllocardia,3,0,GBIF
Calanthe,metoensis,3,0,GBIF
Andinia,lunaris,3,0,GBIF
Spathoglottis,palawanensis,3,0,GBIF
Calanthe,pullei,3,0,GBIF
Calanthe,simplex,3,0,GBIF
Epidendrum,tenuispathum,3,0,GBIF
Solenocentrum,maasii Dressler,3,0,GBIF
Epidendrum,tandapioides,3,0,GBIF
Microchilus,capitatus Ormerod,3,0,GBIF
Andreettaea,coeloglossa,3,0,GBIF
Tropidia,janowskyi,3,0,GBIF
Orchis,x tochniana,3,0,GBIF
Oreorchis,sanguinea,3,0,GBIF
Campylocentrum,pugioniforme,3,0,GBIF
Epidendrum,sobralioides,3,1,GBIF
Andreettaea,obliquipetala,3,0,GBIF
Andreettaea,rojohniae,3,0,GBIF
Sobralia,madisonii,3,0,GBIF
Catasetum,coniforme,3,0,GBIF
Sobralia,kruskayae,3,0,GBIF
Epidendrum,sarcoglottis,3,0,GBIF
Epidendrum,sarcodes,3,0,GBIF
Agrostophyllum,asahanense,3,0,GBIF
Lepanthes,atwoodii,3,1,GBIF
Catasetum,ferox,3,0,GBIF
Aeranthes,carnosa,3,0,GBIF
Epidendrum,resectum,3,2,GBIF
Catasetum,pulchrum,3,0,GBIF
Oxystophyllum,minutigibbum,3,0,GBIF
Catasetum,randii,3,0,GBIF
Oxystophyllum,paniferum,3,0,GBIF
Triphora,nitida,3,0,GBIF
Catasetum,schunkei,3,0,GBIF
Microchilus,herzogii Schltr.,3,0,GBIF
Pabstiella,aperta,3,0,GBIF
Lepanthes,aprica,3,0,GBIF
Catasetum,stenoglossum,3,0,GBIF
Epidendrum,pseudosarcoglottis,3,0,GBIF
Cattleya,aurea,3,0,Chris Howard Collection
Epidendrum,pseudocernuum,3,0,GBIF
Pabstiella,garayi,3,0,GBIF
Agrostophyllum,alticola,3,0,GBIF
Cattleya,kettieana,3,0,GBIF
Epidendrum,pseudapaganum,3,0,GBIF
Epidendrum,probiflorum,3,0,GBIF
Microchilus,juruenensis,3,0,GBIF
Microchilus,kuduyariensis Ormerod,3,0,GBIF
Pabstiella,purpurea,3,0,GBIF
Cattleya,mooreana,3,0,GBIF
Triphora,hassleriana,3,0,GBIF
Epidendrum,platystele,3,0,GBIF
Cephalanthera,gracilis,3,0,GBIF
Epidendrum,platyclinium,3,0,GBIF
Ceratandra,globosa Lindl.,3,1,GBIF
Masdevallia,melanoxantha,3,0,GBIF
Selenipedium,dodsonii P.,3,1,GBIF
Tridactyle,vanderlaaniana,3,1,GBIF
Ceratostylis,capitata,3,1,GBIF
Epidendrum,pazii,3,0,GBIF
Schizochilus,calcaratus P.,3,0,GBIF
Palmorchis,nitida,3,0,GBIF
Palmorchis,pandurata,3,0,GBIF
Microchilus,micayvallis Ormerod,3,0,GBIF
Lepanthes,perdita,3,0,GBIF
Lepanthes,parvilabia,3,0,GBIF
Microchilus,oroensis Dodson,3,0,GBIF
Lepanthes,parmata,3,0,GBIF
Epidendrum,palmidium,3,0,GBIF
Schiedeella,tamayoana,3,0,GBIF
Ceratostylis,longifolia,3,2,GBIF
Lepanthes,alkaia,3,0,GBIF
Ceratostylis,platychila,3,0,GBIF
Paphiopedilum,bellatulum Rchb.f.,3,1,GBIF
Epidendrum,obovatipetalum,3,0,GBIF
Paphiopedilum,ciliolare Rchb.f.,3,1,GBIF
Epidendrum,norae,3,0,GBIF
Chiloschista,himalaica,3,0,GBIF
Lepanthes,papillipetala,3,0,GBIF
Paphiopedilum,emersonii Koop.,3,1,GBIF
Scaphosepalum,ovulare,3,0,GBIF
Scaphosepalum,medinae,3,0,GBIF
Paphiopedilum,glanduliferum Blume,3,3,GBIF
Epidendrum,moscozoi,3,0,GBIF
Epidendrum,milpoense,3,0,GBIF
Epidendrum,microrigidiflorum,3,0,GBIF
Trichotosia,salicifolia,3,0,GBIF
Epidendrum,marcapatense,3,0,GBIF
Epidendrum,magnibracteum,3,0,GBIF
Stelis,dolichantha,2,0,GBIF
Lepanthes,williamsii,2,1,GBIF
Lepanthes,voodoo,2,0,GBIF
Lepanthes,via-incarum,2,0,GBIF
Lepanthes,valenciae,2,0,GBIF
Lepanthes,usitata,2,0,GBIF
Lepanthes,uribei,2,0,GBIF
Lepanthes,uncifera,2,0,GBIF
Lepanthes,tsubotae,2,0,GBIF
Lepanthes,truncata,2,0,GBIF
Maxillaria,argyrophylla,2,1,GBIF
Lepanthes,thalia,2,0,GBIF
Lepanthes,terborchii,2,0,GBIF
Lepanthes,tectorum,2,0,GBIF
Maxillaria,canarensis,2,0,GBIF
Lepanthes,spelynx,2,0,GBIF
Maxillaria,ctenostachya,2,0,GBIF
Lepanthes,rosoria,2,0,GBIF
Lepanthes,ridicula,2,0,GBIF
Lepanthes,ricina,2,0,GBIF
Maxillaria,elegantula,2,1,GBIF
Lepanthes,regularis,2,0,GBIF
Lepanthes,recurva,2,0,GBIF
Lepanthes,prolifera,2,0,GBIF
Lepanthes,pachyglossa,2,0,GBIF
Lepanthes,oxyphylla,2,0,GBIF
Maxillaria,heraldica,2,1,GBIF
Lepanthes,nontecta,2,0,GBIF
Lepanthes,niphas,2,0,GBIF
Maxillaria,jostii,2,0,GBIF
Maxillaria,linearis,2,0,GBIF
Lepanthes,mittelstaedtii,2,1,GBIF
Maxillaria,mejiae,2,0,GBIF
Lepanthes,marshana,2,1,GBIF
Maxillaria,merana,2,0,GBIF
Lepanthes,lanceolata,2,0,GBIF
Lepanthes,jostii,2,0,GBIF
Lepanthes,impotens,2,0,GBIF
Maxillaria,palmensis,2,0,GBIF
Lepanthes,generi,2,0,GBIF
Lepanthes,electilis,2,0,GBIF
Lepanthes,droseroides,2,0,GBIF
Maxillaria,purpureolabia,2,1,GBIF
Lepanthes,domingensis,2,0,GBIF
Lepanthes,discolor,2,1,GBIF
Lepanthes,dichroma,2,0,GBIF
Maxillaria,sanguinolenta,2,0,GBIF
Lepanthes,davidsei,2,0,GBIF
Lepanthes,crista-piscis,2,0,GBIF
Lepanthes,clarkii,2,0,GBIF
Lepanthes,clareae,2,0,GBIF
Lepanthes,circularis,2,0,GBIF
Maxillaria,synsepala,2,0,GBIF
Lepanthes,ciliicampa,2,0,GBIF
Lepanthes,cercion,2,0,GBIF
Lepanthes,cerambyx,2,0,GBIF
Lepanthes,cauda-avis,2,0,GBIF
Maxillaria,vanderwerffii,2,0,GBIF
Lepanthes,capistrata,2,0,GBIF
Lepanthes,calyptrata,2,0,GBIF
Lepanthes,calophlebia,2,0,GBIF
Agrostophyllum,bimaculatum,2,0,GBIF
Lepanthes,calocodon,2,0,GBIF
Lepanthes,caesariata,2,0,GBIF
Lepanthes,breedlovei,2,0,GBIF
Lepanthes,bivalvis,2,0,GBIF
Lepanthes,biglomeris,2,0,GBIF
Lepanthes,barbosae,2,0,GBIF
Lepanthes,barbigera,2,0,GBIF
Microchilus,atalayae Ormerod,2,0,GBIF
Lepanthes,aries,2,0,GBIF
Microchilus,longiflorus Ormerod,2,0,GBIF
Microchilus,mexicanus Ames,2,0,GBIF
Microchilus,minor C.,2,0,GBIF
Lepanthes,amplior,2,0,GBIF
Lepanthes,amplectens,2,1,GBIF
Lepanthes,aeora,2,0,GBIF
Microchilus,pimentelii Ormerod,2,1,GBIF
Microchilus,putumayoensis Ormerod,2,0,GBIF
Lecanorchis,sikkimensis N.,2,2,GBIF
Microchilus,ruizteranii Ormerod,2,0,GBIF
Lecanorchis,nigricans Honda,2,2,GBIF
Lankesteriana,millipeda,2,0,GBIF
Laelia,superbiens,2,0,Roberta Fox Collection
Laelia,halbingeriana,2,0,GBIF
Koellensteinia,dasilvae,2,0,GBIF
Micropera,thailandica,2,0,GBIF
Kefersteinia,pellita,2,0,GBIF
Microsaccus,sumatranus,2,0,GBIF
Kefersteinia,auriculata,2,0,GBIF
Kefersteinia,alata,2,0,GBIF
Jumellea,papangensis,2,0,GBIF
Jumellea,cowanii,2,0,GBIF
Jumellea,bathiei,2,0,GBIF
Ionopsis,minutiflora,2,0,GBIF
Ida,x,2,0,GBIF
Ida,uribei,2,0,GBIF
Ida,maxibractea,2,0,GBIF
Mormodes,porphyrophlebia,2,0,GBIF
Ida,acaroi,2,0,GBIF
Huttonaea,woodii Schltr.,2,1,GBIF
Myoxanthus,colothrix,2,0,GBIF
Aglossorrhyncha,bilobula,2,0,GBIF
Myoxanthus,ruschii,2,0,GBIF
Hetaeria,callosa J.,2,1,GBIF
Herminium,coiloglossum Schltr.,2,0,GBIF
Hemipilia,capitata Tang,2,0,GBIF
Halleorchis,aspidogynoides,2,0,GBIF
Habenaria,vollesenii S.,2,1,GBIF
Habenaria,trichaete Schltr.,2,1,GBIF
Habenaria,spathiphylla J.,2,0,GBIF
Habenaria,schaijesii Geerinck,2,1,GBIF
Habenaria,rotundiloba Pabst,2,0,GBIF
Habenaria,robusta Welw.,2,0,GBIF
Nervilia,grandiflora,2,0,GBIF
Nervilia,macrophylla,2,0,GBIF
Habenaria,periyarensis Sasidh.,2,1,GBIF
Nervilia,singaporensis,2,0,GBIF
Nervilia,trangensis,2,0,GBIF
Habenaria,macrodactyla Kraenzl.,2,0,GBIF
Neuwiedia,veratrifolia Blume,2,1,GBIF
Habenaria,lisowskii Szlach.,2,0,GBIF
Habenaria,lindblomii Schltr.,2,2,GBIF
Habenaria,leptantha Schltr.,2,0,GBIF
Notylia,bisepala,2,0,GBIF
Habenaria,kolweziensis,2,0,GBIF
Notylia,incurva,2,2,GBIF
Habenaria,irazuensis Schltr.,2,0,GBIF
Notyliopsis,beatricis,2,0,GBIF
Oberonia,agamensis,2,0,GBIF
Habenaria,hollandiana Santapau,2,0,GBIF
Oberonia,cathayana,2,0,GBIF
Oberonia,cleistogama,2,0,GBIF
Oberonia,delacourii,2,0,GBIF
Oberonia,ensifolia,2,0,GBIF
Habenaria,fulva,2,0,GBIF
Oberonia,ferruginea,2,0,GBIF
Habenaria,falcata G.,2,0,GBIF
Habenaria,excelsa S.,2,0,GBIF
Oberonia,hosei,2,0,GBIF
Habenaria,ernesti-ulei Hoehne,2,0,GBIF
Oberonia,klossii,2,0,GBIF
Oberonia,minutissima,2,0,GBIF
Oberonia,ruberrima,2,0,GBIF
Oberonia,scytophylla,2,0,GBIF
Oberonia,seranica,2,0,GBIF
Oberonia,sumatrensis,2,0,GBIF
Oberonia,tixieri,2,0,GBIF
Oberonia,tjisokanensis,2,0,GBIF
Habenaria,chlorina C.,2,1,GBIF
Oberonia,wynadensis,2,0,GBIF
Habenaria,cavatibrachia Summerh.,2,0,GBIF
Oberonioides,pilifera,2,1,GBIF
Octarrhena,cylindrica,2,1,GBIF
Habenaria,carvajaliana R.,2,0,GBIF
Octarrhena,gibbosa,2,2,GBIF
Habenaria,burttii Summerh.,2,0,GBIF
Habenaria,brevilabiata A.,2,1,GBIF
Octarrhena,torricellensis,2,0,GBIF
Octarrhena,umbellulata,2,0,GBIF
Octomeria,acicularis,2,0,GBIF
Octomeria,bomboizae,2,0,GBIF
Octomeria,doucetteana,2,0,GBIF
Octomeria,helvola,2,0,GBIF
Habenaria,alterosula Snuv.,2,0,GBIF
Habenaria,alterosula,2,1,GBIF
Habenaria,acalcarata,2,0,GBIF
Octomeria,ochroleuca,2,0,GBIF
Octomeria,rotundata,2,0,GBIF
Goodyera,zacuapanensis Ormerod,2,0,GBIF
Octomeria,zygoglossa,2,0,GBIF
Aerides,timorana,2,0,GBIF
Goodyera,yunnanensis Schltr.,2,0,GBIF
Odontochilus,glaber Blume,2,1,GBIF
Goodyera,modesta Schltr.,2,0,GBIF
Goodyera,major,2,1,GBIF
Goodyera,gibbsiae J.,2,0,GBIF
Goodyera,fimbrilabia Ormerod,2,0,GBIF
Odontochilus,perpusillus Ames,2,0,GBIF
Odontochilus,quadrilobatus Schltr.,2,0,GBIF
Odontochilus,serriformis J.,2,0,GBIF
Gongora,ionodesme,2,0,GBIF
Gongora,arcuata,2,0,GBIF
Vanilla,nigerica Rendle,2,0,GBIF
Oncidium,brevilabrum,2,0,GBIF
Aerides,huttonii,2,0,GBIF
Glomera,kuperensis,2,0,GBIF
Glomera,kamay-nolomi,2,0,GBIF
Glomera,geminata,2,0,GBIF
Glomera,gamosepalata,2,1,GBIF
Glomera,fluviatilis,2,0,GBIF
Aeranthes,virginalis,2,0,GBIF
Genoplesium,systenum D.,2,0,GBIF
Oncidium,hermansianum,2,0,GBIF
Oncidium,hieroglyphicum,2,0,GBIF
Oncidium,ivoneae,2,0,GBIF
Oncidium,koenigeri,2,1,GBIF
Gastrodia,menghaiensis,2,0,GBIF
Gastrodia,leucochila,2,1,GBIF
Gastrodia,cajanoae,2,0,GBIF
Gastrodia,appendiculata,2,0,GBIF
Gastrochilus,sutepensis,2,0,GBIF
Gastrochilus,guangtungensis,2,0,GBIF
Oncidium,mixturum,2,0,GBIF
Oncidium,niesseniae,2,0,GBIF
Galeandra,schunkii,2,0,GBIF
Frondaria,colombiana,2,0,GBIF
Fernandezia,tinquiana,2,0,GBIF
Oncidium,portillaellum,2,1,GBIF
Fernandezia,shoveliformis,2,0,GBIF
Oncidium,rodrigoi,2,0,GBIF
Oncidium,sengerorum,2,0,GBIF
Oncidium,stelligerum,2,1,GBIF
Fernandezia,harlingii,2,0,GBIF
Oncidium,tetrotis,2,1,GBIF
Oncidium,tigratum,2,0,GBIF
Fernandezia,diazii,2,0,GBIF
Oncidium,toachicum,2,0,GBIF
Oncidium,tsubotae,2,0,GBIF
Eurystyles,splendissima,2,0,GBIF
Eulophia,versicolor,2,0,GBIF
Vanilla,palembanica Teijsm.,2,1,GBIF
Eulophia,meleagris,2,0,GBIF
Eulophia,lejolyana,2,0,GBIF
Eulophia,gastrodioides,2,0,GBIF
Eulophia,dactylifera,2,0,GBIF
Eulophia,brenanii,2,0,GBIF
Erythrodes,glaucescens Schltr.,2,0,GBIF
Eria,umbonata,2,0,GBIF
Eria,berringtoniana,2,0,GBIF
Epistephium,chironii Molinari,2,2,GBIF
Epipactis,veratrifolia,2,1,GBIF
Epipactis,ulugurica,2,0,GBIF
Epigeneium,quinquecallosum,2,1,GBIF
Ophrys,x fontechensis,2,0,GBIF
Ophrys,x grinincensis,2,1,GBIF
Aeranthes,sambiranoensis,2,0,GBIF
Ophrys,x sooi,2,0,GBIF
Epidendrum,urraoense,2,2,GBIF
Epidendrum,ulei,2,0,GBIF
Opilionanthe,manningii,2,0,GBIF
Epidendrum,trullichilum,2,0,GBIF
Epidendrum,thurstonorum,2,2,GBIF
Epidendrum,tamaense,2,0,GBIF
Epidendrum,tachirense,2,0,GBIF
Orchis,x navarrensis,2,0,GBIF
Epidendrum,stenophyllum,2,1,GBIF
Epidendrum,stalkyi,2,0,GBIF
Aa,trilobulata,2,2,"GBIF,iNaturalist"
Epidendrum,sinac,2,0,GBIF
Ornithocephalus,leslie-garayi,2,0,GBIF
Epidendrum,sigsigense,2,1,GBIF
Epidendrum,sanctae-martae,2,0,GBIF
Epidendrum,romanii,2,0,GBIF
Oxystophyllum,cuneatipetalum,2,0,GBIF
Pabstia,placanthera,2,0,GBIF
Epidendrum,puracestachyum,2,0,GBIF
Epidendrum,pulchrum,2,0,GBIF
Epidendrum,pseudospathoides,2,0,GBIF
Epidendrum,pseudoglobiflorum,2,0,GBIF
Pabstiella,hileiaensis,2,0,GBIF
Epidendrum,porphyrostachyum,2,1,GBIF
Epidendrum,popayanense,2,0,GBIF
Pabstiella,tenera,2,0,GBIF
Pabstiella,villosisepala,2,0,GBIF
Epidendrum,philocremnum,2,0,GBIF
Epidendrum,pessoae,2,0,GBIF
Epidendrum,pernambucense,2,0,GBIF
Palmorchis,paludicola,2,0,GBIF
Epidendrum,paradisicola,2,0,GBIF
Palmorchis,rubioi,2,0,GBIF
Palmorchis,schneideri,2,0,GBIF
Palmorchis,silvicola,2,0,GBIF
Epidendrum,panchrysum,2,0,GBIF
Paphinia,litensis,2,0,GBIF
Epidendrum,oripicoranense,2,0,GBIF
Paphinia,zamorae,2,0,GBIF
Paphiopedilum,appletonianum Gower,2,1,GBIF
Epidendrum,opiranthizon,2,0,GBIF
Epidendrum,niveocaligarium,2,0,GBIF
Paphiopedilum,dianthum Tang,2,1,GBIF
Paphiopedilum,inamorii P.,2,1,GBIF
Epidendrum,magdalenense,2,0,GBIF
Paphiopedilum,papuanum Ridl.,2,2,"GBIF,iNaturalist"
Epidendrum,luis-sanchezii,2,0,GBIF
Epidendrum,loefgrenii,2,0,GBIF
Paphiopedilum,purpuratum Lindl.,2,1,GBIF
Paphiopedilum,sukhakulii Schoser,2,1,GBIF
Paphiopedilum,supardii Braem,2,1,GBIF
Epidendrum,latisegmentum,2,0,GBIF
Paphiopedilum,x leeanum,2,1,GBIF
Epidendrum,laciniitropis,2,1,GBIF
Epidendrum,insignificans,2,0,GBIF
Epidendrum,indanzense,2,0,GBIF
Epidendrum,incomptoides,2,0,GBIF
Epidendrum,hypoporphyreum,2,0,GBIF
Epidendrum,hueycantenangense,2,1,GBIF
Vanilla,ramificans J.,2,1,GBIF
Pelexia,popowiana,2,0,GBIF
Epidendrum,hololeucum,2,0,GBIF
Epidendrum,hesperium,2,0,GBIF
Pendusalpinx,vasquezii,2,0,GBIF
Pennilabium,angraecoides,2,0,GBIF
Epidendrum,guerrerense,2,0,GBIF
Peristeria,selligera,2,0,GBIF
Epidendrum,grayumii,2,0,GBIF
Epidendrum,glossoceras,2,0,GBIF
Peristylus,brassii Ormerod,2,0,GBIF
Epidendrum,gloria-imperatrix,2,0,GBIF
Peristylus,cryptostylus Rchb.f.,2,0,GBIF
Peristylus,kerrii Seidenf.,2,0,GBIF
Peristylus,norumbus Ormerod,2,1,GBIF
Epidendrum,discoidale,2,0,GBIF
Aerangis,concavipetala,2,0,GBIF
Peristylus,societatis,2,0,GBIF
Epidendrum,dentilobum,2,0,GBIF
Peristylus,tenuicallus Ormerod,2,0,GBIF
Adenoncos,triloba,2,0,GBIF
Peristylus,wheatleyi P.,2,0,GBIF
Epidendrum,cystosum,2,0,GBIF
Phaius,borneensis,2,0,GBIF
Epidendrum,cuneatoides,2,1,GBIF
Epidendrum,concavilabium,2,0,GBIF
Epidendrum,ciliipetalum,2,1,GBIF
Epidendrum,chuspipatense,2,0,GBIF
Epidendrum,chauvetii,2,0,GBIF
Epidendrum,chaquirense,2,0,GBIF
Epidendrum,calyptratoides,2,1,GBIF
Phalaenopsis,violacea,2,2,GBIF
Epidendrum,bracteosum,2,1,GBIF
Epidendrum,brachystelestachyum,2,1,GBIF
Phragmipedium,sargentianum Rolfe,2,1,GBIF
Phragmipedium,x grande,2,1,GBIF
Phreatia,albiflora,2,0,GBIF
Epidendrum,angaritae,2,0,GBIF
Phreatia,bicallosa,2,0,GBIF
Phreatia,breviscapa,2,0,GBIF
Phreatia,concinna,2,0,GBIF
Phreatia,flavovirens,2,0,GBIF
Phreatia,palmifrons,2,0,GBIF
Encyclia,elegantula,2,0,GBIF
Phreatia,resiana,2,0,GBIF
Vanilla,sarapiquensis Soto,2,1,GBIF
Vanilla,seretii De,2,2,"GBIF,iDigBio"
Phreatia,spathulata,2,0,GBIF
Elleanthus,tandapianus,2,0,GBIF
Elleanthus,embreei,2,0,GBIF
Elleanthus,coriifolius,2,0,GBIF
Elleanthus,cinnabarinus,2,0,GBIF
Pinalia,edanoana,2,0,GBIF
Pinalia,kitangladensis,2,0,GBIF
Drymoanthus,florenciae,2,0,GBIF
Pinalia,ochracea,2,0,GBIF
Pinalia,semirepens,2,0,GBIF
Pinalia,serrulata,2,0,GBIF
Pinalia,triloba,2,0,GBIF
Dracula,villegasii,2,0,GBIF
Platanthera,anatina Ormerod,2,0,GBIF
Dracula,tubeana,2,0,GBIF
Dracula,tsubotae,2,0,GBIF
Dracula,soennemarkii,2,0,GBIF
Dracula,pholeodytes,2,0,GBIF
Dracula,papillosa,2,0,GBIF
Dracula,orientalis,2,0,GBIF
Dracula,mendozae,2,0,GBIF
Dracula,deniseana,2,0,GBIF
Platanthera,halconensis Ames,2,0,GBIF
Dracula,christineana,2,0,GBIF
Dracula,barrowii,2,0,GBIF
Diuris,suffusa D.,2,1,GBIF
Disperis,trilineata Schltr.,2,1,GBIF
Disperis,togoensis Schltr.,2,2,GBIF
Disperis,saxicola Schltr.,2,1,GBIF
Disperis,reklieberae Eb.,2,2,GBIF
Disperis,lanceolata Bosser,2,1,GBIF
Disperis,kamerunensis Schltr.,2,1,GBIF
Disperis,elaphoceras Verdc.,2,1,GBIF
Disperis,egregia Summerh.,2,1,GBIF
Vanilla,shenzhenica Z.,2,1,GBIF
Disa,rufescens Thunb.,2,1,GBIF
Platycoryne,lisowskiana Szlach.,2,1,GBIF
Disa,macrostachya Bolus,2,1,GBIF
Disa,galpinii Rolfe,2,1,GBIF
Dipodium,gracile,2,0,GBIF
Platystele,dodsonii,2,0,GBIF
Dipodium,conduplicatum,2,0,GBIF
Platystele,londonoana,2,0,GBIF
Platystele,megaloglossa,2,0,GBIF
Dipodium,bicallosum,2,0,GBIF
Didymoplexiella,trichechus,2,0,GBIF
Platystele,risaraldae,2,0,GBIF
Platystele,scopulifera,2,0,GBIF
Platystele,steyermarkii,2,0,GBIF
Dichaea,obovatipetala,2,0,GBIF
Dichaea,hirtzii,2,0,GBIF
Dichaea,hamata,2,1,GBIF
Diaphananthe,vagans,2,0,GBIF
Pleione,microphylla,2,0,GBIF
Adenoncos,saccata,2,0,GBIF
Pleione,vietnamensis,2,0,GBIF
Diaphananthe,suborbicularis,2,0,GBIF
Dendrophylax,helorrhiza,2,0,GBIF
Dendrolirium,calcareum,2,0,GBIF
Dendrobium,yondaliae,2,0,GBIF
Pleurothallis,ambyx,2,0,GBIF
Pleurothallis,amentacea,2,0,GBIF
Pleurothallis,amplectens,2,0,GBIF
Pleurothallis,applanata,2,2,GBIF
Pleurothallis,archicolonae,2,0,GBIF
Pleurothallis,asplundii,2,0,GBIF
Dendrobium,widjajanum,2,0,GBIF
Pleurothallis,blepharopetala,2,0,GBIF
Pleurothallis,cachabensis,2,0,GBIF
Pleurothallis,cauda-hirundinis,2,0,GBIF
Dendrobium,vernicosum,2,0,GBIF
Dendrobium,utile,2,0,GBIF
Dendrobium,usterii,2,0,GBIF
Dendrobium,trifurcatum,2,0,GBIF
Pleurothallis,cubitoria,2,0,GBIF
Pleurothallis,depressa,2,0,GBIF
Dendrobium,transtilliferum,2,0,GBIF
Pleurothallis,dilemma,2,0,GBIF
Pleurothallis,eduardoi,2,0,GBIF
Dendrobium,tortitepalum,2,0,GBIF
Dendrobium,tenellum,2,0,Chris Howard Collection
Pleurothallis,holtonii,2,0,GBIF
Dendrobium,stenophytoides,2,0,GBIF
Dendrobium,spenceanum,2,0,GBIF
Pleurothallis,lenae,2,0,GBIF
Dendrobium,sinominutiflorum,2,0,GBIF
Dendrobium,singulare,2,1,GBIF
Pleurothallis,litotes,2,1,GBIF
Dendrobium,scorpionis,2,0,GBIF
Vanilla,wariensis Schltr.,2,1,GBIF
Pleurothallis,medinae,2,0,GBIF
Dendrobium,schinzii,2,0,GBIF
Pleurothallis,paquishae,2,0,GBIF
Pleurothallis,phratria,2,0,GBIF
Dendrobium,ruttenii,2,0,GBIF
Pleurothallis,platypetala,2,0,GBIF
Pleurothallis,pulcherrima,2,1,GBIF
Pleurothallis,pyelophera,2,0,GBIF
Dendrobium,refractum,2,1,GBIF
Dendrobium,rantii,2,0,GBIF
Pleurothallis,scaphipetala,2,0,GBIF
Pleurothallis,serricardia,2,1,GBIF
Dendrobium,protractum,2,0,GBIF
Dendrobium,procumbens,2,0,GBIF
Dendrobium,praemorsum,2,0,GBIF
Dendrobium,polyrhopalon,2,0,GBIF
Pleurothallis,veliformis,2,0,GBIF
Dendrobium,planicaule,2,0,GBIF
Pleurothallopsis,niesseniae,2,0,GBIF
Dendrobium,phragmitoides,2,0,GBIF
Plocoglottis,bokorensis,2,0,GBIF
Dendrobium,pergracile,2,0,GBIF
Dendrobium,percnanthum,2,0,GBIF
Plocoglottis,janowskii,2,1,GBIF
Plocoglottis,lobulata,2,0,GBIF
Dendrobium,patentissimum,2,0,GBIF
Plocoglottis,striata,2,0,GBIF
Podochilus,intermedius,2,1,GBIF
Dendrobium,ornatum,2,1,GBIF
Dendrobium,orientale,2,0,GBIF
Podochilus,klossii,2,0,GBIF
Dendrobium,obreniforme,2,0,GBIF
Podochilus,warianus,2,0,GBIF
Dendrobium,obcuneatum,2,0,GBIF
Dendrobium,nothofageti,2,0,GBIF
Pogoniopsis,schenkii,2,0,GBIF
Dendrobium,niueense,2,0,GBIF
Polycycnis,pfisteri,2,1,GBIF
Polycycnis,silvana,2,0,GBIF
Dendrobium,nabawanense,2,0,GBIF
Polystachya,asper,2,0,GBIF
Acianthera,thysana,2,0,GBIF
Dendrobium,moniliforme,2,0,Chris Howard Collection
Dendrobium,mambo,2,0,GBIF
Dendrobium,macrogenion,2,0,GBIF
Polystachya,candida,2,0,GBIF
Dendrobium,latipetalum,2,1,GBIF
Dendrobium,lamyaiae,2,0,Chris Howard Collection
Dendrobium,lamellatum,2,1,GBIF
Dendrobium,kuyperi,2,0,GBIF
Dendrobium,klossii,2,0,GBIF
Polystachya,geraensis,2,0,GBIF
Dendrobium,khanhoaense,2,0,GBIF
Dendrobium,kenepaiense,2,0,GBIF
Dendrobium,keithii,2,1,GBIF
Dendrobium,jennyanum,2,0,GBIF
Dendrobium,irinae,2,0,GBIF
Dendrobium,inconspicuum,2,0,GBIF
Dendrobium,hypopogon,2,0,GBIF
Dendrobium,humilicolle,2,0,GBIF
Dendrobium,hosei,2,1,GBIF
Dendrobium,hansmeyerense,2,1,GBIF
Dendrobium,halmaheirense,2,0,GBIF
Dendrobium,guerreroi,2,0,GBIF
Dendrobium,goilalae,2,0,GBIF
Polystachya,stodolnyi,2,0,GBIF
Dendrobium,fruticosum,2,0,GBIF
Dendrobium,dichrotropis,2,0,GBIF
Dendrobium,derekcabactulanii,2,0,GBIF
Dendrobium,curvisepalum,2,0,GBIF
Dendrobium,cuneatum,2,0,GBIF
Ponthieva,bicornuta C.,2,0,GBIF
Dendrobium,cucullitepalum,2,0,GBIF
Ponthieva,elata Schltr.,2,0,GBIF
Ponthieva,elegans Kraenzl.,2,0,GBIF
Ponthieva,garayana Dodson,2,0,GBIF
Ponthieva,hermiliae L.,2,0,GBIF
Ponthieva,nigricans Schltr.,2,0,GBIF
Dendrobium,corrugatilobum,2,0,GBIF
Dendrobium,correllianum,2,0,GBIF
Porpax,angustifolia,2,1,GBIF
Dendrobium,coloratum,2,0,GBIF
Porpax,dickasonii,2,0,GBIF
Dendrobium,caryicola,2,0,GBIF
Porroglossum,marcojimeneziorum,2,0,GBIF
Dendrobium,biloculare,2,0,GBIF
Dendrobium,bakoense,2,0,GBIF
Dendrobium,awormangae,2,1,GBIF
Acianthera,scalpricaulis,2,0,GBIF
Dendrobium,atavus,2,0,GBIF
Dendrobium,apiculiferum,2,0,GBIF
Dendrobium,aphyllum,2,0,Chris Howard Collection
Dendrobium,amphigenyum,2,1,GBIF
Dendrobium,amiengense,2,0,GBIF
Prasophyllum,gilgai,2,1,GBIF
Dendrobium,acuiferum,2,0,GBIF
Daiotyla,maculata,2,0,GBIF
Cyrtochilum,umbrosum,2,0,GBIF
Cyrtochilum,tucumanense,2,0,GBIF
Cyrtochilum,schildhaueri,2,0,GBIF
Prasophyllum,venustum,2,1,GBIF
Prasophyllum,venustum D.,2,0,GBIF
Cyrtochilum,insculptum,2,0,GBIF
Cyrtochilum,gracile,2,1,GBIF
Cyrtochilum,decolorans,2,0,GBIF
Cyrtochilum,davisii,2,0,GBIF
Cyrtochilum,compactum,2,0,GBIF
Cyrtochilum,befortianum,2,0,GBIF
Cypripedium,sichuanense Perner,2,0,GBIF
Prosthechea,faresiana,2,0,GBIF
Cypripedium,dickinsonianum Hágsater,2,2,GBIF
Cynorkis,volombato Bosser,2,0,GBIF
Cynorkis,tenuicalcar ssp.,2,0,GBIF
Cynorkis,summerhayesiana Geerinck,2,0,GBIF
Cynorkis,sagittata H.,2,0,GBIF
Cynorkis,parvula Schltr.,2,0,GBIF
Prosthechea,jauana,2,0,GBIF
Cynorkis,mesophylla Schltr.,2,0,GBIF
Cynorkis,leandriana H.,2,0,GBIF
Cynorkis,ericophila H.,2,0,GBIF
Cynorkis,ambondrombensis Boiteau,2,0,GBIF
Pseuderia,ledermannii,2,0,GBIF
Pseuderia,micronesiaca,2,1,GBIF
Pseudocentrum,kayi Szlach.,2,0,GBIF
Cymbidium,banaense,2,0,GBIF
Cylindrolobus,pseudorigidus,2,0,GBIF
Cylindrolobus,pseudoclavicaulis,2,0,GBIF
Pseudovanilla,affinis J.,2,1,GBIF
Pseudovanilla,anomala Ames,2,1,GBIF
Cylindrolobus,lactiflorus,2,0,GBIF
Pseudovanilla,ternatensis J.,2,1,GBIF
Psilochilus,alicjae,2,0,GBIF
Pterichis,bangii Rolfe,2,1,GBIF
Cylindrolobus,erythrostictus,2,0,GBIF
Pterichis,lehmanniana Kolan.,2,0,GBIF
Pterichis,saundersii Kolan.,2,0,GBIF
Pteroceras,biserratum,2,0,GBIF
Pteroglossa,euphlebia,2,0,GBIF
Acianthera,ruizii,2,1,GBIF
Cyclopogon,eugenii,2,0,GBIF
Crossoglossa,steinii,2,1,GBIF
Crossoglossa,oliveirae,2,0,GBIF
Crossoglossa,liparidoides,2,0,GBIF
Crossoglossa,harlingii,2,0,GBIF
Pterostylis,brunneola,2,1,GBIF
Crossoglossa,elliptica,2,0,GBIF
Crossoglossa,chocoensis,2,0,GBIF
Crepidium,undulatum,2,0,GBIF
Crepidium,tjiwideiense,2,0,GBIF
Crepidium,sichuanicum,2,0,GBIF
Acianthera,rodrigoi,2,0,GBIF
Crepidium,quadridentatum,2,0,GBIF
Crepidium,protractum,2,0,GBIF
Crepidium,parryae,2,0,GBIF
Crepidium,merrillii,2,0,GBIF
Vrydagzynea,pauciflora J.,2,0,GBIF
Crepidium,mambulilingense,2,0,GBIF
Crepidium,leucodon,2,0,GBIF
Crepidium,grandiflorum,2,0,GBIF
Pterostylis,petiolata D.,2,0,GBIF
Crepidium,chamaeorchis,2,1,GBIF
Crepidium,bidentiferum,2,0,GBIF
Cranichis,popayanensis,2,0,GBIF
Cranichis,ovatilabia Schltr.,2,0,GBIF
Cranichis,neglecta Szlach.,2,0,GBIF
Cranichis,macroblepharis Rchb.f.,2,0,GBIF
Cranichis,juajibioyi,2,0,GBIF
Cranichis,carlos-parrae,2,0,GBIF
Corycium,tricuspidatum Bolus,2,1,GBIF
Pterostylis,taurus,2,0,GBIF
Corybas,umbrosus,2,1,GBIF
Coryanthes,albertinae,2,0,GBIF
Comparettia,serrilabia,2,0,GBIF
Comparettia,neudeckeri,2,0,GBIF
Acianthera,pollardiana,2,0,GBIF
Restrepia,echinata,2,0,GBIF
Warczewiczella,lobata,2,0,GBIF
Comparettia,hirtzii,2,0,GBIF
Comparettia,granizoi,2,0,GBIF
Restrepia,piperitosa,2,0,GBIF
Comparettia,gentryi,2,0,GBIF
Comparettia,bigibbosa,2,0,GBIF
Collabium,bicameratum,2,0,GBIF
Acianthera,phrynoglossa,2,0,GBIF
Coelogyne,taeniophylla,2,0,GBIF
Acianthera,pendens,2,0,GBIF
Rhomboda,pulchra,2,0,GBIF
Coelogyne,spathulata,2,1,GBIF
Coelogyne,saccata,2,0,GBIF
Coelogyne,ruidianensis,2,0,GBIF
Coelogyne,remota,2,1,GBIF
Coelogyne,remediosae,2,0,GBIF
Coelogyne,quisumbingiana,2,0,GBIF
Acianthera,paradoxa,2,0,GBIF
Coelogyne,pantlingii,2,0,GBIF
Robiquetia,serpentina,2,0,GBIF
Acianthera,pacayana,2,0,GBIF
Rodriguezia,delcastilloi,2,0,GBIF
Rodriguezia,dressleriana,2,0,GBIF
Coelogyne,malintangensis,2,0,GBIF
Coelogyne,magaensis,2,0,GBIF
Coelogyne,macroptera,2,0,GBIF
Coelogyne,longipedicellata,2,0,GBIF
Coelogyne,longibulba,2,1,GBIF
Coelogyne,lewisii,2,0,GBIF
Coelogyne,latibrachiata,2,2,GBIF
Sarcanthopsis,quaifei,2,0,GBIF
Xylobium,aurantiacum,2,0,GBIF
Coelogyne,karoensis,2,0,GBIF
Acianthera,omissa,2,0,GBIF
Sarcoglottis,degranvillei,2,0,GBIF
Acianthera,murexoidea,2,0,GBIF
Coelogyne,devoogdii,2,0,GBIF
Coelogyne,devogelii,2,0,GBIF
Coelogyne,contractipetala,2,0,GBIF
Coelogyne,coccinea,2,0,GBIF
Coelogyne,basalis,2,0,GBIF
Clowesia,scurra,2,0,GBIF
xOrchinea,x,2,1,GBIF
Clowesia,arevaloi,2,0,GBIF
Cleistes,tamboana Dodson,2,1,GBIF
Cleistes,parviflora Lindl.,2,1,GBIF
Cleistes,paludosa Rchb.f.,2,2,GBIF
Acianthera,kateora,2,0,GBIF
Cleistes,lehmannii Kraenzl.,2,1,GBIF
Xylobium,wilhelminae,2,0,GBIF
Cleisostoma,strongyloides,2,0,GBIF
Cleisostoma,buruense,2,1,GBIF
Chroniochilus,minimus,2,0,GBIF
Acianthera,henrici,2,0,GBIF
Chondroscaphe,escobariana,2,0,GBIF
Scaphosepalum,ximenae,2,0,GBIF
Chloraea,subpandurata Hauman,2,0,GBIF
Scaphyglottis,bicallosa,2,0,GBIF
Chiloschista,sweelimii,2,0,GBIF
Chiloschista,lindstroemii,2,0,GBIF
Chiloglottis,truncata,2,1,GBIF
Cheirostylis,moniliformis Griff.,2,0,GBIF
Chamaegastrodia,shikokiana Makino,2,0,GBIF
Scaphyglottis,felskyi,2,0,GBIF
Ceratostylis,tricallifera,2,0,GBIF
Ceratostylis,selebensis,2,0,GBIF
Ceratostylis,sarasinorum,2,0,GBIF
Ceratostylis,rivularis,2,0,GBIF
Ceratostylis,pleurothallis,2,0,GBIF
Ceratostylis,mamberamensis,2,1,GBIF
Ceratostylis,ficinioides,2,0,GBIF
Schiedeella,pandurata,2,0,GBIF
Ceratostylis,clavata,2,0,GBIF
Schoenorchis,brevirachis,2,0,GBIF
Acianthera,esmeraldae,2,0,GBIF
Ceratostylis,brevicostata,2,0,GBIF
Selenipedium,aucourdianum Sambin,2,1,GBIF
Ceratostylis,angiensis,2,0,GBIF
Ceratandra,venosa Lindl.,2,1,GBIF
Serapias,x cortoghianae,2,2,iNaturalist
Acianthera,compressicaulis,2,2,GBIF
Cattleya,walkeriana,2,0,Roberta Fox Collection
Cattleya,munchowiana,2,1,GBIF
Cattleya,maxima,2,0,Roberta Fox Collection
Cattleya,luteola,2,2,GBIF
Cattleya,harrisoniana,2,0,Roberta Fox Collection
Cattleya,blumenscheinii,2,0,GBIF
Cattleya,bicolor,2,1,"GBIF,Roberta Fox Collection"
Sobralia,kermesina,2,0,GBIF
Catasetum,denticulatum,2,1,GBIF
Catasetum,deltoideum,2,0,GBIF
Campylocentrum,microphyllum,2,0,GBIF
Calochilus,richiae Nicholls,2,1,GBIF
Calanthe,womersleyi,2,1,GBIF
Calanthe,trifida,2,0,GBIF
Spathoglottis,bulbosa,2,0,GBIF
Calanthe,polyantha,2,0,GBIF
Spathoglottis,kenejiae,2,0,GBIF
Calanthe,pauciverrucosa,2,0,GBIF
Calanthe,obreniformis,2,0,GBIF
Calanthe,goodenoughiana,2,0,GBIF
Calanthe,finisterrae,2,0,GBIF
Calanthe,burkei,2,0,GBIF
Calanthe,brassii,2,0,GBIF
Specklinia,areldii,2,0,GBIF
Specklinia,brighamella,2,0,GBIF
Caladenia,thysanochila G.,2,0,GBIF
Aa,riobambae,2,0,GBIF
Caladenia,pilotensis D.,2,0,GBIF
Caladenia,pholcoidea ssp.,2,1,GBIF
Caladenia,longifimbriata,2,0,GBIF
Caladenia,atroclavia D.,2,0,GBIF
Bulbophyllum,xanthoacron,2,0,GBIF
Bulbophyllum,undecifilum,2,0,GBIF
Bulbophyllum,trongsaense,2,0,GBIF
Bulbophyllum,tricolor,2,0,GBIF
Bulbophyllum,surigaense,2,0,GBIF
Stelis,applanata,2,1,GBIF
Stelis,apposita,2,0,GBIF
Bulbophyllum,suavissimum,2,1,GBIF
Bulbophyllum,stenurum,2,0,GBIF
Aa,maderoi,2,1,GBIF
Bulbophyllum,stenochilum,2,1,GBIF
Stelis,bracteosa,2,0,GBIF
Stelis,brenneri,2,0,GBIF
Stelis,brevissimicaudata,2,0,GBIF
Stelis,brunnea,2,2,GBIF
Bulbophyllum,sphaerobulbum,2,0,GBIF
Stelis,celsa,2,0,GBIF
Stelis,choerorhyncha,2,0,GBIF
Bulbophyllum,similissimum,2,0,GBIF
Stelis,cuatrecasasii,2,0,GBIF
Bulbophyllum,schizopetalum,2,1,GBIF
Acianthera,butcheri,2,1,GBIF
Stelis,decurrens,2,0,GBIF
Stelis,delicata,2,0,GBIF
Bulbophyllum,scaphiforme,2,0,GBIF
Bulbophyllum,sawiense,2,0,GBIF
Bulbophyllum,sarcophylloides,2,0,GBIF
Stelis,discophylla,2,0,GBIF
Bulbophyllum,sarawaketense,2,0,GBIF
Stelis,elatissima,2,0,GBIF
Stelis,esmeraldae,2,0,GBIF
Bulbophyllum,saccoglossum,2,0,GBIF
Stelis,eudialema,2,0,GBIF
Bulbophyllum,roseum,2,0,GBIF
Acianthera,breedlovei,2,2,"GBIF,iNaturalist"
Bulbophyllum,rictorium,2,0,GBIF
Stelis,jimburae,2,0,GBIF
Stelis,jurisdixii,2,0,GBIF
Stelis,lanata,2,0,GBIF
Bulbophyllum,renipetalum,2,1,GBIF
Bulbophyllum,quasimodo,2,0,GBIF
Stelis,longirepens,2,0,GBIF
Stelis,mandoniana,2,0,GBIF
Bulbophyllum,pyroglossum,2,0,GBIF
Stelis,megaloglossa,2,0,GBIF
Stelis,memorialis,2,0,GBIF
Bulbophyllum,pseudoserrulatum,2,0,GBIF
Bulbophyllum,pseudohydra,2,2,GBIF
Stelis,mnemonica,2,0,GBIF
Stelis,monicae,2,0,GBIF
Bulbophyllum,pleurothalloides,2,0,GBIF
Bulbophyllum,pleurothallidanthum,2,1,GBIF
Stelis,neudeckeri,2,0,GBIF
Bulbophyllum,pinelianum,2,2,GBIF
Bulbophyllum,petrae,2,1,GBIF
Stelis,orectopus,2,0,GBIF
Stelis,panguiensis,2,0,GBIF
Stelis,papillifera,2,1,GBIF
Stelis,parvipetala,2,0,GBIF
Bulbophyllum,pentaneurum,2,0,GBIF
Stelis,porpax,2,0,GBIF
Bulbophyllum,pallens,2,0,GBIF
Stelis,preclara,2,0,GBIF
Stelis,purpurella,2,0,GBIF
Stelis,pycnochila,2,0,GBIF
Stelis,ramificans,2,0,GBIF
Bulbophyllum,obovatifolium,2,0,GBIF
Stelis,rufescens,2,0,GBIF
Bulbophyllum,mystax,2,0,GBIF
Acianthera,binotii,2,1,GBIF
Stelis,siphonantha,2,0,GBIF
Stelis,soratana,2,0,GBIF
Stelis,strictissima,2,0,GBIF
Stelis,undecimi,2,0,GBIF
Bulbophyllum,marovoense,2,0,GBIF
Bulbophyllum,manarae,2,0,GBIF
Stelis,villifera,2,0,GBIF
Acianthera,biceps,2,1,GBIF
Acianthera,angustisepala,2,1,GBIF
Zeuxine,rolfeana,2,0,GBIF
Bulbophyllum,macrorhopalon,2,1,GBIF
Bulbophyllum,luteopurpureum,2,0,GBIF
Bulbophyllum,longissimum,2,0,GBIF
Zeuxine,rolfeana King,2,1,GBIF
Stenia,stenioides,2,0,GBIF
Bulbophyllum,lipense,2,0,GBIF
Bulbophyllum,linearifolium,2,0,GBIF
Bulbophyllum,ledungense,2,0,GBIF
Bulbophyllum,lancisepalum,2,0,GBIF
Bulbophyllum,korimense,2,0,GBIF
Stichorkis,gautierensis,2,0,GBIF
Stichorkis,gibbsiae,2,0,GBIF
Stichorkis,kemulensis,2,0,GBIF
Stichorkis,kerintjiensis,2,1,GBIF
Acianthera,alainii,2,1,GBIF
Stichorkis,loliacea,2,0,GBIF
Bulbophyllum,kanburiense,2,0,GBIF
Bulbophyllum,jolandae,2,1,GBIF
Bulbophyllum,indragiriense,2,0,GBIF
Stichorkis,trullifera,2,0,GBIF
Bulbophyllum,incumbens,2,0,GBIF
Bulbophyllum,incommodum,2,0,GBIF
Bulbophyllum,impar,2,0,GBIF
Stigmatodactylus,croftianus Kores,2,0,GBIF
Bulbophyllum,ignevenosum,2,0,GBIF
Zeuxine,tjiampeana J.,2,0,GBIF
Bulbophyllum,hatusimanum,2,0,GBIF
Bulbophyllum,hans-meyeri,2,0,GBIF
Styloglossum,lancilabre,2,0,GBIF
Bulbophyllum,halconense,2,0,GBIF
Bulbophyllum,gymnothema,2,0,GBIF
Taeniophyllum,alatum,2,0,GBIF
Taeniophyllum,amboinense,2,0,GBIF
Bulbophyllum,flavum,2,0,GBIF
Bulbophyllum,flagellare,2,0,GBIF
Taeniophyllum,merrillii,2,0,GBIF
Bulbophyllum,fendlerianum,2,0,GBIF
Taeniophyllum,neopommeranicum,2,0,GBIF
Bulbophyllum,fallax,2,0,GBIF
Bulbophyllum,fallacinum,2,0,GBIF
Bulbophyllum,erythrostachyum,2,0,GBIF
Bulbophyllum,erythroglossum,2,0,GBIF
Bulbophyllum,ellipticifolium,2,1,GBIF
Tainia,marmorata,2,0,GBIF
Bulbophyllum,elaphoglossum,2,1,GBIF
Teagueia,teaguei,2,0,GBIF
Bulbophyllum,divergens,2,0,GBIF
Telipogon,asuayanus,2,0,GBIF
Telipogon,campoverdei,2,1,GBIF
Bulbophyllum,decurviscapum,2,1,GBIF
Telipogon,chrysocrates,2,0,GBIF
Telipogon,distantiflorus,2,0,GBIF
Bulbophyllum,cyclophoroides,2,0,GBIF
Bulbophyllum,cyclopense,2,0,GBIF
Bulbophyllum,cruciferum,2,0,GBIF
Telipogon,maduroi,2,0,GBIF
Telipogon,medusae,2,0,GBIF
Bulbophyllum,crassicaudatum,2,0,GBIF
Bulbophyllum,coweniorum,2,0,GBIF
Telipogon,ortizii,2,0,GBIF
Bulbophyllum,comptonii,2,1,GBIF
Telipogon,paucartambensis,2,0,GBIF
Bulbophyllum,compressilabellatum,2,0,GBIF
Telipogon,urceolatus,2,0,GBIF
Bulbophyllum,catillus,2,0,GBIF
Bulbophyllum,brachytriche,2,0,GBIF
Bulbophyllum,barbigerum,2,1,GBIF
Bulbophyllum,auritum,2,1,GBIF
Bulbophyllum,adenoblepharon,2,0,GBIF
Bryobium,subclausum,2,0,GBIF
Broughtonia,sanguinea,2,0,Roberta Fox Collection
Brassia,escobariana,2,0,GBIF
Brassavola,caraiensis,2,0,GBIF
Brachycorythis,mixta Summerh.,2,0,GBIF
Brachionidium,rugosum,2,0,GBIF
Brachionidium,meridense,2,0,GBIF
Brachionidium,lucanoideum,2,0,GBIF
Brachionidium,ingramii,2,0,GBIF
Brachionidium,escobarii,2,0,GBIF
Thrixspermum,kocyanii,2,0,GBIF
Thrixspermum,rolfei,2,0,GBIF
Brachionidium,capillare,2,0,GBIF
Blepharoglossum,trichechum,2,0,GBIF
Blepharoglossum,latifolium,2,1,GBIF
Blepharoglossum,bontocense,2,0,GBIF
Trachoma,coarctatum,2,0,GBIF
Benthamia,longecalceata H.,2,0,GBIF
Benthamia,dauphinensis Rolfe,2,0,GBIF
Trichocentrum,bellanianum,2,0,GBIF
Baskervilla,boliviana T.,2,0,GBIF
Trichocentrum,croizatii,2,0,GBIF
Atopoglossum,excentricum,2,0,GBIF
Trichocentrum,macrocebolletum,2,0,GBIF
Trichocentrum,neudeckeri,2,0,GBIF
Arachnis,seramensis,2,0,GBIF
Arachnis,longisepala,2,0,GBIF
Appendicula,seranica,2,0,GBIF
Trichocentrum,ultrajectinum,2,2,iNaturalist
Appendicula,malindangensis,2,1,GBIF
Appendicula,furfuracea,2,0,GBIF
Appendicula,cyphochiloides,2,0,GBIF
Appendicula,babiensis,2,0,GBIF
Aphyllorchis,sumatrana,2,0,GBIF
Trichopilia,aenigma,2,0,GBIF
Anoectochilus,lylei Rolfe,2,1,GBIF
Anoectochilus,kinabaluensis,2,0,GBIF
Anguloa,dubia,2,0,GBIF
Trichosalpinx,cryptantha,2,0,GBIF
Trichosalpinx,trachystoma,2,0,GBIF
Trichosalpinx,triangulipetala,2,0,GBIF
Zygosepalum,ballii,2,0,GBIF
Trichotosia,canaliculata,2,0,GBIF
Angraecum,serpens,2,0,GBIF
Trichotosia,gjellerupii,2,1,GBIF
Trichotosia,hapalostachys,2,1,GBIF
Angraecum,sambiranoense,2,0,GBIF
Trichotosia,rubiginosa,2,0,GBIF
Trichotosia,rufa,2,0,GBIF
Angraecum,egertonii,2,0,GBIF
Angraecum,atlanticum,2,0,GBIF
Angraecum,astroarche,2,0,GBIF
Zygostates,cornigera,2,0,GBIF
Angraecum,affine,2,0,GBIF
Angraecopsis,cryptantha,2,0,GBIF
Trisetella,gemmata,2,0,GBIF
Andreettaea,megalops,2,0,GBIF
Tropidia,multinervis,2,1,GBIF
Andreettaea,infinita,2,0,GBIF
Andreettaea,claviculata,2,0,GBIF
Andinia,pentamytera,2,0,GBIF
Andinia,monilia,2,0,GBIF
Andinia,lappacea,2,0,GBIF
Andinia,catella,2,0,GBIF
Andinia,cardiocheila,2,0,GBIF
Anathallis,tigridens,2,0,GBIF
Anathallis,ricii,2,0,GBIF
Anathallis,paranapiacabensis,2,0,GBIF
Vanda,lamellata,2,2,GBIF
Anathallis,jamaicensis,2,0,GBIF
Vanda,motesiana,2,0,GBIF
Anathallis,humilis,2,0,GBIF
Anathallis,adrianae,2,0,GBIF
Vanda,vietnamica,2,0,GBIF
Acanthophippium,curtisii,2,0,GBIF
Anacamptis,x olida,2,0,GBIF
Vanilla,andamanica Rolfe,2,1,GBIF
Zygostates,obliqua,2,0,GBIF
Alatiliparis,aptenodytes,2,0,GBIF
Agrostophyllum,urdanetae,2,0,GBIF
xAnacamptorchis,x,2,1,GBIF
Vanilla,bertoniensis Bertoni,2,1,GBIF
Vanilla,costaricensis Soto,2,2,GBIF
Agrostophyllum,formosanum,2,0,GBIF
Agrostophyllum,fibrosum,2,0,GBIF
Agrostophyllum,elmeri,2,0,GBIF
Vanilla,espondae Soto,2,1,GBIF
Malaxis,henanensis,2,2,iNaturalist
Macropodanthus,sabahensis,2,0,GBIF
Malaxis,zempoalensis,2,0,GBIF
Masdevallia,abbreviata,2,1,GBIF
Masdevallia,aguirrei,2,0,GBIF
Masdevallia,akemiana,2,0,GBIF
Macropodanthus,philippinensis,2,0,GBIF
Masdevallia,anceps,2,0,GBIF
Macroclinium,pachybulbon,2,0,GBIF
Macroclinium,lilacinum,2,0,GBIF
Macroclinium,christensonii,2,0,GBIF
Masdevallia,bourdetteana,2,0,GBIF
Masdevallia,brockmuelleri,2,0,GBIF
Masdevallia,burianii,2,0,GBIF
Macodes,megalantha Ormerod,2,0,GBIF
Macodes,celebica Rolfe,2,0,GBIF
Lycaste,viridescens,2,0,GBIF
Masdevallia,cocapatae,2,0,GBIF
Lycaste,occulta,2,0,GBIF
Lycaste,mathiasiae,2,0,GBIF
Masdevallia,crescenticola,2,0,GBIF
Masdevallia,dalstroemii,2,0,GBIF
Masdevallia,delhierroi,2,0,GBIF
Masdevallia,ejiriana,2,0,GBIF
Luisia,cordatilabia,2,0,GBIF
Luisia,cantharis,2,0,GBIF
Masdevallia,gnoma,2,0,GBIF
Masdevallia,helgae,2,0,GBIF
Lockhartia,odontochila,2,0,GBIF
Masdevallia,hystrix,2,0,GBIF
Liparis,trulliformis,2,0,GBIF
Masdevallia,lewisii,2,0,GBIF
Masdevallia,martineae,2,0,GBIF
Masdevallia,martiniana,2,0,GBIF
Masdevallia,mascarata,2,0,GBIF
Masdevallia,odontopetala,2,0,GBIF
Masdevallia,ova-avis,2,0,GBIF
Liparis,heliophila,2,0,GBIF
Masdevallia,pollux,2,0,GBIF
Masdevallia,portillae,2,0,GBIF
Liparis,atrosanguinea,2,1,GBIF
Liparis,assamica,2,0,GBIF
Masdevallia,rugosilabia,2,0,GBIF
Masdevallia,sanctae-fidei,2,0,GBIF
Masdevallia,scandens,2,1,GBIF
Liparis,affinis,2,0,GBIF
Masdevallia,sertula,2,0,GBIF
Masdevallia,solomonii,2,0,GBIF
Masdevallia,stirpis,2,0,GBIF
Masdevallia,truncata,2,0,GBIF
Masdevallia,velella,2,0,GBIF
Lepanthes,zapatae,2,0,GBIF
Masdevallia,venus,2,0,GBIF
Masdevallia,virgo-cuencae,2,0,GBIF
Masdevallia,wuerstlei,2,0,GBIF
Phalaenopsis,buyssoniana,1,0,GBIF
Coelogyne,teleensis,1,0,GBIF
Coelogyne,talangana,1,1,GBIF
Coelogyne,talamauensis,1,0,GBIF
Mormodes,oceloteoides,1,0,GBIF
Phalaenopsis,bellina,1,0,GBIF
Coelogyne,sulawesiensis,1,0,GBIF
Coelogyne,subfusca,1,0,GBIF
Epidendrum,cocuyense,1,1,GBIF
Epidendrum,constricolumna,1,0,GBIF
Epidendrum,cornicallosum,1,0,GBIF
Rhomboda,angustifolia Carr,1,0,GBIF
Ida,ejirii,1,0,GBIF
Epidendrum,croatii,1,0,GBIF
Rhomboda,kerintjiensis J.,1,0,GBIF
Coelogyne,steenisii,1,0,GBIF
Mormodes,densiflora,1,0,GBIF
Phaius,indochinensis,1,1,GBIF
Rhomboda,wardii Ormerod,1,0,GBIF
Trevoria,chloris,1,0,GBIF
Epidendrum,cucullatum,1,0,GBIF
Mormodes,castroi,1,0,GBIF
Trichocentrum,allenii,1,0,GBIF
Pescatoria,russeliana,1,0,GBIF
Coelogyne,richardsii,1,1,GBIF
Lepanthopsis,calva,1,0,GBIF
Rhynchostele,ureskinneri,1,0,GBIF
Lepanthes,volador,1,0,GBIF
Epidendrum,delcastilloi,1,0,GBIF
Lepanthes,teaguei,1,0,GBIF
Coelogyne,quadricarinata,1,1,GBIF
Coelogyne,pseudoscripta,1,0,GBIF
Pescatoria,coronaria,1,0,GBIF
Coelogyne,prodigiosa,1,0,GBIF
Coelogyne,phuhinrongklaensis,1,1,GBIF
Trichocentrum,brenesii,1,0,GBIF
Coelogyne,papillitepala,1,0,GBIF
Robiquetia,flexa,1,0,GBIF
Mormodes,auriculata,1,0,GBIF
Peristylus,tricallosus J.,1,1,GBIF
Robiquetia,hansenii,1,0,GBIF
Peristylus,timorensis Ridl.,1,0,GBIF
Robiquetia,kawakamii,1,0,GBIF
Peristylus,staminodiatus Schltr.,1,0,GBIF
Robiquetia,minahassae,1,0,GBIF
Coelogyne,panduriformis,1,0,GBIF
Ixyophora,carinata,1,0,GBIF
Coelogyne,ovata,1,0,GBIF
Epidendrum,dialyrhombicum,1,1,GBIF
Epidendrum,diphyllum,1,0,GBIF
Robiquetia,wassellii,1,1,GBIF
Epidendrum,dwyeri,1,0,GBIF
Baskervilla,machupicchuensis,1,0,GBIF
Coelogyne,naja,1,1,GBIF
Coelogyne,muriculata,1,0,GBIF
Maxillaria,appendiculoides,1,1,GBIF
Jumellea,porrigens,1,0,GBIF
Peristylus,pachyneuroides Renz,1,1,GBIF
Epidendrum,falcisepalum,1,0,GBIF
Epidendrum,farallonense,1,1,GBIF
Peristylus,latilobus J.,1,0,GBIF
Peristylus,jinchuanicus K.,1,0,GBIF
Rodriguezia,refracta,1,1,GBIF
Vanilla,ribeiroi Hoehne,1,1,GBIF
Coelogyne,marknaivei,1,0,GBIF
Barkeria,lindleyana,1,0,Roberta Fox Collection
Barbosella,circinata,1,0,GBIF
Trichocentrum,croatii,1,1,GBIF
Coelogyne,lumakuensis,1,0,GBIF
Lepanthes,larsenii,1,0,GBIF
Kefersteinia,angustifolia,1,0,GBIF
Saccolabiopsis,armitii,1,0,GBIF
Epidendrum,gabanense,1,0,GBIF
Saccolabiopsis,pallida,1,0,GBIF
Masdevallia,concinna,1,0,GBIF
Peristylus,elbertii J.,1,1,GBIF
Sanderella,,1,1,GBIF
Aerangis,coursiana,1,0,GBIF
Kefersteinia,endresii,1,0,GBIF
Aspasia,omissa,1,0,GBIF
Kefersteinia,expansa,1,0,GBIF
Maxillaria,nasuta,1,1,iNaturalist
Epidendrum,gracilibracteatum,1,0,GBIF
Epidendrum,guaramacalense,1,1,GBIF
Pelexia,weberbaueriana,1,0,GBIF
Epidendrum,hemihenomenum,1,0,GBIF
Pelexia,ocreatopsis,1,1,GBIF
Coelogyne,eymae,1,1,GBIF
Epidendrum,hygrohylephilum,1,0,GBIF
Arthrochilus,dockrillii Lavarack,1,0,GBIF
Sarcoglottis,acutata,1,0,GBIF
Lepanthes,vareschii,1,0,GBIF
Pelexia,huntii,1,0,GBIF
Coelogyne,dewildeorum,1,0,GBIF
Sarcoglottis,lehmannii,1,0,GBIF
Xylobium,ortizianum,1,1,GBIF
Lepanthes,stellaris,1,0,GBIF
Lepanthes,longiracemosa,1,0,GBIF
Masdevallia,cyclotega,1,0,GBIF
Sarcoglottis,trichogyna,1,0,GBIF
Sarcoglottis,umbrosa,1,0,GBIF
Epidendrum,iang-rondonii,1,0,GBIF
Coelogyne,dentifera,1,0,GBIF
Epidendrum,igneum,1,1,GBIF
Achlydosa,glandulosa Schltr.,1,1,iNaturalist
Pelexia,burgeri,1,1,GBIF
Coelogyne,confertiflora,1,0,GBIF
Epidendrum,incahuamanii,1,1,GBIF
Appendicula,purpureifolia,1,0,GBIF
Epidendrum,kirkbridei,1,1,GBIF
Epidendrum,klugii,1,0,GBIF
Coelogyne,brevilabris,1,0,GBIF
Appendicula,patentissima,1,0,GBIF
Coelogyne,anceps,1,0,GBIF
Paphiopedilum,x kimballianum,1,1,GBIF
Appendicula,negrosiana,1,0,GBIF
Masdevallia,vidua,1,0,GBIF
Trichocentrum,x,1,1,GBIF
Clematepistephium,smilacifolium Rchb.f.,1,1,GBIF
Cleistes,unifoliata C.,1,0,GBIF
Acianthera,monophylla,1,0,GBIF
Cleistes,triflora C.,1,0,GBIF
Kefersteinia,villosa,1,0,GBIF
Cleistes,speciosa Gardner,1,1,GBIF
Paphiopedilum,x crossianum,1,0,GBIF
Aerangis,pulchella,1,0,GBIF
Cleistes,romeroana Szlach.,1,1,GBIF
Cleistes,pusilla Pansarin,1,0,GBIF
Masdevallia,dejonghei,1,0,GBIF
Leptotes,harryphillipsii,1,0,GBIF
Micropera,loheri,1,0,GBIF
Acianthera,jordanensis,1,0,GBIF
Cleistes,pallida Funez,1,1,GBIF
Appendicula,dajakorum,1,0,GBIF
Epidendrum,lacteum,1,0,GBIF
Epidendrum,lamprochilum,1,0,GBIF
Paphiopedilum,usitanum,1,0,GBIF
Epidendrum,laxifoliatum,1,0,GBIF
Cleistes,acuminata Schltr.,1,0,GBIF
Acanthophippium,striatum,1,1,iNaturalist
Satyrium,pulchrum S.,1,1,GBIF
Cleisostoma,termissum,1,1,GBIF
Paphiopedilum,sukhakulii,1,0,GBIF
Lepanthes,marahuacensis,1,0,GBIF
Paphiopedilum,stonei ssp.,1,1,GBIF
Cleisostoma,flexum,1,0,GBIF
Cleisostoma,fissicors,1,0,GBIF
Epidendrum,leiomesomicron,1,0,GBIF
Appendicula,crispa,1,0,GBIF
Cleisostoma,bicrure,1,0,GBIF
Cleisostoma,appendiculatum,1,1,GBIF
Epidendrum,lezlieae,1,0,GBIF
Acianthera,heteropetala,1,0,GBIF
Acianthera,heringeri,1,0,GBIF
Paphiopedilum,randsii Fowlie,1,1,GBIF
Satyrium,welwitschii Rchb.f.,1,1,GBIF
Epidendrum,lirion,1,0,GBIF
Sauroglossum,distans,1,0,GBIF
Aeranthes,africana,1,0,GBIF
Appendicula,collina,1,0,GBIF
Paphiopedilum,micranthum Tang,1,0,GBIF
Chondroscaphe,plicata,1,0,GBIF
Appendicula,clemensiorum,1,0,GBIF
Epidendrum,melanotrichoides,1,0,GBIF
Scaphosepalum,delhierroi,1,0,GBIF
Epidendrum,microanoglossum,1,0,GBIF
Paphiopedilum,henryanum Braem,1,1,GBIF
Scaphosepalum,jostii,1,1,GBIF
Epidendrum,mimopsis,1,1,GBIF
Paphiopedilum,fairrieanum Lindl.,1,0,GBIF
Epidendrum,nanoecallosum,1,0,GBIF
Appendicula,callifera,1,1,GBIF
Scaphosepalum,tiaratum,1,0,GBIF
Vanilla,platyphylla Schltr.,1,1,GBIF
Kylicanthe,cornuata,1,0,GBIF
Laelia,aurea,1,0,Roberta Fox Collection
Chloraea,riojana,1,0,GBIF
Chloraea,phoenicea Speg.,1,0,GBIF
Appendicula,brassii,1,0,GBIF
Acianthera,gigantea,1,1,GBIF
Laelia,elata,1,0,GBIF
Laelia,furfuracea,1,0,Roberta Fox Collection
Epidendrum,nelsonii,1,0,GBIF
Chiloglottis,truncata D.,1,0,GBIF
Paphiopedilum,barbigerum Tang,1,0,GBIF
Lepanthes,microphallica,1,0,GBIF
Chiloglottis,longiclavata D.,1,0,GBIF
Appendicula,anomala,1,0,GBIF
Cheirostylis,malipoensis,1,0,GBIF
Microcoelia,jonssonii,1,0,GBIF
Lankesteriana,steinbuchiae,1,0,GBIF
Appendicula,ancosiphila,1,0,GBIF
Ceratostylis,spathulata,1,0,GBIF
Apostasia,parvula Schltr.,1,1,GBIF
Ceratostylis,scariosa,1,1,GBIF
Ceratostylis,sarcostomatoides,1,0,GBIF
Trichoglottis,simplex,1,0,GBIF
Masdevallia,scobina,1,0,GBIF
Epidendrum,odontopetalum,1,0,GBIF
Aphyllorchis,exilis,1,1,GBIF
Scaphyglottis,minutiflora,1,0,Roberta Fox Collection
Paphiopedilum,armeniacum S.,1,1,GBIF
Ceratostylis,piepersii,1,1,GBIF
Ceratostylis,mayrii,1,1,GBIF
Lecanorchis,multiflora J.,1,1,GBIF
Ceratostylis,malintangensis,1,0,GBIF
Ceratostylis,macra,1,0,GBIF
Ceratostylis,longisegmenta,1,1,GBIF
Epidendrum,oraion,1,0,GBIF
Paphinia,vermiculifera,1,0,GBIF
Ceratostylis,humilis,1,0,GBIF
Ceratostylis,hainanensis,1,0,GBIF
Microchilus,zingarae Ormerod,1,0,GBIF
Ceratostylis,elmeri,1,0,GBIF
Anoectochilus,xingrenensis Z.,1,0,GBIF
Ceratostylis,curvimentum,1,1,GBIF
Epidendrum,orientale,1,1,GBIF
Palmorchis,maculata,1,0,GBIF
Ceratostylis,crassifolia,1,0,GBIF
Lepanthes,mirabilis,1,0,GBIF
Palmorchis,eidae,1,1,GBIF
Ceratostylis,ciliolata,1,0,GBIF
Schoenorchis,aurea,1,0,GBIF
Trichopilia,amabilis,1,0,GBIF
Microchilus,yungasensis M.,1,0,GBIF
Palmorchis,dressleriana,1,0,GBIF
Schoenorchis,jerdoniana,1,0,GBIF
Schoenorchis,sumatrana,1,0,GBIF
Palmorchis,colombiana,1,0,GBIF
Palmorchis,caxiuanensis,1,0,GBIF
Trichopilia,concepcionis,1,0,GBIF
Ceratostylis,borneensis,1,0,GBIF
Ceratostylis,baliensis,1,1,GBIF
Anoectochilus,nicobaricus N.,1,0,GBIF
Selenipedium,buenaventurae Szlach.,1,1,GBIF
Ceratostylis,backeri,1,1,GBIF
Epidendrum,philippii,1,0,GBIF
Selenipedium,isabelianum Barb.,1,1,GBIF
Acianthera,cordatifolia,1,1,GBIF
Lepanthes,moorei,1,0,GBIF
Trichopilia,gracilis,1,0,GBIF
Epidendrum,pirrense,1,1,GBIF
Cephalanthera,pusilla,1,0,GBIF
Epidendrum,platyglossum,1,0,GBIF
Cephalanthera,cucullata,1,1,GBIF
Caucaea,dodsoniana,1,0,GBIF
Lepanthes,mulleriana,1,0,GBIF
Lecanorchis,neglecta Schltr.,1,0,GBIF
Caucaea,andigena,1,0,GBIF
Pabstiella,spathuliglossa,1,0,GBIF
Acanthophippium,pictum,1,1,iNaturalist
Sievekingia,filifera,1,0,GBIF
Epidendrum,podocarpophilum,1,0,GBIF
Anoectochilus,burmannicus Rolfe,1,1,GBIF
Pabstiella,rupicola,1,0,GBIF
Sirindhornia,pulchella H.,1,0,GBIF
Pabstiella,robertoi,1,0,GBIF
Anguloa,eburnea,1,0,GBIF
Trichopilia,olmosii,1,0,GBIF
Cattleya,lueddemanniana,1,0,Roberta Fox Collection
Pabstiella,ignota,1,0,GBIF
Epidendrum,pseudocardioepichilum,1,0,GBIF
Sobralia,bella,1,0,GBIF
Luisia,jonesii,1,0,GBIF
Angraecum,viride,1,0,GBIF
Microchilus,ventosus Ormerod,1,0,GBIF
Aeranthes,campbelliae,1,0,GBIF
Pabstiella,conspersa,1,0,GBIF
Pabstiella,castellensis,1,0,GBIF
Pabstiella,acrogenia,1,0,GBIF
Pabstia,schunkiana,1,1,GBIF
Epidendrum,purdiei,1,1,GBIF
Catasetum,pusillum,1,0,GBIF
Oxystophyllum,helvolum,1,0,GBIF
Epidendrum,rahuii,1,1,GBIF
Catasetum,longipes,1,0,GBIF
Catasetum,lanceatum,1,0,GBIF
Catasetum,ivaneae,1,0,GBIF
Oxystophyllum,bipulvinatum,1,1,GBIF
Microchilus,venezuelanus,1,0,GBIF
Lepanthes,myoxophora,1,0,GBIF
Microchilus,valverdei Ormerod,1,0,GBIF
Epidendrum,schmidtchenii,1,1,GBIF
Ornithocephalus,torresii,1,0,GBIF
Catasetum,catarinense,1,0,GBIF
Catasetum,carunculatum,1,0,GBIF
Campylocentrum,zehntneri,1,0,GBIF
Epidendrum,shigenobui,1,0,GBIF
Acianthera,chamelopoda,1,1,GBIF
Epidendrum,simulacrum,1,1,GBIF
Epidendrum,solomonii,1,0,GBIF
Epidendrum,sotoanum,1,0,GBIF
Sobralia,oroana,1,0,GBIF
Sobralia,pardalina,1,0,GBIF
Epidendrum,spinescens,1,0,GBIF
Campylocentrum,paludosum,1,0,GBIF
Sobralia,roseoalba,1,0,GBIF
Microchilus,valdivianus Ormerod,1,0,GBIF
Epidendrum,stenobractistachyum,1,1,GBIF
Campylocentrum,lansbergii,1,1,GBIF
Campylocentrum,itatiaiae,1,0,GBIF
Oreorchis,aurantiaca,1,0,GBIF
Epidendrum,sublobatum,1,1,GBIF
Microchilus,tunquianus Ormerod,1,1,GBIF
Orchis,x ligustica,1,0,GBIF
Calochilus,caesius D.,1,0,GBIF
Sobralia,zebrina,1,0,GBIF
Microchilus,trianae Ormerod,1,0,GBIF
Orchis,x incantata,1,0,GBIF
Epidendrum,tenue,1,0,GBIF
Epidendrum,tetracuniculatum,1,0,GBIF
Agrostophyllum,dewildeorum,1,0,GBIF
Epidendrum,thiagoi,1,1,GBIF
Masdevallia,segurae,1,0,GBIF
Epidendrum,thompsonii,1,0,GBIF
Calanthe,reflexilabris,1,0,GBIF
Epidendrum,tingo-mariae,1,0,GBIF
Spathoglottis,elmeri,1,0,GBIF
Microchilus,subquadratus Ormerod,1,1,GBIF
Epidendrum,tricrure,1,0,GBIF
Lecanorchis,ohwii Masam.,1,1,GBIF
Maxillaria,kefersteinioides,1,0,GBIF
Epidendrum,tripetaloides,1,0,GBIF
Epidendrum,tritropianthum,1,0,GBIF
Trichotosia,calvescens,1,0,GBIF
Calanthe,micrantha,1,1,GBIF
Epidendrum,ulcumanoae,1,0,GBIF
Orchipedum,echinatum Aver.,1,0,GBIF
Lepanthes,viahoensis,1,0,GBIF
Zygostates,aderaldoana,1,0,GBIF
Masdevallia,glomerosa,1,0,GBIF
Agrostophyllum,carex,1,0,GBIF
Epidendrum,vallis-silentii,1,0,GBIF
Maxillaria,johniana,1,1,GBIF
Trichotosia,hispidissima,1,0,GBIF
Calanthe,bicalcarata,1,0,GBIF
Epidendrum,vidal-senegei,1,0,GBIF
Calanthe,aruank,1,0,GBIF
Caladenia,x tryphera,1,1,iNaturalist
Ophrys,x sherdaniana,1,0,GBIF
Ophrys,x scontusiana,1,0,GBIF
Epidendrum,witherspooniorum,1,0,GBIF
Epidendrum,youngii,1,0,GBIF
Epidendrum,yumboense,1,0,GBIF
Trichotosia,integra,1,1,GBIF
Epigeneium,arjunoense,1,0,GBIF
Caladenia,rosea K.,1,0,GBIF
Microchilus,steyermarkii,1,0,GBIF
Agrostophyllum,compressum,1,1,GBIF
Trichotosia,malleimentum,1,1,GBIF
Epigeneium,radicosum,1,0,GBIF
Aglossorrhyncha,serrulata,1,0,GBIF
Caladenia,lindleyana Rchb.f.,1,1,GBIF
Caladenia,ensigera D.,1,0,GBIF
Caladenia,cleistantha D.,1,0,GBIF
Epipactis,xanthophaea,1,0,GBIF
Caladenia,clavula D.,1,1,GBIF
Epistephium,cardonae Szlach.,1,1,GBIF
Trichotosia,mollicaulis,1,1,GBIF
Epistephium,lobulosum Garay,1,1,GBIF
Epistephium,rhombilabium Szlach.,1,1,GBIF
Bulbophyllum,xanthobulbum,1,0,GBIF
Trichotosia,mollis,1,1,GBIF
Bulbophyllum,wangkaense,1,0,GBIF
Epistephium,sessiliflorum Lindl.,1,1,GBIF
Epistephium,speciosum Barb.,1,1,GBIF
Eria,carolettae,1,0,GBIF
Erythrodes,latiloba Ormerod,1,0,GBIF
Eulophia,antunesii,1,0,GBIF
Trichotosia,pensilis,1,0,GBIF
Bulbophyllum,undatilabre,1,1,GBIF
Eulophia,densiflora,1,0,GBIF
Eulophia,dipodiiformis,1,0,GBIF
Eulophia,lamellata,1,1,GBIF
Bulbophyllum,tubilabrum,1,1,GBIF
Bulbophyllum,trutiniferum,1,1,GBIF
Microchilus,pseudocaucanus Ormerod,1,0,GBIF
Bulbophyllum,tristelidium,1,0,GBIF
Bulbophyllum,trinervium,1,0,GBIF
Bulbophyllum,tridentatum,1,0,GBIF
Lecanorchis,thalassica T.,1,1,GBIF
Acianthera,caymanensis,1,1,GBIF
Bulbophyllum,trachypus,1,0,GBIF
Eulophia,macaulayae,1,0,GBIF
Eulophia,moratii,1,0,GBIF
Eulophia,nuttii,1,0,GBIF
Eulophia,obstipa,1,0,GBIF
Eulophia,parilamellata,1,0,GBIF
Bulbophyllum,thrixspermoides,1,0,GBIF
Eulophia,richardsiae,1,0,GBIF
Bulbophyllum,tetratropis,1,0,GBIF
Eulophia,saxicola,1,0,GBIF
Bulbophyllum,teinophyllum,1,0,GBIF
Angraecum,lisowskianum,1,0,GBIF
Fernandezia,amboroensis,1,0,GBIF
Masdevallia,spilantha,1,0,GBIF
Masdevallia,hercules,1,0,GBIF
Bulbophyllum,superfluum,1,0,GBIF
Ophrys,amanensis Nelson,1,0,GBIF
Leochilus,candelariae,1,1,GBIF
Stelis,azuayensis,1,0,GBIF
Fernandezia,angusta,1,1,GBIF
Ophidion,cunabulum,1,0,GBIF
Bulbophyllum,stictosepalum,1,0,GBIF
Trichotosia,spathulata,1,0,GBIF
Stelis,bicolor,1,0,GBIF
Bulbophyllum,stenuroides,1,1,GBIF
Fernandezia,camposii,1,0,GBIF
Stelis,bivalvis,1,0,GBIF
Trichotosia,unguiculata,1,1,GBIF
Fernandezia,cuneata,1,0,GBIF
Zeuxine,lancifolia Ames,1,0,GBIF
Microchilus,paraisoensis Ormerod,1,0,GBIF
Angraecum,lanceolatum,1,0,GBIF
Angraecum,inapertum,1,0,GBIF
Stelis,brevis,1,0,GBIF
Angraecum,elliotii,1,0,GBIF
Lepanthes,suarezii,1,0,GBIF
Lepanthes,aithalos,1,0,GBIF
Oncidium,trinasutum,1,0,GBIF
Stelis,callosa,1,0,GBIF
Bulbophyllum,spaniostagon,1,0,GBIF
Oncidium,trachycaulon,1,0,GBIF
Bulbophyllum,soidaoense,1,0,GBIF
Fernandezia,serra,1,1,GBIF
Stelis,carta,1,0,GBIF
Oncidium,rhynchanthum,1,0,GBIF
Stelis,celesticola,1,0,GBIF
Acanthophippium,javanicum,1,1,GBIF
Stelis,chasei,1,1,GBIF
Bulbophyllum,smitinandii,1,0,GBIF
Fernandezia,teranii,1,0,GBIF
Angraecum,curvicalcar,1,0,GBIF
Stelis,coarctata,1,0,GBIF
Stelis,cochabambae,1,0,GBIF
Stelis,cochleata,1,0,GBIF
Oncidium,portilloides,1,0,GBIF
Fernandezia,unduaviae,1,0,GBIF
Fernandezia,vanderwerffii,1,0,GBIF
Acianthera,calypso,1,0,GBIF
Microchilus,ovalis Ormerod,1,0,GBIF
Stelis,cordilabia,1,0,GBIF
Galeandra,pilosocolumna,1,0,GBIF
Oncidium,orbatum,1,0,GBIF
Tridactyle,translucens,1,0,GBIF
Bulbophyllum,semiasperum,1,0,GBIF
Bulbophyllum,schultzeanum,1,0,GBIF
Galeola,Lour.,1,1,iDigBio
Angraecum,bemarivoense,1,0,GBIF
Galeottia,negrensis,1,0,GBIF
Lockhartia,oblongicallosa,1,0,GBIF
Microchilus,marulandae Ormerod,1,0,GBIF
Lepanthes,neillii,1,0,GBIF
Lepanthes,zanklopetala,1,0,GBIF
Microchilus,lechleri Ormerod,1,0,GBIF
Maxillaria,chimalapana,1,1,GBIF
Bulbophyllum,sarcodanthum,1,0,GBIF
Triphora,foldatsii,1,0,GBIF
Angraecopsis,macrophylla,1,0,GBIF
Masdevallia,zumbuehlerae,1,0,GBIF
Stelis,donaxopetala,1,0,GBIF
Stelis,dracontea,1,1,GBIF
Bulbophyllum,sanitii,1,0,GBIF
Stelis,ejuncida,1,0,GBIF
Gastrochilus,pearcei,1,0,GBIF
Angraecopsis,lemurelloides,1,0,GBIF
Stelis,elegans,1,0,GBIF
Oncidium,micklowii,1,0,GBIF
Oncidium,malleiferum,1,1,GBIF
Lepanthes,anserina,1,0,GBIF
Lepanthes,aristata,1,0,GBIF
Angraecopsis,gassneri,1,0,GBIF
Lepanthes,nymphalis,1,0,GBIF
Bulbophyllum,roseopunctatum,1,0,GBIF
Trisetella,didyma,1,0,GBIF
Stelis,exquisita,1,0,GBIF
Stelis,falcatiloba,1,0,GBIF
Gastrochilus,puncticulatus,1,0,GBIF
Bulbophyllum,riparium,1,0,GBIF
Gastrodia,fimbriata,1,0,GBIF
Oncidium,leucomelas,1,0,GBIF
Stelis,gentryi,1,0,GBIF
Bulbophyllum,rigidipes,1,0,GBIF
Oncidium,lepturum,1,0,GBIF
Bulbophyllum,rigidifilum,1,0,GBIF
Masdevallia,jimeneziana,1,0,GBIF
Stelis,heteroarcuata,1,0,GBIF
Bulbophyllum,rhynchoglossum,1,0,GBIF
Stelis,humboldtina,1,0,GBIF
Stelis,incerta,1,0,GBIF
Zeuxine,ovata Gaudich.,1,0,GBIF
Genoplesium,confertum D.,1,0,GBIF
Bulbophyllum,rhodophyllum,1,1,GBIF
Bulbophyllum,rhodoglossum,1,1,GBIF
Stelis,janus,1,0,GBIF
Stelis,jaramilloi,1,0,GBIF
Andreettaea,villosilabia,1,1,GBIF
Oncidium,heterosepalum,1,0,GBIF
Stelis,jubata,1,0,GBIF
Trisetella,hoeijeri,1,0,GBIF
Stelis,laevis,1,0,GBIF
Genoplesium,firthii Cady,1,0,GBIF
Trisetella,scobina,1,0,GBIF
Trisetella,strumosa,1,0,GBIF
Bulbophyllum,recurviflorum,1,0,GBIF
Stelis,lapinerae,1,0,GBIF
Stelis,lehmannii,1,0,GBIF
Microchilus,fosbergii Ormerod,1,0,GBIF
Glomera,antaresensis,1,1,GBIF
Bulbophyllum,quadrifalciculatum,1,1,GBIF
Stelis,lesliegarayi,1,0,GBIF
Stelis,loejtnantii,1,0,GBIF
Microchilus,erythrodoides ssp.,1,0,GBIF
Glomera,carnea,1,0,GBIF
Stelis,maduroi,1,0,GBIF
Glomera,elegantula,1,0,GBIF
Microchilus,epiphyticus Dressler,1,0,GBIF
Microchilus,cuscoensis Kolan.,1,0,GBIF
Stelis,marioi,1,0,GBIF
Aa,aurantiaca,1,1,iNaturalist
Glomera,ericifolia,1,0,GBIF
Oncidium,gaviotaense,1,0,GBIF
Stelis,megalocephala,1,0,GBIF
Lepanthes,oblivia,1,0,GBIF
Stelis,megalops,1,0,GBIF
Stelis,melanoxantha,1,1,GBIF
Microchilus,cundinamarcae Ormerod,1,0,GBIF
Zeuxine,papillosa Carr,1,0,GBIF
Vanilla,helleri A.,1,1,GBIF
Microchilus,claviger,1,0,GBIF
Stelis,milagrensis,1,0,GBIF
Stelis,minima,1,0,GBIF
Masdevallia,kuhniorum,1,0,GBIF
Liparis,toxopei,1,1,GBIF
Bulbophyllum,pseudofilicaule,1,0,GBIF
Andreettaea,herpestes,1,0,GBIF
Oncidium,galianoi,1,0,GBIF
Microchilus,carinatus Ormerod,1,0,GBIF
Bulbophyllum,pleochromum,1,0,GBIF
Glomera,lancipetala,1,0,GBIF
Stelis,nepotula,1,0,GBIF
Lepanthes,odontolabis,1,0,GBIF
Bulbophyllum,planitiae,1,0,GBIF
Andinia,villosa,1,0,GBIF
Stelis,nivalis,1,0,GBIF
Stelis,nonresupinata,1,0,GBIF
Bulbophyllum,pileatum,1,1,GBIF
Bulbophyllum,phymatum,1,0,GBIF
Bulbophyllum,phaeoneuron,1,0,GBIF
Andinia,vieira-pereziana,1,1,GBIF
Glomera,longicaulis,1,0,GBIF
Stelis,oligobotrya,1,1,GBIF
Andinia,viebrockiana,1,0,GBIF
Bulbophyllum,perpusillum,1,1,GBIF
Stelis,oscargrouchii,1,0,GBIF
Bulbophyllum,perparvulum,1,0,GBIF
Stelis,pachyrrhiza,1,0,GBIF
Glomera,minjensis,1,0,GBIF
Glomera,monticuprina,1,0,GBIF
Lepanthes,ortiziana,1,0,GBIF
Agrostophyllum,carrianum,1,1,GBIF
Glomera,parviflora,1,0,GBIF
Glomera,pleiotricha,1,0,GBIF
Microchilus,buchtienii Schltr.,1,0,GBIF
Lepanthes,aures-asini,1,0,GBIF
Stelis,peduncularis,1,0,GBIF
Glomera,retusa,1,0,GBIF
Oncidium,befortianum,1,0,GBIF
Stelis,picea,1,0,GBIF
Acampe,cephalotes,1,0,GBIF
Bulbophyllum,pelicanopsis,1,0,GBIF
Glomera,stolonifera,1,0,GBIF
Uleiorchis,prataensis,1,0,GBIF
Bulbophyllum,papuliglossum,1,1,GBIF
Masdevallia,ludibunda,1,0,GBIF
Glomera,subpetiolata,1,0,GBIF
Andinia,hystricosa,1,0,GBIF
Glomera,subuliformis,1,0,GBIF
Stelis,psilantha,1,0,GBIF
Oncidium,antioquiense,1,0,GBIF
Bulbophyllum,pachyanthum,1,1,GBIF
Oncidium,andradeanum,1,1,GBIF
Microchilus,alzatei Ormerod,1,0,GBIF
Microchilus,aguindae Ormerod,1,1,GBIF
Bulbophyllum,osyriceroides,1,1,GBIF
Meiracyllium,trinasutum,1,0,Roberta Fox Collection
Oncidium,amoenum,1,1,GBIF
Gomesa,alpina,1,0,GBIF
Stelis,reptata,1,0,GBIF
Andinia,chaoae,1,0,GBIF
Aerides,krabiensis,1,1,GBIF
Gomesa,edmundoi,1,0,GBIF
Gomesa,williamsii,1,1,GBIF
Stelis,romero-castanedae,1,0,GBIF
Stelis,rostratissima,1,0,GBIF
Lepanthes,bibarbullata,1,0,GBIF
Lepanthes,pachychila,1,0,GBIF
Gomphichis,fernandezii,1,0,GBIF
Bulbophyllum,morenoi,1,1,GBIF
Gongora,charontis,1,0,GBIF
Liparis,purpureovittata,1,0,GBIF
Stelis,sarae,1,0,GBIF
Stelis,satyrella,1,0,GBIF
Gongora,chocoensis,1,0,GBIF
Gongora,lagunae,1,0,GBIF
Bulbophyllum,minutissimum,1,1,GBIF
Stelis,scolnikiae,1,0,GBIF
Bulbophyllum,microtes,1,0,GBIF
Odontochilus,tsukusianus Masam.,1,0,GBIF
Mediocalcar,congestum,1,1,GBIF
Odontochilus,tetrapterus Hook.f.,1,0,GBIF
Lepanthes,pachyphylla,1,0,GBIF
Odontochilus,spicatus Blume,1,0,GBIF
Gongora,latibasis,1,0,GBIF
Stelis,steinbachii,1,0,GBIF
Stelis,stelidiopsis,1,0,GBIF
Mediocalcar,bulbophylloides,1,0,GBIF
Stelis,strobilacea,1,0,GBIF
Stelis,subana,1,0,GBIF
Stelis,tenuifolia,1,0,GBIF
Goodyera,denticulata J.,1,1,GBIF
Stelis,tenuipetala,1,0,GBIF
Bulbophyllum,mayrii,1,0,GBIF
Odontochilus,gilesii Ormerod,1,0,GBIF
Bulbophyllum,maxillarioides,1,0,GBIF
Goodyera,stenopetala ssp.,1,0,GBIF
Bulbophyllum,maudeae,1,0,GBIF
Stelis,trimera,1,0,GBIF
Stelis,tritriangulata,1,0,GBIF
Odontochilus,elongatus Blume,1,0,GBIF
Anathallis,simpliciglossa,1,0,GBIF
Odontochilus,duplex Holttum,1,0,GBIF
Lepanthes,cacique-tone,1,0,GBIF
Stelis,venezuelensis,1,0,GBIF
Odontochilus,buruensis Ormerod,1,0,GBIF
Anathallis,rubrolimbata,1,0,GBIF
Lepanthes,panicellus,1,0,GBIF
Stelis,villosilabia,1,0,GBIF
Greenwoodiella,deserticola,1,0,GBIF
Lepanthes,panisca,1,0,GBIF
Lepanthes,caudigera,1,0,GBIF
Aeridostachya,macrophylla,1,0,GBIF
Bulbophyllum,mamberamense,1,0,GBIF
Maxillaria,chacoensis,1,0,GBIF
Lepanthes,chapina,1,0,GBIF
Aeridostachya,propinqua,1,0,GBIF
Bulbophyllum,maboroense,1,0,GBIF
Stelis,xystophora,1,0,GBIF
Vanilla,labellopapillata A.,1,1,GBIF
Stelis,zamorae,1,0,GBIF
Maxillaria,caveroi,1,0,GBIF
Stelis,zothecula,1,0,GBIF
Maxillaria,casta,1,0,GBIF
Bulbophyllum,longipedicellatum,1,0,GBIF
Stenia,aurorae,1,0,GBIF
Grosourdya,ciliata,1,0,GBIF
Anathallis,imbricata,1,1,GBIF
Liparis,puberula,1,0,GBIF
Octomeria,portillae,1,0,GBIF
Vanda,punctata,1,0,GBIF
Bulbophyllum,liparidioides,1,0,GBIF
Octomeria,marsupialis,1,0,GBIF
Lepanthes,chiriquensis,1,1,GBIF
Bulbophyllum,lindleyanum,1,0,GBIF
Bulbophyllum,levanae,1,0,Chris Howard Collection
Habenaria,agrestis R.,1,0,GBIF
Aeridostachya,sumatrensis,1,0,GBIF
Bulbophyllum,leptophyllum,1,0,GBIF
Acianthera,alpestris,1,1,GBIF
Bulbophyllum,leptoglossum,1,0,GBIF
Bulbophyllum,leibergii,1,0,GBIF
Anathallis,burzlaffiana,1,0,GBIF
Stichorkis,aurantiorbiculata,1,1,GBIF
Octomeria,flabellifera,1,0,GBIF
Bulbophyllum,lasiogaster,1,1,GBIF
Bulbophyllum,lanuginosum,1,0,GBIF
Lepanthes,petalopteryx,1,0,GBIF
Lepanthes,phalloides,1,0,GBIF
Habenaria,anomaliflora,1,0,GBIF
Bulbophyllum,kjellbergii,1,0,GBIF
Octomeria,decipiens,1,0,GBIF
Anacamptis,x timbali,1,0,GBIF
Bulbophyllum,kittredgei,1,0,GBIF
Maxillaria,subulifolia,1,0,GBIF
Bulbophyllum,kingii,1,1,GBIF
Bulbophyllum,kenejianum,1,0,GBIF
Vanilla,Mill.,1,1,iDigBio
Liparis,prianganensis,1,0,GBIF
Habenaria,barbata Wight,1,1,iNaturalist
Maxillaria,stictantha,1,0,GBIF
Habenaria,beccarii Schltr.,1,1,GBIF
Bulbophyllum,katjae,1,0,GBIF
Masdevallia,murex,1,1,GBIF
Octarrhena,obovata,1,0,GBIF
Lepanthes,phrixothrix,1,0,GBIF
Octarrhena,hastipetala,1,1,GBIF
Habenaria,caucana Schltr.,1,0,GBIF
Maxillaria,encyclioides,1,0,GBIF
Bulbophyllum,iterans,1,1,GBIF
Octarrhena,aporoides,1,1,GBIF
Stichorkis,torta,1,0,GBIF
Maxillaria,spilotantha,1,1,GBIF
Lepanthes,cordeliae,1,0,GBIF
Liparis,parva,1,0,GBIF
Lepanthes,cornutipetala,1,0,GBIF
Vanilla,kempteriana Schltr.,1,1,GBIF
Lepanthes,subulata,1,0,GBIF
Bulbophyllum,imbricans,1,1,GBIF
Masdevallia,oscarii,1,0,GBIF
Acianthera,agathophylla,1,1,GBIF
Stigmatodactylus,gibbsiae Kores,1,0,GBIF
Masdevallia,tricycla,1,0,GBIF
Stigmatodactylus,lamrii J.,1,0,GBIF
Oberonia,zimmermanniana,1,0,GBIF
Bulbophyllum,hyption,1,0,GBIF
Habenaria,cortesii R.,1,0,GBIF
Oberonia,urostachya,1,0,GBIF
Bulbophyllum,hodgsonii,1,0,GBIF
Bulbophyllum,herbula,1,0,GBIF
Bulbophyllum,henanense,1,0,GBIF
Maxillaria,simacoana,1,0,GBIF
Oberonia,ritaii,1,0,GBIF
Maxillaria,sillarensis,1,0,GBIF
Lepanthes,cucullata,1,0,GBIF
Oberonia,reversidens,1,0,GBIF
Vanilla,capixaba,1,1,GBIF
Bulbophyllum,hampeliae,1,0,GBIF
Vanilla,ceronii Dodson,1,1,GBIF
Bulbophyllum,habrotinum,1,0,GBIF
Lepanthes,cyclochila,1,0,GBIF
Oberonia,proudlockii,1,0,GBIF
Oberonia,pachyambon,1,0,GBIF
Habenaria,decurvirostris Summerh.,1,0,GBIF
Oberonia,neglecta,1,0,GBIF
Oberonia,minima,1,0,GBIF
Bulbophyllum,goliathense,1,0,GBIF
Taeniophyllum,acsmithii,1,0,GBIF
Lepanthes,delhierroi,1,1,GBIF
Lepanthes,diaziae,1,0,GBIF
Bulbophyllum,gautierense,1,0,GBIF
Habenaria,denticulata Rchb.f.,1,0,GBIF
Habenaria,dinklagei Kraenzl.,1,0,GBIF
Bulbophyllum,forsythianum,1,1,GBIF
Bulbophyllum,foraminiferum,1,1,GBIF
Bulbophyllum,foetidilabrum,1,0,GBIF
Taeniophyllum,javanicum,1,0,GBIF
Liparis,misoolensis,1,0,GBIF
Taeniophyllum,lamii,1,0,GBIF
Agrostophyllum,loheri,1,0,GBIF
Taeniophyllum,longisetigerum,1,0,GBIF
Bulbophyllum,finisterrae,1,0,GBIF
Maxillaria,regeliana,1,0,GBIF
Taeniophyllum,micranthum,1,0,GBIF
Bulbophyllum,filifolium,1,0,GBIF
Bulbophyllum,fernandopoanum,1,0,GBIF
Maxillaria,raimondiana,1,0,GBIF
Lepanthes,esmeralda,1,0,GBIF
Taeniophyllum,norfolkianum,1,0,GBIF
Agrostophyllum,grandiflorum,1,0,GBIF
Masdevallia,pantomima,1,0,GBIF
Oberonia,lucida,1,1,GBIF
Lepanthes,ribes,1,0,GBIF
Lepanthes,flaccida,1,0,GBIF
Taeniophyllum,tamianum,1,1,GBIF
Habenaria,dracaenifolia Schltr.,1,1,GBIF
Bulbophyllum,erosipetalum,1,0,GBIF
Taeniophyllum,trilobum,1,0,GBIF
Bulbophyllum,erosimarginatum,1,0,GBIF
Habenaria,eatoniana,1,1,GBIF
Maxillaria,divitiflora,1,0,GBIF
Oberonia,lipensis,1,0,GBIF
Masdevallia,phasmatodes,1,0,GBIF
Oberonia,latifii,1,0,GBIF
Habenaria,elatius Ridl.,1,1,GBIF
Malaxis,nelsonii,1,0,GBIF
Malaxis,nidiae,1,1,GBIF
Teagueia,tentaculata,1,0,GBIF
Habenaria,ernestii Schltr.,1,0,GBIF
Bulbophyllum,dolichoglottis,1,0,GBIF
Malaxis,mucronulata,1,0,GBIF
Malaxis,ochreata,1,0,GBIF
Bulbophyllum,distichum,1,0,GBIF
Bulbophyllum,dichilus,1,0,GBIF
Telipogon,boliviensis,1,0,GBIF
Telipogon,bombiformis,1,0,GBIF
Bulbophyllum,dichaeoides,1,0,GBIF
Oberonia,glandulifera,1,0,GBIF
Telipogon,campbelliorum,1,0,GBIF
Malaxis,melanotoessa,1,0,GBIF
Dendrobium,perpaulum,1,0,GBIF
Telipogon,caroliae,1,0,GBIF
Bulbophyllum,decurvulum,1,0,GBIF
Habenaria,felipensis Ames,1,1,GBIF
Lepanthes,fonnegrae,1,0,GBIF
Maxillaria,polyantha,1,0,GBIF
Habenaria,gracilisegmenta,1,0,GBIF
Dendrobium,patentifiliforme,1,0,GBIF
Plocoglottis,sororia,1,0,GBIF
Habenaria,harderi Aver.,1,0,GBIF
Plocoglottis,torana,1,0,GBIF
Pleurothallopsis,monetalis,1,0,GBIF
Dendrobium,platybasis,1,0,GBIF
Dendrobium,plumilobum,1,0,GBIF
Dendrobium,parvifolium,1,0,GBIF
Podochilus,anguinus,1,0,GBIF
Dendrobium,pantherinum,1,1,GBIF
Dendrobium,pogonantherum,1,0,GBIF
Podochilus,cucullatus,1,1,GBIF
Dendrobium,ovatipetalum,1,1,GBIF
Dendrobium,osmophytopsis,1,0,GBIF
Lepanthes,foveata,1,0,GBIF
Oberonia,borneensis,1,0,GBIF
Telipogon,dubius,1,0,GBIF
Habenaria,horsfieldiana Kraenzl.,1,0,GBIF
Podochilus,lancilabris,1,0,GBIF
Pleurothallis,teaguei,1,0,GBIF
Dendrobium,orbilobulatum,1,0,GBIF
Podochilus,pachyrhizus,1,0,GBIF
Dendrobium,pseudoconanthum,1,0,GBIF
Dendrobium,rachmatii,1,0,GBIF
Dendrobium,rappardii,1,0,GBIF
Dendrobium,odoardi,1,0,GBIF
Bulbophyllum,dasystachys,1,0,GBIF
Pleurothallis,questionis,1,0,GBIF
Podochilus,truncatus,1,0,GBIF
Bulbophyllum,danii,1,0,GBIF
Liparis,kiriromensis,1,0,GBIF
Dendrobium,numaldeorii,1,0,GBIF
Habenaria,itaculumia Garay,1,0,GBIF
Pogonia,subalpina,1,0,GBIF
Pogonia,subalpina T.,1,1,GBIF
Pleurothallis,quadricristata,1,0,GBIF
Telipogon,hauschildianus,1,0,GBIF
Dendrobium,repandum,1,0,GBIF
Polycycnis,grandiflora,1,0,GBIF
Pleurothallis,pseudopogon,1,1,GBIF
Malaxis,domingensis,1,1,GBIF
Habenaria,kjellbergii J.,1,1,GBIF
Telipogon,hystrix,1,0,GBIF
Dendrobium,nimium,1,0,GBIF
Pleurothallis,pileata,1,0,GBIF
Dendrobium,salicifolium,1,0,GBIF
Dendrobium,navicula,1,0,GBIF
Telipogon,ibischii,1,0,GBIF
Telipogon,intis,1,0,GBIF
Notylia,bernoullii,1,0,GBIF
Dendrobium,sandsii,1,1,GBIF
Pleurothallis,onagriceps,1,0,GBIF
Telipogon,jimburensis,1,0,GBIF
Pleurothallis,nuda,1,1,GBIF
Dendrobium,misoanum,1,0,GBIF
Pleurothallis,notabilis,1,1,GBIF
Dendrobium,megaceras,1,0,GBIF
Malaxis,adenotropa,1,0,GBIF
Dendrobium,schouteniense,1,0,GBIF
Maxillaria,pleuranthoides,1,0,GBIF
Dendrobium,limii,1,0,GBIF
Bulbophyllum,crocodilus,1,1,GBIF
Pleurothallis,medusa,1,0,GBIF
Dendrobium,schweinfurthianum,1,0,GBIF
Masdevallia,pinocchio,1,1,iNaturalist
Dendrobium,sidikalangense,1,0,GBIF
Lepanthes,fuchsii,1,0,GBIF
Telipogon,morii,1,0,GBIF
Dendrobium,lagarum,1,0,GBIF
Dendrobium,laevifolium,1,0,Chris Howard Collection
Lepanthes,ricaurtensis,1,0,GBIF
Dendrobium,kruiense,1,1,GBIF
Telipogon,nunezii,1,0,GBIF
Dendrobium,klabatense,1,0,GBIF
Dendrobium,kjellbergii,1,0,GBIF
Habenaria,leon-ibarrae,1,0,GBIF
Lepanthes,surrogata,1,0,GBIF
Dendrobium,kentrochilum,1,0,GBIF
Nigritella,x teppneri,1,0,GBIF
Maxillaria,bomboizensis,1,0,GBIF
Masdevallia,polychroma,1,0,GBIF
Dendrobium,isthmiferum,1,0,GBIF
Pleurothallis,luna-crescens,1,0,GBIF
Telipogon,pfavii,1,0,GBIF
Dendrobium,informe,1,0,GBIF
Dendrobium,singaporense,1,1,GBIF
Dendrobium,sinsuronense,1,1,GBIF
Lepanthes,rutkisii,1,0,GBIF
Dendrobium,sirophyton,1,1,GBIF
Pleurothallis,isthmica,1,1,GBIF
Habenaria,leptoceras Hook.,1,1,iNaturalist
Polystachya,moreauae,1,1,GBIF
Habenaria,letouzeyana Szlach.,1,0,GBIF
Pleurothallis,incongrua,1,1,GBIF
Nigritella,graciliflora W.,1,0,GBIF
Dendrobium,stellare,1,0,GBIF
Dendrobium,hepaticum,1,0,GBIF
Dendrobium,heokhuii,1,0,GBIF
Dendrobium,hasseltii,1,0,Chris Howard Collection
Bulbophyllum,chrysotes,1,0,GBIF
Habenaria,lizbethae,1,0,GBIF
Dendrobium,gynoglottis,1,0,GBIF
Pleurothallis,homeroi,1,1,GBIF
Polystachya,pseudodisa,1,1,GBIF
Dendrobium,guttenbergii,1,0,GBIF
Telipogon,schneideri,1,0,GBIF
Dendrobium,grastidioides,1,0,GBIF
Veyretia,szlachetkoana,1,0,GBIF
Dendrobium,stricticalcarum,1,0,GBIF
Habenaria,luegiana,1,0,GBIF
Pleurothallis,hawkingii,1,0,GBIF
Pleurothallis,gratiosa,1,0,GBIF
Acianthera,subrotundifolia,1,0,GBIF
Pleurothallis,glochis,1,0,GBIF
Pleurothallis,garayana,1,0,GBIF
Polystachya,sosefii,1,0,GBIF
Telipogon,semipictus,1,1,GBIF
Dendrobium,glaucoviride,1,0,GBIF
Dendrobium,giriwoense,1,0,GBIF
Dendrobium,fulgescens,1,1,GBIF
Telipogon,standleyi,1,0,GBIF
Dendrobium,torquisepalum,1,0,GBIF
Pleurothallis,eccentrica,1,1,GBIF
Dendrobium,toxopei,1,0,GBIF
Dendrobium,dissitifolium,1,0,GBIF
Habenaria,luentensis Szlach.,1,0,GBIF
Dendrobium,diaphanum,1,0,GBIF
Dendrobium,tozerensis,1,0,GBIF
Habenaria,macraithii Lavarack,1,0,GBIF
Pleurothallis,cymbisepala,1,1,GBIF
Pleurothallis,cyanea,1,0,GBIF
Pleurothallis,cutucuensis,1,1,GBIF
Dendrobium,uncipes,1,0,GBIF
Pleurothallis,cotyligera,1,1,GBIF
Dendrobium,curvum,1,1,GBIF
Bulbophyllum,chinense,1,0,GBIF
Bulbophyllum,cerastes,1,0,GBIF
Macropodanthus,alatus,1,0,GBIF
Vanilla,vellozoi Rolfe,1,1,GBIF
Bulbophyllum,cavibulbum,1,0,GBIF
Acianthera,simpliciflora,1,0,GBIF
Dendrobium,crocatum,1,0,GBIF
Lepanthes,hemirhoda,1,0,GBIF
Telipogon,zephyrinus,1,0,GBIF
Acianthera,viridis,1,0,GBIF
Bulbophyllum,catenarium,1,1,GBIF
Ponthieva,gracilis Renz,1,0,GBIF
Acriopsis,carrii,1,0,GBIF
Thelasis,bifolia,1,0,GBIF
Dendrobium,crabro,1,0,GBIF
Dendrobium,cowenii,1,0,GBIF
Neuwiedia,siamensis de,1,1,GBIF
Pleurothallis,chuscalica,1,0,GBIF
Dendrobium,corydaliflorum,1,0,GBIF
Ponthieva,pauciflora Sw.,1,1,GBIF
Thelasis,copelandii,1,0,GBIF
Habenaria,macruroides Summerh.,1,0,GBIF
Dendrobium,connexicostatum,1,1,GBIF
Dendrobium,confundens,1,0,GBIF
Dendrobium,confluens,1,0,GBIF
Ponthieva,tunguraguae Garay,1,0,GBIF
Dendrobium,compressicaule,1,0,GBIF
Acianthera,serratifolia,1,0,GBIF
Habenaria,mientienensis,1,0,GBIF
Bulbophyllum,carassense,1,1,iNaturalist
Dendrobium,coelandria,1,0,GBIF
Bulbophyllum,capilligerum,1,0,GBIF
Dendrobium,clavuligerum,1,0,GBIF
Dendrobium,ciliatilabellum,1,1,GBIF
Dendrobium,cervicaliferum,1,0,GBIF
Dendrobium,vestigiiferum,1,0,GBIF
Dendrobium,caudiculatum,1,0,GBIF
Habenaria,orthocentron P.,1,0,GBIF
Dendrobium,carronii,1,0,GBIF
Dendrobium,wangliangii,1,0,GBIF
Pleurothallis,caprina,1,0,GBIF
Dendrobium,capitellatoides,1,0,GBIF
Porpax,scaposa,1,0,GBIF
Porpax,spirodela,1,1,GBIF
Dendrobium,whistleri,1,0,GBIF
Pleurothallis,bucculenta,1,0,GBIF
Porroglossum,actrix,1,0,GBIF
Vanilla,sumatrana J.,1,1,GBIF
Bulbophyllum,breimerianum,1,0,GBIF
Dendrobium,calyptratum,1,1,GBIF
Pleurothallis,atrohiata,1,0,GBIF
Porroglossum,tokachii,1,0,GBIF
Vrydagzynea,angustisepala J.,1,0,GBIF
Dendrobium,calopogon,1,0,GBIF
Porrorhachis,macrosepala,1,0,GBIF
Dendrobium,wulaiense,1,0,GBIF
Dichaea,angustisegmenta,1,0,GBIF
Dichaea,eligulata,1,0,GBIF
Dichaea,gorgonensis,1,0,GBIF
Lepanthes,scoliosa,1,0,GBIF
Vrydagzynea,argentistriata Carr,1,0,GBIF
Dendrobium,barioense,1,0,GBIF
Dichaea,pumila,1,0,GBIF
Bulbophyllum,brachypus,1,1,GBIF
Platystele,ximenae,1,1,GBIF
Nervilia,peltata,1,0,GBIF
Bulbophyllum,bavonis,1,0,GBIF
Dendrobium,atjehense,1,1,GBIF
Macroclinium,simplex,1,0,GBIF
Dendrobium,aridum,1,0,GBIF
Dendrobium,arfakense,1,0,GBIF
Nervilia,pectinata,1,0,GBIF
Bulbophyllum,barbasapientis,1,1,GBIF
Dichaea,retroflexa,1,0,GBIF
Lepanthes,herzogii,1,0,GBIF
Bulbophyllum,aristopetalum,1,0,GBIF
Bulbophyllum,ardjunense,1,1,GBIF
Dichaea,tachirensis,1,0,GBIF
Dendrobium,agamense,1,0,GBIF
Prasophyllum,holzingeri D.,1,0,GBIF
Bulbophyllum,apiculatum,1,0,GBIF
Thelymitra,crenulata R.,1,1,GBIF
Vrydagzynea,bicostata Carr,1,0,GBIF
Dichaea,viridula,1,0,GBIF
Dactylorhiza,x stagni-novi,1,1,GBIF
Platystele,stellaris,1,0,GBIF
Dactylorhiza,x isculana,1,0,GBIF
Dactylorhiza,x dufftii,1,0,GBIF
Dactylorhiza,x conigera,1,0,GBIF
Didymoplexis,khiriwongensis,1,0,GBIF
Cystorchis,stenoglossa Schltr.,1,0,GBIF
Cystorchis,ranaiensis J.,1,1,GBIF
Platystele,ortiziana,1,0,GBIF
Diodonopsis,hoeijeri,1,1,GBIF
Dipodium,basalticum,1,0,GBIF
Platystele,lycopodioides,1,0,GBIF
Platystele,jamboeensis,1,0,GBIF
Cyrtochilum,x,1,0,GBIF
Vrydagzynea,elata Schltr.,1,0,GBIF
Bulbophyllum,anjae,1,0,GBIF
Bulbophyllum,andohahelense,1,0,GBIF
Habenaria,ospinae Szlach.,1,0,GBIF
Cyrtochilum,orientale,1,0,GBIF
Platystele,dewildei,1,0,GBIF
Platystele,delhierroi,1,0,GBIF
Habenaria,plurifoliata Tang,1,0,GBIF
Habenaria,quadriferricola,1,0,GBIF
Platystele,cornejoi,1,0,GBIF
Nervilia,borneensis,1,0,GBIF
Nephelaphyllum,laciniatum,1,0,GBIF
Cyrtochilum,gentryi,1,0,GBIF
Platystele,bernoullii,1,0,GBIF
Prescottia,ecuadorensis C.,1,0,GBIF
Cyrtochilum,ferrugineum,1,0,GBIF
Bulbophyllum,amazonicum,1,0,GBIF
Neottia,yunnanensis,1,0,GBIF
Promenaea,fuerstenbergiana,1,0,GBIF
Habenaria,ternatea Rchb.f.,1,0,GBIF
Platylepis,tidorensis J.,1,1,GBIF
Cyrtochilum,caquetanum,1,0,GBIF
Cyrtochilum,biscellum,1,0,GBIF
Bulbophyllum,aithorhachis,1,0,GBIF
Disa,forficaria Bolus,1,1,GBIF
Prosthechea,arminii,1,0,GBIF
Disa,miniata Summerh.,1,1,GBIF
Cypripedium,taibaiense G.,1,1,GBIF
Prosthechea,bohnkiana,1,0,GBIF
Cypripedium,subtropicum S.,1,1,GBIF
Prosthechea,caetensis,1,0,GBIF
Lepanthes,tanekes,1,0,GBIF
Cypripedium,segawae Masam.,1,1,GBIF
Disa,roeperocharoides Kraenzl.,1,1,GBIF
Cypripedium,lentiginosum P.,1,1,GBIF
Neottia,taizanensis,1,0,GBIF
Platanthera,x vossii,1,0,GBIF
Buchtienia,ecuadorensis,1,0,GBIF
Cypholoron,convexum,1,0,GBIF
Lepanthes,hubeinii,1,0,GBIF
Disa,vigilans,1,0,GBIF
Disa,zimbabweensis H.,1,1,GBIF
Disperis,ciliata Bosser,1,1,GBIF
Habenaria,tisserantii Szlach.,1,0,GBIF
Bryobium,lanuginosum,1,0,GBIF
Disperis,majungensis Schltr.,1,1,GBIF
Diuris,cuneata Fitzg.,1,0,GBIF
Habenaria,triquetra Rolfe,1,0,GBIF
Dracula,anthracina,1,0,GBIF
Thelymitra,megacalyptra Fitzg.,1,0,GBIF
Habenaria,tubifolia la,1,0,GBIF
Platanthera,iinumae Makino,1,0,GBIF
Prosthechea,marciliana,1,0,GBIF
Zootrophion,dodsonii,1,0,GBIF
Dracula,deltoidea,1,0,GBIF
Dracula,fuligifera,1,0,GBIF
Brownleea,Harv. ex,1,1,iDigBio
Dracula,mopsus,1,0,GBIF
Dracula,nosferatu,1,0,GBIF
Cynorkis,jackyi,1,0,GBIF
Dracula,octavioi,1,0,GBIF
Platanthera,carnosilabris Tang,1,0,GBIF
Masdevallia,assurgens,1,0,GBIF
Prosthechea,suzanensis,1,0,GBIF
Platanthera,boninensis Koidz.,1,0,GBIF
Dracula,syndactyla,1,0,GBIF
Cynorkis,aristei J.-B.,1,0,GBIF
Dracula,ubangina,1,0,GBIF
Prosthechea,x,1,0,GBIF
Habenaria,uncinata,1,0,GBIF
Habenaria,vasquezii Dodson,1,0,GBIF
Brassia,pascoensis,1,0,GBIF
Dracula,venefica,1,0,GBIF
Pinalia,sordida,1,0,GBIF
Pseuderia,takeuchii,1,1,GBIF
Pseudocentrum,hirtzii,1,0,GBIF
Pinalia,porphyroglossa,1,0,GBIF
Brassia,keiliana,1,1,iNaturalist
Dryadella,cristata,1,0,GBIF
Lepanthes,ilensis,1,0,GBIF
Pseudocentrum,silverstonei,1,0,GBIF
Pseudocentrum,tandayapense,1,0,GBIF
Pinalia,polystachya,1,1,GBIF
Brassia,diphylla,1,0,GBIF
Pseudolaelia,cipoensis,1,0,GBIF
Vrydagzynea,gracilis Blume,1,1,GBIF
Pseudolepanthes,silverstonei,1,0,GBIF
Halleorchis,aspidogynoides Szlach.,1,1,GBIF
Brassavola,retusa,1,0,GBIF
Thelymitra,sparsa D.,1,0,GBIF
Lepanthes,isochila,1,0,GBIF
Cylindrolobus,kandarianus,1,0,GBIF
Pseudovanilla,montigena Schltr.,1,1,GBIF
Pinalia,petiolata,1,1,GBIF
Brachystele,scabrilingua,1,0,GBIF
Neottia,borealis,1,1,iDigBio
Dryadella,sororcula,1,0,GBIF
Dryadella,sublata,1,0,GBIF
Psilochilus,panamensis,1,0,GBIF
Vrydagzynea,kerintjiensis J.,1,0,GBIF
Dryadella,vitorinoi,1,0,GBIF
Pterichis,aragogiana Kolan.,1,0,GBIF
Masdevallia,prodigiosa,1,0,GBIF
Brachycorythis,basifoliata Summerh.,1,1,GBIF
Pinalia,murkelensis,1,0,GBIF
Pterichis,herrerae Kolan.,1,0,GBIF
Brachionidium,simplex,1,0,GBIF
Drymoanthus,minutus,1,0,GBIF
Hemipilia,bifoliata Tang,1,0,GBIF
Pinalia,leucantha,1,1,GBIF
Liparis,filiformis,1,0,GBIF
Duckeella,Porto &,1,1,GBIF
Pteroceras,erosulum,1,0,GBIF
Cycnoches,quatuorcristis,1,0,GBIF
Brachionidium,piuntzae,1,0,GBIF
Cycnoches,herrenhusanum,1,0,GBIF
Brachionidium,phalangiferum,1,0,GBIF
Cyclopogon,werffii,1,0,GBIF
Pteroglossa,travassosii,1,1,GBIF
Pinalia,ignea,1,0,GBIF
Echinosepala,tomentosa,1,0,GBIF
Cyclopogon,fuscofloralis,1,0,GBIF
Hemipilia,forrestii Rolfe,1,0,GBIF
Elleanthus,bonplandii,1,0,GBIF
Cyclopogon,eldorado,1,0,GBIF
Cyclopogon,dutrae,1,1,GBIF
Pinalia,earine,1,0,GBIF
Cuitlauzina,pygmaea,1,0,GBIF
Vanilla,shenzhenica,1,0,GBIF
Elleanthus,capitatellus,1,0,GBIF
Cryptostylis,ligulata J.,1,0,GBIF
Pinalia,consanguinea,1,0,GBIF
Elleanthus,caroli,1,0,GBIF
Hemipilia,kiraishiensis,1,1,GBIF
Pinalia,compacta,1,0,GBIF
Crossoglossa,puipuiensis,1,0,GBIF
Pinalia,cepifolia,1,1,GBIF
Pterostylis,bicornis D.,1,0,GBIF
Pinalia,carnosula,1,0,GBIF
Lepanthes,jayandella,1,0,GBIF
Hemipilia,ovata,1,0,GBIF
Crossoglossa,kolanowskae,1,0,GBIF
Lepanthes,scolops,1,0,GBIF
Neobolusia,stolzii Schltr.,1,0,GBIF
Herminium,quinquelobum King,1,0,GBIF
Crossoglossa,dressleri,1,1,GBIF
Crossoglossa,dalstroemii,1,0,GBIF
Herminium,singulum Tang,1,0,GBIF
Crepidium,woodianum,1,0,GBIF
Pinalia,braddonii,1,0,GBIF
Crepidium,vanroyenii,1,0,GBIF
Hetaeria,linguella,1,0,GBIF
Crepidium,umbraticola,1,0,GBIF
Crepidium,trukense,1,0,GBIF
Elleanthus,decipiens,1,1,GBIF
Crepidium,tripartitum,1,0,GBIF
Elleanthus,longibracteatus,1,0,GBIF
Brachionidium,lehmannii,1,0,GBIF
Crepidium,sumatrense,1,0,GBIF
Hetaeria,rostrata J.,1,0,GBIF
Elleanthus,peruvianus,1,1,GBIF
Crepidium,seidenfadenianum,1,0,GBIF
Pterostylis,elegans D.,1,0,GBIF
Maxillaria,nuriensis,1,0,GBIF
Crepidium,saccatum,1,0,GBIF
Crepidium,ranauense,1,0,GBIF
Hetaeria,youngsayei Ormerod,1,1,GBIF
Crepidium,purpureoviridis,1,0,GBIF
Liparis,cleistogama,1,0,GBIF
Phymatidium,limae,1,0,GBIF
Lepanthes,lacera,1,1,GBIF
Crepidium,oreocharis,1,1,GBIF
Phreatia,teretifolia,1,0,GBIF
Crepidium,multiflorum,1,0,GBIF
Phreatia,sumatrana,1,0,GBIF
Crepidium,metallicum,1,1,GBIF
Himantoglossum,montis-tauri,1,0,GBIF
Thrixspermum,pauciflorum,1,0,GBIF
Maxillaria,connellii,1,0,GBIF
Pterostylis,incognita D.,1,0,GBIF
Pterostylis,insectifera M.,1,0,GBIF
Crepidium,lyroglossum,1,0,GBIF
Crepidium,lobatocallosum,1,0,GBIF
Embreea,herrenhusana,1,0,GBIF
Thrixspermum,sarawakense,1,0,GBIF
Crepidium,lamii,1,0,GBIF
Phreatia,schoenorchis,1,0,GBIF
Crepidium,irregularis,1,0,GBIF
Phreatia,pseudothompsonii,1,0,GBIF
Crepidium,hydrophilum,1,0,GBIF
Pterostylis,meridionalis D.,1,1,GBIF
Maxillaria,niesseniae,1,0,GBIF
Encyclia,chapadensis,1,0,GBIF
Encyclia,ibanezii,1,1,GBIF
Crepidium,gibbsiae,1,0,GBIF
Phreatia,pisifera,1,0,GBIF
Phreatia,pacifica,1,0,GBIF
Phreatia,negrosiana,1,0,GBIF
Crepidium,flammeum,1,0,GBIF
Crepidium,exilis,1,0,GBIF
Encyclia,lopezii,1,0,GBIF
Crepidium,dewildeanum,1,0,GBIF
Crepidium,curviauriculatum,1,0,GBIF
Crepidium,cupuliflorum,1,0,GBIF
Pterostylis,pearsonii,1,0,GBIF
Crepidium,cuneipetalum,1,0,GBIF
Crepidium,cribbianum,1,0,GBIF
Brachionidium,arethusa,1,0,GBIF
Phreatia,mentosa,1,0,GBIF
Crepidium,crassilabris,1,1,GBIF
Crepidium,crassidens,1,0,GBIF
Holcoglossum,flavescens,1,1,GBIF
Thrixspermum,weberi,1,1,GBIF
Encyclia,naranjapatensis,1,0,GBIF
Crepidium,bancanum,1,1,GBIF
Pterostylis,procera D.,1,1,GBIF
Crepidium,bahanense,1,0,GBIF
Crepidium,auratum,1,0,GBIF
Crepidium,atrobrachiatum,1,0,GBIF
Phreatia,longibracteata,1,0,GBIF
Vanilla,sanjappae Rasingam,1,1,GBIF
Cranichis,talamancana Dressler,1,0,GBIF
Cranichis,stictophylla Schltr.,1,0,GBIF
Cranichis,roldanii,1,0,GBIF
Myoxanthus,gorgon,1,0,GBIF
Phreatia,klabatensis,1,0,GBIF
Encyclia,perplexa,1,0,GBIF
Cranichis,pennellii,1,0,GBIF
Huntleya,apiculata,1,0,GBIF
Cranichis,nigrescens Schltr.,1,0,GBIF
Zootrophion,fenestratum,1,1,GBIF
Mycaranthes,sonkaris,1,1,GBIF
Pterostylis,sigmoidea D.,1,0,GBIF
Ida,angustitepala,1,0,GBIF
Phreatia,gracilis,1,0,GBIF
Phreatia,gladiata,1,1,GBIF
Liparis,biloba,1,0,GBIF
Phreatia,giluwensis,1,0,GBIF
Encyclia,seidelii,1,0,GBIF
Blepharoglossum,spectabile,1,1,GBIF
Mycaranthes,anceps,1,0,GBIF
Encyclia,unaensis,1,0,GBIF
Epiblastus,pullei,1,0,GBIF
Corycium,bifidum Sond.,1,1,GBIF
Epiblastus,tuberculatus,1,0,GBIF
Phreatia,dendrochiloides,1,0,GBIF
Blepharoglossum,lauterbachii,1,0,GBIF
Phreatia,curvata,1,0,GBIF
Corybas,selangorensis J.,1,1,iNaturalist
Epidendrum,acroscopeum,1,0,GBIF
Corybas,piliferus J.,1,0,GBIF
Corybas,naviculisepalus P.,1,0,GBIF
Epidendrum,adamsii,1,0,GBIF
Phreatia,canaliculata,1,1,GBIF
Epidendrum,alieniferum,1,0,GBIF
Epidendrum,amethystinum,1,0,GBIF
Epidendrum,angustatum,1,0,GBIF
Corybas,geminigibbus J.,1,0,GBIF
Corybas,epiphyticus J.,1,0,GBIF
Phragmipedium,x conchiferum,1,1,iNaturalist
Corybas,circinatus,1,0,GBIF
Phragmipedium,x brasiliense,1,1,GBIF
Epidendrum,anthoceroides,1,1,GBIF
Phragmipedium,vittatum Vell.,1,1,GBIF
Epidendrum,aquaticoides,1,0,GBIF
Epidendrum,aquilalatum,1,0,GBIF
Epidendrum,asplundii,1,0,GBIF
Coryanthes,seegeri,1,0,GBIF
Epidendrum,betancurii,1,0,GBIF
Epidendrum,bispathulatum,1,0,GBIF
Coryanthes,feildingii,1,0,GBIF
Masdevallia,cardiantha,1,0,GBIF
Pterygodium,ukingense Schltr.,1,1,GBIF
Epidendrum,borchsenii,1,0,GBIF
Vrydagzynea,uncinata Blume,1,0,GBIF
Pygmaeorchis,brasiliensis,1,0,GBIF
Epidendrum,brachyblastum,1,0,GBIF
Vanilla,rupicola Pansarin,1,1,GBIF
Comparettia,vasquezii,1,0,GBIF
Epidendrum,brassavoliforme,1,0,GBIF
Blepharoglossum,fissilabrum,1,0,GBIF
xGymnanacamptis,x,1,0,GBIF
Epidendrum,calyptrandrium,1,1,GBIF
Epidendrum,carlos-uribei,1,0,GBIF
Lepanthes,lancifolia,1,0,GBIF
Renanthera,chanii,1,0,GBIF
Epidendrum,carvalhoi,1,1,GBIF
Epidendrum,caurense,1,0,GBIF
Comparettia,markgrafii,1,0,GBIF
Comparettia,latipetala,1,0,GBIF
Comparettia,kroemeri,1,0,GBIF
Blepharoglossum,beccarii,1,0,GBIF
Restrepia,chrysoglossa,1,0,GBIF
Epidendrum,centralense,1,1,GBIF
Bipinnula,gabriel P.,1,0,GBIF
Mormodes,tigrina,1,0,GBIF
Mormodes,sinuata,1,0,GBIF
Aglossorrhyncha,jabiensis,1,0,GBIF
Restrepia,iris,1,1,GBIF
Restrepia,mayana,1,0,GBIF
Biermannia,laciniata,1,0,GBIF
Restrepia,radulifera,1,0,GBIF
Restrepia,seketii,1,0,GBIF
Epidendrum,chalmersii,1,1,GBIF
Ida,dyeriana,1,0,GBIF
Epidendrum,chanchamayodifforme,1,0,GBIF
Comparettia,carinata,1,0,GBIF
Comparettia,campoverdei,1,0,GBIF
Phalaenopsis,kunstleri,1,1,GBIF
Benzingia,hajekii,1,0,GBIF
Collabium,ovalifolium,1,0,GBIF
Epidendrum,chartacifolium,1,0,GBIF
Masdevallia,chaetostoma,1,1,GBIF
Rhipidoglossum,globulare,1,0,GBIF
Epidendrum,chespiritorum,1,0,GBIF
Coelogyne,tuberculata,1,0,GBIF
Rhipidoglossum,montanum,1,0,GBIF
Trachoma,latriniformis,1,1,GBIF
Phalaenopsis,chibae,1,0,GBIF
